target_name,id,prompt,seed_index,combo,clip_iisim,lpips_alex,pixel_mse_01,pixel_rmse_01,pixel_ssim_01,color_hist_sim,edge_rmse,edge_sim,layout_sim,visual_specific_score,region_score,heuristic_score,saliency_component_count,largest_component_fraction,clip_norm,lpips_norm,rmse_norm,ssim_norm,color_norm,edge_norm,layout_norm,combined_score,is_pareto,pareto_rank,selection_score,rank
1159_25.png,00179,"realistic orange juice still life, single tall clear glass, pale creamy orange juice, orange slice on the rim, scattered tiny citrus pieces on brown tabletop, warm realistic product photo",1,"[1, 1, 0, 1, 1, 0]",0.9563315510749817,0.2788272798061371,0.01341475173830986,0.11582206930593954,0.8212368182711458,0.8287189624927662,0.06483324264513488,0.9351667573548651,0.9800898515892127,0.8962498685137901,0.8962498685137901,0.5,0.0,0.0,0.9597041534620643,0.9569232167014894,0.9377892744353464,0.9822130635080261,0.8618183671760365,0.8037594986141728,0.6497276320745121,0.9305905673588626,True,0,0.9605905673588626,1
1159_25.png,00678,"realistic orange juice still life, single clear glass, pale creamy orange juice, orange slice on the rim, minimal citrus pieces on brown studio surface, warm realistic product photo",1,"[1, 0, 0, 1, 4, 0]",0.9464442133903503,0.2819584012031555,0.011830180883407593,0.10876663497326555,0.8287840917572918,0.8513550934968173,0.06264501749820367,0.9373549825017964,0.9811036916515784,0.9074047742795123,0.9074047742795123,0.5,0.0,0.0,0.872000215714825,0.9484457739145253,1.0,1.0,0.9347358303022362,0.8839196501694924,0.6713219477753818,0.9271052766142449,True,0,0.9571052766142449,2
1159_25.png,00843,"orange juice still life, single tall clear glass, pale orange juice, orange slice on the rim, scattered tiny citrus pieces on brown tabletop, warm realistic product photo",1,"[2, 1, 1, 1, 1, 0]",0.9536371827125549,0.2629169821739197,0.013734962791204453,0.11719625758190597,0.8265615401327714,0.7779399730541088,0.0676635787608754,0.9323364212391246,0.9784707416066929,0.8720848836293812,0.8720848836293812,0.5,0.0,0.0,0.9358042197626503,1.0,0.9256724796812081,0.9947620309946307,0.6982446942141537,0.7000772187955624,0.6152413522214775,0.9148624076061432,True,0,0.9448624076061433,3
1159_25.png,00053,"photorealistic orange juice still life, single tall clear glass, pale creamy orange juice, orange slice on the rim, scattered tiny citrus pieces on brown tabletop, warm realistic product photo",1,"[0, 1, 0, 1, 1, 0]",0.9574160575866699,0.2979475259780884,0.014416974037885666,0.12007070432826512,0.8010593321696821,0.8109582971643517,0.06582742406420758,0.9341725759357924,0.978470568372944,0.8875857489760745,0.8875857489760745,0.5,0.0,0.0,0.969324082974073,0.9051555678489939,0.9003272763590211,0.9346600412791085,0.8046061757927271,0.7673401505694294,0.6152376624242376,0.8967025786251988,True,0,0.9267025786251988,4
1159_25.png,00981,"photorealistic orange juice still life, single clear glass, light creamy orange juice, orange slice on the rim, minimal citrus pieces on brown studio surface, warm realistic product photo",1,"[0, 0, 2, 1, 4, 0]",0.9608743190765381,0.31002578139305115,0.01478586159646511,0.12159712824102842,0.7728732582480322,0.8275389494719328,0.06917608666378142,0.9308239133362186,0.9896340502323873,0.8961077069765238,0.8961077069765238,0.5,0.0,0.0,1.0,0.8724539551474908,0.8868681561043716,0.8682328861319222,0.8580172071668613,0.644670277286096,0.8530145668318596,0.8943055464325982,True,0,0.9243055464325982,5
1159_25.png,00117,"photorealistic orange juice still life, single clear glass, soft pale orange juice, small orange garnish on the rim, scattered tiny citrus pieces on brown tabletop, warm realistic product photo",1,"[0, 0, 3, 0, 1, 0]",0.9467822909355164,0.3162022829055786,0.012583689764142036,0.11217704651194038,0.8077573365443602,0.8378465440538195,0.06548347681922764,0.9345165231807724,0.9853590001047506,0.9011835279584393,0.9011835279584393,0.5,0.0,0.0,0.8749990747525889,0.8557312122203375,0.969928970168075,0.9504454740786559,0.8912209224002652,0.7799397970561245,0.761958013120799,0.8802429623978311,True,0,0.9102429623978311,6
1159_25.png,00532,"photorealistic orange juice still life, single clear glass, soft pale orange juice, tiny orange garnish on the rim, scattered tiny citrus pieces on brown tabletop, warm realistic product photo",1,"[0, 0, 3, 2, 1, 0]",0.9565723538398743,0.32531270384788513,0.013851705938577652,0.11769327057473444,0.8000677170282741,0.8271484375,0.07033377894968766,0.9296662210503124,0.9885946920913006,0.8953189126608695,0.8953189126608695,0.5,0.0,0.0,0.9618401531998227,0.8310649465248883,0.9212901075349987,0.9323230654722717,0.8567592562251275,0.6022611178708461,0.830876728075988,0.8766119344950258,True,0,0.9066119344950259,7
1159_25.png,00255,"photorealistic orange juice still life, single clear glass, light creamy orange juice, tiny orange garnish on the rim, scattered tiny citrus pieces on brown tabletop, warm realistic product photo",1,"[0, 0, 2, 2, 1, 0]",0.9596388936042786,0.3361526131629944,0.015392261557281017,0.1240655534678382,0.7817369466113373,0.8176422119140625,0.06795761028073152,0.9320423897192684,0.983591064219576,0.8908720446069872,0.8908720446069872,0.5,0.0,0.0,0.9890413696622476,0.8017161288386041,0.8651030149208194,0.8891222658916668,0.826136980116729,0.6893061099694134,0.7243018116541947,0.859258028221701,True,0,0.8892580282217011,8
1159_25.png,00386,"realistic orange juice still life, single tall clear glass, pale orange juice, orange slice on the rim, scattered tiny citrus pieces on brown tabletop, warm realistic product photo",1,"[1, 1, 1, 1, 1, 0]",0.9505163431167603,0.29019853472709656,0.01444477029144764,0.12018639811329583,0.8023916353379033,0.7969840720847801,0.06870399528942966,0.9312960047105703,0.9761612021076758,0.8798286745083859,0.8798286745083859,0.5,0.0,0.0,0.9081213459336169,0.9261357923939515,0.8993071557015656,0.9377999290656988,0.7595911932511202,0.6619641632324571,0.5660492489334796,0.8779910619421075,False,1,0.8779910619421075,9
1159_25.png,00434,"orange juice still life, single tall clear glass, pale orange juice, small orange garnish on the rim, scattered tiny citrus pieces on brown tabletop, warm realistic product photo",1,"[2, 1, 1, 0, 1, 0]",0.9464378356933594,0.2861921191215515,0.01509456429630518,0.12285993771895369,0.7907173664478666,0.7949919524016203,0.06336766953038658,0.9366323304696134,0.9784019768705411,0.8812480896192021,0.8812480896192021,0.5,0.0,0.0,0.8719436434445428,0.936983075130785,0.8757334349564705,0.9102867509996759,0.7531740050172397,0.857447101628138,0.6137766957370177,0.8763028357222735,False,1,0.8763028357222735,10
1159_25.png,00753,"realistic orange juice still life, single tall clear glass, light creamy orange juice, orange slice on the rim, scattered tiny citrus pieces on brown tabletop, warm realistic product photo",1,"[1, 1, 2, 1, 1, 0]",0.949966311454773,0.29625529050827026,0.014448774978518486,0.12020305727608797,0.8082298332514509,0.8006179244429977,0.06853207503268781,0.9314679249673122,0.9744134668481629,0.8811745331075409,0.8811745331075409,0.5,0.0,0.0,0.9032423841563806,0.9097372584187414,0.8991602648716419,0.9515590244140342,0.7712968727812913,0.6682620315551893,0.5288233112768075,0.8724907681418287,False,1,0.8724907681418287,11
1159_25.png,00795,"orange juice still life, single clear glass, pale creamy orange juice, small orange garnish on the rim, scattered tiny citrus pieces on brown tabletop, soft realistic product photo",1,"[2, 0, 0, 0, 1, 3]",0.9562843441963196,0.32187288999557495,0.015608884394168854,0.12493552094648204,0.76868836765199,0.835752699110243,0.06891360742621754,0.9310863925737825,0.981715376013485,0.8983120272031302,0.8983120272031302,0.5,0.0,0.0,0.9592854129194146,0.8403781673915509,0.8574321465501157,0.8583702008331452,0.8844760479586965,0.6542855472196989,0.684350536514985,0.8667580308827585,False,1,0.8667580308827585,12
1159_25.png,00037,"photorealistic orange juice still life, single clear glass, pale creamy orange juice, tiny orange garnish on the rim, scattered tiny citrus pieces on brown tabletop, warm realistic product photo",1,"[0, 0, 0, 2, 1, 0]",0.9563055038452148,0.3289097845554352,0.016273796558380127,0.12756879147495334,0.7531750073213337,0.8531844527633101,0.0679528683709978,0.9320471316290022,0.9842844534028872,0.9070063904942177,0.9070063904942177,0.5,0.0,0.0,0.959473105965678,0.8213259290829631,0.8342134951588651,0.8218092950325266,0.9406287206038161,0.6894798179644308,0.7390706745979722,0.8640227334119264,False,1,0.8640227334119264,13
1159_25.png,00593,"photorealistic orange juice still life, single tall clear glass, soft pale orange juice, orange slice on the rim, scattered tiny citrus pieces on brown tabletop, warm realistic product photo",1,"[0, 1, 3, 1, 1, 0]",0.9457497000694275,0.28982478380203247,0.015127398073673248,0.1229934879319765,0.7972357698028231,0.7798857512297456,0.06815160443483335,0.9318483955651666,0.9782457834601964,0.8727446831932331,0.8727446831932331,0.5,0.0,0.0,0.8658396540949336,0.9271477148594371,0.8745558666793501,0.9256489114827308,0.7045126031756439,0.6821996196635802,0.6104498496805421,0.8593747004513081,False,1,0.8593747004513081,14
1159_25.png,00197,"orange juice still life, single clear glass, pale orange juice, small orange garnish on the rim, scattered tiny citrus pieces on brown tabletop, warm realistic product photo",1,"[2, 0, 1, 0, 1, 0]",0.9515571594238281,0.3193334639072418,0.015653375536203384,0.12511345066060398,0.7784777315087563,0.8192641646773726,0.06658085140258281,0.9334191485974171,0.9808296739694878,0.8915315109078112,0.8915315109078112,0.5,0.0,0.0,0.917353728958552,0.8472536080550996,0.8558632655864342,0.8814411540107069,0.8313617546504131,0.7397402257103367,0.6654855002386008,0.8568861999243236,False,1,0.8568861999243236,15
1159_25.png,00817,"orange juice still life, single clear glass, pale orange juice, tiny orange garnish on the rim, scattered tiny citrus pieces on brown tabletop, warm realistic product photo",1,"[2, 0, 1, 2, 1, 0]",0.95476233959198,0.3247724175453186,0.01535841915756464,0.12392908923075582,0.7808097906104221,0.8153093126085068,0.06877405886275677,0.9312259411372432,0.9823162799007752,0.8892815260520183,0.8892815260520183,0.5,0.0,0.0,0.9457847314086072,0.8325277598872031,0.8663062773710425,0.8869372033075822,0.8186220430870947,0.6593975595791353,0.6971495062240188,0.8565929387010139,False,1,0.8565929387010139,16
1159_25.png,00201,"orange juice still life, single tall clear glass, pale creamy orange juice, small orange garnish on the rim, scattered tiny citrus pieces on brown tabletop, warm realistic product photo",1,"[2, 1, 0, 0, 1, 0]",0.9426852464675903,0.302556574344635,0.01600710302591324,0.12651918046649385,0.770658619076669,0.8244465015552661,0.06669841684889853,0.9333015831511015,0.9804902414354075,0.8937545280898368,0.8937545280898368,0.5,0.0,0.0,0.8386569425807318,0.8926766700755138,0.8434683559254829,0.8630135646953817,0.8480555464531604,0.7354335098280378,0.6582557471718569,0.8522168031417128,False,1,0.8522168031417128,17
1159_25.png,00134,"photorealistic orange juice still life, single tall clear glass, pale orange juice, orange slice on the rim, scattered tiny citrus pieces on brown tabletop, warm realistic product photo",1,"[0, 1, 1, 1, 1, 0]",0.9420590400695801,0.29379740357398987,0.015477675013244152,0.12440930436765633,0.7900544862772444,0.7792742693865741,0.06633696377568757,0.9336630362243125,0.9779277371601474,0.8730410313344972,0.8730410313344972,0.5,0.0,0.0,0.8331022858369471,0.9163919336038141,0.8620720189703427,0.9087245169666454,0.702542844971655,0.7486744385182883,0.6036756133234514,0.8466856585274163,False,1,0.8466856585274163,18
1159_25.png,00826,"orange juice still life, single clear glass, soft pale orange juice, small orange garnish on the rim, scattered tiny citrus pieces on brown tabletop, warm realistic product photo",1,"[2, 0, 3, 0, 1, 0]",0.9522054195404053,0.3316800594329834,0.014772015623748302,0.1215401811079295,0.7797073737638561,0.8108537462022568,0.06907861604086751,0.9309213839591325,0.9849136181115626,0.8876893937990245,0.8876893937990245,0.5,0.0,0.0,0.9231040094406958,0.81382547036522,0.8873702828767099,0.8843390970545697,0.8042693871903814,0.6482408696065092,0.7524715864886318,0.846000842242989,False,1,0.846000842242989,19
1159_25.png,00338,"realistic orange juice still life, single clear glass, pale creamy orange juice, small orange garnish on the rim, scattered tiny citrus pieces on brown tabletop, soft realistic product photo",1,"[1, 0, 0, 0, 1, 3]",0.9602870345115662,0.3506266474723816,0.016403108835220337,0.12807462213577028,0.75252106392498,0.8486237702546297,0.06970747277656286,0.9302925272234371,0.9812105785232796,0.9037251968474422,0.9037251968474422,0.5,0.0,0.0,0.9947905927187787,0.7625279971132655,0.8297533739333666,0.8202681226234917,0.9259374556258259,0.6252042770005721,0.6735985877874258,0.8447282052110984,False,1,0.8447282052110984,20
1159_25.png,00978,"photorealistic orange juice still life, single clear glass, light creamy orange juice, orange slice on the rim, scattered tiny citrus pieces on brown tabletop, soft realistic product photo",1,"[0, 0, 2, 1, 1, 3]",0.9581780433654785,0.3481106162071228,0.015613412484526634,0.1249536413416057,0.7761448132232142,0.8190414993851274,0.06602874207958222,0.9339712579204178,0.9819529002117263,0.8918491950377989,0.8918491950377989,0.5,0.0,0.0,0.9760831474907818,0.7693400968043713,0.857272371421469,0.8759430798436486,0.8306444859513641,0.7599653689360701,0.6894096900381256,0.8446895964530876,False,1,0.8446895964530876,21
1159_25.png,00360,"realistic orange juice still life, single clear glass, pale orange juice, tiny orange garnish on the rim, scattered tiny citrus pieces on brown tabletop, warm realistic product photo",1,"[1, 0, 1, 2, 1, 0]",0.9472054839134216,0.34075188636779785,0.013585573993623257,0.11655717049423968,0.7826371285660568,0.8414549650969328,0.06804750349693993,0.9319524965030601,0.9808923172690027,0.9010165715234913,0.9010165715234913,0.5,0.0,0.0,0.8787529356778574,0.7892636971020174,0.9313075787478382,0.8912437577508406,0.9028446803785137,0.6860130969788806,0.6668197730065482,0.8426660536607717,False,1,0.8426660536607717,22
1159_25.png,00475,"photorealistic orange juice still life, single clear glass, pale creamy orange juice, tiny orange garnish on the rim, scattered tiny citrus pieces on brown tabletop, soft realistic product photo",1,"[0, 0, 0, 2, 1, 3]",0.9592798352241516,0.34443989396095276,0.016070092096924782,0.12676786697315998,0.778413451236532,0.8215755886501737,0.07177968572831105,0.9282203142716889,0.9830778952554187,0.891201703938753,0.891201703938753,0.5,0.0,0.0,0.9858564037166395,0.779278497103502,0.8412755826264399,0.8812896623333695,0.8388075134806464,0.5492939418597945,0.7133715544753222,0.8424904087145918,False,1,0.8424904087145918,23
1159_25.png,00550,"photorealistic orange juice still life, single tall clear glass, pale creamy orange juice, orange slice on the rim, scattered tiny citrus pieces on brown tabletop, soft realistic product photo",1,"[0, 1, 0, 1, 1, 3]",0.9432082772254944,0.32072746753692627,0.0141207380220294,0.11883071161122195,0.8016091643137163,0.8120778401692709,0.06842993772870132,0.9315700622712987,0.9777000387287036,0.8870245576168672,0.8870245576168672,0.5,0.0,0.0,0.84329639745668,0.8434793736780093,0.9112608125503934,0.9359558508777848,0.8082125445562218,0.6720035760568998,0.5988257440041072,0.8405348601736692,False,1,0.8405348601736692,24
1159_25.png,00690,"realistic orange juice still life, single clear glass, pale orange juice, small orange garnish on the rim, scattered tiny citrus pieces on brown tabletop, soft realistic product photo",1,"[1, 0, 1, 0, 1, 3]",0.9522563219070435,0.35288387537002563,0.013471058569848537,0.11606488947932762,0.7908370171236918,0.8338396990740741,0.06894405528643219,0.9310559447135678,0.979938483656494,0.8970851419643808,0.8970851419643808,0.5,0.0,0.0,0.9235555301773408,0.756416601886738,0.9356482270588227,0.9105687361398767,0.8783137267752398,0.6531701660658147,0.646503566418153,0.8392417062100157,False,1,0.8392417062100157,25
1159_25.png,00970,"photorealistic orange juice still life, single clear glass, pale orange juice, thin orange slice on the rim, scattered tiny citrus pieces on brown tabletop, warm realistic product photo",1,"[0, 0, 1, 5, 1, 0]",0.9460122585296631,0.31732282042503357,0.015054144896566868,0.12269533363810894,0.7709911217048375,0.8091012460214121,0.06938806441409436,0.9306119355859056,0.9794237963204395,0.8856944974287903,0.8856944974287903,0.5,0.0,0.0,0.8681686340070192,0.8526973813631655,0.8771848182189909,0.863797185845656,0.7986240820234988,0.6369050029425141,0.635540968633186,0.8387564878659418,False,1,0.8387564878659418,26
1159_25.png,00837,"orange juice still life, single tall clear glass, pale creamy orange juice, tiny orange garnish on the rim, scattered tiny citrus pieces on brown tabletop, warm realistic product photo",1,"[2, 1, 0, 2, 1, 0]",0.9393903017044067,0.3142911195755005,0.016301775351166725,0.12767840597049576,0.7614036684482031,0.8279012044270834,0.0658581250129809,0.9341418749870191,0.9818200505082447,0.8958692083392931,0.8958692083392931,0.5,0.0,0.0,0.8094296986442746,0.8609056451895315,0.8332469781482088,0.8412020827917441,0.8591841341620152,0.7662154981496299,0.6865800539404413,0.8339173785740649,False,1,0.8339173785740649,27
1159_25.png,00046,"photorealistic orange juice still life, single clear glass, light creamy orange juice, small orange garnish on the rim, scattered tiny citrus pieces on brown tabletop, warm realistic product photo",1,"[0, 0, 2, 0, 1, 0]",0.9549388885498047,0.349726140499115,0.015100831165909767,0.1228854391940305,0.7767252090678868,0.8229076244212963,0.0713668653431821,0.928633134656818,0.9843936633269067,0.892208760784851,0.892208760784851,0.5,0.0,0.0,0.9473507787410925,0.7649661000729269,0.8755085777481552,0.8773109200376402,0.8430983823224212,0.5644165834597572,0.7413967945299886,0.833461766697297,False,1,0.833461766697297,28
1159_25.png,00910,"warm orange juice still life, single tall clear glass, pale creamy orange juice, small orange garnish on the rim, scattered tiny citrus pieces on brown tabletop, warm realistic product photo",1,"[4, 1, 0, 0, 1, 0]",0.9413370490074158,0.3074529469013214,0.015980849042534828,0.1264153829347316,0.788669669136948,0.7856908727575233,0.06708982598139321,0.9329101740186068,0.9819865662398967,0.8764767668953771,0.8764767668953771,0.5,0.0,0.0,0.8266979876133164,0.8794198483334708,0.8443835823252023,0.9054608675742306,0.7232125627610113,0.7210952158801273,0.6901267605778401,0.8333616605722028,False,1,0.8333616605722028,29
1159_25.png,00341,"realistic orange juice still life, single clear glass, pale creamy orange juice, small orange garnish on the rim, minimal citrus pieces on brown studio surface, warm realistic product photo",1,"[1, 0, 0, 0, 4, 0]",0.9554082155227661,0.3280869126319885,0.020435120910406113,0.14295146347766474,0.6633249684718147,0.8241684525101274,0.06187165768162418,0.9381283423183758,0.990650947341594,0.8973509129093077,0.8973509129093077,0.5,0.0,0.0,0.951513863378496,0.8235538368410784,0.698578020248411,0.610056410000415,0.847159870818815,0.9122497514804746,0.8746739961902454,0.8313811167804388,False,1,0.8313811167804388,30
1159_25.png,00333,"photorealistic orange juice still life, single minimalist clear glass, pale creamy orange juice, small orange garnish on the rim, scattered tiny citrus pieces on brown tabletop, warm realistic product photo",1,"[0, 4, 0, 0, 1, 0]",0.9458903074264526,0.33347031474113464,0.015835311263799667,0.12583843317444662,0.7613181530482771,0.8270348442925348,0.06673384950083029,0.9332661504991697,0.9822503802693241,0.895258908660215,0.895258908660215,0.5,0.0,0.0,0.8670868876051742,0.8089783932243073,0.8494707904982642,0.8410005455093917,0.8563933399598768,0.7341355233055642,0.6957458751199123,0.8302254799435924,False,1,0.8302254799435924,31
1159_25.png,00086,"photorealistic orange juice still life, single clear glass, pale creamy orange juice, small orange garnish on the rim, scattered tiny citrus pieces on brown tabletop, soft realistic product photo",1,"[0, 0, 0, 0, 1, 3]",0.9474997520446777,0.3466024696826935,0.015925437211990356,0.12619602692632742,0.7617449220429244,0.8528397171585649,0.06787428745467441,0.9321257125453256,0.9832973422559208,0.9066813405634024,0.9066813405634024,0.5,0.0,0.0,0.881363190802935,0.7734233705756735,0.8463177363115264,0.8420063276661494,0.9395182284555421,0.6923584331611684,0.7180456722029197,0.8296697405858507,False,1,0.8296697405858507,32
1159_25.png,00125,"photorealistic orange juice still life, single tall clear glass, pale creamy orange juice, orange slice on the rim, scattered tiny citrus pieces on brown tabletop, realistic food photography",1,"[0, 1, 0, 1, 1, 1]",0.9461203217506409,0.3191863000392914,0.017061999067664146,0.13062158729576112,0.7598663370913952,0.7946658664279513,0.06458397789346366,0.9354160221065363,0.980211223942008,0.8810374924182673,0.8810374924182673,0.5,0.0,0.0,0.8691271903249786,0.8476520510129634,0.8072957131969973,0.8375789975463431,0.752123588673708,0.8128906889303902,0.6523128060096428,0.8286581837116084,False,1,0.8286581837116084,33
1159_25.png,00495,"photorealistic orange juice still life, single clear glass, pale orange juice, orange slice on the rim, scattered tiny citrus pieces on brown tabletop, soft realistic product photo",1,"[0, 0, 1, 1, 1, 3]",0.9555138349533081,0.3541317880153656,0.014935803599655628,0.12221212541992561,0.7688981552932517,0.8127068413628473,0.07120464173137792,0.9287953582686221,0.9869322915512603,0.8881829123175511,0.8881829123175511,0.5,0.0,0.0,0.9524507424713939,0.7530379056585839,0.8814454678735097,0.858864615068799,0.8102387376070899,0.5703592394640128,0.7954683797422671,0.827596026488943,False,1,0.827596026488943,34
1159_25.png,00108,"photorealistic orange juice still life, single clear glass, pale orange juice, tiny orange garnish on the rim, scattered tiny citrus pieces on brown tabletop, warm realistic product photo",1,"[0, 0, 1, 2, 1, 0]",0.9415392279624939,0.3403110206127167,0.014385790564119816,0.11994077940433694,0.7841148456333573,0.8202983714916088,0.0640233478464054,0.9359766521535946,0.9841675617364776,0.8935596077722776,0.8935596077722776,0.5,0.0,0.0,0.8284913814525433,0.790457331503734,0.901472878940718,0.8947263478116655,0.8346932310952363,0.8334279675562587,0.7365809371719726,0.8270400725511372,False,1,0.8270400725511372,35
1159_25.png,00261,"photorealistic orange juice still life, single clear glass, soft pale orange juice, orange slice on the rim, scattered tiny citrus pieces on brown tabletop, warm realistic product photo",1,"[0, 0, 3, 1, 1, 0]",0.9405112266540527,0.3201040029525757,0.015399005264043808,0.12409272848980236,0.77697439967054,0.8035165292245369,0.06691023370819713,0.9330897662918028,0.9799083495356214,0.8841455262602969,0.8841455262602969,0.5,0.0,0.0,0.8193726716809789,0.845167390421328,0.8648634013472372,0.8778981966789234,0.7806341092214533,0.7276741293240895,0.6458617238399728,0.8252778023626424,False,1,0.8252778023626424,36
1159_25.png,00147,"photorealistic orange juice still life, clear cylindrical glass, pale orange juice, small orange garnish on the rim, scattered tiny citrus pieces on brown tabletop, warm realistic product photo",1,"[0, 2, 1, 0, 1, 0]",0.9528816342353821,0.36709877848625183,0.014423144049942493,0.12009639482491759,0.7791525203060176,0.8250093813295717,0.065320240119946,0.934679759880054,0.9821352872789143,0.8948191950121092,0.8948191950121092,0.5,0.0,0.0,0.92910225622903,0.7179300622064833,0.9001007524681439,0.8830314535413138,0.8498687434690314,0.7859195649845558,0.6932944486453391,0.8236048583061001,False,1,0.8236048583061001,37
1159_25.png,00562,"photorealistic orange juice still life, single tall clear glass, pale creamy orange juice, paired orange slices on the rim, scattered tiny citrus pieces on brown tabletop, warm realistic product photo",1,"[0, 1, 0, 4, 1, 0]",0.9460929036140442,0.34794116020202637,0.014549986459314823,0.12062332469018927,0.7946037928818269,0.8187142831307869,0.0651891650220868,0.9348108349779132,0.976048961850342,0.8908150120211921,0.8908150120211921,0.5,0.0,0.0,0.8688839824340457,0.7697988952366136,0.8954545907019678,0.9194460348507876,0.8295904286499685,0.7907211731391154,0.5636585843294813,0.8234482874594369,False,1,0.8234482874594369,38
1159_25.png,00846,"orange juice still life, single tall clear glass, light creamy orange juice, small orange garnish on the rim, scattered tiny citrus pieces on brown tabletop, warm realistic product photo",1,"[2, 1, 2, 0, 1, 0]",0.9433228969573975,0.32491564750671387,0.016349144279956818,0.12786377235150234,0.7656580345676087,0.8107175473813658,0.06682415901351331,0.9331758409864866,0.9793464224631956,0.8873037251595239,0.8873037251595239,0.5,0.0,0.0,0.8443131121833407,0.8321399678954062,0.8316125249715547,0.8512285036069406,0.8038306517678672,0.7308272603355886,0.6338929419252842,0.8232500066566494,False,1,0.8232500066566494,39
1159_25.png,00943,"photorealistic orange juice still life, single clear glass, pale creamy orange juice, thin orange slice on the rim, scattered pale citrus cubes on brown tabletop, soft depth of field",1,"[0, 0, 0, 5, 0, 2]",0.9523358345031738,0.34026074409484863,0.017472224310040474,0.13218254162347035,0.7521106545728848,0.8098082365813077,0.06646336525531757,0.9335366347446824,0.9796193282914447,0.8870753942805163,0.8870753942805163,0.5,0.0,0.0,0.9242608330610462,0.7905934540776336,0.7935321237819042,0.8193008958369139,0.8009015011669264,0.7440440366703929,0.639705707499045,0.8215078910858095,False,1,0.8215078910858095,40
1159_25.png,00622,"photorealistic orange juice still life, clear cylindrical glass, pale orange juice, tiny orange garnish on the rim, scattered tiny citrus pieces on brown tabletop, warm realistic product photo",1,"[0, 2, 1, 2, 1, 0]",0.9451256990432739,0.34935426712036133,0.01482155080884695,0.12174379166449084,0.7743124571649221,0.8211788601345487,0.06556171647050027,0.9344382835294998,0.9803942814463638,0.8926627425851446,0.8926627425851446,0.5,0.0,0.0,0.8603045597249848,0.7659729391227896,0.8855749631473995,0.8716246990536387,0.8375295372706651,0.7770736832504019,0.6562118446126821,0.8180982166583058,False,1,0.8180982166583058,41
1159_25.png,00043,"photorealistic orange juice still life, single clear glass, pale orange juice, orange slice on the rim, scattered tiny citrus pieces on brown tabletop, warm realistic product photo",1,"[0, 0, 1, 1, 1, 0]",0.9431458711624146,0.32478925585746765,0.01611541211605072,0.1269464931223022,0.7668850044660522,0.793765597873264,0.06951975633692271,0.9304802436630772,0.9809103292031514,0.8790446701656761,0.8790446701656761,0.5,0.0,0.0,0.8427428351484044,0.8324821705248715,0.8397005609029019,0.8541201486097669,0.7492235657356737,0.6320807989490006,0.6672034187183592,0.8146791317809761,False,1,0.8146791317809761,42
1159_25.png,00114,"photorealistic orange juice still life, single clear glass, light creamy orange juice, orange slice on the rim, scattered tiny citrus pieces on brown tabletop, warm realistic product photo",1,"[0, 0, 2, 1, 1, 0]",0.9489705562591553,0.339852511882782,0.016077525913715363,0.1267971841710823,0.7694716835719175,0.8049135561342592,0.07283752871281707,0.9271624712871829,0.9824847207901309,0.8832149093689569,0.8832149093689569,0.5,0.0,0.0,0.8944097080130655,0.7916987338744778,0.8410170805883975,0.8602162702178678,0.7851343331403622,0.5105425116979327,0.7007372178135528,0.8140132594652828,False,1,0.8140132594652828,43
1159_25.png,00421,"orange juice still life, single clear glass, pale orange juice, orange slice on the rim, scattered tiny citrus pieces on brown tabletop, warm realistic product photo",1,"[2, 0, 1, 1, 1, 0]",0.9473115801811218,0.34365296363830566,0.016290513798594475,0.12763429710933685,0.7648012337908169,0.8255666097005209,0.07027693020960436,0.9297230697903957,0.9782419444624175,0.8925564376843563,0.8925564376843563,0.5,0.0,0.0,0.8796940444732064,0.7814090937625522,0.8336359044888337,0.8492092497623508,0.8516637356955867,0.6043436291824424,0.6103680808364318,0.8138882692683296,False,1,0.8138882692683296,44
1159_25.png,00431,"orange juice still life, single tall clear glass, pale creamy orange juice, orange slice on the rim, scattered tiny citrus pieces on brown tabletop, warm realistic product photo",1,"[2, 1, 0, 1, 1, 0]",0.9172605276107788,0.2912502586841583,0.015455275774002075,0.12431924941054814,0.8125508005689515,0.8123202853732638,0.06470079592303835,0.9352992040769617,0.9778209826829198,0.8884630463814893,0.8884630463814893,0.5,0.0,0.0,0.6131313227442733,0.9232882727538121,0.8628660713217975,0.9617424067177703,0.8089935300178768,0.8086113527897609,0.6014017932513256,0.8136156614847535,False,1,0.8136156614847535,45
1159_25.png,00281,"photorealistic orange juice still life, single tall clear glass, pale creamy orange juice, paired orange slices on the rim, scattered pale citrus cubes on brown tabletop, warm realistic product photo",1,"[0, 1, 0, 4, 0, 0]",0.9497277736663818,0.35213544964790344,0.016694851219654083,0.12920855706823015,0.7462193038807894,0.8160247802734375,0.0629682546021069,0.9370317453978931,0.9794162559201981,0.891055513196349,0.891055513196349,0.5,0.0,0.0,0.9011264755052644,0.7584429481809521,0.8197549937394291,0.8054165333840888,0.8209267694144974,0.8720786678676832,0.6353803616603818,0.813580772035176,False,1,0.813580772035176,46
1159_25.png,00807,"orange juice still life, single clear glass, pale creamy orange juice, small orange wedge on the rim, scattered tiny citrus pieces on brown tabletop, warm realistic product photo",1,"[2, 0, 0, 3, 1, 0]",0.9363750219345093,0.3095037639141083,0.017544010654091835,0.1324538057365353,0.7670601809344066,0.7992468939887152,0.06627766698381982,0.9337223330161801,0.9771413598044458,0.881892190811474,0.881892190811474,0.5,0.0,0.0,0.7826831751953329,0.8738673060689044,0.7911402742517806,0.8545329934236229,0.7668803908932357,0.750846628080008,0.5869261461151726,0.8132297927815861,False,1,0.8132297927815861,47
1159_25.png,00744,"realistic orange juice still life, single tall clear glass, pale orange juice, orange slice on the rim, scattered tiny citrus pieces on brown tabletop, realistic food photography",1,"[1, 1, 1, 1, 1, 1]",0.9561498165130615,0.3391256630420685,0.017304547131061554,0.1315467488426132,0.7678971812809896,0.7490720395688658,0.06353461472016367,0.9364653852798364,0.9754306675341016,0.8599314361607526,0.8599314361607526,0.5,0.0,0.0,0.9580921081154243,0.7936666612335981,0.79913817556283,0.8565055828674478,0.605252809909231,0.8513314824320406,0.5504892066765671,0.8128583254565732,False,1,0.8128583254565732,48
1159_25.png,00218,"photorealistic orange juice still life, single clear glass, pale creamy orange juice, orange slice on the rim, scattered tiny citrus pieces on brown tabletop, soft realistic product photo",1,"[0, 0, 0, 1, 1, 3]",0.9451867341995239,0.3408730924129486,0.01641632802784443,0.12812621912725133,0.7494515346079118,0.8295508490668403,0.0699848448257875,0.9300151551742125,0.9811615373225311,0.8950354938555587,0.8950354938555587,0.5,0.0,0.0,0.8608459616387136,0.7889355343823674,0.8292984216050422,0.813034050196785,0.8644981121633478,0.6150434461855914,0.6725540333151523,0.8123049497021586,False,1,0.8123049497021586,49
1159_25.png,00958,"photorealistic orange juice still life, single clear glass, pale orange juice, tiny orange garnish on the rim, scattered tiny citrus pieces on brown tabletop, soft realistic product photo",1,"[0, 0, 1, 2, 1, 3]",0.9513578414916992,0.3490212559700012,0.017750682309269905,0.1332316865811955,0.7441114648496899,0.8007123028790509,0.06509626896956883,0.9349037310304311,0.9880693385750254,0.8851507098712289,0.8851507098712289,0.5,0.0,0.0,0.9155857133340313,0.7668745595381741,0.7842813723802051,0.8004489117588368,0.7716008927628679,0.7941241875223346,0.8196869456772381,0.8120686303963368,False,1,0.8120686303963368,50
1159_25.png,00510,"photorealistic orange juice still life, single clear glass, light creamy orange juice, small orange garnish on the rim, scattered tiny citrus pieces on brown tabletop, soft realistic product photo",1,"[0, 0, 2, 0, 1, 3]",0.9534149169921875,0.34792041778564453,0.017856452614068985,0.13362803827815847,0.7629186482880523,0.7970451072410301,0.06735014814819497,0.932649851851805,0.9812555191037965,0.8813488502273545,0.8813488502273545,0.5,0.0,0.0,0.9338326497076747,0.7698550548758751,0.7807865731255852,0.8447724913965846,0.7597878049757327,0.7115589648351656,0.6745558009805962,0.8117557394889432,False,1,0.8117557394889432,51
1159_25.png,00287,"photorealistic orange juice still life, single tall clear glass, pale orange juice, orange slice on the rim, scattered tiny citrus pieces on brown tabletop, realistic food photography",1,"[0, 1, 1, 1, 1, 1]",0.9489647150039673,0.32166361808776855,0.01726807840168476,0.13140806064197416,0.7692726965585293,0.7447328920717592,0.06496874871834243,0.9350312512816575,0.9760797346246993,0.8576066863058116,0.8576066863058116,0.5,0.0,0.0,0.8943578941580407,0.8409447665106515,0.8003610476330942,0.8597473102184241,0.5912751726724264,0.7987955727675949,0.5643140299260127,0.8109869645459653,False,1,0.8109869645459653,52
1159_25.png,00369,"realistic orange juice still life, single clear glass, soft pale orange juice, small orange garnish on the rim, scattered tiny citrus pieces on brown tabletop, warm realistic product photo",1,"[1, 0, 3, 0, 1, 0]",0.9473543167114258,0.3685604929924011,0.015028061345219612,0.12258899357291263,0.7700778811351436,0.8293377911603009,0.06577939550204988,0.9342206044979501,0.9845965052267844,0.8970985186417748,0.8970985186417748,0.5,0.0,0.0,0.8800731315553779,0.7139725021104244,0.8781224632030592,0.8616449182691787,0.8638117916061355,0.7690995567379141,0.7457172314370715,0.8081475868998637,False,1,0.8081475868998637,53
1159_25.png,00584,"photorealistic orange juice still life, single tall clear glass, light creamy orange juice, orange slice on the rim, scattered tiny citrus pieces on brown tabletop, realistic food photography",1,"[0, 1, 2, 1, 1, 1]",0.9491419792175293,0.337634801864624,0.016208715736865997,0.12731345465765195,0.7833983153245155,0.7643426965784142,0.06751482581641359,0.9324851741835865,0.9748655797422358,0.8652971403729888,0.8652971403729888,0.5,0.0,0.0,0.8959302860442026,0.7977031353055157,0.8364649070378086,0.8930376745283484,0.6544439711199218,0.7055264106161945,0.5384531029268457,0.8058824290746849,False,1,0.8058824290746849,54
1159_25.png,00299,"photorealistic orange juice still life, single tall clear glass, soft pale orange juice, small orange garnish on the rim, scattered tiny citrus pieces on brown tabletop, warm realistic product photo",1,"[0, 1, 3, 0, 1, 0]",0.9384426474571228,0.3258049190044403,0.016659004613757133,0.1290697664589083,0.7561483278773897,0.7951880560980902,0.0626224718582932,0.9373775281417068,0.9737615650881221,0.8806690731113623,0.8806690731113623,0.5,0.0,0.0,0.8010236937357049,0.8297322847403448,0.8209787687900288,0.8288166287402462,0.7538057112065037,0.884745553260254,0.5149381109036583,0.8050769792967739,False,1,0.8050769792967739,55
1159_25.png,00993,"photorealistic orange juice still life, single clear glass, soft pale orange juice, small orange garnish on the rim, scattered tiny citrus pieces on brown tabletop, soft realistic product photo",1,"[0, 0, 3, 0, 1, 3]",0.9520931839942932,0.36082062125205994,0.0167990755289793,0.12961124769470936,0.7609453441785924,0.7960368968822338,0.06537598925821242,0.9346240107417876,0.9829369608012765,0.8819223995168862,0.8819223995168862,0.5,0.0,0.0,0.9221084432262902,0.7349280357794998,0.8162043014829167,0.840121933160058,0.7565400705617632,0.783877334833429,0.7103697169973525,0.8037064678886164,False,1,0.8037064678886164,56
1159_25.png,00648,"photorealistic orange juice still life, straight clear glass, pale orange juice, orange slice on the rim, scattered tiny citrus pieces on brown tabletop, warm realistic product photo",1,"[0, 3, 1, 1, 1, 0]",0.9465420246124268,0.3386085629463196,0.017464999109506607,0.13215520840854744,0.7381011834052656,0.8001217312282987,0.06748738674359923,0.9325126132564008,0.9809586371239487,0.8826259211172645,0.8826259211172645,0.5,0.0,0.0,0.8728678334300878,0.795066698447428,0.7937731322091945,0.7862842608359438,0.7696984922793488,0.7065315723740778,0.6682323546731255,0.8032685391392537,False,1,0.8032685391392537,57
1159_25.png,00712,"realistic orange juice still life, single clear glass, light creamy orange juice, tiny orange garnish on the rim, scattered tiny citrus pieces on brown tabletop, warm realistic product photo",1,"[1, 0, 2, 2, 1, 0]",0.9504606127738953,0.36385536193847656,0.01605815626680851,0.1267207807220604,0.7540099637608926,0.8252439145688658,0.07055839945570999,0.92944160054429,0.9836321824844712,0.8933907582433853,0.8933907582433853,0.5,0.0,0.0,0.9076269994596555,0.7267115416611731,0.8416907618637348,0.8237770675256342,0.8506242422256448,0.5940327078142145,0.7251776113253444,0.8030195074080415,False,1,0.8030195074080415,58
1159_25.png,00075,"realistic orange juice still life, single tall clear glass, pale creamy orange juice, small orange garnish on the rim, scattered tiny citrus pieces on brown tabletop, warm realistic product photo",1,"[1, 1, 0, 0, 1, 0]",0.9321998357772827,0.33808964490890503,0.015390760265290737,0.12405950292214916,0.7664767446591636,0.8404524061414932,0.06564639982919639,0.9343536001708036,0.9782779519194927,0.9008829332073518,0.9008829332073518,0.5,0.0,0.0,0.7456479005343172,0.7964716576986071,0.8651563651214773,0.8531579877352891,0.8996151507538606,0.7739715203505664,0.6111350227087556,0.8024599043242268,False,1,0.8024599043242268,59
1159_25.png,00003,"photorealistic orange juice still life, single clear glass, pale creamy orange juice, small orange garnish on the rim, scattered tiny citrus pieces on brown tabletop, warm realistic product photo",1,"[0, 0, 0, 0, 1, 0]",0.9508558511734009,0.351875901222229,0.01856950670480728,0.13626997726868265,0.7347285557205367,0.8247352882667824,0.06996307038592155,0.9300369296140785,0.9831420502745698,0.8932722151398934,0.8932722151398934,0.5,0.0,0.0,0.9111328940787338,0.7591456698739523,0.7574914882663989,0.7783358653591584,0.8489858111872071,0.6158410982928869,0.7147380261593393,0.8021955945539672,False,1,0.8021955945539672,60
1159_25.png,00056,"photorealistic orange juice still life, single tall clear glass, pale orange juice, small orange garnish on the rim, scattered tiny citrus pieces on brown tabletop, warm realistic product photo",1,"[0, 1, 1, 0, 1, 0]",0.9357160925865173,0.3248404562473297,0.016381314024329185,0.127989507477485,0.7634149140149997,0.7810307255497685,0.05947623680561222,0.9405237631943878,0.9731052610791718,0.8752681958312659,0.8752681958312659,0.5,0.0,0.0,0.7768382551208479,0.832343546587729,0.830503865596735,0.8459420590536412,0.7082008934910594,1.0,0.5009591447026706,0.8012019507077011,False,1,0.8012019507077011,61
1159_25.png,00790,"realistic orange juice still life, single minimalist clear glass, pale creamy orange juice, small orange garnish on the rim, scattered tiny citrus pieces on brown tabletop, warm realistic product photo",1,"[1, 4, 0, 0, 1, 0]",0.9541966319084167,0.35640400648117065,0.017494766041636467,0.1322677815707078,0.7245976056687511,0.8070170084635416,0.0696490330919355,0.9303509669080645,0.981183978789813,0.8850172879843788,0.8850172879843788,0.5,0.0,0.0,0.940766718163294,0.7468859237962109,0.7927805273932628,0.7544598834558593,0.7919101557237676,0.6273450685837166,0.6730320259959167,0.7998750482811979,False,1,0.7998750482811979,62
1159_25.png,00290,"photorealistic orange juice still life, single tall clear glass, pale orange juice, tiny orange garnish on the rim, scattered tiny citrus pieces on brown tabletop, warm realistic product photo",1,"[0, 1, 1, 2, 1, 0]",0.9392092227935791,0.32110321521759033,0.017430761829018593,0.13202561050424494,0.7493082171193497,0.7716957374855324,0.06127185320383699,0.938728146796163,0.971965399235521,0.8702110130942508,0.8702110130942508,0.5,0.0,0.0,0.8078234691385048,0.8424620450403535,0.7949158513216069,0.8126962886101772,0.678130222498935,0.9342220873301044,0.4766806244302182,0.7986927376725433,False,1,0.7986927376725433,63
1159_25.png,00628,"photorealistic orange juice still life, clear cylindrical glass, light creamy orange juice, orange slice on the rim, scattered tiny citrus pieces on brown tabletop, warm realistic product photo",1,"[0, 2, 2, 1, 1, 0]",0.9538472890853882,0.38223475217819214,0.015310699120163918,0.12373640984028879,0.7704202260752232,0.8197530110677084,0.0694523626356475,0.9305476373643525,0.9785414877971824,0.8902888256174287,0.8902888256174287,0.5,0.0,0.0,0.9376679324051251,0.6769497440621268,0.868005212421263,0.8624517351572537,0.8329364689262451,0.6345495985218768,0.6167482127498529,0.7951124618612988,False,1,0.7951124618612988,64
1159_25.png,00725,"realistic orange juice still life, single tall clear glass, pale creamy orange juice, small orange garnish on the rim, scattered tiny citrus pieces on brown tabletop, soft realistic product photo",1,"[1, 1, 0, 0, 1, 3]",0.9250265955924988,0.32966530323028564,0.01561896875500679,0.12497587269151911,0.7608730314731891,0.842742919921875,0.06450348750447302,0.935496512495527,0.9768216140045409,0.9020224161391864,0.9020224161391864,0.5,0.0,0.0,0.6820189004254024,0.8192803787741738,0.8570763482791388,0.8399515111525698,0.9069935518636241,0.8158392528792557,0.5801157112117993,0.7943672118259145,False,1,0.7943672118259145,65
1159_25.png,00569,"photorealistic orange juice still life, single tall clear glass, pale orange juice, orange slice on the rim, scattered pale citrus cubes on brown tabletop, soft realistic product photo",1,"[0, 1, 1, 1, 0, 3]",0.9544209241867065,0.35726436972618103,0.01848311349749565,0.1359526148976019,0.7232331697611121,0.817636560510706,0.0704252775729559,0.9295747224270441,0.9745848818152412,0.8882045814423314,0.8882045814423314,0.5,0.0,0.0,0.9427562644536863,0.7445565091039132,0.7602898054841525,0.7512442672626615,0.8261187753274128,0.5989092948106938,0.5324743693207216,0.7941285833412806,False,1,0.7941285833412806,66
1159_25.png,00424,"orange juice still life, single clear glass, light creamy orange juice, small orange garnish on the rim, scattered tiny citrus pieces on brown tabletop, warm realistic product photo",1,"[2, 0, 2, 0, 1, 0]",0.949404239654541,0.3616277575492859,0.016891226172447205,0.12996625012843604,0.7391892899337265,0.8250297263816551,0.07150533608551991,0.9284946639144801,0.9817894633799081,0.8925944019177945,0.8925944019177945,0.5,0.0,0.0,0.8982566223922562,0.7327427318856519,0.8130740960358787,0.7888486414369332,0.8499342807105691,0.5593440543795817,0.6859285625166933,0.7939720546521113,False,1,0.7939720546521113,67
1159_25.png,00651,"photorealistic orange juice still life, straight clear glass, light creamy orange juice, small orange garnish on the rim, scattered tiny citrus pieces on brown tabletop, warm realistic product photo",1,"[0, 3, 2, 0, 1, 0]",0.9513759016990662,0.35862410068511963,0.017935769632458687,0.13392449228001085,0.7483418515066811,0.80487060546875,0.06982857683893008,0.9301714231610699,0.9817317507523202,0.884098120717776,0.884098120717776,0.5,0.0,0.0,0.9157459133143632,0.7408750672342233,0.7781726137742278,0.8104188192946533,0.784995976741561,0.6207679327756948,0.6846993107379147,0.7934369355715433,False,1,0.7934369355715433,68
1159_25.png,00756,"realistic orange juice still life, single tall clear glass, soft pale orange juice, small orange garnish on the rim, scattered tiny citrus pieces on brown tabletop, warm realistic product photo",1,"[1, 1, 3, 0, 1, 0]",0.9409395456314087,0.3543209731578827,0.01672590710222721,0.12932867857604982,0.754845922767816,0.8198095251012733,0.06263644999585305,0.937363550004147,0.9748803894310212,0.8919676066832287,0.8919676066832287,0.5,0.0,0.0,0.8231720019075958,0.7525256910177337,0.8186958319918984,0.8257472028060551,0.833118516819405,0.8842334991753111,0.5387685423210217,0.792512143561767,False,1,0.792512143561767,69
1159_25.png,00631,"photorealistic orange juice still life, clear cylindrical glass, soft pale orange juice, small orange garnish on the rim, scattered tiny citrus pieces on brown tabletop, warm realistic product photo",1,"[0, 2, 3, 0, 1, 0]",0.9487484693527222,0.3793156147003174,0.01620219275355339,0.1272878342715964,0.7414031837563321,0.8501140453197338,0.06754733470166452,0.9324526652983355,0.9789166965899455,0.9046930925662867,0.9046930925662867,0.5,0.0,0.0,0.8924397240965091,0.6848532450185352,0.8366908127341286,0.7940662062826943,0.9307380585684479,0.7043355289684505,0.6247399832720812,0.792189480946625,False,1,0.792189480946625,70
1159_25.png,00665,"photorealistic orange juice still life, single central clear glass, pale creamy orange juice, small orange garnish on the rim, scattered tiny citrus pieces on brown tabletop, warm realistic product photo",1,"[0, 5, 0, 0, 1, 0]",0.9578270316123962,0.36441361904144287,0.020175404846668243,0.14204015223403643,0.6967073793751413,0.8295073332609953,0.07163014856881644,0.9283698514311836,0.981475995429056,0.8945029470541733,0.8945029470541733,0.5,0.0,0.0,0.9729695577740345,0.7252000727493257,0.7066134339463026,0.6887299632745065,0.8643579352856147,0.5547718614354152,0.679251842840602,0.7904978067456911,False,1,0.7904978067456911,71
1159_25.png,00380,"realistic orange juice still life, single tall clear glass, pale creamy orange juice, tiny orange garnish on the rim, scattered tiny citrus pieces on brown tabletop, warm realistic product photo",1,"[1, 1, 0, 2, 1, 0]",0.9238640069961548,0.3305761218070984,0.015671303495764732,0.12518507696912093,0.7629183674018388,0.8363511827256943,0.06418005940868796,0.935819940591312,0.978465097716411,0.8995880309768038,0.8995880309768038,0.5,0.0,0.0,0.6717063571370413,0.8168143573731554,0.8552317063638188,0.8447718294217337,0.8864039351472579,0.8276872316906374,0.6151211400173512,0.7901189047418102,False,1,0.7901189047418102,72
1159_25.png,00541,"photorealistic orange juice still life, single clear glass, smooth pale orange smoothie, small orange garnish on the rim, scattered tiny citrus pieces on brown tabletop, warm realistic product photo",1,"[0, 0, 5, 0, 1, 0]",0.9448451399803162,0.3748907744884491,0.015355383977293968,0.1239168429927666,0.7788377226358568,0.8367315221715858,0.06870040635561564,0.9312995936443844,0.9754889902516986,0.8975818408030878,0.8975818408030878,0.5,0.0,0.0,0.8578159085453736,0.6968334032370223,0.8664142575909445,0.8822895583155415,0.8876291174682237,0.6620956348403337,0.551731453085121,0.7894181409601819,False,1,0.7894181409601819,73
1159_25.png,00019,"photorealistic orange juice still life, single tall clear glass, pale creamy orange juice, small orange garnish on the rim, scattered tiny citrus pieces on brown tabletop, warm realistic product photo",1,"[0, 1, 0, 0, 1, 0]",0.9305732846260071,0.3411594033241272,0.016068872064352036,0.12676305480837874,0.7559534869535878,0.8294705991391783,0.06472056347241674,0.9352794365275833,0.9773628765641298,0.8960821477101104,0.8960821477101104,0.5,0.0,0.0,0.7312198567611266,0.7881603538444582,0.841318013502905,0.8283574399823371,0.8642396041550612,0.8078872180926204,0.591644348738264,0.7875430200776822,False,1,0.7875430200776822,74
1159_25.png,00296,"photorealistic orange juice still life, single tall clear glass, light creamy orange juice, orange slice on the rim, scattered tiny citrus pieces on brown tabletop, warm realistic product photo",1,"[0, 1, 2, 1, 1, 0]",0.9370273351669312,0.3369434177875519,0.01584009639918804,0.1258574447507498,0.7873027720390997,0.7836461950231483,0.06995374829528196,0.930046251704718,0.9767763456991521,0.8735122449968984,0.8735122449968984,0.5,0.0,0.0,0.7884694081483102,0.7995750425917609,0.8493031574511432,0.902239451003714,0.7166260699864923,0.616182589752084,0.5791515176332485,0.7870768798620057,False,1,0.7870768798620057,75
1159_25.png,00071,"realistic orange juice still life, single clear glass, pale orange juice, small orange garnish on the rim, scattered tiny citrus pieces on brown tabletop, warm realistic product photo",1,"[1, 0, 1, 0, 1, 0]",0.9487649202346802,0.36605867743492126,0.01675942726433277,0.12945820663184227,0.7286319012068804,0.8216106273509838,0.07135619307979583,0.9286438069202042,0.9807600652128936,0.8909021277725928,0.8909021277725928,0.5,0.0,0.0,0.8925856488310688,0.7207461130832433,0.8175537287631135,0.7639676558531734,0.8389203831744053,0.5648075351183101,0.6640028665163415,0.7850217062187136,False,1,0.7850217062187136,76
1159_25.png,00151,"photorealistic orange juice still life, straight clear glass, pale creamy orange juice, small orange garnish on the rim, scattered tiny citrus pieces on brown tabletop, warm realistic product photo",1,"[0, 3, 0, 0, 1, 0]",0.9495350122451782,0.37025192379951477,0.018581058830022812,0.13631235758368648,0.718735168868849,0.8384201614945024,0.0697167075696684,0.9302832924303316,0.9848210147699042,0.899852427977123,0.899852427977123,0.5,0.0,0.0,0.8994166182894449,0.7093929901473722,0.7571178032426665,0.7406436634342213,0.8930687085158363,0.6248659834680438,0.7504991789374242,0.7850191202180177,False,1,0.7850191202180177,77
1159_25.png,00798,"orange juice still life, single clear glass, pale creamy orange juice, small orange garnish on the rim, minimal citrus pieces on brown studio surface, warm realistic product photo",1,"[2, 0, 0, 0, 4, 0]",0.941084086894989,0.34070131182670593,0.018111709505319595,0.1345797514684865,0.7153188612097313,0.7991768165870949,0.06591222879355622,0.9340877712064438,0.9768164948830437,0.8819235863630568,0.8819235863630568,0.5,0.0,0.0,0.8244541304630573,0.7894006265672856,0.7723949185075882,0.7325923257582627,0.7666546515057181,0.7642335415595096,0.5800066763355636,0.7815606345946922,False,1,0.7815606345946922,78
1159_25.png,00661,"photorealistic orange juice still life, single minimalist clear glass, pale orange juice, small orange garnish on the rim, scattered tiny citrus pieces on brown tabletop, warm realistic product photo",1,"[0, 4, 1, 0, 1, 0]",0.9375162124633789,0.3403397500514984,0.01712871342897415,0.1308767107967424,0.7387816246495263,0.7941804108796294,0.06847960933733327,0.9315203906626668,0.9844636805620103,0.8803060577401688,0.8803060577401688,0.5,0.0,0.0,0.7928059105862051,0.7903795471757915,0.8050461822175736,0.787887881695901,0.7505597972714654,0.6701839809930586,0.7428881286520598,0.781535865803477,False,1,0.781535865803477,79
1159_25.png,00718,"realistic orange juice still life, single clear glass, soft pale orange juice, orange slice on the rim, scattered tiny citrus pieces on brown tabletop, warm realistic product photo",1,"[1, 0, 3, 1, 1, 0]",0.9480377435684204,0.36142054200172424,0.018017664551734924,0.1342298944040966,0.729719458977663,0.805776525426794,0.06827848621444661,0.9317215137855533,0.9803012502952692,0.8847622163260548,0.8847622163260548,0.5,0.0,0.0,0.8861353525932835,0.7333037634543085,0.7754797550737542,0.7665307431767973,0.7879142044689116,0.6775516232278967,0.6542303249220275,0.7811819022679122,False,1,0.7811819022679122,80
1159_25.png,00695,"realistic orange juice still life, single clear glass, pale orange juice, orange slice on the rim, scattered tiny citrus pieces on brown tabletop, soft depth of field",1,"[1, 0, 1, 1, 1, 2]",0.9437069296836853,0.3486981689929962,0.01692776568233967,0.13010674725908594,0.7578068704153209,0.7701161702473959,0.06892316816526868,0.9310768318347313,0.9836503251600198,0.8691592327854881,0.8691592327854881,0.5,0.0,0.0,0.8477196087948203,0.7677493104709809,0.8118352738705296,0.8327253768259716,0.6730419838851205,0.653935313473234,0.725564041767383,0.7810472888369647,False,1,0.7810472888369647,81
1159_25.png,00389,"realistic orange juice still life, single tall clear glass, light creamy orange juice, small orange garnish on the rim, scattered tiny citrus pieces on brown tabletop, warm realistic product photo",1,"[1, 1, 2, 0, 1, 0]",0.9348921775817871,0.3599391281604767,0.015978969633579254,0.12640794924995521,0.7578134351364524,0.8331044514973959,0.0663187102127513,0.9336812897872487,0.9777228206391465,0.8972300187271944,0.8972300187271944,0.5,0.0,0.0,0.7695298579983144,0.7373146590698383,0.8444491282436748,0.832740848145259,0.8759452836852318,0.7493431121113363,0.5993109879638154,0.7788353931711779,False,1,0.7788353931711779,82
1159_25.png,00642,"photorealistic orange juice still life, straight clear glass, pale creamy orange juice, tiny orange garnish on the rim, scattered tiny citrus pieces on brown tabletop, warm realistic product photo",1,"[0, 3, 0, 2, 1, 0]",0.9502429962158203,0.3845963776111603,0.018472500145435333,0.13591357601592025,0.7132651871159353,0.8511669017650464,0.06961738523211827,0.9303826147678818,0.9867270927482182,0.9060044395126732,0.9060044395126732,0.5,0.0,0.0,0.9056966690035773,0.670555694789144,0.7606340276879369,0.7277523566291972,0.934129610818014,0.6285044087196753,0.7910977419081391,0.7782891511320671,False,1,0.7782891511320671,83
1159_25.png,00128,"photorealistic orange juice still life, single tall clear glass, pale creamy orange juice, tiny orange garnish on the rim, scattered tiny citrus pieces on brown tabletop, warm realistic product photo",1,"[0, 1, 0, 2, 1, 0]",0.930711030960083,0.34644126892089844,0.016388587653636932,0.1280179192677218,0.7486428747938777,0.8245470965350116,0.06534560694010316,0.9346543930598968,0.9766680884939601,0.8935088487105112,0.8935088487105112,0.5,0.0,0.0,0.7324417120566611,0.7738598181170028,0.830253346918241,0.8111282519264242,0.848379591702985,0.7849903150163209,0.5768456901634272,0.7767311586305029,False,1,0.7767311586305029,84
1159_25.png,00658,"photorealistic orange juice still life, single minimalist clear glass, pale creamy orange juice, orange slice on the rim, scattered tiny citrus pieces on brown tabletop, warm realistic product photo",1,"[0, 4, 0, 1, 1, 0]",0.9486827850341797,0.3563334345817566,0.01867443323135376,0.13665442997339589,0.7162103922605534,0.8030644169560186,0.07312719855304663,0.9268728014469534,0.9793962720276272,0.8816637225421675,0.8816637225421675,0.5,0.0,0.0,0.891857082583883,0.7470769956723189,0.7541016074202626,0.7346934297146389,0.7791777260761762,0.4999311820884708,0.6349547141631816,0.7737268721931836,False,1,0.7737268721931836,85
1159_25.png,00273,"photorealistic orange juice still life, single tall clear glass, pale creamy orange juice, orange slice on the rim, scattered tiny citrus pieces on brown tabletop, soft depth of field",1,"[0, 1, 0, 1, 1, 2]",0.9460594058036804,0.3626185357570648,0.017555084079504013,0.13249560022696608,0.7507845610974345,0.7761038321035879,0.06579504207131634,0.9342049579286836,0.9797448159977818,0.8721674229212102,0.8721674229212102,0.5,0.0,0.0,0.8685868458368625,0.7300602215304115,0.7907717546891703,0.8161756426612402,0.6923299581653938,0.7685263838331615,0.6423785365258434,0.7732470596147125,False,1,0.7732470596147125,86
1159_25.png,00747,"realistic orange juice still life, single tall clear glass, pale orange juice, tiny orange garnish on the rim, scattered tiny citrus pieces on brown tabletop, warm realistic product photo",1,"[1, 1, 1, 2, 1, 0]",0.9230551719665527,0.3338245153427124,0.016040803864598274,0.12665229514145518,0.7595806289650999,0.8088972303602432,0.061805133183395755,0.9381948668166042,0.9738374493567897,0.8871394469192789,0.8871394469192789,0.5,0.0,0.0,0.664531724354521,0.8080194028326083,0.8422946279702389,0.8369056587165018,0.7979668891291923,0.9146867099751751,0.5165544100766417,0.7728878515589274,False,1,0.7728878515589274,87
1159_25.png,00104,"photorealistic orange juice still life, single clear glass, pale orange juice, orange slice on the rim, scattered pale citrus cubes on brown tabletop, soft depth of field",1,"[0, 0, 1, 1, 0, 2]",0.9530704021453857,0.3782210350036621,0.018882503733038902,0.1374136228073436,0.7220756926126467,0.7991485595703125,0.06812161925002864,0.9318783807499713,0.9842830108530894,0.8826308872397486,0.8826308872397486,0.5,0.0,0.0,0.9307766896868223,0.6878167956374934,0.7474074855821995,0.7485163983748497,0.7665636275591381,0.6832980518618064,0.7390399489668765,0.7713691848416302,False,1,0.7713691848416302,88
1159_25.png,00834,"orange juice still life, single tall clear glass, pale creamy orange juice, orange slice on the rim, scattered tiny citrus pieces on brown tabletop, realistic food photography",1,"[2, 1, 0, 1, 1, 1]",0.9497988820075989,0.36573392152786255,0.017605550587177277,0.13268590952764078,0.7471992323265491,0.7924776430483217,0.07121738985285193,0.928782610147148,0.9722637676810525,0.876141606459457,0.876141606459457,0.5,0.0,0.0,0.9017572298832708,0.7216253826077148,0.7890937177153377,0.8077259667262621,0.745074694250563,0.5698922439398805,0.48303573175646575,0.7712294936938933,False,1,0.7712294936938933,89
1159_25.png,00801,"orange juice still life, single clear glass, pale creamy orange juice, orange slice on the rim, orange halves and tiny cubes on a smooth brown surface, realistic food photography",1,"[2, 0, 0, 1, 2, 1]",0.9559205770492554,0.3979787826538086,0.01887788437306881,0.13739681354772681,0.7081904065316854,0.8463807282624422,0.06855132537596283,0.9314486746240371,0.9807478195208462,0.9030279277406812,0.9030279277406812,0.5,0.0,0.0,0.9560586786621028,0.6343231254582135,0.7475556998788193,0.7157924349265521,0.9187119747463162,0.667556843409176,0.6637420390447679,0.7712010454873329,False,1,0.7712010454873329,90
1159_25.png,00089,"photorealistic orange juice still life, single clear glass, pale creamy orange juice, small orange garnish on the rim, minimal citrus pieces on brown studio surface, warm realistic product photo",1,"[0, 0, 0, 0, 4, 0]",0.940143883228302,0.34697186946868896,0.01917423866689205,0.13847107519945115,0.6537985447529214,0.8183463767722801,0.06314474824961913,0.9368552517503809,0.9800530486152187,0.8921658173832031,0.8921658173832031,0.5,0.0,0.0,0.8161142146552846,0.7724232287241708,0.738083484045053,0.5876051374985469,0.8284052968654991,0.8656132648203895,0.648943746066592,0.771180823688486,False,1,0.771180823688486,91
1159_25.png,00813,"orange juice still life, single clear glass, pale orange juice, orange slice on the rim, scattered pale citrus cubes on brown tabletop, soft depth of field",1,"[2, 0, 1, 1, 0, 2]",0.9573097229003906,0.3774387240409851,0.02144661732017994,0.1464466364249447,0.7077930847293461,0.8104129367404513,0.06809120711541236,0.9319087928845876,0.9755564066918041,0.8859651803811697,0.8859651803811697,0.5,0.0,0.0,0.9683808593274985,0.6899348854803287,0.6677596135038006,0.7148560520489396,0.8028494136237357,0.6844121242978087,0.5531673914989877,0.7681048477408945,False,1,0.7681048477408945,92
1159_25.png,00940,"photorealistic orange juice still life, single clear glass, pale creamy orange juice, paired orange slices on the rim, scattered tiny citrus pieces on brown tabletop, soft depth of field",1,"[0, 0, 0, 4, 1, 2]",0.9582074284553528,0.3868323862552643,0.019555645063519478,0.1398414997900104,0.6913180809110343,0.8234840675636574,0.07133410937910342,0.9286658906208966,0.9801176786902258,0.8916244278590049,0.8916244278590049,0.5,0.0,0.0,0.9763438029043252,0.6645017502280679,0.7259998752847086,0.676028805738169,0.8449552708326505,0.5656165162219607,0.6503203362165394,0.768037773536697,False,1,0.768037773536697,93
1159_25.png,00268,"photorealistic orange juice still life, single tall clear glass, pale creamy orange juice, small orange garnish on the rim, scattered tiny citrus pieces on brown tabletop, soft realistic product photo",1,"[0, 1, 0, 0, 1, 3]",0.9307740926742554,0.3544853627681732,0.016299201175570488,0.12766832487179616,0.7466332324645355,0.8262425175419561,0.06590943104590233,0.9340905689540977,0.974981339538206,0.8937370999354556,0.8937370999354556,0.5,0.0,0.0,0.7330010902058067,0.7520806097387592,0.8333358674263198,0.8063920540730926,0.8538410284977773,0.7643360300425907,0.540918732045719,0.767772887057219,False,1,0.767772887057219,94
1159_25.png,00860,"orange juice still life, straight clear glass, pale creamy orange juice, small orange garnish on the rim, scattered tiny citrus pieces on brown tabletop, warm realistic product photo",1,"[2, 3, 0, 0, 1, 0]",0.9418865442276001,0.36612755060195923,0.01725616864860058,0.1313627369104366,0.7449950869038213,0.8062359845196759,0.07011870990896196,0.929881290091038,0.9819229883670215,0.8846492422391218,0.8846492422391218,0.5,0.0,0.0,0.8315721909752953,0.7205596404879369,0.8007606859957095,0.8025313762923658,0.7893942538403002,0.610139633901796,0.6887725818376037,0.7673843840143916,False,1,0.7673843840143916,95
1159_25.png,00233,"photorealistic orange juice still life, single clear glass, pale orange juice, small orange garnish on the rim, scattered tiny citrus pieces on brown tabletop, soft realistic product photo",1,"[0, 0, 1, 0, 1, 3]",0.9491928815841675,0.3791615664958954,0.018459223210811615,0.13586472393823062,0.7210625492271505,0.8086468731915509,0.06909076568588847,0.9309092343141115,0.9854415530726374,0.8867976355606645,0.8867976355606645,0.5,0.0,0.0,0.8963818067808474,0.6852703271670157,0.7610647769593655,0.7461286861648492,0.7971604169624943,0.6477957977693685,0.7637163524454752,0.7662934101232877,False,1,0.7662934101232877,96
1159_25.png,00408,"orange juice still life, single clear glass, pale creamy orange juice, small orange garnish on the rim, scattered tiny citrus pieces on brown tabletop, soft depth of field",1,"[2, 0, 0, 0, 1, 2]",0.9464499950408936,0.3613106906414032,0.019244953989982605,0.1387261835054313,0.7268507156268149,0.7971044469762733,0.06892102978295551,0.9310789702170444,0.9764770029128261,0.8798700412978537,0.8798700412978537,0.5,0.0,0.0,0.8720515008570434,0.7336011836128109,0.7358340870463311,0.7597698704077142,0.7599789552635509,0.6540136477573193,0.5727756573070973,0.7657322716541815,False,1,0.7657322716541815,97
1159_25.png,00080,"orange juice still life, single clear glass, pale creamy orange juice, small orange garnish on the rim, scattered tiny citrus pieces on brown tabletop, warm realistic product photo",1,"[2, 0, 0, 0, 1, 0]",0.9420291781425476,0.36503469944000244,0.017957152798771858,0.13400430141891662,0.7362893797586594,0.8066106725622108,0.07249930014046409,0.9275006998595359,0.9821207779221763,0.8840242031882677,0.8840242031882677,0.5,0.0,0.0,0.8328374007209528,0.7235185111369568,0.7774689031018706,0.7820143166690513,0.7906012313719495,0.5229326689256646,0.6929854061822851,0.7611124446024203,False,1,0.7611124446024203,98
1159_25.png,00172,"realistic orange juice still life, single clear glass, light creamy orange juice, small orange garnish on the rim, scattered tiny citrus pieces on brown tabletop, warm realistic product photo",1,"[1, 0, 2, 0, 1, 0]",0.94443279504776,0.3825961947441101,0.01718425564467907,0.13108873195160242,0.7288826561044438,0.8269489429615162,0.07145724641670251,0.9285427535832975,0.9830330784033162,0.8937236037674997,0.8937236037674997,0.5,0.0,0.0,0.8541582733508655,0.6759711462101684,0.8031767027132695,0.7645586191256981,0.8561166271622737,0.5611056990376075,0.7124169766390892,0.7609858073491749,False,1,0.7609858073491749,99
1159_25.png,00015,"photorealistic orange juice still life, single clear glass, pale orange juice, small orange garnish on the rim, scattered tiny citrus pieces on brown tabletop, warm realistic product photo",1,"[0, 0, 1, 0, 1, 0]",0.9352099299430847,0.36882567405700684,0.01634618453681469,0.12785219801323203,0.7558769580857141,0.8123005054615162,0.0667468131564579,0.9332531868435421,0.9755112096905826,0.8872760847910386,0.8872760847910386,0.5,0.0,0.0,0.7723484259691041,0.7132545301705558,0.8317145807696495,0.8281770815899759,0.808929813255271,0.7336606322271576,0.5522047166656096,0.7589027979529193,False,1,0.7589027979529193,100
1159_25.png,00786,"realistic orange juice still life, straight clear glass, pale orange juice, small orange garnish on the rim, scattered tiny citrus pieces on brown tabletop, warm realistic product photo",1,"[1, 3, 1, 0, 1, 0]",0.9505511522293091,0.3964995741844177,0.017723726108670235,0.1331304852716696,0.7025687129062395,0.8296559651692709,0.06951044848386231,0.9304895515161377,0.9845135852067688,0.8959192443981738,0.8959192443981738,0.5,0.0,0.0,0.9084301142125404,0.638328050077615,0.7851737067988734,0.7025435831820525,0.864836721244625,0.6324217688501206,0.7439510740749704,0.7587257675771144,False,1,0.7587257675771144,101
1159_25.png,00163,"realistic orange juice still life, single clear glass, pale creamy orange juice, tiny orange garnish on the rim, scattered tiny citrus pieces on brown tabletop, warm realistic product photo",1,"[1, 0, 0, 2, 1, 0]",0.9514517784118652,0.38736748695373535,0.01857244223356247,0.1362807478463575,0.7101532374620272,0.8260085494429976,0.07407694055619735,0.9259230594438026,0.9813824228560781,0.8920534026258954,0.8920534026258954,0.5,0.0,0.0,0.9164189647168796,0.6630529767755685,0.7573965195627999,0.7204183106373712,0.8530873502200955,0.46513976082280045,0.6772587911189027,0.7576186962098407,False,1,0.7576186962098407,102
1159_25.png,00144,"photorealistic orange juice still life, clear cylindrical glass, pale creamy orange juice, orange slice on the rim, scattered tiny citrus pieces on brown tabletop, warm realistic product photo",1,"[0, 2, 0, 1, 1, 0]",0.940180242061615,0.37781617045402527,0.01676599681377411,0.12948357739023938,0.7424032639804807,0.812972457320602,0.06803206353211491,0.9319679364678851,0.9791440769982167,0.8878551989576741,0.8878551989576741,0.5,0.0,0.0,0.8164367294671738,0.6889129575618712,0.8173300241386228,0.7964231320607867,0.8110943627049406,0.6865787014470117,0.6295830788476728,0.7575932644984683,False,1,0.7575932644984683,103
1159_25.png,00856,"orange juice still life, clear cylindrical glass, pale orange juice, small orange garnish on the rim, scattered tiny citrus pieces on brown tabletop, warm realistic product photo",1,"[2, 2, 1, 0, 1, 0]",0.9365572929382324,0.3770028352737427,0.016205381602048874,0.1273003597875861,0.7515234689734283,0.8157738579644098,0.0690867283987319,0.9309132716012681,0.98477281080106,0.8898724433046403,0.8898724433046403,0.5,0.0,0.0,0.7842999789572304,0.6911150447961881,0.8365803700028877,0.817917053978565,0.8201184767688685,0.6479436936798045,0.7494724571102876,0.7575155582573319,False,1,0.7575155582573319,104
1159_25.png,00478,"photorealistic orange juice still life, single clear glass, pale creamy orange juice, tiny orange garnish on the rim, minimal citrus pieces on brown studio surface, warm realistic product photo",1,"[0, 0, 0, 2, 4, 0]",0.9440107941627502,0.36179888248443604,0.019041994586586952,0.13799273381807808,0.6621084385458826,0.8165362322771991,0.0678969409493715,0.9321030590506285,0.9763578091253595,0.8889489370175315,0.8889489370175315,0.5,0.0,0.0,0.8504149866817244,0.7322794148617449,0.7423012207568818,0.6071893692640671,0.8225743028475929,0.6915285790802372,0.5702368857871297,0.7573527981311451,False,1,0.7573527981311451,105
1159_25.png,00137,"photorealistic orange juice still life, single tall clear glass, light creamy orange juice, small orange garnish on the rim, scattered tiny citrus pieces on brown tabletop, warm realistic product photo",1,"[0, 1, 2, 0, 1, 0]",0.9360756874084473,0.3687449097633362,0.017239684239029884,0.13129997806180274,0.7380748620698034,0.8143728750723381,0.06507761016266542,0.9349223898373346,0.9745715176237193,0.8886049337503632,0.8886049337503632,0.5,0.0,0.0,0.7800279794817134,0.7134731977314733,0.8013140571030039,0.7862222283783803,0.8156055094974389,0.7948077062138726,0.5321897183372748,0.7565434721147555,False,1,0.7565434721147555,106
1159_25.png,00310,"photorealistic orange juice still life, clear cylindrical glass, pale creamy orange juice, tiny orange garnish on the rim, scattered tiny citrus pieces on brown tabletop, warm realistic product photo",1,"[0, 2, 0, 2, 1, 0]",0.9371404051780701,0.384768009185791,0.016059573739767075,0.12672637349726013,0.7485139855584488,0.8220011393229166,0.06708156584598954,0.9329184341540104,0.9837601917441628,0.8931740029980487,0.8931740029980487,0.5,0.0,0.0,0.7894723763420053,0.6700910060499101,0.8416414480176001,0.8108244939336497,0.840178334116139,0.7213978052671263,0.7279041482506725,0.7559782262924148,False,1,0.7559782262924148,107
1159_25.png,00024,"realistic orange juice still life, single clear glass, pale creamy orange juice, small orange garnish on the rim, scattered tiny citrus pieces on brown tabletop, warm realistic product photo",1,"[1, 0, 0, 0, 1, 0]",0.9514107704162598,0.3904096782207489,0.018691040575504303,0.13671518048667566,0.7043592007373809,0.8290122703269676,0.07293699894988774,0.9270630010501123,0.9813848088499414,0.8938045337846631,0.8938045337846631,0.5,0.0,0.0,0.9160552103060929,0.6548163103730242,0.7535659446486515,0.7067632915841164,0.8627631957415354,0.5068986685175347,0.677309611664131,0.7558434695749892,False,1,0.7558434695749892,108
1159_25.png,00050,"photorealistic orange juice still life, single tall clear glass, pale creamy orange juice, small orange garnish on the rim, scattered tiny citrus pieces on brown tabletop, realistic food photography",1,"[0, 1, 0, 0, 1, 1]",0.9411752223968506,0.38011154532432556,0.017763320356607437,0.13327910697707812,0.7384076711235124,0.7983042399088541,0.06271129520300461,0.9372887047969953,0.9756184580108737,0.8824116462401075,0.8824116462401075,0.5,0.0,0.0,0.8252625323440059,0.6826982802401502,0.7838632468481228,0.7870065716929747,0.7638438320353316,0.8814917323343273,0.5544890553623358,0.7526667301281512,False,1,0.7526667301281512,109
1159_25.png,00329,"photorealistic orange juice still life, straight clear glass, pale orange juice, small orange garnish on the rim, scattered tiny citrus pieces on brown tabletop, warm realistic product photo",1,"[0, 3, 1, 0, 1, 0]",0.9397260546684265,0.37720760703086853,0.017439959570765495,0.13206043908288922,0.7477674734284988,0.7993327953197339,0.06672204884988014,0.9332779511501199,0.9786826317754904,0.8820835671515204,0.8820835671515204,0.5,0.0,0.0,0.8124079378825898,0.6905606297367549,0.7946087531267003,0.8090651613918671,0.7671571036908391,0.7345678106183872,0.6197545129938458,0.7518162747198841,False,1,0.7518162747198841,110
1159_25.png,00415,"orange juice still life, single clear glass, pale creamy orange juice, tiny orange garnish on the rim, scattered tiny citrus pieces on brown tabletop, warm realistic product photo",1,"[2, 0, 0, 2, 1, 0]",0.9372291564941406,0.3654148578643799,0.017752977088093758,0.1332402982888201,0.7374506525795406,0.807077478479456,0.07247425262904524,0.9275257473709547,0.9817420489284203,0.8841672866812733,0.8841672866812733,0.5,0.0,0.0,0.790259629710699,0.7224892405070441,0.7842054393398823,0.7847511309573879,0.7921049469694484,0.5238502218174383,0.6849186570373001,0.7510999394277378,False,1,0.7510999394277378,111
1159_25.png,00377,"realistic orange juice still life, single tall clear glass, pale creamy orange juice, orange slice on the rim, scattered tiny citrus pieces on brown tabletop, realistic food photography",1,"[1, 1, 0, 1, 1, 1]",0.9562214016914368,0.3830098509788513,0.020431892946362495,0.14294017261204947,0.7189195944688614,0.7813347710503472,0.07301924152221895,0.926980758477781,0.9785903754467535,0.8717619875292303,0.8717619875292303,0.5,0.0,0.0,0.9587270921958817,0.674851180990414,0.6986775765491373,0.7410783060161996,0.7091803111562588,0.5038859177173635,0.617789496654386,0.7495465308197891,False,1,0.7495465308197891,112
1159_25.png,00030,"photorealistic orange juice still life, single clear glass, pale creamy orange juice, small orange garnish on the rim, scattered tiny citrus pieces on brown tabletop, soft depth of field",1,"[0, 0, 0, 0, 1, 2]",0.9434435367584229,0.37360718846321106,0.018488148227334023,0.13597113012450115,0.7279600786550715,0.7938175907841436,0.06812863918742251,0.9318713608125775,0.9743392866150051,0.8782407494602678,0.8782407494602678,0.5,0.0,0.0,0.8453832269034454,0.7003086843620095,0.7601265489580359,0.7623843469821174,0.7493910497973808,0.6830408940249233,0.5272433072574015,0.7487287276841229,False,1,0.7487287276841229,113
1159_25.png,00498,"photorealistic orange juice still life, single clear glass, pale orange juice, orange slice on the rim, minimal citrus pieces on brown studio surface, warm realistic product photo",1,"[0, 0, 1, 1, 4, 0]",0.9280424118041992,0.35404202342033386,0.01777070015668869,0.133306789612115,0.7105788112056918,0.8315051043475116,0.069863465090012,0.930136534909988,0.9760792882388238,0.8949409418226408,0.8949409418226408,0.5,0.0,0.0,0.7087701822896014,0.7532809413388362,0.7836191574370414,0.721421275902259,0.8707933283088113,0.6194898890158257,0.5643045221171605,0.7463256160402123,False,1,0.7463256160402123,114
1159_25.png,00221,"photorealistic orange juice still life, single clear glass, pale creamy orange juice, orange slice on the rim, minimal citrus pieces on brown studio surface, warm realistic product photo",1,"[0, 0, 0, 1, 4, 0]",0.9410586953163147,0.3902494013309479,0.019224559888243675,0.13865265914595246,0.7144655738368487,0.8219440601490162,0.06920317915485612,0.9307968208451439,0.9965349274259182,0.8949606998480413,0.8949606998480413,0.5,0.0,0.0,0.8242288988075411,0.6552502565511107,0.7364823821808593,0.7305813520816461,0.8399944657440478,0.6436778116828177,1.0,0.7453181594451185,False,1,0.7453181594451185,115
1159_25.png,00316,"photorealistic orange juice still life, clear cylindrical glass, pale orange juice, orange slice on the rim, scattered tiny citrus pieces on brown tabletop, warm realistic product photo",1,"[0, 2, 1, 1, 1, 0]",0.9550508260726929,0.4213547706604004,0.017586274072527885,0.1326132499885584,0.7339431900701351,0.8092227511935765,0.069336874377946,0.930663125622054,0.9845223312136502,0.8867867982475583,0.8867867982475583,0.5,0.0,0.0,0.9483437013914664,0.5710331485498306,0.7897343873654789,0.7764849652993799,0.7990154849937922,0.6387802217980931,0.7441373599012358,0.7433019704018293,False,1,0.7433019704018293,116
1159_25.png,00513,"photorealistic orange juice still life, single clear glass, light creamy orange juice, small orange garnish on the rim, minimal citrus pieces on brown studio surface, warm realistic product photo",1,"[0, 0, 2, 0, 4, 0]",0.9362411499023438,0.36400744318962097,0.01937744952738285,0.13920290775476946,0.6622825486753466,0.820281982421875,0.0663196826926929,0.9336803173073072,0.9796160040151338,0.891838203950428,0.891838203950428,0.5,0.0,0.0,0.7814956862322128,0.7262997849957259,0.7316306092663387,0.6075997009979138,0.83464043720622,0.7493074877426051,0.6396349019797142,0.7425636923821504,False,1,0.7425636923821504,117
1159_25.png,00941,"photorealistic orange juice still life, single clear glass, pale creamy orange juice, paired orange slices on the rim, orange halves and tiny cubes on a smooth brown surface, realistic food photography",1,"[0, 0, 0, 4, 2, 1]",0.9478954076766968,0.40008896589279175,0.018450981006026268,0.13583438815714624,0.7376276731263816,0.8036267315899884,0.07144307131456175,0.9285569286854383,0.9871970158687421,0.8840663574291466,0.8840663574291466,0.5,0.0,0.0,0.8848727864116579,0.6286098504330021,0.7613322602726309,0.785168321778711,0.7809891026131153,0.5616249684270065,0.8011068829910541,0.7419079772741934,False,1,0.7419079772741934,118
1159_25.png,00223,"photorealistic orange juice still life, single clear glass, pale creamy orange juice, tiny orange garnish on the rim, scattered tiny citrus pieces on brown tabletop, soft depth of field",1,"[0, 0, 0, 2, 1, 2]",0.941868007183075,0.3755906820297241,0.018585681915283203,0.13632931421848787,0.7195508544156638,0.7948563187210649,0.06877963784623627,0.9312203621537637,0.9745762406297325,0.878527718304243,0.878527718304243,0.5,0.0,0.0,0.8314077612925125,0.6949384188576322,0.756968289477193,0.7425660195069471,0.7527370900736566,0.6591931874824749,0.5322903161403125,0.7409361352020418,False,1,0.7409361352020418,119
1159_25.png,00968,"photorealistic orange juice still life, single clear glass, pale orange juice, paired orange slices on the rim, orange halves and tiny cubes on a smooth brown surface, warm realistic product photo",1,"[0, 0, 1, 4, 2, 0]",0.946795642375946,0.398415744304657,0.019426986575126648,0.1393807252640287,0.7038674362153217,0.8438573766637733,0.07283966399380472,0.9271603360061953,0.9811520843663641,0.9004723539741392,0.9004723539741392,0.5,0.0,0.0,0.875117506421217,0.6331400613334267,0.7300627176600222,0.7056043320818631,0.9105835363167344,0.5104642910231463,0.6723526898021537,0.7406248480640882,False,1,0.7406248480640882,120
1159_25.png,00156,"realistic orange juice still life, single clear glass, pale creamy orange juice, small orange garnish on the rim, scattered tiny citrus pieces on brown tabletop, soft depth of field",1,"[1, 0, 0, 0, 1, 2]",0.9384622573852539,0.37383583188056946,0.019030777737498283,0.13795208493349523,0.7136941677258501,0.8036148636429399,0.06882434477367758,0.9311756552263224,0.9791086000744679,0.8833598879834293,0.8833598879834293,0.5,0.0,0.0,0.8011976402490025,0.6996896373039436,0.7426596390319385,0.7287633509808461,0.780950872555552,0.6575554610884187,0.6288274370852627,0.7384890505167315,False,1,0.7384890505167315,121
1159_25.png,00553,"photorealistic orange juice still life, single tall clear glass, pale creamy orange juice, orange slice on the rim, minimal citrus pieces on brown studio surface, warm realistic product photo",1,"[0, 1, 0, 1, 4, 0]",0.9322190880775452,0.3747546672821045,0.019000306725502014,0.13784160012674698,0.6903241983436661,0.831674646448206,0.06498246579989818,0.9350175342001018,0.9827663781721206,0.8980630035061525,0.8980630035061525,0.5,0.0,0.0,0.7458186747707766,0.6972019105251072,0.7436338299417523,0.6736864862053327,0.8713394719882904,0.7982930818159915,0.7067363873590666,0.7382728865031762,False,1,0.7382728865031762,122
1159_25.png,00901,"warm orange juice still life, single clear glass, pale creamy orange juice, small orange garnish on the rim, orange halves and tiny cubes on a smooth brown surface, warm realistic product photo",1,"[4, 0, 0, 0, 2, 0]",0.9259442090988159,0.3877031207084656,0.017411405220627785,0.13195228387802838,0.7543287510539847,0.8652078134042246,0.06896497321839173,0.9310350267816083,0.9843243328001764,0.9120706419654993,0.9120706419654993,0.5,0.0,0.0,0.6901584340795586,0.6621442557161394,0.7955624029589761,0.8245283652422316,0.9793594098735495,0.6524038899820004,0.7399200869727549,0.7381581855454441,False,1,0.7381581855454441,123
1159_25.png,00765,"realistic orange juice still life, clear cylindrical glass, pale creamy orange juice, orange slice on the rim, orange halves and tiny cubes on a smooth brown surface, warm realistic product photo",1,"[1, 2, 0, 1, 2, 0]",0.9505613446235657,0.42321184277534485,0.017855452373623848,0.1336242955963617,0.7241546328153156,0.8281905562789351,0.06968215014146348,0.9303178498585365,0.9866980709598935,0.8956366119679873,0.8956366119679873,0.5,0.0,0.0,0.9085205241024307,0.5660051663640555,0.7808195739217314,0.7534159130702374,0.8601162193749927,0.6261319083598,0.7904795914891999,0.7368372232369617,False,1,0.7368372232369617,124
1159_25.png,00403,"realistic orange juice still life, straight clear glass, pale creamy orange juice, small orange garnish on the rim, scattered tiny citrus pieces on brown tabletop, warm realistic product photo",1,"[1, 3, 0, 0, 1, 0]",0.946340024471283,0.3944283723831177,0.0192844420671463,0.13886843437997817,0.7028882320561495,0.8170075593171297,0.0721429447206378,0.9278570552793622,0.9830524559857309,0.8890138622376313,0.8890138622376313,0.5,0.0,0.0,0.87107602572928,0.6439357837118003,0.734579801385024,0.7032966056924798,0.8240925822765452,0.5359868578426054,0.7128297100155996,0.7357146686775269,False,1,0.7357146686775269,125
1159_25.png,00366,"realistic orange juice still life, single clear glass, light creamy orange juice, orange slice on the rim, scattered tiny citrus pieces on brown tabletop, warm realistic product photo",1,"[1, 0, 2, 1, 1, 0]",0.9457188248634338,0.3952566683292389,0.018365412950515747,0.13551905013877477,0.7160766702945928,0.8160784686053241,0.07350205731533403,0.926497942684666,0.9796891385185337,0.8874474185157357,0.8874474185157357,0.5,0.0,0.0,0.8655657808612308,0.6416931905307748,0.7641127279229583,0.7343782822484063,0.8210997149129992,0.48619916953074327,0.6411926324479278,0.7350604952812416,False,1,0.7350604952812416,126
1159_25.png,00605,"photorealistic orange juice still life, clear cylindrical glass, pale creamy orange juice, orange slice on the rim, scattered tiny citrus pieces on brown tabletop, soft depth of field",1,"[0, 2, 0, 1, 1, 2]",0.9462634325027466,0.400437593460083,0.017741480842232704,0.1331971502781974,0.7312317897513801,0.8010660807291666,0.0696146962564814,0.9303853037435186,0.9771966828789946,0.8815539292141554,0.8815539292141554,0.5,0.0,0.0,0.8703966297730871,0.6276659489098979,0.7845858934580758,0.7700949086302344,0.7727405125740477,0.6286029126121465,0.5881045015399543,0.734832912015793,False,1,0.734832912015793,127
1159_25.png,00680,"realistic orange juice still life, single clear glass, pale creamy orange juice, tiny orange garnish on the rim, scattered tiny citrus pieces on brown tabletop, soft depth of field",1,"[1, 0, 0, 2, 1, 2]",0.9362336993217468,0.37282925844192505,0.01916893757879734,0.1384519323765376,0.7140706797208639,0.8005704526548033,0.06873687326218736,0.9312631267378126,0.9805970195498735,0.8823182019628706,0.8823182019628706,0.5,0.0,0.0,0.7814295971314158,0.702414912901725,0.7382522743486196,0.7296506906215878,0.7711439525510372,0.6607597609876606,0.660530070706027,0.7339726629658481,False,1,0.7339726629658481,128
1159_25.png,00823,"orange juice still life, single clear glass, light creamy orange juice, orange slice on the rim, scattered tiny citrus pieces on brown tabletop, warm realistic product photo",1,"[2, 0, 2, 1, 1, 0]",0.9392671585083008,0.38413459062576294,0.01875520497560501,0.13694964394113995,0.7213686327898147,0.8109809027777777,0.06908005523659691,0.9309199447634031,0.9768847691128174,0.8861403407397546,0.8861403407397546,0.5,0.0,0.0,0.8083373779863021,0.6718059729649433,0.7514985819700606,0.7468500445335816,0.804678994949991,0.6481881482729911,0.5814608852652516,0.7337951600459249,False,1,0.7337951600459249,129
1159_25.png,00565,"photorealistic orange juice still life, single tall clear glass, pale orange juice, small orange garnish on the rim, scattered tiny citrus pieces on brown tabletop, soft realistic product photo",1,"[0, 1, 1, 0, 1, 3]",0.9389399290084839,0.3681086301803589,0.019557546824216843,0.13984829932543635,0.7133813100196743,0.7749317310474537,0.06451023707015012,0.9354897629298499,0.9704722308843167,0.8702351421736649,0.8702351421736649,0.5,0.0,0.0,0.8054347446792987,0.7151959108036461,0.725939920927201,0.7280260277394147,0.6885542848612612,0.8155919994335253,0.4448768419921717,0.732780586210012,False,1,0.732780586210012,130
1159_25.png,00563,"photorealistic orange juice still life, single tall clear glass, pale creamy orange juice, thin orange slice on the rim, scattered pale citrus cubes on brown tabletop, warm realistic product photo",1,"[0, 1, 0, 5, 0, 0]",0.9428489804267883,0.38973817229270935,0.01980898529291153,0.1407443970213789,0.7137120147708609,0.8202932852285879,0.0726888577036368,0.9273111422963632,0.9813349815915716,0.8899578744749059,0.8899578744749059,0.5,0.0,0.0,0.8401093166598462,0.6566343980049772,0.7180386514641386,0.7288054117670039,0.8346768467848518,0.5159887020245969,0.6762483145348432,0.7319730026950217,False,1,0.7319730026950217,131
1159_25.png,00926,"photorealistic orange juice still life, single clear glass, pale creamy orange juice, orange slice on the rim, minimal citrus pieces on brown studio surface, soft depth of field",1,"[0, 0, 0, 1, 4, 2]",0.943588137626648,0.3757258355617523,0.021007323637604713,0.14493903420957624,0.6630306220192879,0.7933609573929399,0.06907289603684674,0.9309271039631533,0.9867174491875902,0.8801804070514446,0.8801804070514446,0.5,0.0,0.0,0.8466658841717132,0.6945724936219272,0.6810527749533533,0.609362712910023,0.7479201028206501,0.6484504076377511,0.790892338609914,0.7316031175763118,False,1,0.7316031175763118,132
1159_25.png,00635,"photorealistic orange juice still life, straight clear glass, pale creamy orange juice, small orange garnish on the rim, scattered tiny citrus pieces on brown tabletop, soft depth of field",1,"[0, 3, 0, 0, 1, 2]",0.9457157254219055,0.39137861132621765,0.019377747550606728,0.13920397821401057,0.706191675030881,0.8050378870081017,0.06857426450788144,0.9314257354921186,0.9725765554124399,0.8827813676583752,0.8827813676583752,0.5,0.0,0.0,0.8655382877952993,0.6521929451551096,0.7316211705779552,0.7110819510233817,0.7855348385053135,0.6667165257235321,0.4896979630784142,0.7314789092978207,False,1,0.7314789092978207,133
1159_25.png,00485,"photorealistic orange juice still life, single clear glass, pale creamy orange juice, paired orange slices on the rim, orange halves and tiny cubes on a smooth brown surface, warm realistic product photo",1,"[0, 0, 0, 4, 2, 0]",0.9452990293502808,0.40332746505737305,0.020096583291888237,0.14176241847502544,0.6978184552214498,0.8511115180121528,0.07371365753415297,0.9262863424658471,0.9827073411897431,0.9037418712064639,0.9037418712064639,0.5,0.0,0.0,0.8618420565659257,0.6198416846858957,0.7090623290599398,0.6913484765100919,0.9339512038827172,0.47844772510855843,0.7054789274471825,0.7313752995300878,False,1,0.7313752995300878,134
1159_25.png,00182,"realistic orange juice still life, single tall clear glass, pale orange juice, small orange garnish on the rim, scattered tiny citrus pieces on brown tabletop, warm realistic product photo",1,"[1, 1, 1, 0, 1, 0]",0.9123824238777161,0.34740349650382996,0.016799122095108032,0.12961142733226894,0.7505322770252506,0.8115788212528936,0.06205413899328758,0.9379458610067124,0.9730811444931838,0.8881077498147882,0.8881077498147882,0.5,0.0,0.0,0.569860937957667,0.7712546079548838,0.8162027175431629,0.81558107552675,0.8066050616596215,0.9055650053429634,0.5004454727826274,0.7313362772968466,False,1,0.7313362772968466,135
1159_25.png,00487,"photorealistic orange juice still life, single clear glass, pale creamy orange juice, thin orange slice on the rim, scattered tiny citrus pieces on brown tabletop, warm realistic product photo",1,"[0, 0, 0, 5, 1, 0]",0.9425644874572754,0.38715240359306335,0.018994225189089775,0.1378195384881613,0.7057333047369818,0.8045038293909145,0.0710709547083231,0.9289290452916769,0.9803570540105714,0.8832232998801127,0.8832232998801127,0.5,0.0,0.0,0.8375857704350144,0.6636353102763587,0.7438283566680807,0.7100016929245652,0.7838144859149547,0.5752565289609707,0.6554189177684236,0.7310952595436637,False,1,0.7310952595436637,136
1159_25.png,00528,"photorealistic orange juice still life, single clear glass, soft pale orange juice, orange slice on the rim, scattered pale citrus cubes on brown tabletop, soft depth of field",1,"[0, 0, 3, 1, 0, 2]",0.9365752339363098,0.3826225697994232,0.019530033692717552,0.13974989693276182,0.7230744368600336,0.7942849618417246,0.06546671019201032,0.9345332898079897,0.9850275188956511,0.8815203880407028,0.8815203880407028,0.5,0.0,0.0,0.7844591215119494,0.6758997363240385,0.72680757612133,0.7508701756074627,0.7508965858738117,0.7805540004806183,0.7548976195302177,0.7307018875477865,False,1,0.7307018875477865,137
1159_25.png,00590,"photorealistic orange juice still life, single tall clear glass, soft pale orange juice, small orange garnish on the rim, scattered tiny citrus pieces on brown tabletop, realistic food photography",1,"[0, 1, 3, 0, 1, 1]",0.9374938607215881,0.3770848512649536,0.019077777862548828,0.13812232934087387,0.7290126859656578,0.7811601426866318,0.06234984689552626,0.9376501531044737,0.9691878352844495,0.87353718485244,0.87353718485244,0.5,0.0,0.0,0.7926076432838141,0.6908929882915221,0.7411585226432136,0.7648650652731339,0.7086177831663948,0.8947324864438922,0.41751982080322764,0.7303506426067577,False,1,0.7303506426067577,138
1159_25.png,00587,"photorealistic orange juice still life, single tall clear glass, light creamy orange juice, tiny orange garnish on the rim, scattered tiny citrus pieces on brown tabletop, warm realistic product photo",1,"[0, 1, 2, 2, 1, 0]",0.9294959306716919,0.3721970319747925,0.017609184607863426,0.13269960289263652,0.7307283502742,0.8128113923249419,0.06739625934827806,0.9326037406517219,0.9720279509020429,0.8865820259547351,0.8865820259547351,0.5,0.0,0.0,0.721663372785883,0.7041266522512835,0.7889729775692829,0.7689084343326497,0.8105755262094343,0.7098697964274974,0.4780129454585818,0.7300951134278483,False,1,0.7300951134278483,139
1159_25.png,00012,"photorealistic orange juice still life, single clear glass, pale creamy orange juice, orange slice on the rim, scattered tiny citrus pieces on brown tabletop, warm realistic product photo",1,"[0, 0, 0, 1, 1, 0]",0.9457901120185852,0.3932204246520996,0.019477447494864464,0.13956162615441417,0.7003063790745364,0.8042235197844328,0.07076657883171211,0.9292334211682879,0.980425255181989,0.8832173323482934,0.8832173323482934,0.5,0.0,0.0,0.8661981213776564,0.6472062758074117,0.7284676385882697,0.6972118579885754,0.782911528364882,0.5864065774069177,0.6568715705895443,0.7298486485225096,False,1,0.7298486485225096,140
1159_25.png,00280,"photorealistic orange juice still life, single tall clear glass, pale creamy orange juice, small orange wedge on the rim, scattered tiny citrus pieces on brown tabletop, warm realistic product photo",1,"[0, 1, 0, 3, 1, 0]",0.9501098394393921,0.4038715362548828,0.020178113132715225,0.14204968543687532,0.6968087664305663,0.8139151114004629,0.06698231610452343,0.9330176838954766,0.9711213049538135,0.8870422504843878,0.8870422504843878,0.5,0.0,0.0,0.9045155245941336,0.6183686238031986,0.7065293756959388,0.6889689058700365,0.8141309215628444,0.7250335711429131,0.45870181388888087,0.7291007311207247,False,1,0.7291007311207247,141
1159_25.png,00060,"photorealistic orange juice still life, clear cylindrical glass, pale creamy orange juice, small orange garnish on the rim, scattered tiny citrus pieces on brown tabletop, warm realistic product photo",1,"[0, 2, 0, 0, 1, 0]",0.9432629346847534,0.407941073179245,0.01760391891002655,0.13267976074001095,0.726708210683182,0.8083575213396991,0.06965343556894313,0.9303465644310569,0.9831661117899148,0.8860154045117175,0.8860154045117175,0.5,0.0,0.0,0.8437812271001266,0.6073504414744746,0.7891479341564182,0.7594340237755703,0.7962283317495165,0.6271837948570875,0.7152505251006298,0.7271362070639027,False,1,0.7271362070639027,142
1159_25.png,00773,"realistic orange juice still life, clear cylindrical glass, pale orange juice, orange slice on the rim, scattered tiny citrus pieces on brown tabletop, warm realistic product photo",1,"[1, 2, 1, 1, 1, 0]",0.9441543817520142,0.3967571556568146,0.01860651560127735,0.13640570223153192,0.7059261602029187,0.806192468713831,0.07211413808426935,0.9278858619157306,0.9782601358891735,0.8831986897695644,0.8831986897695644,0.5,0.0,0.0,0.8516886558322838,0.6376306538676482,0.7562947443073507,0.7104562024810356,0.789254076962567,0.537042116868546,0.6107555496562187,0.7245759052657258,False,1,0.7245759052657258,143
1159_25.png,00230,"photorealistic orange juice still life, single clear glass, pale creamy orange juice, paired orange slices on the rim, scattered tiny citrus pieces on brown tabletop, warm realistic product photo",1,"[0, 0, 0, 4, 1, 0]",0.9538658857345581,0.43077728152275085,0.01799863390624523,0.13415898742255486,0.7462047622796466,0.7965263084129051,0.07494032032597155,0.9250596796740285,0.9865311032736483,0.8795139473264469,0.8795139473264469,0.5,0.0,0.0,0.9378328908007144,0.5455219062130796,0.7761049716885391,0.8053822626588404,0.7581166053165264,0.4335120038289885,0.7869232584318853,0.7203314570963185,False,1,0.7203314570963185,144
1159_25.png,00538,"photorealistic orange juice still life, single clear glass, muted orange juice, orange slice on the rim, scattered tiny citrus pieces on brown tabletop, warm realistic product photo",1,"[0, 0, 4, 1, 1, 0]",0.9412228465080261,0.402604877948761,0.018163472414016724,0.13477192739594074,0.6915897120096665,0.8154212103949652,0.06945825251584785,0.9305417474841522,0.9799775244177993,0.8886246611807475,0.8886246611807475,0.5,0.0,0.0,0.8256849738763002,0.6217980734984437,0.770700422702047,0.6766689687201366,0.8189824979155511,0.6343338375019635,0.6473351162415643,0.719957424887563,False,1,0.719957424887563,145
1159_25.png,00033,"photorealistic orange juice still life, single clear glass, pale creamy orange juice, orange slice on the rim, scattered pale citrus cubes on brown tabletop, soft depth of field",1,"[0, 0, 0, 1, 0, 2]",0.9418154954910278,0.38891446590423584,0.021145332604646683,0.14541434800131203,0.7075746730574365,0.8024840178313078,0.07008614463911614,0.9299138553608839,0.9783242649977796,0.8822525103999539,0.8822525103999539,0.5,0.0,0.0,0.8309419653100953,0.6588645650589249,0.6768617337699874,0.714341313243662,0.7773080942134254,0.6113325810580538,0.6121214694578331,0.7193913664922965,False,1,0.7193913664922965,146
1159_25.png,00253,"photorealistic orange juice still life, single clear glass, light creamy orange juice, orange slice on the rim, orange halves and tiny cubes on a smooth brown surface, warm realistic product photo",1,"[0, 0, 2, 1, 2, 0]",0.945258378982544,0.4046126902103424,0.020366216078400612,0.142710252183929,0.700400533348939,0.8224543818721065,0.0721491248341253,0.9278508751658747,0.9793915971619277,0.8907305975828895,0.8907305975828895,0.5,0.0,0.0,0.8614814744319774,0.6163619656583805,0.700704881457819,0.6974337548235479,0.8416383582192802,0.5357604648526137,0.6348551417261449,0.718612638238036,False,1,0.718612638238036,147
1159_25.png,00961,"photorealistic orange juice still life, single clear glass, pale orange juice, tiny orange garnish on the rim, minimal citrus pieces on brown studio surface, warm realistic product photo",1,"[0, 0, 1, 2, 4, 0]",0.9366967678070068,0.38274306058883667,0.020338306203484535,0.14261243355151237,0.6346625535746142,0.8092425311053241,0.062438836195469215,0.9375611638045308,0.9793675128906607,0.8881790489071137,0.8881790489071137,0.5,0.0,0.0,0.7855371669241498,0.6755735101436735,0.7015673893927591,0.5425066445892444,0.7990792017563979,0.8914725861634152,0.6343421580944356,0.717758046077168,False,1,0.717758046077168,148
1159_25.png,00921,"photorealistic orange juice still life, single clear glass, pale creamy orange juice, small orange garnish on the rim, minimal citrus pieces on brown studio surface, soft realistic product photo",1,"[0, 0, 0, 0, 4, 3]",0.9357109069824219,0.37743866443634033,0.01950785331428051,0.13967051698293562,0.6448835828951386,0.7923781783492476,0.06541275759057963,0.9345872424094204,0.9837349150124693,0.8804226981029524,0.8804226981029524,0.5,0.0,0.0,0.7767922571066932,0.6899350468586025,0.727507502453449,0.5665949196120706,0.7447542899586019,0.7825304190011505,0.7273657657736554,0.7176958795374376,False,1,0.7176958795374376,149
1159_25.png,00570,"photorealistic orange juice still life, single tall clear glass, pale orange juice, orange slice on the rim, scattered tiny citrus pieces on brown tabletop, soft depth of field",1,"[0, 1, 1, 1, 1, 2]",0.9316948652267456,0.360652893781662,0.01904178038239479,0.13799195767288322,0.7345895197756613,0.7243595829716435,0.06345283358219789,0.9365471664178021,0.9791292181889892,0.8495791642212681,0.8495791642212681,0.5,0.0,0.0,0.7411686456387009,0.7353821542418038,0.7423080643548007,0.7780081942437364,0.525646907188343,0.8543273297391126,0.6292665932112221,0.7174760800473019,False,1,0.7174760800473019,150
1159_25.png,00600,"photorealistic orange juice still life, clear cylindrical glass, pale creamy orange juice, small orange garnish on the rim, scattered tiny citrus pieces on brown tabletop, soft realistic product photo",1,"[0, 2, 0, 0, 1, 3]",0.9447224140167236,0.41815802454948425,0.017704999074339867,0.1330601333019769,0.72460865554272,0.8031141493055555,0.06998163099332579,0.9300183690066742,0.9836415586747704,0.8836361080747901,0.8836361080747901,0.5,0.0,0.0,0.8567272888770457,0.5796882688161822,0.7857940296412556,0.7544859250994927,0.7793379282221562,0.6151611768942278,0.7253773197615268,0.7174120746132707,False,1,0.7174120746132707,151
1159_25.png,00840,"orange juice still life, single tall clear glass, pale orange juice, small orange garnish on the rim, scattered tiny citrus pieces on brown tabletop, realistic food photography",1,"[2, 1, 1, 0, 1, 1]",0.9450902342796326,0.38928350806236267,0.022478433325886726,0.14992809385130837,0.6675303933821878,0.7880169903790509,0.06409951948900411,0.9359004805109958,0.9784363411568793,0.8778600820807972,0.8778600820807972,0.5,0.0,0.0,0.8599899756051911,0.6578653914770647,0.6370621422632952,0.6199674892716087,0.7307056540434657,0.8306376100724789,0.6145086388467527,0.7172193330998827,False,1,0.7172193330998827,152
1159_25.png,00972,"photorealistic orange juice still life, single clear glass, light creamy orange juice, small orange garnish on the rim, scattered tiny citrus pieces on brown tabletop, clean studio product photo",1,"[0, 0, 2, 0, 1, 4]",0.9346200227737427,0.3854849338531494,0.019797559827566147,0.14070380175235545,0.7117579878812167,0.8066202799479166,0.06669712873231062,0.9333028712676894,0.9746948637671331,0.8845741036736804,0.8845741036736804,0.5,0.0,0.0,0.7671157553244023,0.6681499481733674,0.7183965969883064,0.7242002848621011,0.7906321795137862,0.7354806967553318,0.5348169330827123,0.7167961320054266,False,1,0.7167961320054266,153
1159_25.png,00996,"photorealistic orange juice still life, single clear glass, soft pale orange juice, small orange garnish on the rim, minimal citrus pieces on brown studio surface, warm realistic product photo",1,"[0, 0, 3, 0, 4, 0]",0.9334743022918701,0.3793354034423828,0.019767863675951958,0.1405982349674133,0.6460470278493498,0.8100761131004051,0.06278057747371962,0.9372194225262804,0.9762645860311585,0.8878139659856121,0.8878139659856121,0.5,0.0,0.0,0.7569528377602457,0.6847996674316534,0.7193274236358402,0.5693368530467671,0.8017644081805039,0.8789537497467534,0.5682512777987344,0.7160497461009914,False,1,0.7160497461009914,154
1159_25.png,00638,"photorealistic orange juice still life, straight clear glass, pale creamy orange juice, orange slice on the rim, scattered pale citrus cubes on brown tabletop, soft depth of field",1,"[0, 3, 0, 1, 0, 2]",0.9467751979827881,0.3964623510837555,0.022191092371940613,0.14896674921585895,0.7050043713721147,0.7812629982277199,0.0651292736597016,0.9348707263402984,0.974950000903738,0.8737631036023261,0.8737631036023261,0.5,0.0,0.0,0.8749361579286301,0.6384288308095654,0.6455387213750916,0.7082837889037857,0.7089491103319461,0.7929151433036526,0.5402512338954116,0.7156938042397568,False,1,0.7156938042397568,155
1159_25.png,00659,"photorealistic orange juice still life, single minimalist clear glass, pale creamy orange juice, tiny orange garnish on the rim, scattered pale citrus cubes on brown tabletop, warm realistic product photo",1,"[0, 4, 0, 2, 0, 0]",0.9470767974853516,0.4101210832595825,0.01937257871031761,0.13918541126970746,0.6851981862993041,0.7941583704065392,0.0690269199317527,0.9309730800682473,0.9829263767128479,0.8797971200493988,0.8797971200493988,0.5,0.0,0.0,0.877611444728892,0.6014481118015771,0.7317848831181265,0.6616058254398886,0.7504887985931333,0.6501346271786107,0.7101442809000659,0.7140352027854794,False,1,0.7140352027854794,156
1159_25.png,00169,"realistic orange juice still life, single clear glass, pale orange juice, orange slice on the rim, scattered tiny citrus pieces on brown tabletop, warm realistic product photo",1,"[1, 0, 1, 1, 1, 0]",0.9397517442703247,0.4053824543952942,0.018811870366334915,0.1371563719494465,0.6973682510276894,0.8175936098451967,0.06918018604747271,0.9308198139525273,0.9803422467259543,0.889772508658914,0.889772508658914,0.5,0.0,0.0,0.8126358131021378,0.6142778459421675,0.7496757743603679,0.6902874637592573,0.8259804189286113,0.6445201066245271,0.6551035295819,0.7140346282625709,False,1,0.7140346282625709,157
1159_25.png,00835,"orange juice still life, single tall clear glass, pale creamy orange juice, orange slice on the rim, orange halves and tiny cubes on a smooth brown surface, warm realistic product photo",1,"[2, 1, 0, 1, 2, 0]",0.9187981486320496,0.38442111015319824,0.017532195895910263,0.1324091986831363,0.7469018816608484,0.8309766981336805,0.0677499341473928,0.9322500658526072,0.983393690799543,0.8969057753684773,0.8969057753684773,0.5,0.0,0.0,0.6267705270103512,0.671030227603076,0.7915335933624699,0.8070251894963958,0.8690911805077675,0.696913805341254,0.7200978507915634,0.7115799894512324,False,1,0.7115799894512324,158
1159_25.png,00507,"photorealistic orange juice still life, single clear glass, pale orange juice, paired orange slices on the rim, scattered tiny citrus pieces on brown tabletop, warm realistic product photo",1,"[0, 0, 1, 4, 1, 0]",0.94696444272995,0.39722689986228943,0.021479859948158264,0.1465600898886128,0.7108689261698445,0.7796659116391783,0.07401212993404321,0.9259878700659567,0.9842819877916761,0.8718018123190503,0.8718018123190503,0.5,0.0,0.0,0.8766148210888735,0.6363588316923046,0.6667592467000265,0.7221050004886581,0.7038044368712522,0.46751393575701844,0.7390181582407436,0.7113500289265972,False,1,0.7113500289265972,159
1159_25.png,00525,"photorealistic orange juice still life, single clear glass, soft pale orange juice, small orange garnish on the rim, scattered tiny citrus pieces on brown tabletop, soft depth of field",1,"[0, 0, 3, 0, 1, 2]",0.9447119235992432,0.38662153482437134,0.021857643499970436,0.1478433072545742,0.6751358075008168,0.7761795609085649,0.06956784659507576,0.9304321534049242,0.9779800654372779,0.8705280691880333,0.8705280691880333,0.5,0.0,0.0,0.8566342354231236,0.6650726258714226,0.6554445806384452,0.63789144792655,0.6925739023422283,0.6303191327021407,0.604790180974095,0.7097347086986063,False,1,0.7097347086986063,160
1159_25.png,00675,"realistic orange juice still life, single clear glass, pale creamy orange juice, orange slice on the rim, scattered tiny citrus pieces on brown tabletop, soft realistic product photo",1,"[1, 0, 0, 1, 1, 3]",0.9448812007904053,0.4124588668346405,0.019781991839408875,0.140648469026182,0.6981807883337222,0.8097472014250578,0.07216764264168572,0.9278323573583143,0.9788873672917116,0.8849050391750283,0.8849050391750283,0.5,0.0,0.0,0.858135779793231,0.5951186138380902,0.718884488857242,0.6922024002573576,0.8007048894423142,0.5350821113191118,0.6241152830369463,0.7066303062904284,False,1,0.7066303062904284,161
1159_25.png,00966,"photorealistic orange juice still life, single clear glass, pale orange juice, paired orange slices on the rim, scattered pale citrus cubes on brown tabletop, soft depth of field",1,"[0, 0, 1, 4, 0, 2]",0.9443532824516296,0.4147339463233948,0.019571542739868164,0.13989833001100535,0.7077290458229458,0.796468664098669,0.06720982682395527,0.9327901731760447,0.9766980061909682,0.8802270606942104,0.8802270606942104,0.5,0.0,0.0,0.8534529704671601,0.5889588858185776,0.725498779375457,0.7147051292073004,0.7579309164655037,0.7166992853516676,0.5774829230152525,0.7065688744535016,False,1,0.7065688744535016,162
1159_25.png,00277,"photorealistic orange juice still life, single tall clear glass, pale creamy orange juice, tiny orange garnish on the rim, scattered tiny citrus pieces on brown tabletop, realistic food photography",1,"[0, 1, 0, 2, 1, 1]",0.9304059743881226,0.3937731683254242,0.0187611673027277,0.1369714105305472,0.7216947193584665,0.8003862169053818,0.06440879279720226,0.9355912072027978,0.9753074514020429,0.8826922104088095,0.8826922104088095,0.5,0.0,0.0,0.7297357599136295,0.6457097343858855,0.7513066568161659,0.7476185447208537,0.7705504764193358,0.8193081564776605,0.5478647611117444,0.7065300530157134,False,1,0.7065300530157134,163
1159_25.png,00154,"photorealistic orange juice still life, single minimalist clear glass, pale creamy orange juice, small orange garnish on the rim, scattered pale citrus cubes on brown tabletop, warm realistic product photo",1,"[0, 4, 0, 0, 0, 0]",0.9484436511993408,0.40569475293159485,0.02019389718770981,0.14210523279496012,0.6828066388181018,0.7825385199652777,0.07326317486476579,0.9267368251352343,0.9815163247356548,0.872803487728838,0.872803487728838,0.5,0.0,0.0,0.8897358868047031,0.6134323044769077,0.7060395913273632,0.6559695776950878,0.7130579312805608,0.494950030230937,0.6801108380717232,0.7062401965928096,False,1,0.7062401965928096,164
1159_25.png,00708,"realistic orange juice still life, single clear glass, light creamy orange juice, orange slice on the rim, scattered pale citrus cubes on brown tabletop, soft depth of field",1,"[1, 0, 2, 1, 0, 2]",0.9415416121482849,0.40928274393081665,0.021187113597989082,0.1455579389727303,0.7176484705098933,0.8192212140118634,0.07068058531916073,0.9293194146808392,0.9771443113438991,0.8893402037124121,0.8893402037124121,0.5,0.0,0.0,0.8285125299647983,0.6037178972217278,0.6755956319121477,0.7380826015179998,0.8312233982516118,0.5895567345141773,0.5869890125150355,0.7055234069881308,False,1,0.7055234069881308,165
1159_25.png,00319,"photorealistic orange juice still life, clear cylindrical glass, light creamy orange juice, small orange garnish on the rim, scattered tiny citrus pieces on brown tabletop, warm realistic product photo",1,"[0, 2, 2, 0, 1, 0]",0.9410238862037659,0.42720696330070496,0.017664704471826553,0.1329086320440721,0.7324731496081285,0.8091554994936342,0.06931872557185724,0.9306812744281427,0.9816038910029458,0.8861791990225745,0.8861791990225745,0.5,0.0,0.0,0.8239201305286177,0.5551884648100958,0.7871298798148683,0.7730204669760662,0.7987988480009317,0.6394450578862179,0.6819759583119083,0.7040380457245763,False,1,0.7040380457245763,166
1159_25.png,00057,"photorealistic orange juice still life, single tall clear glass, pale orange juice, orange slice on the rim, scattered pale citrus cubes on brown tabletop, warm realistic product photo",1,"[0, 1, 1, 1, 0, 0]",0.9466084241867065,0.42465537786483765,0.020814863964915276,0.14427357334215882,0.6927688022617481,0.8222797535083911,0.06798341088739067,0.9320165891126093,0.9764857487349028,0.8915288450151698,0.8915288450151698,0.5,0.0,0.0,0.8734568194963904,0.5620968266414874,0.6869204227047045,0.6794477740026772,0.8410758302294162,0.6883609693183632,0.572961939197109,0.7031577316859896,False,1,0.7031577316859896,167
1159_25.png,00192,"orange juice still life, single clear glass, pale creamy orange juice, small orange garnish on the rim, orange halves and tiny cubes on a smooth brown surface, warm realistic product photo",1,"[2, 0, 0, 0, 2, 0]",0.9409494400024414,0.4395425617694855,0.020080627873539925,0.14170613209575628,0.7045372369375462,0.8716153745298033,0.07148165358902837,0.9285183464109716,0.9874143497094447,0.9146912097241404,0.9146912097241404,0.5,0.0,0.0,0.8232597682334541,0.521790101411721,0.7095586296884533,0.7071828760329145,1.0,0.5602116033658605,0.8057359914104478,0.7019615880887784,False,1,0.7019615880887784,168
1159_25.png,00655,"photorealistic orange juice still life, single minimalist clear glass, pale creamy orange juice, small orange garnish on the rim, scattered tiny citrus pieces on brown tabletop, realistic food photography",1,"[0, 4, 0, 0, 1, 1]",0.9421525001525879,0.39200443029403687,0.021785803139209747,0.14760014613546202,0.6688105557014637,0.786111902307581,0.07028956171562109,0.9297104382843789,0.9793747950581801,0.87502396844958,0.87502396844958,0.5,0.0,0.0,0.8339313075173445,0.6504985539699781,0.6575886342765078,0.6229844948053523,0.7245688195650509,0.6038809055737262,0.6344972648319169,0.7015501145218499,False,1,0.7015501145218499,169
1159_25.png,00906,"warm orange juice still life, single clear glass, pale orange juice, small orange garnish on the rim, scattered tiny citrus pieces on brown tabletop, warm realistic product photo",1,"[4, 0, 1, 0, 1, 0]",0.9347985982894897,0.4020950198173523,0.01935799978673458,0.13913302910069406,0.7086865530054685,0.8120863172743055,0.07318885769020449,0.9268111423097956,0.9839228606420614,0.8866073147102782,0.8866073147102782,0.5,0.0,0.0,0.7686997788923043,0.6231785032520143,0.7322467586862802,0.7169617215352984,0.8082398517401953,0.49767245391953746,0.731368919141395,0.7005825025988255,False,1,0.7005825025988255,170
1159_25.png,00096,"photorealistic orange juice still life, single clear glass, pale creamy orange juice, tiny orange garnish on the rim, orange halves and tiny cubes on a smooth brown surface, warm realistic product photo",1,"[0, 0, 0, 2, 2, 0]",0.9449095129966736,0.4343206286430359,0.019233278930187225,0.1386840976110355,0.7155443953584024,0.8269342493127892,0.0720956775823456,0.9279043224176544,0.9834892426044329,0.8935847735578207,0.8935847735578207,0.5,0.0,0.0,0.8583869183762596,0.535928371284931,0.7362051760399988,0.7331238503659966,0.8560692947100518,0.537718371153473,0.7221330592205606,0.7004265143986816,False,1,0.7004265143986816,171
1159_25.png,00990,"photorealistic orange juice still life, single clear glass, light creamy orange juice, paired orange slices on the rim, scattered tiny citrus pieces on brown tabletop, warm realistic product photo",1,"[0, 0, 2, 4, 1, 0]",0.9512600898742676,0.41880002617836,0.02155747264623642,0.14682463228708056,0.7024384234582864,0.7890653257016783,0.0758083699307057,0.9241916300692943,0.9853324946351528,0.8756129660170389,0.8756129660170389,0.5,0.0,0.0,0.9147186243315748,0.5779500634297305,0.6644266653485031,0.7022365252570192,0.7340826424615788,0.4017131791191047,0.7613934591052876,0.6996520488132908,False,1,0.6996520488132908,172
1159_25.png,00583,"photorealistic orange juice still life, single tall clear glass, light creamy orange juice, orange slice on the rim, scattered pale citrus cubes on brown tabletop, soft depth of field",1,"[0, 1, 2, 1, 0, 2]",0.9370131492614746,0.3983882665634155,0.02076624147593975,0.14410496686769597,0.6913518205292201,0.7944245515046297,0.06380139645706284,0.9361986035429372,0.9715867092036913,0.8794779012578495,0.8794779012578495,0.5,0.0,0.0,0.7883435745003928,0.6332144567176208,0.6884070967514966,0.6761083211349591,0.7513462441699161,0.8415586012036069,0.46861470515590686,0.6996229498476294,False,1,0.6996229498476294,173
1159_25.png,00833,"orange juice still life, single tall clear glass, pale creamy orange juice, orange slice on the rim, scattered pale citrus cubes on brown tabletop, soft depth of field",1,"[2, 1, 0, 1, 0, 2]",0.9387737512588501,0.3975231349468231,0.02269872836768627,0.15066097161403902,0.6795598522709654,0.804860998083044,0.068586140261571,0.9314138597384289,0.9829763582628781,0.8847775716983955,0.8847775716983955,0.5,0.0,0.0,0.8039606933751228,0.6355567816718176,0.6306000514521695,0.6483177566470075,0.784965028599724,0.6662814872098162,0.7112088643690332,0.6995113703030864,False,1,0.6995113703030864,174
1159_25.png,00248,"photorealistic orange juice still life, single clear glass, light creamy orange juice, small orange garnish on the rim, scattered tiny citrus pieces on brown tabletop, soft depth of field",1,"[0, 0, 2, 0, 1, 2]",0.938893735408783,0.39291903376579285,0.020006926730275154,0.14144584380700323,0.7066499183784974,0.7768667715567129,0.0692811937878234,0.9307188062121766,0.9706011071057437,0.8694618507959314,0.8694618507959314,0.5,0.0,0.0,0.8050249922543574,0.6480222850485773,0.7118537007692398,0.7121619099432334,0.6947876047230502,0.6408199408595334,0.44762184479402944,0.6993756331138128,False,1,0.6993756331138128,175
1159_25.png,00514,"photorealistic orange juice still life, single clear glass, light creamy orange juice, orange slice on the rim, scattered pale citrus cubes on brown tabletop, soft realistic product photo",1,"[0, 0, 2, 1, 0, 3]",0.9545563459396362,0.43130823969841003,0.020448269322514534,0.14299744516079485,0.6678547682731644,0.795654296875,0.06961441531273556,0.9303855846872644,0.9778200537867726,0.879243398991647,0.879243398991647,0.5,0.0,0.0,0.9439574999497723,0.5440843485506053,0.6981725804504724,0.6207319554852662,0.7553076063250719,0.6286132042831272,0.6013820082009995,0.6991219077349027,False,1,0.6991219077349027,176
1159_25.png,00194,"orange juice still life, single clear glass, pale creamy orange juice, orange slice on the rim, scattered tiny citrus pieces on brown tabletop, warm realistic product photo",1,"[2, 0, 0, 1, 1, 0]",0.9465957880020142,0.4069575071334839,0.022358616814017296,0.14952798003724016,0.6820193789256173,0.8068988941333912,0.07516479801947726,0.9248352019805227,0.9802744669523514,0.8828517164436793,0.8828517164436793,0.5,0.0,0.0,0.8733447323814388,0.6100134250585925,0.6405901136833325,0.6541142134054533,0.7915296756270639,0.42528882535147017,0.6536598523357101,0.6987458764902668,False,1,0.6987458764902668,177
1159_25.png,00853,"orange juice still life, clear cylindrical glass, pale creamy orange juice, orange slice on the rim, scattered tiny citrus pieces on brown tabletop, warm realistic product photo",1,"[2, 2, 0, 1, 1, 0]",0.9408024549484253,0.39687854051589966,0.02033688686788082,0.14260745726602386,0.6887084430448275,0.8064869068287037,0.07506580781179506,0.9249341921882049,0.9710958155334619,0.8808652384454808,0.8808652384454808,0.5,0.0,0.0,0.8219559624529313,0.637302007013177,0.7016112673903792,0.6698785763767346,0.7902025464859294,0.42891508385664623,0.4581589012436447,0.6984270273048475,False,1,0.6984270273048475,178
1159_25.png,00519,"photorealistic orange juice still life, single clear glass, light creamy orange juice, tiny orange garnish on the rim, scattered tiny citrus pieces on brown tabletop, realistic food photography",1,"[0, 0, 2, 2, 1, 1]",0.9495734572410583,0.4245617389678955,0.021441685035824776,0.14642979558759472,0.6597561283272253,0.814010054976852,0.07094678294469856,0.9290532170553014,0.9833874394502391,0.8881506385989867,0.8881506385989867,0.5,0.0,0.0,0.8997576380495573,0.5623503519095326,0.6679081062345468,0.601645593416341,0.8144367620233534,0.5798052507435508,0.7199646999964475,0.6981897188937118,False,1,0.6981897188937118,179
1159_25.png,00606,"photorealistic orange juice still life, clear cylindrical glass, pale creamy orange juice, orange slice on the rim, orange halves and tiny cubes on a smooth brown surface, realistic food photography",1,"[0, 2, 0, 1, 2, 1]",0.949623703956604,0.4485052227973938,0.018672499805688858,0.1366473556483581,0.7417699752491134,0.7857213903356483,0.06811079742309772,0.9318892025769023,0.9893426495971512,0.8776043764723878,0.8776043764723878,0.5,0.0,0.0,0.9002033429453321,0.4975238924568729,0.7541639847131024,0.7949306372589764,0.7233108686233176,0.6836944824064934,0.8468078705823175,0.6978028858156251,False,1,0.6978028858156251,180
1159_25.png,00461,"warm orange juice still life, single tall clear glass, pale creamy orange juice, small orange garnish on the rim, scattered pale citrus cubes on brown tabletop, warm realistic product photo",1,"[4, 1, 0, 0, 0, 0]",0.9390297532081604,0.39079979062080383,0.022846046835184097,0.15114908810569813,0.6987309195658166,0.7956769024884259,0.07309827334995053,0.9269017266500494,0.9802114550423057,0.8785125014557701,0.8785125014557701,0.5,0.0,0.0,0.8062315148785071,0.6537600895713971,0.6262961234904902,0.6934989147278449,0.7553804254823357,0.5009907845097298,0.6523177283371102,0.6978017732507988,False,1,0.6978017732507988,181
1159_25.png,00483,"photorealistic orange juice still life, single clear glass, pale creamy orange juice, paired orange slices on the rim, scattered pale citrus cubes on brown tabletop, soft depth of field",1,"[0, 0, 0, 4, 0, 2]",0.9337784647941589,0.41540229320526123,0.019222339615225792,0.13864465231384077,0.7271336639216102,0.8195184778284142,0.06746248013754272,0.9325375198624573,0.978946830015504,0.8909608129777472,0.8909608129777472,0.5,0.0,0.0,0.7596508592111817,0.5871493512351329,0.7365529817799281,0.7604367050413436,0.8321809701696317,0.7074439635505595,0.6253818110403979,0.6974287047579323,False,1,0.6974287047579323,182
1159_25.png,00705,"realistic orange juice still life, single clear glass, light creamy orange juice, small orange garnish on the rim, scattered tiny citrus pieces on brown tabletop, soft depth of field",1,"[1, 0, 2, 0, 1, 2]",0.938065767288208,0.40528595447540283,0.01909991353750229,0.13820243680016026,0.7205108404619049,0.7851438169126158,0.06933087008051579,0.9306691299194843,0.9744964708180264,0.8739482072461019,0.8739482072461019,0.5,0.0,0.0,0.7976806426609904,0.6145391173673522,0.7404521815548601,0.7448284538640717,0.721450339155225,0.6390001742068602,0.5305912567311184,0.6971465663820382,False,1,0.6971465663820382,183
1159_25.png,00930,"photorealistic orange juice still life, single clear glass, pale creamy orange juice, tiny orange garnish on the rim, orange halves and tiny cubes on a smooth brown surface, soft realistic product photo",1,"[0, 0, 0, 2, 2, 3]",0.9471158385276794,0.44227975606918335,0.0191871989518404,0.13851786509992275,0.7134326465676355,0.8231331154152199,0.07289783590839372,0.9271021640916063,0.9862976209108152,0.8921551835510743,0.8921551835510743,0.5,0.0,0.0,0.8779577516170681,0.5143792076359035,0.7376709178556184,0.7281470144666056,0.8438247534161286,0.5083333085251809,0.7819501940987996,0.6964890325271016,False,1,0.6964890325271016,184
1159_25.png,00251,"photorealistic orange juice still life, single clear glass, light creamy orange juice, orange slice on the rim, scattered pale citrus cubes on brown tabletop, soft depth of field",1,"[0, 0, 2, 1, 0, 2]",0.9125809669494629,0.36593732237815857,0.019808456301689148,0.1407425177467319,0.7243307105958663,0.8217683015046297,0.06832722861702785,0.9316727713829721,0.9798012186742814,0.8918414493959799,0.8918414493959799,0.5,0.0,0.0,0.5716220803157049,0.7210746792485776,0.7180552218174027,0.7538308820396344,0.839428296796321,0.6757660673020992,0.6435798869635672,0.6960349367062229,False,1,0.6960349367062229,185
1159_25.png,00810,"orange juice still life, single clear glass, pale orange juice, small orange garnish on the rim, scattered tiny citrus pieces on brown tabletop, soft depth of field",1,"[2, 0, 1, 0, 1, 2]",0.9357779026031494,0.3945334255695343,0.020425165072083473,0.14291663679251437,0.6894986130537714,0.7916644061053241,0.06924624081205068,0.9307537591879493,0.9770446526995669,0.8774217290030915,0.8774217290030915,0.5,0.0,0.0,0.7773865303010596,0.6436513545043339,0.6988851017475871,0.6717407990446619,0.7424550250679947,0.6421003556464577,0.5848663303406798,0.6959912034743465,False,1,0.6959912034743465,186
1159_25.png,00111,"photorealistic orange juice still life, single clear glass, light creamy orange juice, small orange garnish on the rim, scattered tiny citrus pieces on brown tabletop, realistic food photography",1,"[0, 0, 2, 0, 1, 1]",0.9515453577041626,0.42902350425720215,0.02154649794101715,0.1467872540141587,0.6583982125624818,0.8160558629918983,0.07201204076373717,0.9279879592362629,0.9820450598261047,0.8884299360442672,0.8884299360442672,0.5,0.0,0.0,0.9172490438228896,0.5502702198504636,0.6647562452679212,0.5984453434832653,0.8210268957557356,0.5407821966764822,0.6913726464073117,0.695951611762668,False,1,0.695951611762668,187
1159_25.png,00767,"realistic orange juice still life, clear cylindrical glass, pale creamy orange juice, tiny orange garnish on the rim, scattered tiny citrus pieces on brown tabletop, warm realistic product photo",1,"[1, 2, 0, 2, 1, 0]",0.942696213722229,0.42634502053260803,0.018715230748057365,0.1368036211072549,0.6977378559452834,0.8059415464048033,0.0706519898286426,0.9293480101713574,0.9822459979181303,0.8843946990257626,0.8843946990257626,0.5,0.0,0.0,0.838754225737105,0.5575221560266475,0.7527861265798838,0.6911585252370788,0.7884457843169381,0.5906042587403512,0.6956525331040417,0.6951307902731895,False,1,0.6951307902731895,188
1159_25.png,00662,"photorealistic orange juice still life, single minimalist clear glass, pale orange juice, orange slice on the rim, scattered pale citrus cubes on brown tabletop, warm realistic product photo",1,"[0, 4, 1, 1, 0, 0]",0.9342210292816162,0.39522668719291687,0.020265765488147736,0.14235787820892715,0.6715037274054397,0.8139071994357638,0.0735998828827079,0.9264001171172921,0.981282632100873,0.8867548071573206,0.8867548071573206,0.5,0.0,0.0,0.7635765517985224,0.6417743638024659,0.7038119106811578,0.6293315914288594,0.8141054348578021,0.48261557470839345,0.6751332950451925,0.6939881395371937,False,1,0.6939881395371937,189
1159_25.png,00303,"photorealistic orange juice still life, clear cylindrical glass, pale creamy orange juice, small orange garnish on the rim, scattered tiny citrus pieces on brown tabletop, soft depth of field",1,"[0, 2, 0, 0, 1, 2]",0.9385743141174316,0.4085952937602997,0.01973227970302105,0.14047163309017607,0.6962030181284259,0.7951157181351273,0.066617125988817,0.933382874011183,0.9709359911892286,0.8786732773025671,0.8786732773025671,0.5,0.0,0.0,0.8021916203249891,0.6055791535419062,0.7204437255202334,0.687541316608819,0.7535726899032594,0.7384113970318932,0.4547547180059002,0.6936207729573108,False,1,0.6936207729573108,190
1159_25.png,00597,"photorealistic orange juice still life, single tall clear glass, muted orange juice, orange slice on the rim, scattered pale citrus cubes on brown tabletop, warm realistic product photo",1,"[0, 1, 4, 1, 0, 0]",0.9500296711921692,0.44276392459869385,0.02000124566257,0.14142576025098821,0.6727492079872054,0.8448701081452547,0.07078965856067308,0.9292103414393269,0.9708796649279425,0.8995911011547175,0.8995911011547175,0.5,0.0,0.0,0.9038044058695581,0.5130683319183149,0.712030785911373,0.632266861238615,0.9138458345621565,0.5855611093005108,0.45355499517622405,0.6933713385412028,False,1,0.6933713385412028,191
1159_25.png,00334,"photorealistic orange juice still life, single minimalist clear glass, pale creamy orange juice, orange slice on the rim, scattered pale citrus cubes on brown tabletop, warm realistic product photo",1,"[0, 4, 0, 1, 0, 0]",0.9504363536834717,0.416544646024704,0.022142263129353523,0.1488027658659392,0.6553769478906906,0.7738771791811342,0.06835670465975796,0.931643295340242,0.9822683759589452,0.8707735591923841,0.8707735591923841,0.5,0.0,0.0,0.9074118133474606,0.5840564559297721,0.6469846313925353,0.5913250181179213,0.6851572711749003,0.6746862862494927,0.6961291748309404,0.692147633924017,False,1,0.692147633924017,192
1159_25.png,00596,"photorealistic orange juice still life, single tall clear glass, muted orange juice, small orange garnish on the rim, scattered tiny citrus pieces on brown tabletop, warm realistic product photo",1,"[0, 1, 4, 0, 1, 0]",0.9307295680046082,0.40079185366630554,0.018916619941592216,0.13753770370917284,0.7018741157271129,0.789327550817419,0.061961666317531215,0.9380383336824688,0.9698108095124776,0.8774729765591981,0.8774729765591981,0.5,0.0,0.0,0.7326061417394439,0.6267067971399252,0.746313412195992,0.70090660051072,0.7349273446858399,0.9089525103781535,0.43078887837247803,0.691869168038212,False,1,0.691869168038212,193
1159_25.png,00047,"photorealistic orange juice still life, single clear glass, light creamy orange juice, orange slice on the rim, scattered pale citrus cubes on brown tabletop, warm realistic product photo",1,"[0, 0, 2, 1, 0, 0]",0.9544525146484375,0.4306378960609436,0.021365471184253693,0.14616932367721241,0.6476286902492256,0.7954988832826967,0.07034657235586515,0.9296534276441348,0.9782418287764307,0.8790015629079468,0.8790015629079468,0.5,0.0,0.0,0.9430364822410655,0.5458992893062202,0.6702047963843016,0.5730644148887988,0.7548069746188824,0.6017924634549424,0.6103656167794136,0.6915120974635718,False,1,0.6915120974635718,194
1159_25.png,00841,"orange juice still life, single tall clear glass, pale orange juice, small orange garnish on the rim, orange halves and tiny cubes on a smooth brown surface, warm realistic product photo",1,"[2, 1, 1, 0, 2, 0]",0.9300090074539185,0.4042701721191406,0.01909606158733368,0.1381885001993063,0.7370662455687309,0.7704710783781828,0.0645338044803991,0.9354661955196009,0.9848300958734777,0.8710911728767381,0.8710911728767381,0.5,0.0,0.0,0.7262145326231663,0.6172893259084266,0.7405750664135589,0.783845184843087,0.6741852446541634,0.8147286663437033,0.7506926021653639,0.6913665673171077,False,1,0.6913665673171077,195
1159_25.png,00939,"photorealistic orange juice still life, single clear glass, pale creamy orange juice, paired orange slices on the rim, scattered pale citrus cubes on brown tabletop, soft realistic product photo",1,"[0, 0, 0, 4, 0, 3]",0.9469947218894958,0.4294816255569458,0.019790494814515114,0.14067869353429152,0.7176832720149322,0.7796715630425348,0.0712193121722615,0.9287806878277385,0.9824585492456023,0.8724171539579696,0.8724171539579696,0.5,0.0,0.0,0.8768834071945124,0.5490298664384994,0.7186179866844955,0.7381646195025193,0.7038226416605682,0.569821824579504,0.7001797762446996,0.6904159149486182,False,1,0.6904159149486182,196
1159_25.png,00919,"photorealistic orange juice still life, single clear glass, pale creamy orange juice, small orange garnish on the rim, orange halves and tiny cubes on a smooth brown surface, natural product photo",1,"[0, 0, 0, 0, 2, 5]",0.9432200789451599,0.43908312916755676,0.019854148849844933,0.1409047509839357,0.7159124967358772,0.812160915798611,0.06595169899814818,0.9340483010018519,0.9792954657992776,0.8882484106198786,0.8882484106198786,0.5,0.0,0.0,0.8434010825923424,0.5230340051457076,0.7166247432782699,0.7339913683956228,0.8084801549591663,0.7627876494005394,0.6328075889898912,0.6903701434064008,False,1,0.6903701434064008,197
1159_25.png,00428,"orange juice still life, single tall clear glass, pale creamy orange juice, small orange garnish on the rim, scattered tiny citrus pieces on brown tabletop, realistic food photography",1,"[2, 1, 0, 0, 1, 1]",0.9468773603439331,0.405151903629303,0.024494262412190437,0.15650642929985475,0.6554611761249775,0.8020918104383682,0.07017709024802622,0.9298229097519738,0.9737508567446798,0.8811295044593925,0.8811295044593925,0.5,0.0,0.0,0.8758423716787583,0.6149020571049932,0.5790581977908009,0.5915235218897591,0.7760446818348974,0.6080010162948264,0.5147100282331167,0.6900209022825382,False,1,0.6900209022825382,198
1159_25.png,00470,"photorealistic orange juice still life, single clear glass, pale creamy orange juice, orange slice on the rim, orange halves and tiny cubes on a smooth brown surface, soft realistic product photo",1,"[0, 0, 0, 1, 2, 3]",0.9399998784065247,0.4231143593788147,0.020793583244085312,0.14419980320404502,0.6937595326752906,0.8318696198640047,0.07372732976837791,0.9262726702316221,0.9807725028075739,0.8946912640813847,0.8946912640813847,0.5,0.0,0.0,0.8148368445150804,0.566269100530757,0.6875708849726065,0.6817826647388741,0.8719675372196917,0.47794687702667243,0.6642677814235891,0.6882992196858029,False,1,0.6882992196858029,199
1159_25.png,00124,"photorealistic orange juice still life, single tall clear glass, pale creamy orange juice, orange slice on the rim, scattered pale citrus cubes on brown tabletop, soft depth of field",1,"[0, 1, 0, 1, 0, 2]",0.9457002878189087,0.4150264859199524,0.023820294067263603,0.1543382456400992,0.6346929043261191,0.8270749692563656,0.07035407188426275,0.9296459281157372,0.977691211107409,0.8930980532273542,0.8930980532273542,0.5,0.0,0.0,0.865401351178448,0.5881668412510626,0.59817598307103,0.5425781733195193,0.8565225939640194,0.6015177370019583,0.5986377198292891,0.6880803248297189,False,1,0.6880803248297189,200
1159_25.png,00300,"photorealistic orange juice still life, single tall clear glass, soft pale orange juice, orange slice on the rim, scattered pale citrus cubes on brown tabletop, warm realistic product photo",1,"[0, 1, 3, 1, 0, 0]",0.9512876272201538,0.4373297095298767,0.022107478231191635,0.14868583735915009,0.6854680657756383,0.8079704002097801,0.06890901915182555,0.9310909808481744,0.975644947623419,0.8845975129159459,0.8845975129159459,0.5,0.0,0.0,0.9149628896481204,0.5277813505134492,0.6480156391099279,0.662241860309283,0.7949813036813722,0.6544536271684895,0.5550532716301007,0.687710733792213,False,1,0.687710733792213,201
1159_25.png,00559,"photorealistic orange juice still life, single tall clear glass, pale creamy orange juice, small orange wedge on the rim, scattered tiny citrus pieces on brown tabletop, realistic food photography",1,"[0, 1, 0, 3, 1, 1]",0.9442691802978516,0.4156339466571808,0.022556480020284653,0.15018814873446124,0.6714890257318781,0.7938594111689815,0.06508096957200803,0.934919030427992,0.9731993069212379,0.8790982570600865,0.8790982570600865,0.5,0.0,0.0,0.8527069566973637,0.586522154574243,0.634769129217642,0.629296943455065,0.7495257652383188,0.7946846426605557,0.502962276832989,0.6876601116436009,False,1,0.6876601116436009,202
1159_25.png,00458,"warm orange juice still life, single clear glass, pale creamy orange juice, small orange garnish on the rim, scattered tiny citrus pieces on brown tabletop, warm realistic product photo",1,"[4, 0, 0, 0, 1, 0]",0.9301290512084961,0.4271712899208069,0.01892159879207611,0.13755580246603963,0.7180808951525366,0.8365642406322338,0.06951958218198787,0.9304804178180122,0.9893299773986893,0.8999880500005473,0.8999880500005473,0.5,0.0,0.0,0.7272793602152072,0.555285049706929,0.7461538278609374,0.7391017125480133,0.8870902557044705,0.6320871786791653,0.846537958725045,0.6875195108889044,False,1,0.6875195108889044,203
1159_25.png,00293,"photorealistic orange juice still life, single tall clear glass, light creamy orange juice, small orange garnish on the rim, scattered tiny citrus pieces on brown tabletop, realistic food photography",1,"[0, 1, 2, 0, 1, 1]",0.9340788722038269,0.40764644742012024,0.019769228994846344,0.14060309027488102,0.7090557571794311,0.7930009629991318,0.06661416560987286,0.9333858343901271,0.9718868545387135,0.8779128462938965,0.8779128462938965,0.5,0.0,0.0,0.762315571755316,0.6081481342815706,0.7192846123522022,0.7178318385658923,0.7467604577412219,0.7385198431052566,0.47500765939120204,0.686655200282623,False,1,0.686655200282623,204
1159_25.png,00991,"photorealistic orange juice still life, single clear glass, light creamy orange juice, thin orange slice on the rim, scattered pale citrus cubes on brown tabletop, warm realistic product photo",1,"[0, 0, 2, 5, 0, 0]",0.9506353735923767,0.4259297549724579,0.02132277935743332,0.1460232151318184,0.655787032163348,0.7848680284288193,0.0704591202552844,0.9295408797447156,0.9803701841920931,0.8746039575420377,0.8746039575420377,0.5,0.0,0.0,0.9091771854079496,0.5586464784597929,0.6714930967484711,0.5922914787778542,0.7205619454366049,0.5976695528452484,0.655698584449111,0.6864146916092335,False,1,0.6864146916092335,205
1159_25.png,00159,"realistic orange juice still life, single clear glass, pale creamy orange juice, orange slice on the rim, scattered pale citrus cubes on brown tabletop, soft depth of field",1,"[1, 0, 0, 1, 0, 2]",0.9454623460769653,0.4153682589530945,0.022810110822319984,0.15103016527276922,0.6578115060310737,0.8130058006004051,0.07452156069390098,0.9254784393060991,0.9810894513584388,0.8859879542990048,0.8859879542990048,0.5,0.0,0.0,0.8632907296553956,0.5872414982294383,0.6273447160184442,0.5970626306621735,0.8112017709619044,0.44885221487587484,0.671018636240216,0.6857048583493038,False,1,0.6857048583493038,206
1159_25.png,00578,"photorealistic orange juice still life, single tall clear glass, pale orange juice, paired orange slices on the rim, scattered pale citrus cubes on brown tabletop, warm realistic product photo",1,"[0, 1, 1, 4, 0, 0]",0.9407404661178589,0.43682360649108887,0.01890202797949314,0.13748464634093926,0.7101171658568565,0.8138789424189814,0.06886379580332821,0.9311362041966718,0.9783572607729835,0.8878146477119734,0.8878146477119734,0.5,0.0,0.0,0.8214061011343005,0.5291516134357741,0.7467812412790402,0.7203332993612444,0.8140144109112221,0.6561102713554319,0.612824263925123,0.6853973871041558,False,1,0.6853973871041558,207
1159_25.png,00929,"photorealistic orange juice still life, single clear glass, pale creamy orange juice, tiny orange garnish on the rim, scattered tiny citrus pieces on brown tabletop, clean studio product photo",1,"[0, 0, 0, 2, 1, 4]",0.9378535747528076,0.4161602854728699,0.019969608634710312,0.14131386568454743,0.6733052128318424,0.8219559280960649,0.07278094973160294,0.927219050268397,0.9779215190142604,0.8899911390400203,0.8899911390400203,0.5,0.0,0.0,0.7957984250702924,0.5850971037279833,0.7130174072640496,0.6335772182674072,0.8400326958016116,0.5126151410685125,0.6035431697454732,0.6852476541740237,False,1,0.6852476541740237,208
1159_25.png,00805,"orange juice still life, single clear glass, pale creamy orange juice, tiny orange garnish on the rim, orange halves and tiny cubes on a smooth brown surface, warm realistic product photo",1,"[2, 0, 0, 2, 2, 0]",0.9220247268676758,0.4242745041847229,0.01843491941690445,0.13577525333029009,0.7313495118952534,0.8620673285590278,0.06969548408996888,0.9303045159100312,0.9870541987790635,0.9109477181758862,0.9109477181758862,0.5,0.0,0.0,0.6553913373578952,0.5631280338106849,0.761853676858967,0.7703723487283861,0.969243008450663,0.6256434525285903,0.7980649462630836,0.6849030031357831,False,1,0.6849030031357831,209
1159_25.png,00138,"photorealistic orange juice still life, single tall clear glass, light creamy orange juice, orange slice on the rim, scattered pale citrus cubes on brown tabletop, warm realistic product photo",1,"[0, 1, 2, 1, 0, 0]",0.9233075976371765,0.3919232487678528,0.020503299310803413,0.1431897318623211,0.7227577360926863,0.8093928584346065,0.0681967674593551,0.9318032325406449,0.9760000655821791,0.8855579308012345,0.8855579308012345,0.5,0.0,0.0,0.6667708230895227,0.6507183511788118,0.6964771079034482,0.7501237952826865,0.7995634491522029,0.6805451852945046,0.5626171168530048,0.6845864035834163,False,1,0.6845864035834163,210
1159_25.png,00603,"photorealistic orange juice still life, clear cylindrical glass, pale creamy orange juice, small orange garnish on the rim, minimal citrus pieces on brown studio surface, warm realistic product photo",1,"[0, 2, 0, 0, 4, 0]",0.9373925924301147,0.39379802346229553,0.02306363731622696,0.1518671699750376,0.6084082422581746,0.8175636574074074,0.06498259836989105,0.9350174016301089,0.964737031981651,0.8881071428002018,0.8881071428002018,0.5,0.0,0.0,0.7917093602257815,0.645642439645736,0.6199644942809954,0.4806321452904935,0.825883933545237,0.7982882254460996,0.3227198072598329,0.6839241245269367,False,1,0.6839241245269367,211
1159_25.png,00438,"orange juice still life, clear cylindrical glass, pale creamy orange juice, small orange garnish on the rim, scattered tiny citrus pieces on brown tabletop, warm realistic product photo",1,"[2, 2, 0, 0, 1, 0]",0.9323408603668213,0.3998413681983948,0.019320042803883553,0.138996556805856,0.7018933754635026,0.7909500687210649,0.07347368213923623,0.9265263178607638,0.9775665843144731,0.8757250590386412,0.8757250590386412,0.5,0.0,0.0,0.7468988350342024,0.6292802157821173,0.7334500921851168,0.7009519906385118,0.7401539396984559,0.4872386230895309,0.5959832278523545,0.6835432712763743,False,1,0.6835432712763743,212
1159_25.png,00548,"photorealistic orange juice still life, single tall clear glass, pale creamy orange juice, small orange garnish on the rim, diced citrus pieces on warm brown tabletop, warm realistic product photo",1,"[0, 1, 0, 0, 5, 0]",0.9486548900604248,0.44867584109306335,0.022566474974155426,0.15022141982472215,0.6434797070894814,0.8350055835865162,0.06542414314350652,0.9345758568564935,0.9851569273677423,0.8998854479872535,0.8998854479872535,0.5,0.0,0.0,0.891609644990499,0.49706194714829255,0.6344757640514647,0.5632863539633395,0.8820693748111251,0.782113337765501,0.757653959020476,0.6829071894828223,False,1,0.6829071894828223,213
1159_25.png,00851,"orange juice still life, clear cylindrical glass, pale creamy orange juice, small orange garnish on the rim, orange halves and tiny cubes on a smooth brown surface, warm realistic product photo",1,"[2, 2, 0, 0, 2, 0]",0.9298897981643677,0.4351847767829895,0.0188728217035532,0.1373783887791424,0.7414412675566326,0.8318927906177661,0.06828599124439609,0.931714008755604,0.987754517381467,0.8980025623187495,0.8980025623187495,0.5,0.0,0.0,0.7251571070104146,0.5335887090722509,0.7477181587960101,0.7941559597729531,0.8720421768558867,0.6772766952393329,0.8129814025690267,0.6827654389653219,False,1,0.6827654389653219,214
1159_25.png,00973,"photorealistic orange juice still life, single clear glass, light creamy orange juice, small orange garnish on the rim, orange halves and tiny cubes on a smooth brown surface, soft realistic product photo",1,"[0, 0, 2, 0, 2, 3]",0.9433737397193909,0.44274643063545227,0.019442351534962654,0.13943583303786244,0.7158760773877755,0.8081563313802084,0.07269453019587774,0.9273054698041223,0.9877306503197669,0.88577339361649,0.88577339361649,0.5,0.0,0.0,0.8447641042071793,0.5131156964416574,0.7295768092902746,0.7339055375809647,0.7955802412498679,0.5157809044684969,0.8124730453987632,0.6826493933827884,False,1,0.6826493933827884,215
1159_25.png,00243,"photorealistic orange juice still life, single clear glass, pale orange juice, tiny orange garnish on the rim, orange halves and tiny cubes on a smooth brown surface, warm realistic product photo",1,"[0, 0, 1, 2, 2, 0]",0.9460233449935913,0.43937811255455017,0.020096762105822563,0.14176304915535134,0.7060974320073186,0.7927031340422452,0.07100483986084992,0.9289951601391501,0.9855936598788716,0.8789834483434872,0.8789834483434872,0.5,0.0,0.0,0.8682669745890051,0.5222353440689692,0.7090567680868197,0.7108598450300062,0.7458010653442702,0.5776784809255304,0.7669561557596277,0.6826390190360216,False,1,0.6826390190360216,216
1159_25.png,00549,"photorealistic orange juice still life, single tall clear glass, pale creamy orange juice, orange slice on the rim, scattered pale citrus cubes on brown tabletop, clean studio product photo",1,"[0, 1, 0, 1, 0, 4]",0.9598044753074646,0.44436967372894287,0.024719668552279472,0.15722489800371783,0.6114621941139773,0.8295112892433449,0.06820938139553794,0.9317906186044621,0.9681781801777365,0.8930424327066143,0.8930424327066143,0.5,0.0,0.0,0.9905101338383598,0.5087208012237637,0.5727231576989631,0.4878295057423733,0.864370678638136,0.6800831053126801,0.3960146426861968,0.6813284062130799,False,1,0.6813284062130799,217
1159_25.png,00463,"photorealistic orange juice still life, single clear glass, pale creamy orange juice, small orange garnish on the rim, scattered tiny citrus pieces on brown tabletop, natural product photo",1,"[0, 0, 0, 0, 1, 5]",0.9445323944091797,0.4173957407474518,0.02196194976568222,0.14819564691880197,0.6442369041060676,0.8052419026692709,0.0728344055918132,0.9271655944081868,0.9806740385893594,0.8830016219619092,0.8830016219619092,0.5,0.0,0.0,0.8550417524503195,0.5817521355590409,0.6523378539476012,0.5650708679697092,0.7861920313996206,0.5106569194193462,0.6621705399628394,0.6813118555687371,False,1,0.6813118555687371,218
1159_25.png,00264,"photorealistic orange juice still life, single clear glass, muted orange juice, small orange garnish on the rim, scattered tiny citrus pieces on brown tabletop, warm realistic product photo",1,"[0, 0, 4, 0, 1, 0]",0.9413690567016602,0.42059171199798584,0.020585015416145325,0.14347479017634188,0.6716699628456679,0.8118065728081597,0.06986142214422926,0.9301385778557707,0.9696859436380029,0.8847986487407922,0.8847986487407922,0.5,0.0,0.0,0.8269819063903402,0.573099113210248,0.6939636291142905,0.6297233645934972,0.8073387146690549,0.6195647272214767,0.42812929407140027,0.6812217756857566,False,1,0.6812217756857566,219
1159_25.png,00245,"photorealistic orange juice still life, single clear glass, pale orange juice, small orange wedge on the rim, scattered tiny citrus pieces on brown tabletop, warm realistic product photo",1,"[0, 0, 1, 3, 1, 0]",0.9451839923858643,0.43089890480041504,0.020416323095560074,0.14288569940886342,0.6966316925327422,0.8030695032190392,0.07036706343815963,0.9296329365618403,0.9694329768152922,0.8806393996082702,0.8806393996082702,0.5,0.0,0.0,0.8608216408496203,0.5451926138455135,0.6991578896431649,0.6885515893144927,0.77919411038656,0.6010418239402816,0.4227412199221956,0.6806850279007934,False,1,0.6806850279007934,220
1159_25.png,00407,"orange juice still life, single clear glass, pale creamy orange juice, small orange garnish on the rim, scattered pale citrus cubes on brown tabletop, soft realistic product photo",1,"[2, 0, 0, 0, 0, 3]",0.956951916217804,0.4358706474304199,0.022497164085507393,0.14999054665380546,0.657726696529518,0.7813782868561922,0.07355296639906983,0.9264470336009302,0.9792018918026759,0.8717170692061471,0.8717170692061471,0.5,0.0,0.0,0.9652069963508242,0.5317317292763266,0.6365114696932314,0.5968627569964242,0.709320488033992,0.48433424266362896,0.6308145069456739,0.6802718320290797,False,1,0.6802718320290797,221
1159_25.png,00663,"photorealistic orange juice still life, single minimalist clear glass, light creamy orange juice, small orange garnish on the rim, scattered pale citrus cubes on brown tabletop, warm realistic product photo",1,"[0, 4, 2, 0, 0, 0]",0.9500922560691833,0.43915459513664246,0.020422641187906265,0.14290780660239058,0.6694335059325612,0.7988388626663774,0.0737131142560194,0.9262868857439805,0.9809282693024056,0.8798635520707442,0.8798635520707442,0.5,0.0,0.0,0.9043595543162527,0.5228405125954936,0.6989629612397987,0.624452624484041,0.7655660051046229,0.4784676267432588,0.6675855343807622,0.679178430134648,False,1,0.679178430134648,222
1159_25.png,00693,"realistic orange juice still life, single clear glass, pale orange juice, small orange garnish on the rim, minimal citrus pieces on brown studio surface, warm realistic product photo",1,"[1, 0, 1, 0, 4, 0]",0.9259476661682129,0.39311355352401733,0.021839825436472893,0.14778303500900533,0.6345483317911408,0.8148860224971065,0.06253454252203161,0.9374654574779684,0.9766259128459055,0.8901368028101679,0.8901368028101679,0.5,0.0,0.0,0.6901890994223284,0.6474956270522274,0.6559760263229278,0.5422374539189485,0.8172585043673288,0.8879666244241468,0.5759473687291217,0.6786099266295702,False,1,0.6786099266295702,223
1159_25.png,00308,"photorealistic orange juice still life, clear cylindrical glass, pale creamy orange juice, orange slice on the rim, orange halves and tiny cubes on a smooth brown surface, warm realistic product photo",1,"[0, 2, 0, 1, 2, 0]",0.9377080798149109,0.4400377571582794,0.019533773884177208,0.13976327802458416,0.7009017165845447,0.819784093786169,0.07025323462887716,0.9297467653711229,0.9887299758866654,0.892060205261002,0.892060205261002,0.5,0.0,0.0,0.7945078371099289,0.5204493707134905,0.7266895894189013,0.6986149117537855,0.8330365952674829,0.6052116574769486,0.8337582091840674,0.6782662804116075,False,1,0.6782662804116075,224
1159_25.png,00610,"photorealistic orange juice still life, clear cylindrical glass, pale creamy orange juice, tiny orange garnish on the rim, orange halves and tiny cubes on a smooth brown surface, warm realistic product photo",1,"[0, 2, 0, 2, 2, 0]",0.9429104328155518,0.4543432891368866,0.019595013931393623,0.13998219147946506,0.6967677351383946,0.8278565583405672,0.0714489502499502,0.9285510497500498,0.9897406227175117,0.895476443209275,0.895476443209275,0.5,0.0,0.0,0.8406544195632197,0.48171745536801425,0.7247593376127245,0.6888722059174799,0.8590403163264191,0.561409608342882,0.8552845105579282,0.6768625434198389,False,1,0.6768625434198389,225
1159_25.png,00286,"photorealistic orange juice still life, single tall clear glass, pale orange juice, orange slice on the rim, scattered pale citrus cubes on brown tabletop, soft depth of field",1,"[0, 1, 1, 1, 0, 2]",0.9513729810714722,0.4162074625492096,0.025147510692477226,0.1585796667056569,0.6211803241091197,0.7826718930844908,0.06859804790062007,0.9314019520993799,0.9757507196346347,0.8733431790497308,0.8733431790497308,0.5,0.0,0.0,0.9157200063868507,0.5849693728243183,0.5607775934791102,0.5107325794631871,0.7134875643084183,0.6658452806557632,0.5573061656390204,0.6766423973004266,False,1,0.6766423973004266,226
1159_25.png,00730,"realistic orange juice still life, single tall clear glass, pale creamy orange juice, orange slice on the rim, scattered tiny citrus pieces on brown tabletop, soft depth of field",1,"[1, 1, 0, 1, 1, 2]",0.9125840067863464,0.38385823369026184,0.01837308146059513,0.13554734029332752,0.7301262077922459,0.7871653238932291,0.06551910453766145,0.9344808954623386,0.9796223178159439,0.8772171727269604,0.8772171727269604,0.5,0.0,0.0,0.5716490446688302,0.672554203331138,0.7638632817573392,0.7674893430402383,0.7279621922935483,0.7786346647605614,0.6397693829624904,0.6757884467750399,False,1,0.6757884467750399,227
1159_25.png,00620,"photorealistic orange juice still life, clear cylindrical glass, pale orange juice, orange slice on the rim, orange halves and tiny cubes on a smooth brown surface, warm realistic product photo",1,"[0, 2, 1, 1, 2, 0]",0.9456301331520081,0.4289012551307678,0.020497893914580345,0.14317085567454133,0.6888896712397186,0.7638792815031828,0.07309539071158369,0.9269046092884163,0.9894540999002127,0.8660531099074206,0.8660531099074206,0.5,0.0,0.0,0.8647790562053436,0.5506012066899041,0.6966435471731378,0.6703056835166838,0.6529511783960122,0.501096382751617,0.8491817095324685,0.6755063268053729,False,1,0.6755063268053729,228
1159_25.png,00432,"orange juice still life, single tall clear glass, pale creamy orange juice, tiny orange garnish on the rim, scattered pale citrus cubes on brown tabletop, warm realistic product photo",1,"[2, 1, 0, 2, 0, 0]",0.9255807399749756,0.3982747495174408,0.022131266072392464,0.14876580948723556,0.6756818086178377,0.8189657705801504,0.0691687623653468,0.9308312376346533,0.9830458774916089,0.8909347054315181,0.8909347054315181,0.5,0.0,0.0,0.6869343433862787,0.6335218016399583,0.6473104912935692,0.6391782288032234,0.8304005417745297,0.6449385846279528,0.7126895911899781,0.6754392478302018,False,1,0.6754392478302018,229
1159_25.png,00594,"photorealistic orange juice still life, single tall clear glass, soft pale orange juice, tiny orange garnish on the rim, scattered pale citrus cubes on brown tabletop, warm realistic product photo",1,"[0, 1, 3, 2, 0, 0]",0.9303019642829895,0.4255509078502655,0.019611351191997528,0.14004053410351422,0.7041691158203525,0.8071249502676504,0.06375693975336706,0.936243060246633,0.9801406321259525,0.8869194251319547,0.8869194251319547,0.5,0.0,0.0,0.7288131560665037,0.5596721987676831,0.7242449062110126,0.7063153114819679,0.7922578671997026,0.8431871612770081,0.6508092335839848,0.675422601759435,False,1,0.675422601759435,230
1159_25.png,00577,"photorealistic orange juice still life, single tall clear glass, pale orange juice, small orange wedge on the rim, scattered tiny citrus pieces on brown tabletop, warm realistic product photo",1,"[0, 1, 1, 3, 1, 0]",0.9379339814186096,0.40954986214637756,0.021318838000297546,0.1460097188556212,0.6805916749513847,0.7854970296223959,0.0692707178137588,0.9307292821862412,0.9700951924339885,0.8732479505820603,0.8732479505820603,0.5,0.0,0.0,0.7965116586460934,0.6029946804879627,0.6716120990798742,0.6507494910370871,0.7225881384874733,0.6412037019500604,0.4368461006257714,0.6743235185250142,False,1,0.6743235185250142,231
1159_25.png,00809,"orange juice still life, single clear glass, pale orange juice, small orange garnish on the rim, scattered pale citrus cubes on brown tabletop, soft realistic product photo",1,"[2, 0, 1, 0, 0, 3]",0.9533650875091553,0.4534152150154114,0.01991931162774563,0.1411357914483269,0.652928238672819,0.8079732259114584,0.07502945654297363,0.9249705434570263,0.9822311667463051,0.8837738752193766,0.8837738752193766,0.5,0.0,0.0,0.9333906458015445,0.4842301957792804,0.7145875625397279,0.5855540552098534,0.7949904060760304,0.43024672160975314,0.695336636131239,0.6737341805299336,False,1,0.6737341805299336,232
1159_25.png,00508,"photorealistic orange juice still life, single clear glass, pale orange juice, thin orange slice on the rim, scattered pale citrus cubes on brown tabletop, warm realistic product photo",1,"[0, 0, 1, 5, 0, 0]",0.9389415383338928,0.41918352246284485,0.021357620134949684,0.14614246520074062,0.642092436167208,0.8112533004195601,0.07145088914972161,0.9285491108502784,0.9812381377034818,0.8863038015270959,0.8863038015270959,0.5,0.0,0.0,0.8054490199250708,0.5769117556164884,0.6704416188434286,0.5600169216528589,0.8055564657950209,0.5613385816024461,0.6741855853423986,0.673650721716416,False,1,0.673650721716416,233
1159_25.png,00523,"photorealistic orange juice still life, single clear glass, light creamy orange juice, paired orange slices on the rim, scattered pale citrus cubes on brown tabletop, warm realistic product photo",1,"[0, 0, 2, 4, 0, 0]",0.9421313405036926,0.4435390830039978,0.01951015368103981,0.13967875171635738,0.6982366018805278,0.8061099582248263,0.07058913066926668,0.9294108693307334,0.9805229431042839,0.8841478740877853,0.8841478740877853,0.5,0.0,0.0,0.833743614471081,0.5109696074683283,0.7274348933528827,0.6923339380920797,0.7889882870385537,0.5929069467198239,0.6589522773129264,0.673227305188888,False,1,0.673227305188888,234
1159_25.png,00435,"orange juice still life, single tall clear glass, pale orange juice, orange slice on the rim, scattered pale citrus cubes on brown tabletop, warm realistic product photo",1,"[2, 1, 1, 1, 0, 0]",0.9367542266845703,0.4239009916782379,0.020444918423891068,0.14298572804266538,0.6996221623822254,0.8103219491464121,0.07376514023813648,0.9262348597618635,0.9787982621254019,0.884586730457618,0.884586730457618,0.5,0.0,0.0,0.7860468460694962,0.5641393107630756,0.698275895198508,0.6955993393915981,0.802556316515749,0.476561785099328,0.6222173849726506,0.6730786689022725,False,1,0.6730786689022725,235
1159_25.png,00176,"realistic orange juice still life, single tall clear glass, pale creamy orange juice, small orange garnish on the rim, scattered tiny citrus pieces on brown tabletop, realistic food photography",1,"[1, 1, 0, 0, 1, 1]",0.9350609183311462,0.4226379096508026,0.021667469292879105,0.1471987407992307,0.6668142389081204,0.8142541956018517,0.06610767123763946,0.9338923287623605,0.9784371736851111,0.8889641378246816,0.8889641378246816,0.5,0.0,0.0,0.7710266439531646,0.5675590777618964,0.6611279935894887,0.6182797017319015,0.8152232089218027,0.7570739967749928,0.6145263713058797,0.6724212004326571,False,1,0.6724212004326571,236
1159_25.png,00574,"photorealistic orange juice still life, single tall clear glass, pale orange juice, tiny orange garnish on the rim, scattered tiny citrus pieces on brown tabletop, realistic food photography",1,"[0, 1, 1, 2, 1, 1]",0.933276891708374,0.3996010720729828,0.02239827997982502,0.14966054917654492,0.6777863763539012,0.7736663818359375,0.0646180009215357,0.9353819990784643,0.9700078231677652,0.8695351361371875,0.8695351361371875,0.5,0.0,0.0,0.7552017409455288,0.6299308122926995,0.6394211959449252,0.644138140847372,0.6844782325334148,0.8116443404500038,0.4349851764155217,0.6714898392574105,False,1,0.6714898392574105,237
1159_25.png,00983,"photorealistic orange juice still life, single clear glass, light creamy orange juice, tiny orange garnish on the rim, scattered tiny citrus pieces on brown tabletop, soft depth of field",1,"[0, 0, 2, 2, 1, 2]",0.9379159808158875,0.4128233790397644,0.02107881009578705,0.14518543348348362,0.6896929494653052,0.7782298900462964,0.06908000467987803,0.9309199953201219,0.9705541968644321,0.8701362882557625,0.8701362882557625,0.5,0.0,0.0,0.7963519873785679,0.5941317050050342,0.6788801691454593,0.6721987987999876,0.6991785999060635,0.6481900002918511,0.44662267875385386,0.6714446472109257,False,1,0.6714446472109257,238
1159_25.png,00728,"realistic orange juice still life, single tall clear glass, pale creamy orange juice, small orange garnish on the rim, minimal citrus pieces on brown studio surface, warm realistic product photo",1,"[1, 1, 0, 0, 4, 0]",0.935515284538269,0.4081451892852783,0.0246878731995821,0.15712375122680244,0.5923097930729865,0.839132238317419,0.06833192069652522,0.9316680793034748,0.9812888131521194,0.8999510976294787,0.8999510976294787,0.5,0.0,0.0,0.7750570216761676,0.6067978015760525,0.5736150112807181,0.4426923391072636,0.8953625119696489,0.6755941847130803,0.6752649485248018,0.671185869749313,False,1,0.671185869749313,239
1159_25.png,00112,"photorealistic orange juice still life, single clear glass, light creamy orange juice, small orange garnish on the rim, orange halves and tiny cubes on a smooth brown surface, warm realistic product photo",1,"[0, 0, 2, 0, 2, 0]",0.9425287246704102,0.4452069401741028,0.019924966618418694,0.14115582389125392,0.7075509093953777,0.8082207573784722,0.07391676198950696,0.9260832380104931,0.9845102651169252,0.8847305271473701,0.8847305271473701,0.5,0.0,0.0,0.8372685427511888,0.5064539206125402,0.7144109280831431,0.7142853085489027,0.7957877758480699,0.4710075017176665,0.7438803577254204,0.6711639270644386,False,1,0.6711639270644386,240
1159_25.png,00419,"orange juice still life, single clear glass, pale orange juice, small orange garnish on the rim, orange halves and tiny cubes on a smooth brown surface, warm realistic product photo",1,"[2, 0, 1, 0, 2, 0]",0.9403934478759766,0.4445432722568512,0.020342817530035973,0.14262824941096336,0.6961982615054731,0.8226380524811922,0.07258118859098532,0.9274188114090147,0.9843862278829506,0.8916609531862818,0.8916609531862818,0.5,0.0,0.0,0.8183279351755802,0.5082507870014965,0.7014279343223153,0.6875301065008864,0.8422300138720493,0.5199328904917081,0.7412384230766162,0.6708280977297953,False,1,0.6708280977297953,241
1159_25.png,00619,"photorealistic orange juice still life, clear cylindrical glass, pale orange juice, orange slice on the rim, scattered tiny citrus pieces on brown tabletop, realistic food photography",1,"[0, 2, 1, 1, 1, 1]",0.9398829936981201,0.4305713176727295,0.02000470645725727,0.1414379950977009,0.6784047918394416,0.7892241301359953,0.06984116275313541,0.9301588372468645,0.979960442129057,0.8766985400234119,0.8766985400234119,0.5,0.0,0.0,0.8138000387017774,0.5460795488379877,0.7119229061331367,0.6455955833247318,0.7345941970413574,0.6203068793088791,0.6469712715389451,0.6694897596225613,False,1,0.6694897596225613,242
1159_25.png,00272,"photorealistic orange juice still life, single tall clear glass, pale creamy orange juice, orange slice on the rim, scattered pale citrus cubes on brown tabletop, soft realistic product photo",1,"[0, 1, 0, 1, 0, 3]",0.9372848272323608,0.4269689917564392,0.021044952794909477,0.1450687864253006,0.6952821559182122,0.8212031611689815,0.07563169299509694,0.924368307004903,0.9784102895980071,0.8887523878973591,0.8887523878973591,0.5,0.0,0.0,0.7907534474718539,0.5558327675680019,0.6799086952123722,0.6853710868323313,0.8376078178647237,0.4081852964670784,0.6139537529158572,0.669465851154441,False,1,0.669465851154441,243
1159_25.png,00687,"realistic orange juice still life, single clear glass, pale creamy orange juice, paired orange slices on the rim, scattered tiny citrus pieces on brown tabletop, warm realistic product photo",1,"[1, 0, 0, 4, 1, 0]",0.9258424043655396,0.42524445056915283,0.017997421324253082,0.13415446814867213,0.7077532784414805,0.8163124367042824,0.06806548499711246,0.9319345150028875,0.9785133945162577,0.8892203556711893,0.8892203556711893,0.5,0.0,0.0,0.6892553926062687,0.5605019251621166,0.7761448200230304,0.7147622391090023,0.8218533931906805,0.6853543897242587,0.6161498391011089,0.6689339766862982,False,1,0.6689339766862982,244
1159_25.png,00259,"photorealistic orange juice still life, single clear glass, soft pale orange juice, small orange garnish on the rim, orange halves and tiny cubes on a smooth brown surface, warm realistic product photo",1,"[0, 0, 3, 0, 2, 0]",0.9418294429779053,0.43413546681404114,0.020685728639364243,0.14382534074134587,0.7076895442116587,0.784328884548611,0.07328258354075766,0.9267174164592423,0.9830324169803426,0.8739055772036783,0.8739055772036783,0.5,0.0,0.0,0.8310656841067873,0.5364296928923038,0.690872677662159,0.7146120343098407,0.7188252085358613,0.4942390419621189,0.7124028886413525,0.6683554678942013,False,1,0.6683554678942013,245
1159_25.png,00028,"orange juice still life, single clear glass, pale creamy orange juice, small orange garnish on the rim, scattered pale citrus cubes on brown tabletop, warm realistic product photo",1,"[2, 0, 0, 0, 0, 0]",0.9557904005050659,0.43874749541282654,0.022680869325995445,0.1506016909798673,0.6562749007471329,0.7773330123336227,0.07714694057895558,0.9228530594210445,0.9807494166684751,0.8689483096811907,0.8689483096811907,0.5,0.0,0.0,0.954903969892978,0.5239427262051366,0.6311227536827998,0.593441256579353,0.6962894998416184,0.3526779936028048,0.6637760575368361,0.6681305463265894,False,1,0.6681305463265894,246
1159_25.png,00094,"photorealistic orange juice still life, single clear glass, pale creamy orange juice, tiny orange garnish on the rim, scattered pale citrus cubes on brown tabletop, soft depth of field",1,"[0, 0, 0, 2, 0, 2]",0.9429572820663452,0.445676326751709,0.023987269029021263,0.1548782393657071,0.6346581687118398,0.8445768003110533,0.06775835677457986,0.9322416432254201,0.9865164666787924,0.9036474286046295,0.9036474286046295,0.5,0.0,0.0,0.8410699878290312,0.5051830667068391,0.5934146317655753,0.5424963106221716,0.9129010059966576,0.696605263474457,0.7866115058568622,0.6677535380676458,False,1,0.6677535380676458,247
1159_25.png,00186,"realistic orange juice still life, clear cylindrical glass, pale creamy orange juice, small orange garnish on the rim, scattered tiny citrus pieces on brown tabletop, warm realistic product photo",1,"[1, 2, 0, 0, 1, 0]",0.9391492009162903,0.4386468231678009,0.019595401361584663,0.13998357532791003,0.6795559951478495,0.8025360107421875,0.07129269420831558,0.9287073057916844,0.9838159418916171,0.8829519502393972,0.8829519502393972,0.5,0.0,0.0,0.8072910553424842,0.5242152941094832,0.724747135640206,0.6483086664233618,0.7774755782751325,0.5671336573496443,0.7290916001271439,0.6672297829965447,False,1,0.6672297829965447,248
1159_25.png,00530,"photorealistic orange juice still life, single clear glass, soft pale orange juice, orange slice on the rim, orange halves and tiny cubes on a smooth brown surface, warm realistic product photo",1,"[0, 0, 3, 1, 2, 0]",0.9424244165420532,0.4319995939731598,0.02194138616323471,0.14812625075669306,0.6919358307907734,0.7910625316478588,0.07340820570297815,0.9265917942970219,0.9836391287850519,0.8770130930025045,0.8770130930025045,0.5,0.0,0.0,0.836343295340031,0.5422125219534969,0.6529497490333799,0.6774846795579018,0.7405162150058435,0.4896371884570442,0.7253255642552607,0.6670422762535453,False,1,0.6670422762535453,249
1159_25.png,00021,"photorealistic orange juice still life, single tall clear glass, pale orange juice, small orange garnish on the rim, scattered pale citrus cubes on brown tabletop, warm realistic product photo",1,"[0, 1, 1, 0, 0, 0]",0.9297352433204651,0.420328289270401,0.022025348618626595,0.1484093953179063,0.6649134417359985,0.8219604492187501,0.0672926679883385,0.9327073320116614,0.9850883861674111,0.8933474455860013,0.8933474455860013,0.5,0.0,0.0,0.723786154703482,0.5738123244910411,0.6504531446058979,0.6138000232563943,0.8400472596330645,0.7136646066298297,0.7561940637436863,0.6667154320393361,False,1,0.6667154320393361,250
1159_25.png,00888,"photorealistic citrus drink still life, single tall clear glass, pale creamy orange juice, orange slice on the rim, scattered tiny citrus pieces on brown tabletop, warm realistic product photo",1,"[3, 1, 0, 1, 1, 0]",0.924514889717102,0.41960233449935913,0.01983027532696724,0.14082001039258318,0.7171334929884202,0.8100761131004051,0.0648510921584374,0.9351489078415626,0.9741651977570069,0.8866694081911305,0.8866694081911305,0.5,0.0,0.0,0.6774799009826656,0.5757778311760555,0.7173719366365021,0.7368689350878577,0.8017644081805039,0.8031056263681996,0.5235352965965833,0.6657261546067411,False,1,0.6657261546067411,251
1159_25.png,00212,"photorealistic orange juice still life, single clear glass, pale creamy orange juice, small orange garnish on the rim, scattered tiny citrus pieces on brown tabletop, clean studio product photo",1,"[0, 0, 0, 0, 1, 4]",0.9348145127296448,0.4262240529060364,0.020565520972013474,0.14340683725685283,0.648561718701334,0.830556798864294,0.07236432732406438,0.9276356726759356,0.976778825776185,0.8937788100807468,0.8937788100807468,0.5,0.0,0.0,0.7688409452116067,0.5578496732332023,0.694562798524184,0.5752633172941931,0.867738564661591,0.5278770602437263,0.579204342105668,0.6650245603056021,False,1,0.6650245603056021,252
1159_25.png,00750,"realistic orange juice still life, single tall clear glass, light creamy orange juice, small orange garnish on the rim, scattered tiny citrus pieces on brown tabletop, realistic food photography",1,"[1, 1, 2, 0, 1, 1]",0.9245615005493164,0.4152984619140625,0.018788831308484077,0.13707235792997827,0.7242186725023396,0.7886708577473959,0.06670027741783063,0.9332997225821693,0.9744650670368136,0.8764498022974502,0.8764498022974502,0.5,0.0,0.0,0.6778933543972515,0.5874304721879876,0.7504165612293657,0.7535668377516013,0.7328119481673239,0.7353653525418514,0.5299223709858383,0.6645333619659685,False,1,0.6645333619659685,253
1159_25.png,00297,"photorealistic orange juice still life, single tall clear glass, light creamy orange juice, tiny orange garnish on the rim, scattered pale citrus cubes on brown tabletop, warm realistic product photo",1,"[0, 1, 2, 2, 0, 0]",0.9349910020828247,0.4450943171977997,0.01973777264356613,0.14049118350831177,0.7003396915269152,0.8219304967809608,0.0679872842434505,0.9320127157565495,0.9780598033232594,0.8916851347308766,0.8916851347308766,0.5,0.0,0.0,0.7704064638312856,0.5067588448607717,0.7202713412785317,0.6972903666680266,0.8399507742496898,0.688219078613371,0.6064885603803951,0.6637681032604746,False,1,0.6637681032604746,254
1159_25.png,00915,"clean citrus drink still life, single clear glass, pale creamy orange juice, small orange garnish on the rim, scattered tiny citrus pieces on brown tabletop, warm realistic product photo",1,"[5, 0, 0, 0, 1, 0]",0.8861470222473145,0.3645893633365631,0.018061520531773567,0.13439315656600068,0.7677942717116034,0.8248782687717013,0.06607947520615015,0.9339205247938498,0.9880358630664082,0.8956745772383946,0.8956745772383946,0.5,0.0,0.0,0.3371442952416905,0.7247242489092038,0.7740402040737158,0.8562630521073729,0.8494463923569009,0.7581068878194128,0.8189739331142503,0.6633997326642038,False,1,0.6633997326642038,255
1159_25.png,00821,"orange juice still life, single clear glass, light creamy orange juice, small orange garnish on the rim, orange halves and tiny cubes on a smooth brown surface, warm realistic product photo",1,"[2, 0, 2, 0, 2, 0]",0.9204148054122925,0.43957602977752686,0.018105003982782364,0.13455483634110801,0.7396474526666448,0.8544294569227432,0.0717181493644662,0.9282818506355338,0.9868209477039702,0.9067560928784653,0.9067560928784653,0.5,0.0,0.0,0.6411108044576834,0.5216994875110161,0.7726146056421667,0.7899284103691664,0.9446392356901255,0.5515481725356853,0.7930968082498954,0.6632090815567193,False,1,0.6632090815567193,256
1159_25.png,00142,"photorealistic orange juice still life, clear cylindrical glass, pale creamy orange juice, small orange garnish on the rim, orange halves and tiny cubes on a smooth brown surface, warm realistic product photo",1,"[0, 2, 0, 0, 2, 0]",0.93890380859375,0.4405409097671509,0.020339224487543106,0.1426156530242845,0.693708837047622,0.7980561433015047,0.07114852809701272,0.9288514719029872,0.9813824354351853,0.8804997667387597,0.8804997667387597,0.5,0.0,0.0,0.8051143447186349,0.5190870960157157,0.7015390019501657,0.6816631884920656,0.7630446417843605,0.5724148220174503,0.67725905904796,0.6616473977249616,False,1,0.6616473977249616,257
1159_25.png,00396,"realistic orange juice still life, clear cylindrical glass, pale creamy orange juice, orange slice on the rim, scattered tiny citrus pieces on brown tabletop, warm realistic product photo",1,"[1, 2, 0, 1, 1, 0]",0.9346128106117249,0.4313167929649353,0.020246628671884537,0.14229064857496623,0.6714494223972697,0.8090300383391203,0.07161542248956723,0.9283845775104328,0.9787981400776742,0.8847577473967904,0.8847577473967904,0.5,0.0,0.0,0.7670517810748309,0.5440611907683236,0.7044047025789982,0.6292036088225196,0.7983947016781172,0.5553113144921951,0.622214785413548,0.6591760873040539,False,1,0.6591760873040539,258
1159_25.png,00010,"photorealistic orange juice still life, single clear glass, pale creamy orange juice, small orange garnish on the rim, orange halves and tiny cubes on a smooth brown surface, warm realistic product photo",1,"[0, 0, 0, 0, 2, 0]",0.9405051469802856,0.4512016475200653,0.020531287416815758,0.14328742937472136,0.6974835648258907,0.8178569652416088,0.07472113557203766,0.9252788644279624,0.9830835524869088,0.8884999474058926,0.8884999474058926,0.5,0.0,0.0,0.8193187429747286,0.4902233814202934,0.6956156679345245,0.6905592280207512,0.8268287621107359,0.4415412887124916,0.7134920508408991,0.6583145859758057,False,1,0.6583145859758057,259
1159_25.png,00091,"photorealistic orange juice still life, single clear glass, pale creamy orange juice, orange slice on the rim, scattered tiny citrus pieces on brown tabletop, soft depth of field",1,"[0, 0, 0, 1, 1, 2]",0.9425227642059326,0.4206870198249817,0.022677289322018623,0.15058980484089426,0.6985407056995699,0.7371605767144098,0.07349452419769402,0.926505475802306,0.9865495798472041,0.8533090920217323,0.8533090920217323,0.5,0.0,0.0,0.8372156714705512,0.5728410693505379,0.6312275587585484,0.69305063072634,0.5668825754679543,0.4864751264415549,0.787316800744174,0.6578224784791064,False,1,0.6578224784791064,260
1159_25.png,00238,"photorealistic orange juice still life, single clear glass, pale orange juice, orange slice on the rim, scattered tiny citrus pieces on brown tabletop, soft depth of field",1,"[0, 0, 1, 1, 1, 2]",0.9294705986976624,0.39599722623825073,0.02075587399303913,0.1440689903936275,0.708040598917456,0.7185866744429977,0.07242689631213603,0.9275731036878639,0.9891982352536237,0.8458542368408261,0.8458542368408261,0.5,0.0,0.0,0.7214386698431732,0.6396881461686942,0.6887243164221117,0.7154393778225259,0.5070507149020764,0.5255850019637447,0.8437319130998422,0.6577109115377728,False,1,0.6577109115377728,261
1159_25.png,00054,"photorealistic orange juice still life, single tall clear glass, pale creamy orange juice, tiny orange garnish on the rim, scattered pale citrus cubes on brown tabletop, warm realistic product photo",1,"[0, 1, 0, 2, 0, 0]",0.9125292301177979,0.40500447154045105,0.02058153599500656,0.1434626641151159,0.69595218841482,0.8321284541377315,0.06804750007535004,0.93195249992465,0.985096981102155,0.8976605755560376,0.8976605755560376,0.5,0.0,0.0,0.5711631575997708,0.6153012262650887,0.6940705496852348,0.6869501770145804,0.8728013165703632,0.6860132223202631,0.7563771318045948,0.6574117118141612,False,1,0.6574117118141612,262
1159_25.png,00422,"orange juice still life, single clear glass, pale orange juice, tiny orange garnish on the rim, scattered pale citrus cubes on brown tabletop, warm realistic product photo",1,"[2, 0, 1, 2, 0, 0]",0.9432094097137451,0.4477097690105438,0.02028283290565014,0.1424178110548331,0.6506770175801863,0.7956548620153358,0.07115061262288205,0.928849387377118,0.9842443174755703,0.8799908369840065,0.8799908369840065,0.5,0.0,0.0,0.843306443000001,0.4996775662090678,0.7032834576259438,0.5802485198165019,0.7553094268040038,0.5723384606293936,0.7382157982544535,0.6572015746749877,False,1,0.6572015746749877,263
1159_25.png,00800,"orange juice still life, single clear glass, pale creamy orange juice, orange slice on the rim, scattered tiny citrus pieces on brown tabletop, soft depth of field",1,"[2, 0, 0, 1, 1, 2]",0.9456489682197571,0.42621010541915894,0.024921009317040443,0.15786389491280278,0.6803439077427637,0.7629400182653358,0.07285470827894193,0.9271452917210581,0.9833503400504082,0.8644939283318531,0.8644939283318531,0.5,0.0,0.0,0.8649461294521583,0.5578874357492576,0.5670888537747312,0.6501655689607735,0.6499255424116979,0.509913181290068,0.7191745002578503,0.657102744551344,False,1,0.657102744551344,264
1159_25.png,00035,"photorealistic orange juice still life, single clear glass, pale creamy orange juice, orange slice on the rim, orange halves and tiny cubes on a smooth brown surface, warm realistic product photo",1,"[0, 0, 0, 1, 2, 0]",0.9398249387741089,0.4454701840877533,0.021431980654597282,0.14639665520290168,0.682518495448321,0.8229669641565392,0.07442422081603838,0.9255757791839616,0.9804077726469508,0.8903682111142193,0.8903682111142193,0.5,0.0,0.0,0.8132850724283673,0.5057411934665683,0.6682003189148772,0.6552904996375241,0.8432895326102385,0.45241801767856155,0.6564992008293817,0.6569818166410961,False,1,0.6569818166410961,265
1159_25.png,00324,"photorealistic orange juice still life, straight clear glass, pale creamy orange juice, small orange garnish on the rim, orange halves and tiny cubes on a smooth brown surface, warm realistic product photo",1,"[0, 3, 0, 0, 2, 0]",0.9393824338912964,0.4539952576160431,0.020627498626708984,0.1436227650016145,0.6906180718081462,0.8303386546947338,0.07252471782507963,0.9274752821749204,0.9790528260583383,0.8940793085855201,0.8940793085855201,0.5,0.0,0.0,0.809359908553833,0.4826597431083811,0.6926588729771834,0.6743790685874311,0.8670358597939943,0.5220015556653032,0.627639476817253,0.656920424608141,False,1,0.656920424608141,266
1159_25.png,00131,"photorealistic orange juice still life, single tall clear glass, pale orange juice, small orange garnish on the rim, scattered tiny citrus pieces on brown tabletop, realistic food photography",1,"[0, 1, 1, 0, 1, 1]",0.9302399158477783,0.4050918221473694,0.022638849914073944,0.15046212119358793,0.6674416774770024,0.7772216796875,0.06539265808923654,0.9346073419107634,0.9675268295199287,0.8703676914321279,0.8703676914321279,0.5,0.0,0.0,0.7282627660350663,0.6150647264049229,0.6323533990636425,0.619758409241018,0.6959308654920935,0.7832667139277062,0.38214118053098367,0.6552586814735464,False,1,0.6552586814735464,267
1159_25.png,00912,"warm orange juice still life, single tall clear glass, pale orange juice, small orange garnish on the rim, scattered pale citrus cubes on brown tabletop, warm realistic product photo",1,"[4, 1, 1, 0, 0, 0]",0.9316273927688599,0.42942148447036743,0.021361425518989563,0.1461554840537623,0.6931845939790576,0.8041500515407987,0.07144646056031297,0.928553539439687,0.982403069767476,0.8833418759507451,0.8833418759507451,0.5,0.0,0.0,0.7405701427418835,0.5491926971167028,0.670326826152531,0.6804276856069471,0.7826748661037746,0.5615008118915323,0.6989980894974016,0.6550762997273797,False,1,0.6550762997273797,268
1159_25.png,00953,"photorealistic orange juice still life, single clear glass, pale orange juice, orange slice on the rim, orange halves and tiny cubes on a smooth brown surface, soft realistic product photo",1,"[0, 0, 1, 1, 2, 3]",0.9413496255874634,0.4401130676269531,0.021343493834137917,0.14609412662437157,0.6914833618530377,0.7855235912181714,0.07518155108277469,0.9248184489172253,0.9818705770756431,0.8735461885843345,0.8735461885843345,0.5,0.0,0.0,0.8268095460154616,0.5202454692646201,0.6708678403582053,0.6764183294018,0.7226737009972585,0.4246751188072332,0.687656246022588,0.6529458988868951,False,1,0.6529458988868951,269
1159_25.png,00520,"photorealistic orange juice still life, single clear glass, light creamy orange juice, tiny orange garnish on the rim, orange halves and tiny cubes on a smooth brown surface, warm realistic product photo",1,"[0, 0, 2, 2, 2, 0]",0.9358334541320801,0.45951151847839355,0.01960725337266922,0.14002590250617641,0.7137184488137599,0.8118043122468172,0.07224558217243163,0.9277544178275684,0.9894128423730519,0.8879085552253271,0.8879085552253271,0.5,0.0,0.0,0.777879290636602,0.4677245873194439,0.7243739191453884,0.7288205751121035,0.8073314327533286,0.5322269916777438,0.8483029436406688,0.6516991303072945,False,1,0.6516991303072945,270
1159_25.png,00604,"photorealistic orange juice still life, clear cylindrical glass, pale creamy orange juice, orange slice on the rim, scattered pale citrus cubes on brown tabletop, soft realistic product photo",1,"[0, 2, 0, 1, 0, 3]",0.9431949853897095,0.434620201587677,0.02217533439397812,0.1489138488992146,0.6497545701320636,0.7661624484592013,0.0678358054875345,0.9321641945124655,0.9767470749719231,0.8663799848803881,0.8663799848803881,0.5,0.0,0.0,0.8431784945008581,0.5351172840811145,0.6460051656683654,0.5780745540516388,0.6603059132796653,0.6937681237144476,0.5785280649329277,0.6515467065888761,False,1,0.6515467065888761,271
1159_25.png,00343,"realistic orange juice still life, single clear glass, pale creamy orange juice, orange slice on the rim, scattered tiny citrus pieces on brown tabletop, soft depth of field",1,"[1, 0, 0, 1, 1, 2]",0.9301167130470276,0.41976258158683777,0.021188052371144295,0.14556116367748745,0.7127854534951902,0.7641816315827547,0.07092818602888618,0.9290718139711138,0.9819243209556154,0.8654417332932526,0.8654417332932526,0.5,0.0,0.0,0.7271699166642874,0.575343965687106,0.6755671983369467,0.7266217507937359,0.6539251346244169,0.5804865022098703,0.6888009653468619,0.6504686158810933,False,1,0.6504686158810933,272
1159_25.png,00626,"photorealistic orange juice still life, clear cylindrical glass, light creamy orange juice, small orange garnish on the rim, orange halves and tiny cubes on a smooth brown surface, warm realistic product photo",1,"[0, 2, 2, 0, 2, 0]",0.9415907859802246,0.4668087661266327,0.020517827942967415,0.14324045498031418,0.6904277855970999,0.7998798511646413,0.07033474888062591,0.9296652511193741,0.993117812169045,0.8839523333496786,0.8839523333496786,0.5,0.0,0.0,0.8289487180300584,0.44796744871116045,0.696029860884418,0.6739306140882811,0.7689193272966255,0.6022255868784727,0.9272170548567652,0.6501193478731618,False,1,0.6501193478731618,273
1159_25.png,00301,"photorealistic orange juice still life, single tall clear glass, muted orange juice, small orange garnish on the rim, scattered pale citrus cubes on brown tabletop, warm realistic product photo",1,"[0, 1, 4, 0, 0, 0]",0.9378025531768799,0.4376301169395447,0.023211421445012093,0.15235295023402762,0.6604306261938838,0.8186588993778935,0.07289009021468813,0.9271099097853118,0.978817060930715,0.8886483853310542,0.8886483853310542,0.5,0.0,0.0,0.7953458469080347,0.5269680040138005,0.6156811658632394,0.6032352073001164,0.8294120217146724,0.5086170526281165,0.6226177906695635,0.6492381580905471,False,1,0.6492381580905471,274
1159_25.png,00618,"photorealistic orange juice still life, clear cylindrical glass, pale orange juice, orange slice on the rim, scattered pale citrus cubes on brown tabletop, soft depth of field",1,"[0, 2, 1, 1, 0, 2]",0.9404151439666748,0.4586925804615021,0.020912714302539825,0.14461228959718406,0.7017550968821127,0.7951100667317709,0.0667562935903575,0.9332437064096425,0.9766340018372639,0.8797616276401244,0.8797616276401244,0.5,0.0,0.0,0.818520386637101,0.4699418441114924,0.6839338193303272,0.7006261044294195,0.7535544851139437,0.7333133402589308,0.5761196604342722,0.648973968850464,False,1,0.648973968850464,275
1159_25.png,00236,"photorealistic orange juice still life, single clear glass, pale orange juice, small orange garnish on the rim, minimal citrus pieces on brown studio surface, warm realistic product photo",1,"[0, 0, 1, 0, 4, 0]",0.9324144124984741,0.4134143590927124,0.0231800340116024,0.15224990644201528,0.5775187490992958,0.7954672354239004,0.06287589878137602,0.937124101218624,0.9752742464204589,0.8810085406513654,0.8810085406513654,0.5,0.0,0.0,0.7475512666372702,0.5925316394209037,0.6165897462232512,0.4078337427819867,0.754705027798713,0.875461892211478,0.5471575106471168,0.6488144801639101,False,1,0.6488144801639101,276
1159_25.png,00490,"photorealistic orange juice still life, single clear glass, pale orange juice, small orange garnish on the rim, orange halves and tiny cubes on a smooth brown surface, soft realistic product photo",1,"[0, 0, 1, 0, 2, 3]",0.9477179050445557,0.45976904034614563,0.021623380482196808,0.14704890506969717,0.6857240362798198,0.7802870008680557,0.07338821476979898,0.926611785230201,0.9850469127975251,0.8724526577807005,0.8724526577807005,0.5,0.0,0.0,0.8832982796742707,0.46702735248775096,0.6624491581004561,0.6628451153933941,0.7058051432170779,0.4903695062606403,0.7553107005035239,0.648446643469265,False,1,0.648446643469265,277
1159_25.png,00219,"photorealistic orange juice still life, single clear glass, pale creamy orange juice, orange slice on the rim, orange halves and tiny cubes on a smooth brown surface, soft depth of field",1,"[0, 0, 0, 1, 2, 2]",0.9461463689804077,0.43540841341018677,0.022815905511379242,0.1510493479343067,0.6801533858624086,0.7379382098162616,0.06953111230643708,0.930468887693563,0.9777188842027599,0.8532800819506168,0.8532800819506168,0.5,0.0,0.0,0.8693582378213649,0.5329832177891789,0.6271755744410107,0.6497165590511118,0.5693875544778318,0.6316648014276304,0.5992271437232644,0.6480218244225989,False,1,0.6480218244225989,278
1159_25.png,00536,"photorealistic orange juice still life, single clear glass, muted orange juice, small orange garnish on the rim, orange halves and tiny cubes on a smooth brown surface, warm realistic product photo",1,"[0, 0, 4, 0, 2, 0]",0.9468779563903809,0.4616554379463196,0.02135981060564518,0.14614995930770963,0.6831950290053562,0.7909110740379051,0.07242024479526056,0.9275797552047395,0.9803293153590815,0.8766287607105324,0.8766287607105324,0.5,0.0,0.0,0.8758476588068221,0.4619199721912959,0.6703755401571253,0.6568849111075422,0.7400283266521754,0.5258286636370243,0.6548280975595726,0.6477303510685597,False,1,0.6477303510685597,279
1159_25.png,00815,"orange juice still life, single clear glass, pale orange juice, orange slice on the rim, orange halves and tiny cubes on a smooth brown surface, warm realistic product photo",1,"[2, 0, 1, 1, 2, 0]",0.9429324269294739,0.43776223063468933,0.023000283166766167,0.15165844245133922,0.6933901813632422,0.7793754295066551,0.07688949684752641,0.9231105031524736,0.9803783309675744,0.8698832855748754,0.8698832855748754,0.5,0.0,0.0,0.8408495145887724,0.526610309070056,0.6218049324570628,0.6809122009425519,0.7028687107004108,0.3621088003720555,0.6558721069288574,0.6473864183894621,False,1,0.6473864183894621,280
1159_25.png,00865,"photorealistic citrus drink still life, single clear glass, pale creamy orange juice, small orange garnish on the rim, scattered tiny citrus pieces on brown tabletop, soft depth of field",1,"[3, 0, 0, 0, 1, 2]",0.9231538772583008,0.42669615149497986,0.02081005834043026,0.14425691782521302,0.6860279521585022,0.8296378806785301,0.07083571986018473,0.9291642801398152,0.9754504160446796,0.8936346275632098,0.8936346275632098,0.5,0.0,0.0,0.6654072727618794,0.5565714766160461,0.687067281387671,0.6635613651017092,0.8647784659188136,0.5838737688753862,0.550909840648211,0.645906194631623,False,1,0.645906194631623,281
1159_25.png,00095,"photorealistic orange juice still life, single clear glass, pale creamy orange juice, tiny orange garnish on the rim, scattered tiny citrus pieces on brown tabletop, realistic food photography",1,"[0, 0, 0, 2, 1, 1]",0.9396195411682129,0.4441991150379181,0.022614028304815292,0.1503796139934376,0.6204695286619965,0.8176665129484952,0.0711660368709667,0.9288339631290333,0.9810587467772657,0.8892535672774377,0.8892535672774377,0.5,0.0,0.0,0.8114631280975961,0.5091825851540703,0.6330808996743262,0.5090574217390137,0.8262152607107872,0.5717734319047094,0.670364643126382,0.6449935222351789,False,1,0.6449935222351789,282
1159_25.png,00101,"photorealistic orange juice still life, single clear glass, pale orange juice, small orange garnish on the rim, scattered tiny citrus pieces on brown tabletop, soft depth of field",1,"[0, 0, 1, 0, 1, 2]",0.9390236139297485,0.41516220569610596,0.025300396606326103,0.15906098392228718,0.6190925163497069,0.7650847258391203,0.06737470923641467,0.9326252907635854,0.9755721626676015,0.8658214109283794,0.8658214109283794,0.5,0.0,0.0,0.8061770574594503,0.5877993829217569,0.5565336175789077,0.5058121662712848,0.6568342599571093,0.7106592308398705,0.553502986360716,0.6442526196471363,False,1,0.6442526196471363,283
1159_25.png,00771,"realistic orange juice still life, clear cylindrical glass, pale orange juice, small orange garnish on the rim, orange halves and tiny cubes on a smooth brown surface, warm realistic product photo",1,"[1, 2, 1, 0, 2, 0]",0.9329951405525208,0.4498981237411499,0.019779430702328682,0.1406393639857941,0.7000008135902188,0.7900554515697338,0.07005408935912628,0.9299459106408737,0.9860051746407427,0.8782070568588345,0.8782070568588345,0.5,0.0,0.0,0.7527025155097902,0.49375264357784665,0.7189647718195826,0.6964917205941014,0.7372721215497371,0.6125068460123421,0.7757212263198465,0.6441662560474078,False,1,0.6441662560474078,284
1159_25.png,00356,"realistic orange juice still life, single clear glass, pale orange juice, orange slice on the rim, scattered pale citrus cubes on brown tabletop, soft depth of field",1,"[1, 0, 1, 1, 0, 2]",0.9197904467582703,0.4200598895549774,0.022368846461176872,0.14956218259030882,0.6800416549046224,0.8313994231047453,0.07206257763115671,0.9279374223688432,0.985411502511668,0.8959901387285643,0.8959901387285643,0.5,0.0,0.0,0.6355725378108964,0.5745390108576917,0.6402885354186592,0.6494532386011536,0.8704528987486025,0.5389309050225272,0.7630762896538679,0.6434219344401739,False,1,0.6434219344401739,285
1159_25.png,00617,"photorealistic orange juice still life, clear cylindrical glass, pale orange juice, small orange garnish on the rim, small pale citrus cubes in foreground, warm realistic product photo",1,"[0, 2, 1, 0, 3, 0]",0.9526293277740479,0.4874148368835449,0.02423810586333275,0.15568592056872949,0.6325445909410753,0.8371457700376158,0.07069299649038606,0.9293070035096139,0.9908676622872733,0.9001465802027466,0.9001465802027466,0.5,0.0,0.0,0.926864214919641,0.3921769622508784,0.5862929676275843,0.5375151642984768,0.8889635285250844,0.5891020823190892,0.8792899224372079,0.6428745337883048,False,1,0.6428745337883048,286
1159_25.png,00344,"realistic orange juice still life, single clear glass, pale creamy orange juice, orange slice on the rim, orange halves and tiny cubes on a smooth brown surface, realistic food photography",1,"[1, 0, 0, 1, 2, 1]",0.9491409063339233,0.473588764667511,0.021833792328834534,0.14776262155509604,0.6646110212405504,0.8055691189236112,0.07159608869445928,0.9284039113055407,0.9793157091263305,0.8833106142978303,0.8833106142978303,0.5,0.0,0.0,0.8959207692136878,0.4296107507623913,0.6561560203132477,0.6130872977726441,0.7872460887010154,0.5560195596872384,0.6332387623193366,0.6421332447384756,False,1,0.6421332447384756,287
1159_25.png,00895,"photorealistic citrus drink still life, clear cylindrical glass, pale creamy orange juice, small orange garnish on the rim, scattered tiny citrus pieces on brown tabletop, warm realistic product photo",1,"[3, 2, 0, 0, 1, 0]",0.9236645698547363,0.43196406960487366,0.019414149224758148,0.139334666270667,0.699973112549811,0.8105542218243634,0.07123889529647617,0.9287611047035238,0.9756736804389936,0.8849505225549956,0.8849505225549956,0.5,0.0,0.0,0.6699372840869077,0.5423087034046459,0.7304688391347184,0.6964264365352422,0.8033045333566353,0.5691044458366552,0.5556652670655983,0.6419165097146154,False,1,0.6419165097146154,288
1159_25.png,00317,"photorealistic orange juice still life, clear cylindrical glass, pale orange juice, tiny orange garnish on the rim, scattered pale citrus cubes on brown tabletop, warm realistic product photo",1,"[0, 2, 1, 2, 0, 0]",0.935920000076294,0.44935986399650574,0.0215787161141634,0.1468969574707502,0.6751109027616512,0.800050523546007,0.070367655711132,0.929632344288868,0.9825011455083,0.881894285198467,0.881894285198467,0.5,0.0,0.0,0.7786469816314597,0.49520997007885426,0.6637889438503597,0.6378327540134832,0.7694691119339677,0.6010201275022844,0.7010870565727488,0.6410283384487244,False,1,0.6410283384487244,289
1159_25.png,00515,"photorealistic orange juice still life, single clear glass, light creamy orange juice, orange slice on the rim, scattered tiny citrus pieces on brown tabletop, soft depth of field",1,"[0, 0, 2, 1, 1, 2]",0.9347128868103027,0.4099467992782593,0.021980272606015205,0.14825745379580482,0.7031127199301124,0.7219294795283565,0.07548397565162372,0.9245160243483763,0.9795385481868082,0.8443565839470537,0.8443565839470537,0.5,0.0,0.0,0.7679394898767359,0.6019199818739923,0.6517928767737047,0.7038256645061992,0.5178188477824746,0.4135965516374041,0.6379851293263893,0.6410189419963466,False,1,0.6410189419963466,290
1159_25.png,00881,"photorealistic citrus drink still life, single clear glass, light creamy orange juice, small orange garnish on the rim, scattered tiny citrus pieces on brown tabletop, warm realistic product photo",1,"[3, 0, 2, 0, 1, 0]",0.9266015887260437,0.43545517325401306,0.020757846534252167,0.14407583605258784,0.6904839899170604,0.8157975938585068,0.06970614674018491,0.9302938532598151,0.9725619152499935,0.887224148927262,0.887224148927262,0.5,0.0,0.0,0.6959896076210779,0.5328566165334301,0.6886639553740443,0.6740630728724428,0.8201949368839948,0.625252853024466,0.48938613451539303,0.6405055949145049,False,1,0.6405055949145049,291
1159_25.png,00202,"orange juice still life, single tall clear glass, pale creamy orange juice, orange slice on the rim, scattered pale citrus cubes on brown tabletop, warm realistic product photo",1,"[2, 1, 0, 1, 0, 0]",0.9360527396202087,0.4212579131126404,0.023406293243169785,0.1529911541337269,0.6472604380372604,0.7780614782262733,0.07253412036771348,0.9274658796322865,0.9746403990225956,0.8696688028776424,0.8696688028776424,0.5,0.0,0.0,0.7798244250512587,0.5712953882446579,0.6100538542355742,0.5721965413819916,0.6986360971844474,0.5216571170486511,0.5336568596828054,0.6403169539842837,False,1,0.6403169539842837,292
1159_25.png,00998,"photorealistic orange juice still life, single clear glass, soft pale orange juice, orange slice on the rim, scattered tiny citrus pieces on brown tabletop, soft depth of field",1,"[0, 0, 3, 1, 1, 2]",0.9416418671607971,0.42757323384284973,0.022931339219212532,0.15143097179643447,0.6848225427060824,0.7200922082971642,0.07207026042264385,0.9279297395773561,0.9846745832376066,0.84575181923332,0.84575181923332,0.5,0.0,0.0,0.8294018249051225,0.5541967953179644,0.6238106366871705,0.6607205323935302,0.5119004707758513,0.5386494651849318,0.7473802562844576,0.6399716643237238,False,1,0.6399716643237238,293
1159_25.png,00500,"photorealistic orange juice still life, single clear glass, pale orange juice, tiny orange garnish on the rim, scattered tiny citrus pieces on brown tabletop, soft depth of field",1,"[0, 0, 1, 2, 1, 2]",0.9393284320831299,0.42149609327316284,0.02475827746093273,0.1573476325240794,0.6242123036993499,0.7634706850405092,0.06932191303958733,0.9306780869604127,0.9768400606411519,0.8646671508326039,0.8646671508326039,0.5,0.0,0.0,0.8088808947512565,0.5706505206627934,0.571640955923211,0.5178781570701705,0.6516349721284672,0.6393282929835385,0.580508615881267,0.6388661652540143,False,1,0.6388661652540143,294
1159_25.png,00387,"realistic orange juice still life, single tall clear glass, pale orange juice, tiny orange garnish on the rim, scattered pale citrus cubes on brown tabletop, warm realistic product photo",1,"[1, 1, 1, 2, 0, 0]",0.9365580081939697,0.45841437578201294,0.022856950759887695,0.15118515390040022,0.6774232407747779,0.82305908203125,0.06979869496069455,0.9302013050393054,0.9816487200071977,0.892276787679259,0.892276787679259,0.5,0.0,0.0,0.7843063235109068,0.47069507720417303,0.6259781162423621,0.6432823258970196,0.8435862706760893,0.621862580596315,0.6829307949832009,0.6386995482465535,False,1,0.6386995482465535,295
1159_25.png,00721,"realistic orange juice still life, single clear glass, muted orange juice, small orange garnish on the rim, scattered tiny citrus pieces on brown tabletop, warm realistic product photo",1,"[1, 0, 4, 0, 1, 0]",0.9505566954612732,0.48513370752334595,0.020610155537724495,0.14356237507691386,0.6306559011188494,0.8272241663049767,0.07021390771042965,0.9297860922895703,0.9733238621158696,0.8923407795617632,0.8923407795617632,0.5,0.0,0.0,0.9084792845035334,0.3983530701651755,0.693191356287959,0.533064019658941,0.8570032004019612,0.6066523007066323,0.5056152437997753,0.6386299441031108,False,1,0.6386299441031108,296
1159_25.png,00625,"photorealistic orange juice still life, clear cylindrical glass, light creamy orange juice, small orange garnish on the rim, scattered tiny citrus pieces on brown tabletop, realistic food photography",1,"[0, 2, 2, 0, 1, 1]",0.9461851119995117,0.46844589710235596,0.021834805607795715,0.14776605025443332,0.6511300466489315,0.8086869981553818,0.072298493514155,0.927701506485845,0.9791840663499828,0.8844414897099642,0.8844414897099642,0.5,0.0,0.0,0.8697019011455092,0.44353495235548535,0.6561257880322204,0.5813161900539169,0.7972896709666373,0.5302887171005195,0.6304348332010121,0.6381378020985795,False,1,0.6381378020985795,297
1159_25.png,00016,"photorealistic orange juice still life, single clear glass, pale orange juice, orange slice on the rim, scattered pale citrus cubes on brown tabletop, warm realistic product photo",1,"[0, 0, 1, 1, 0, 0]",0.9331459999084473,0.436271071434021,0.021716706454753876,0.1473658931189774,0.6378686257597439,0.7925160725911459,0.07035008723879518,0.9296499127612048,0.9827125328155714,0.8785522086955515,0.8785522086955515,0.5,0.0,0.0,0.7540406876227275,0.5306475900333424,0.6596541414351145,0.5500625126057228,0.745198486817912,0.6016637045158695,0.7055895066315108,0.6373648540960861,False,1,0.6373648540960861,298
1159_25.png,00020,"photorealistic orange juice still life, single tall clear glass, pale creamy orange juice, orange slice on the rim, scattered pale citrus cubes on brown tabletop, warm realistic product photo",1,"[0, 1, 0, 1, 0, 0]",0.9355112910270691,0.4412156045436859,0.022822609171271324,0.1510715366019401,0.6669455472340121,0.8272349039713541,0.07577083235837594,0.9242291676416241,0.9704227543011076,0.8898204663218994,0.8898204663218994,0.5,0.0,0.0,0.7750215979181404,0.5172603746461176,0.6269799276462564,0.6185891608839769,0.8570377895016618,0.40308827413215553,0.4438230140786009,0.63697661466825,False,1,0.63697661466825,299
1159_25.png,00847,"orange juice still life, single tall clear glass, light creamy orange juice, orange slice on the rim, scattered pale citrus cubes on brown tabletop, warm realistic product photo",1,"[2, 1, 2, 1, 0, 0]",0.9382457733154297,0.43139153718948364,0.023705260828137398,0.15396512861079095,0.6598563498927845,0.7855247214988426,0.0737801125744528,0.9262198874255472,0.972262618872645,0.8721156090479497,0.8721156090479497,0.5,0.0,0.0,0.7992773553362454,0.5438588224130538,0.6014659125097181,0.601881789259118,0.7226773419551212,0.4760133110312296,0.4830112626785978,0.6361871189008779,False,1,0.6361871189008779,300
1159_25.png,00652,"photorealistic orange juice still life, straight clear glass, light creamy orange juice, orange slice on the rim, scattered pale citrus cubes on brown tabletop, warm realistic product photo",1,"[0, 3, 2, 1, 0, 0]",0.9440521597862244,0.4463983178138733,0.022409474477171898,0.14969794413141382,0.6301448411501832,0.784616540979456,0.07348641683883635,0.9265135831611636,0.9764845109910778,0.872654099745378,0.872654099745378,0.5,0.0,0.0,0.8507819133693493,0.5032282916770285,0.6390914689337788,0.5318595858693159,0.7197518323120444,0.48677211924215824,0.572935575836747,0.6361265784099003,False,1,0.6361265784099003,301
1159_25.png,00029,"photorealistic orange juice still life, single clear glass, pale creamy orange juice, small orange garnish on the rim, scattered pale citrus cubes on brown tabletop, soft realistic product photo",1,"[0, 0, 0, 0, 0, 3]",0.9601750373840332,0.489501416683197,0.02249830961227417,0.14999436526841323,0.6400467256938634,0.7804085060402199,0.07007569264706014,0.9299243073529398,0.9784774449134666,0.8723528242743211,0.8723528242743211,0.5,0.0,0.0,0.9937971413555985,0.38652759302206796,0.636477799365623,0.5551957206804629,0.7061965461873709,0.6117154636277179,0.6153841294977792,0.6360659403776825,False,1,0.6360659403776825,302
1159_25.png,00041,"photorealistic orange juice still life, single clear glass, pale orange juice, small orange garnish on the rim, orange halves and tiny cubes on a smooth brown surface, warm realistic product photo",1,"[0, 0, 1, 0, 2, 0]",0.9410014748573303,0.4658438563346863,0.021697012707591057,0.14729905874645316,0.6853293690395277,0.7878101490162036,0.06911437807984527,0.9308856219201547,0.9840191671434158,0.8771283681580289,0.8771283681580289,0.5,0.0,0.0,0.8237213345134203,0.45057992089559773,0.6602434481469828,0.6619149886196095,0.7300393587545007,0.6469308168139941,0.7334202022495415,0.6358060798085632,False,1,0.6358060798085632,303
1159_25.png,00609,"photorealistic orange juice still life, clear cylindrical glass, pale creamy orange juice, tiny orange garnish on the rim, scattered tiny citrus pieces on brown tabletop, realistic food photography",1,"[0, 2, 0, 2, 1, 1]",0.9493992924690247,0.4686879813671112,0.022640375420451164,0.15046719051159016,0.6370802930090375,0.8020177770543983,0.07241917097934429,0.9275808290206558,0.9765328844680861,0.8808678667253259,0.8808678667253259,0.5,0.0,0.0,0.8982127392293271,0.44287951449669105,0.6323087007593047,0.5482046198717311,0.775806199094858,0.5258680001955651,0.5739659081079216,0.6350736648494387,False,1,0.6350736648494387,304
1159_25.png,00246,"photorealistic orange juice still life, single clear glass, pale orange juice, paired orange slices on the rim, scattered pale citrus cubes on brown tabletop, warm realistic product photo",1,"[0, 0, 1, 4, 0, 0]",0.9448972940444946,0.46902206540107727,0.02086094580590725,0.14443318803483932,0.6540902894891105,0.788863570601852,0.07146964651036716,0.9285303534896329,0.9829611611990129,0.8765664627320074,0.8765664627320074,0.5,0.0,0.0,0.8582785322509525,0.4419749892723792,0.6855130329715952,0.5882927030285345,0.7334327314829988,0.5606514526412288,0.7108851740681529,0.6347701505053224,False,1,0.6347701505053224,305
1159_25.png,00336,"photorealistic orange juice still life, single central clear glass, pale creamy orange juice, small orange garnish on the rim, scattered pale citrus cubes on brown tabletop, warm realistic product photo",1,"[0, 5, 0, 0, 0, 0]",0.9491636753082275,0.4743216037750244,0.021458759903907776,0.14648808792494963,0.6336317301007302,0.8032333939163774,0.07347899302123737,0.9265210069787626,0.9813764930234219,0.882012678309621,0.882012678309621,0.5,0.0,0.0,0.8961227375057234,0.4276266048867601,0.6673941182317226,0.5400772650658883,0.7797220492767237,0.48704407221952395,0.6771324884769128,0.6346321209850375,False,1,0.6346321209850375,306
1159_25.png,00413,"orange juice still life, single clear glass, pale creamy orange juice, orange slice on the rim, orange halves and tiny cubes on a smooth brown surface, warm realistic product photo",1,"[2, 0, 0, 1, 2, 0]",0.8990287184715271,0.40769442915916443,0.019864466041326523,0.14094135674572783,0.7179025752415582,0.8401528817635996,0.06748068308485691,0.9325193169151431,0.9830515432859195,0.9010608663711038,0.9010608663711038,0.5,0.0,0.0,0.45140917824283355,0.60801822477121,0.7163019749136932,0.7386814594675267,0.8986502969201137,0.7067771441341475,0.7128102699395965,0.6342830387193568,False,1,0.6342830387193568,307
1159_25.png,00977,"photorealistic orange juice still life, single clear glass, light creamy orange juice, orange slice on the rim, scattered pale citrus cubes on brown tabletop, clean studio product photo",1,"[0, 0, 2, 1, 0, 4]",0.9398891925811768,0.4494825005531311,0.022654939442873,0.150515578738126,0.650919477397982,0.7864696361400463,0.06857373483802723,0.9314262651619728,0.9752839295299348,0.8749673149756984,0.8749673149756984,0.5,0.0,0.0,0.8138550248336405,0.49487793428063453,0.63188204145817,0.5808199337700183,0.7257211827287521,0.6667359288529799,0.5473637563171696,0.6340881439971049,False,1,0.6340881439971049,308
1159_25.png,00148,"photorealistic orange juice still life, clear cylindrical glass, pale orange juice, orange slice on the rim, scattered pale citrus cubes on brown tabletop, warm realistic product photo",1,"[0, 2, 1, 1, 0, 0]",0.939397931098938,0.4540799558162689,0.021634604781866074,0.1470870653112165,0.6379058606914516,0.7952654803240741,0.06893523374919512,0.9310647662508049,0.9772351133259696,0.8791891569988088,0.8791891569988088,0.5,0.0,0.0,0.8094973738834907,0.48243042458139684,0.6621126832357342,0.550150265536206,0.7540551168201328,0.6534933210039029,0.5889230519556538,0.6338088779686019,False,1,0.6338088779686019,309
1159_25.png,00282,"photorealistic orange juice still life, single tall clear glass, pale orange juice, small orange garnish on the rim, scattered pale citrus cubes on brown tabletop, soft realistic product photo",1,"[0, 1, 1, 0, 0, 3]",0.9233308434486389,0.43158674240112305,0.022666458040475845,0.1505538376809965,0.6519731747439884,0.8148085982711226,0.06720112756653437,0.9327988724334656,0.9843804069353337,0.8900195559607849,0.8900195559607849,0.5,0.0,0.0,0.6669770210840092,0.543330308566556,0.6315446963022113,0.5833032209875255,0.8170090987536998,0.7170179608747294,0.7411144396346672,0.633748031064703,False,1,0.633748031064703,310
1159_25.png,00848,"orange juice still life, single tall clear glass, soft pale orange juice, small orange garnish on the rim, scattered pale citrus cubes on brown tabletop, warm realistic product photo",1,"[2, 1, 3, 0, 0, 0]",0.9340698719024658,0.4446943998336792,0.023187413811683655,0.15227414032488792,0.6647957546794595,0.8256621184172453,0.07511907279574218,0.9248809272042579,0.9769837020226212,0.8906530182137748,0.8906530182137748,0.5,0.0,0.0,0.7622357361215532,0.5078416123884291,0.6163760659073882,0.6135226658498514,0.8519713966350265,0.42696385448165347,0.5835681096360499,0.6332510207316483,False,1,0.6332510207316483,311
1159_25.png,00320,"photorealistic orange juice still life, clear cylindrical glass, light creamy orange juice, orange slice on the rim, scattered pale citrus cubes on brown tabletop, warm realistic product photo",1,"[0, 2, 2, 1, 0, 0]",0.9377669095993042,0.4488323926925659,0.021966353058815002,0.148210502525344,0.6534423185810747,0.790281507703993,0.07107815178379871,0.9289218482162013,0.9787552310707844,0.8765003715566242,0.8765003715566242,0.5,0.0,0.0,0.7950296766498218,0.49663808711231494,0.6522068658300584,0.5867656062019737,0.7380003131223758,0.5749928821138046,0.6213008437815456,0.6329519810913373,False,1,0.6329519810913373,312
1159_25.png,00199,"orange juice still life, single clear glass, light creamy orange juice, small orange garnish on the rim, scattered pale citrus cubes on brown tabletop, warm realistic product photo",1,"[2, 0, 2, 0, 0, 0]",0.9563997983932495,0.48187077045440674,0.022625435143709183,0.15041753602459118,0.6445128315150612,0.7758156105324073,0.07086791440237482,0.9291320855976252,0.97887148660992,0.8700875520207361,0.8700875520207361,0.5,0.0,0.0,0.9603095296253646,0.4071874010045152,0.6327465252103723,0.565721156224027,0.6914015139102792,0.5826944023989392,0.6237770319962916,0.6328413910162132,False,1,0.6328413910162132,313
1159_25.png,00632,"photorealistic orange juice still life, clear cylindrical glass, soft pale orange juice, orange slice on the rim, scattered pale citrus cubes on brown tabletop, warm realistic product photo",1,"[0, 2, 3, 1, 0, 0]",0.9384936094284058,0.4447089433670044,0.021009493619203568,0.1449465198588899,0.6411698538304074,0.7762993706597222,0.07267923171093099,0.927320768289069,0.9794988464795066,0.8697967549939505,0.8697967549939505,0.5,0.0,0.0,0.8014757431851562,0.5078022360896366,0.6809867708417469,0.5578426379908964,0.6929598438757266,0.5163413261753805,0.6371395016646317,0.6324465836908811,False,1,0.6324465836908811,314
1159_25.png,00237,"photorealistic orange juice still life, single clear glass, pale orange juice, orange slice on the rim, scattered pale citrus cubes on brown tabletop, soft realistic product photo",1,"[0, 0, 1, 1, 0, 3]",0.9393281936645508,0.4528043866157532,0.022993652150034904,0.151636579195242,0.6170202649202869,0.804001419632523,0.07009766793111437,0.9299023320688856,0.9829991144446711,0.8838662779476796,0.8838662779476796,0.5,0.0,0.0,0.808878779900031,0.48588400032856616,0.6219977099617324,0.5009284152533637,0.7821960801447639,0.6109104540962587,0.71169356032062,0.6315026880998091,False,1,0.6315026880998091,315
1159_25.png,00831,"orange juice still life, single tall clear glass, pale creamy orange juice, small orange garnish on the rim, orange halves and tiny cubes on a smooth brown surface, realistic food photography",1,"[2, 1, 0, 0, 2, 1]",0.9398597478866577,0.4450756013393402,0.024623928591609,0.15692013443662672,0.6786211398303549,0.7613887080439815,0.0688267500228023,0.9311732499771977,0.9823089236406558,0.8649973408399421,0.8649973408399421,0.5,0.0,0.0,0.8135938407072908,0.506809517638726,0.5754103859744227,0.6461054585772458,0.644928327744463,0.6574673508066085,0.6969928213490643,0.6311874475319462,False,1,0.6311874475319462,316
1159_25.png,00955,"photorealistic orange juice still life, single clear glass, pale orange juice, orange slice on the rim, minimal citrus pieces on brown studio surface, realistic food photography",1,"[0, 0, 1, 1, 4, 1]",0.9283897280693054,0.4197222590446472,0.0240487027913332,0.15507644176770757,0.6367759395031599,0.7912286829065392,0.07100648921959497,0.928993510780405,0.9792233704061183,0.877045310162308,0.877045310162308,0.5,0.0,0.0,0.7118509918123535,0.5754531380892909,0.5916669980047444,0.5474873387913395,0.7410514358117328,0.577618060795931,0.6312719910802681,0.6308939589907628,False,1,0.6308939589907628,317
1159_25.png,00376,"realistic orange juice still life, single tall clear glass, pale creamy orange juice, orange slice on the rim, scattered pale citrus cubes on brown tabletop, soft depth of field",1,"[1, 1, 0, 1, 0, 2]",0.9449571371078491,0.44091248512268066,0.026744786649942398,0.16353833388518546,0.621139788685213,0.7998838071469908,0.07361465794406256,0.9263853420559375,0.973396237267258,0.8788618303891755,0.8788618303891755,0.5,0.0,0.0,0.8588093599085538,0.5180810638572215,0.5170549438835335,0.5106370481415744,0.7689320706491465,0.482074327314776,0.5071568004278805,0.6308786056664133,False,1,0.6308786056664133,318
1159_25.png,00161,"realistic orange juice still life, single clear glass, pale creamy orange juice, orange slice on the rim, orange halves and tiny cubes on a smooth brown surface, warm realistic product photo",1,"[1, 0, 0, 1, 2, 0]",0.944269597530365,0.4755714535713196,0.023579655215144157,0.15355668404580816,0.6678164173333535,0.8190827546296297,0.07210005014866872,0.9278999498513313,0.9825389236214292,0.8898600067555852,0.8898600067555852,0.5,0.0,0.0,0.8527106576870084,0.42424266386470955,0.6050673396568529,0.6206415724175165,0.8307773809133706,0.5375581931299093,0.7018917125848538,0.6304167947776176,False,1,0.6304167947776176,319
1159_25.png,00068,"realistic orange juice still life, single clear glass, pale creamy orange juice, orange slice on the rim, scattered tiny citrus pieces on brown tabletop, warm realistic product photo",1,"[1, 0, 0, 1, 1, 0]",0.9395841360092163,0.463198184967041,0.022705605253577232,0.15068379227235168,0.6568357316132755,0.8225747567635996,0.07528413134413495,0.9247158686558651,0.9828435938624355,0.8903779133456597,0.8903779133456597,0.5,0.0,0.0,0.8111490726906089,0.45774301833208775,0.6303988321303597,0.5947629872701948,0.8420261202317105,0.42091734767077044,0.708381045185892,0.6299349132996753,False,1,0.6299349132996753,320
1159_25.png,00938,"photorealistic orange juice still life, single clear glass, pale creamy orange juice, small orange wedge on the rim, minimal citrus pieces on brown studio surface, warm realistic product photo",1,"[0, 0, 0, 3, 4, 0]",0.9428180456161499,0.43890702724456787,0.025852525606751442,0.16078720597967813,0.5652712206887488,0.7956842493127892,0.07078137954064277,0.9292186204593572,0.9840144927158166,0.8800873278946935,0.8800873278946935,0.5,0.0,0.0,0.8398349147133372,0.523510797255472,0.5413127932309756,0.37896954295910634,0.7554040917084461,0.5858643904785421,0.7333206391438378,0.6297804001132201,False,1,0.6297804001132201,321
1159_25.png,00425,"orange juice still life, single clear glass, light creamy orange juice, orange slice on the rim, scattered pale citrus cubes on brown tabletop, warm realistic product photo",1,"[2, 0, 2, 1, 0, 0]",0.9426026940345764,0.4356881380081177,0.024126434698700905,0.15532686405995874,0.6365404491755503,0.7952722620081017,0.08194452196973341,0.9180554780302665,0.9748679337100311,0.8741655219562453,0.8741655219562453,0.5,0.0,0.0,0.8379246753439012,0.532225869550518,0.5894589195557166,0.546932350091201,0.7540769625673117,0.17693060676600897,0.5385032413319151,0.629293697246819,False,1,0.629293697246819,322
1159_25.png,00579,"photorealistic orange juice still life, single tall clear glass, light creamy orange juice, small orange garnish on the rim, scattered pale citrus cubes on brown tabletop, soft realistic product photo",1,"[0, 1, 2, 0, 0, 3]",0.9014337062835693,0.41407865285873413,0.01883561536669731,0.1372429064348949,0.7150856045181111,0.8256745515046298,0.06687198732399555,0.9331280126760044,0.9778344567993489,0.8937152439735547,0.8937152439735547,0.5,0.0,0.0,0.4727422112672929,0.5907330785600733,0.7489127634850234,0.7320426011500591,0.8520114471715221,0.7290751898860435,0.6016887855835088,0.6287374456321868,False,1,0.6287374456321868,323
1159_25.png,00106,"photorealistic orange juice still life, single clear glass, pale orange juice, orange slice on the rim, orange halves and tiny cubes on a smooth brown surface, warm realistic product photo",1,"[0, 0, 1, 1, 2, 0]",0.9411866068840027,0.4546928405761719,0.022269723936915398,0.14923043904282865,0.6768729262842718,0.7787221272786459,0.07652164507758262,0.9234783549224174,0.9827653130748168,0.8701954441132,0.8701954441132,0.5,0.0,0.0,0.8253635164900237,0.48077105248166707,0.6432136575042773,0.6419853795347056,0.7007642370554845,0.37558412930241714,0.7067137012882708,0.6282794119365988,False,1,0.6282794119365988,324
1159_25.png,00892,"photorealistic citrus drink still life, single tall clear glass, pale orange juice, orange slice on the rim, scattered pale citrus cubes on brown tabletop, warm realistic product photo",1,"[3, 1, 1, 1, 0, 0]",0.9302552938461304,0.4542388319969177,0.022020243108272552,0.14839219355570074,0.6517873011700791,0.8226114908854166,0.07004290128230964,0.9299570987176904,0.9844402367908505,0.8925482028077992,0.8925482028077992,0.5,0.0,0.0,0.7283991739391114,0.4820002707927433,0.6506048197625702,0.582865165912308,0.8421444513622641,0.6129166932049372,0.742388787370889,0.6281673481274543,False,1,0.6281673481274543,325
1159_25.png,00335,"photorealistic orange juice still life, single minimalist clear glass, pale orange juice, small orange garnish on the rim, scattered pale citrus cubes on brown tabletop, warm realistic product photo",1,"[0, 4, 1, 0, 0, 0]",0.9494595527648926,0.477175772190094,0.021658683195710182,0.1471688934378124,0.6370685062836532,0.7898842140480324,0.07025884528213851,0.9297411547178615,0.9750427262228488,0.8758658457174359,0.8758658457174359,0.5,0.0,0.0,0.8987472678765731,0.4198990062487281,0.6613911703015762,0.5481768416633167,0.7367205164334633,0.6050061252370913,0.5422262395088923,0.627945041154706,False,1,0.627945041154706,326
1159_25.png,00417,"orange juice still life, single clear glass, pale orange juice, small orange garnish on the rim, scattered pale citrus cubes on brown tabletop, soft depth of field",1,"[2, 0, 1, 0, 0, 2]",0.941902220249176,0.45176705718040466,0.026406245306134224,0.16249998555733544,0.6192350487975644,0.8118709988064237,0.06929967496133103,0.930700325038669,0.9775963716987546,0.8866063375661757,0.8866063375661757,0.5,0.0,0.0,0.8317112424433722,0.4886925471155974,0.5262104968684498,0.5061480777236446,0.8075462492672572,0.6401429293228676,0.5966176851044943,0.6279040310526841,False,1,0.6279040310526841,327
1159_25.png,00353,"realistic orange juice still life, single clear glass, pale orange juice, small orange garnish on the rim, scattered tiny citrus pieces on brown tabletop, soft depth of field",1,"[1, 0, 1, 0, 1, 2]",0.9401867389678955,0.4296291470527649,0.02598433569073677,0.16119657468673698,0.6023353632372505,0.7866696958188658,0.07161697325909032,0.9283830267409097,0.9731527524047751,0.8735659729587629,0.8735659729587629,0.5,0.0,0.0,0.8164943591630688,0.5486304552109933,0.5377032175353085,0.4663199683610502,0.7263656322705379,0.5552545059319902,0.5019706875645059,0.6278937139765252,False,1,0.6278937139765252,328
1159_25.png,00314,"photorealistic orange juice still life, clear cylindrical glass, pale orange juice, small orange garnish on the rim, orange halves and tiny cubes on a smooth brown surface, warm realistic product photo",1,"[0, 2, 1, 0, 2, 0]",0.9437093734741211,0.4686427116394043,0.02081335335969925,0.1442683380361029,0.6947863308473526,0.7571348967375581,0.07473264516909693,0.925267354830903,0.9899501073839027,0.8625442991994977,0.8625442991994977,0.5,0.0,0.0,0.8477412860198817,0.4430020812955964,0.6869665845953743,0.684202557685654,0.6312255828263305,0.44111966343050957,0.8597464352622858,0.6277725150719311,False,1,0.6277725150719311,329
1159_25.png,00304,"photorealistic orange juice still life, clear cylindrical glass, pale creamy orange juice, small orange garnish on the rim, orange halves and tiny cubes on a smooth brown surface, realistic food photography",1,"[0, 2, 0, 0, 2, 1]",0.9392069578170776,0.4577186703681946,0.021750733256340027,0.1474812979883891,0.6897792427995352,0.7610959653501158,0.06954874370475234,0.9304512562952476,0.9812512446402387,0.8644013730389365,0.8644013730389365,0.5,0.0,0.0,0.8078033780518625,0.4725786844152644,0.658636568267925,0.6724021694686729,0.6439853196578957,0.6310189192783131,0.6744647569205469,0.627660670489802,False,1,0.627660670489802,330
1159_25.png,00313,"photorealistic orange juice still life, clear cylindrical glass, pale orange juice, small orange garnish on the rim, scattered tiny citrus pieces on brown tabletop, realistic food photography",1,"[0, 2, 1, 0, 1, 1]",0.9420990347862244,0.4634288251399994,0.022164663299918175,0.14887801483065985,0.6716390669895527,0.7833071108217592,0.07101800743047336,0.9289819925695266,0.9771189937503096,0.873055696019188,0.873055696019188,0.5,0.0,0.0,0.8334570521300253,0.45711856510185145,0.6463211296898008,0.6296505511951759,0.7155337826275333,0.5771961199682448,0.5864497596988845,0.6274029176325633,False,1,0.6274029176325633,331
1159_25.png,00118,"photorealistic orange juice still life, single clear glass, soft pale orange juice, orange slice on the rim, scattered pale citrus cubes on brown tabletop, warm realistic product photo",1,"[0, 0, 3, 1, 0, 0]",0.934380292892456,0.44243693351745605,0.021588459610939026,0.1469301181206189,0.6421205380656047,0.7842294198495372,0.07321399145989317,0.9267860085401068,0.9817526347803509,0.8736288688773992,0.8736288688773992,0.5,0.0,0.0,0.7649892724171586,0.5139536531280515,0.6634965524834706,0.5600831504284561,0.7185048042439008,0.4967517411719351,0.6851441306963489,0.6273418416397172,False,1,0.6273418416397172,332
1159_25.png,00082,"orange juice still life, single clear glass, pale orange juice, small orange garnish on the rim, scattered pale citrus cubes on brown tabletop, warm realistic product photo",1,"[2, 0, 1, 0, 0, 0]",0.9341883063316345,0.45580780506134033,0.020342210307717323,0.14262612070626238,0.6502665004756221,0.797964025426794,0.07214100828372595,0.9278589917162741,0.9823216609328641,0.880298790729326,0.880298790729326,0.5,0.0,0.0,0.763286288467822,0.47775231049308975,0.7014467040050474,0.5792810390857247,0.7627479037185102,0.5360577943623444,0.6972641196724688,0.6272184753128205,False,1,0.6272184753128205,333
1159_25.png,00935,"photorealistic orange juice still life, single clear glass, pale creamy orange juice, small orange wedge on the rim, scattered tiny citrus pieces on brown tabletop, soft realistic product photo",1,"[0, 0, 0, 3, 1, 3]",0.9441736936569214,0.4725807309150696,0.022976191714406013,0.15157899496436178,0.6927011499773675,0.7955305311414932,0.07479042186117336,0.9252095781388266,0.9826586414434033,0.878343819650942,0.878343819650942,0.5,0.0,0.0,0.8518599587815496,0.43233998012787933,0.6225054542925884,0.6792883353805016,0.7549089214390524,0.43900315892012837,0.7044416457929538,0.6269335501902548,False,1,0.6269335501902548,334
1159_25.png,00307,"photorealistic orange juice still life, clear cylindrical glass, pale creamy orange juice, orange slice on the rim, scattered tiny citrus pieces on brown tabletop, realistic food photography",1,"[0, 2, 0, 1, 1, 1]",0.9413785934448242,0.45089271664619446,0.02311507798731327,0.1520364363806034,0.6354945764176538,0.7873580367476852,0.07442774021171583,0.9255722597882842,0.9798792583993355,0.8742372591422249,0.8742372591422249,0.5,0.0,0.0,0.8270665004393604,0.491059805013087,0.618472001344706,0.5444675033677401,0.7285829756092232,0.4522890934262822,0.6452420963421315,0.6262009790457574,False,1,0.6262009790457574,335
1159_25.png,00734,"realistic orange juice still life, single tall clear glass, pale creamy orange juice, tiny orange garnish on the rim, scattered tiny citrus pieces on brown tabletop, realistic food photography",1,"[1, 1, 0, 2, 1, 1]",0.9155042767524719,0.4297668933868408,0.021385686472058296,0.14623845756865153,0.6762201550291889,0.8040941026475693,0.06542327835235112,0.9345767216476488,0.9829399698216323,0.8855321927324098,0.8855321927324098,0.5,0.0,0.0,0.5975527999044087,0.5482575100203805,0.6695952138490894,0.640446969554034,0.7824946386895458,0.782145017225073,0.7104338077133612,0.6248462583728018,False,1,0.6248462583728018,336
1159_25.png,00909,"warm orange juice still life, single tall clear glass, pale creamy orange juice, small orange garnish on the rim, scattered pale citrus cubes on brown tabletop, realistic food photography",1,"[4, 1, 0, 0, 0, 1]",0.9427391290664673,0.46196773648262024,0.02345138043165207,0.15313843551392337,0.6266567226775133,0.8033571596498842,0.0725261303708797,0.9274738696291203,0.9802001271751457,0.8821666016476691,0.8821666016476691,0.5,0.0,0.0,0.8391348989576956,0.46107443072603604,0.6087552124947315,0.5236390090128196,0.7801207341627432,0.5219498105852441,0.6520764501032447,0.6247670400472266,False,1,0.6247670400472266,337
1159_25.png,00922,"photorealistic orange juice still life, single clear glass, pale creamy orange juice, small orange garnish on the rim, diced citrus pieces on warm brown tabletop, soft depth of field",1,"[0, 0, 0, 0, 5, 2]",0.9085823893547058,0.4172738194465637,0.022459909319877625,0.14986630481825333,0.6782667735637978,0.8155150236906828,0.06302885848105634,0.9369711415189437,0.9805940205140875,0.891040464295255,0.891040464295255,0.5,0.0,0.0,0.5361533816999808,0.5820822348179757,0.637606962099615,0.6452703105877475,0.8192846974181965,0.8698585964421072,0.6604661926566521,0.6246449035860075,False,1,0.6246449035860075,338
1159_25.png,00760,"realistic orange juice still life, clear cylindrical glass, pale creamy orange juice, small orange garnish on the rim, scattered tiny citrus pieces on brown tabletop, soft depth of field",1,"[1, 2, 0, 0, 1, 2]",0.9183433651924133,0.4362618327140808,0.020571192726492882,0.14342661094264508,0.695433416734841,0.8052051685474536,0.06747110773899162,0.9325288922610084,0.9761004833751784,0.8839475348127428,0.8839475348127428,0.5,0.0,0.0,0.6227364482977034,0.5306726036657721,0.6943884456378526,0.6857275687518007,0.7860737002690663,0.7071279129646927,0.5647559685363279,0.6244677079777555,False,1,0.6244677079777555,339
1159_25.png,00450,"photorealistic citrus drink still life, single clear glass, pale orange juice, orange slice on the rim, scattered pale citrus cubes on brown tabletop, warm realistic product photo",1,"[3, 0, 1, 1, 0, 0]",0.9410680532455444,0.4781431257724762,0.02145354263484478,0.14647027901538517,0.699631134174134,0.7892902515552662,0.07083585133646707,0.9291641486635329,0.9818584167393676,0.8767597485799798,0.8767597485799798,0.5,0.0,0.0,0.8243119067181421,0.41727991755506755,0.6675511468614683,0.6956204835429517,0.7348071930763544,0.5838689525708435,0.6873972365887441,0.6242080616758308,False,1,0.6242080616758308,340
1159_25.png,00399,"realistic orange juice still life, clear cylindrical glass, pale orange juice, small orange garnish on the rim, scattered tiny citrus pieces on brown tabletop, warm realistic product photo",1,"[1, 2, 1, 0, 1, 0]",0.9360008835792542,0.4585157036781311,0.02161320671439171,0.1470143078560441,0.6723742788529029,0.794265181929977,0.07284518410830981,0.9271548158916902,0.978469714266906,0.8776174602839624,0.8776174602839624,0.5,0.0,0.0,0.7793644449097117,0.47042073413881536,0.6627542162531349,0.6313832519838197,0.750832869111206,0.510262075444028,0.6152194703680037,0.6232007530486292,False,1,0.6232007530486292,341
1159_25.png,00945,"photorealistic orange juice still life, single clear glass, pale creamy orange juice, thin orange slice on the rim, orange halves and tiny cubes on a smooth brown surface, warm realistic product photo",1,"[0, 0, 0, 5, 2, 0]",0.9350593686103821,0.45630186796188354,0.022465860471129417,0.14988615837070954,0.6726448548533274,0.8042625144675926,0.07621160412569672,0.9237883958743033,0.9834468271002351,0.8819334354864699,0.8819334354864699,0.5,0.0,0.0,0.7710128974201987,0.4764146459820602,0.6374319049953887,0.6320209283771075,0.7830371414111622,0.3869417036024765,0.7212296289634036,0.6223950137605472,False,1,0.6223950137605472,342
1159_25.png,00473,"photorealistic orange juice still life, single clear glass, pale creamy orange juice, orange slice on the rim, diced citrus pieces on warm brown tabletop, warm realistic product photo",1,"[0, 0, 0, 1, 5, 0]",0.9359549880027771,0.450978547334671,0.021102536469697952,0.1452671210897289,0.6409010305458637,0.7758760805483217,0.07196917169590657,0.9280308283040934,0.9801569176868985,0.8699864096905572,0.8699864096905572,0.5,0.0,0.0,0.7789573360488024,0.4908274202989016,0.6781598952382069,0.5572090922874686,0.69159630515596,0.5423525976835053,0.6511561083598872,0.6216134639082396,False,1,0.6216134639082396,343
1159_25.png,00009,"photorealistic orange juice still life, single clear glass, pale creamy orange juice, small orange garnish on the rim, scattered tiny citrus pieces on brown tabletop, realistic food photography",1,"[0, 0, 0, 0, 1, 1]",0.9395774602890015,0.4624743163585663,0.022778311744332314,0.15092485462750102,0.6164692555837482,0.8199485496238426,0.07458026577769947,0.9254197342223005,0.9792738691019353,0.8887285281289214,0.8887285281289214,0.5,0.0,0.0,0.8110898568562948,0.4597028767775212,0.6282732841749752,0.49962983132189637,0.8335663546365775,0.44670170105833623,0.632347589510862,0.6204951387447786,False,1,0.6204951387447786,344
1159_25.png,00956,"photorealistic orange juice still life, single clear glass, pale orange juice, orange slice on the rim, diced citrus pieces on warm brown tabletop, warm realistic product photo",1,"[0, 0, 1, 1, 5, 0]",0.9436995983123779,0.46248379349708557,0.021511483937501907,0.14666793766021907,0.6272422364741784,0.8105706108940973,0.07659068270097485,0.9234093172990252,0.964954055074222,0.8809408469718469,0.8809408469718469,0.5,0.0,0.0,0.8476545771196361,0.45967721763199654,0.6658083076357812,0.5250189108721565,0.8033573272456519,0.3730551087572068,0.32734229689042016,0.6204413049399732,False,1,0.6204413049399732,345
1159_25.png,00737,"realistic orange juice still life, single tall clear glass, pale creamy orange juice, small orange wedge on the rim, scattered tiny citrus pieces on brown tabletop, warm realistic product photo",1,"[1, 1, 0, 3, 1, 0]",0.9168927073478699,0.43486323952674866,0.02113175205886364,0.14536764447036912,0.6798636992798354,0.8213732684100116,0.06807871834437496,0.931921281655625,0.9719923206253094,0.8901888834890358,0.8901888834890358,0.5,0.0,0.0,0.6098686360161278,0.5344592641699404,0.6772735384030394,0.6490338440473074,0.8381557820231345,0.6848696191677969,0.4772540373498445,0.6203591259673431,False,1,0.6203591259673431,346
1159_25.png,00206,"photorealistic citrus drink still life, single clear glass, pale creamy orange juice, small orange garnish on the rim, scattered tiny citrus pieces on brown tabletop, warm realistic product photo",1,"[3, 0, 0, 0, 1, 0]",0.9201411008834839,0.43630149960517883,0.021155945956707,0.14545083690617597,0.6883869074666772,0.8049655490451388,0.06908410976498076,0.9309158902350192,0.9726546524404193,0.882585989140653,0.882585989140653,0.5,0.0,0.0,0.6386829552508055,0.5305652064245983,0.6765399957819895,0.6691208016758486,0.7853018172020692,0.6480396207733431,0.4913613929822891,0.620287321438114,False,1,0.620287321438114,347
1159_25.png,00979,"photorealistic orange juice still life, single clear glass, light creamy orange juice, orange slice on the rim, orange halves and tiny cubes on a smooth brown surface, soft depth of field",1,"[0, 0, 2, 1, 2, 2]",0.9397280216217041,0.4352499842643738,0.023479674011468887,0.15323078676124094,0.6823685447747739,0.7051538538049767,0.06909270673496468,0.9309072932650353,0.9781308874590026,0.8387629643468025,0.8387629643468025,0.5,0.0,0.0,0.8124253854052003,0.5334121612407794,0.6079409127887843,0.6549371053803521,0.4637797511769392,0.647724692294529,0.6080026189834653,0.6202852387655807,False,1,0.6202852387655807,348
1159_25.png,00141,"photorealistic orange juice still life, clear cylindrical glass, pale creamy orange juice, small orange garnish on the rim, scattered tiny citrus pieces on brown tabletop, realistic food photography",1,"[0, 2, 0, 0, 1, 1]",0.9505001306533813,0.48112815618515015,0.02294536493718624,0.15147727531608904,0.6254451003320145,0.8019143563729746,0.07330147568830893,0.9266985243116911,0.9757063393248835,0.8803472117419071,0.8803472117419071,0.5,0.0,0.0,0.9079775360502828,0.40919801291703983,0.6234023591215262,0.5207835341514404,0.7754730514503756,0.4935469754199549,0.556360885949211,0.620266106258723,False,1,0.620266106258723,349
1159_25.png,00472,"photorealistic orange juice still life, single clear glass, pale creamy orange juice, orange slice on the rim, minimal citrus pieces on brown studio surface, realistic food photography",1,"[0, 0, 0, 1, 4, 1]",0.9178520441055298,0.41095536947250366,0.020778633654117584,0.14414795750935072,0.6915416096767188,0.7637227376302084,0.0755177650020176,0.9244822349979824,0.9783725059941056,0.8629185153817087,0.8629185153817087,0.5,0.0,0.0,0.6183782686347472,0.5991893001040406,0.6880280302215388,0.6765556041861992,0.65244690573196,0.412358763353905,0.6131489799528894,0.6201729757782001,False,1,0.6201729757782001,350
1159_25.png,00061,"photorealistic orange juice still life, clear cylindrical glass, pale creamy orange juice, orange slice on the rim, scattered pale citrus cubes on brown tabletop, warm realistic product photo",1,"[0, 2, 0, 1, 0, 0]",0.9364550113677979,0.4423232674598694,0.0228455550968647,0.15114746143043456,0.6266362343535536,0.7703309235749423,0.07012106743918799,0.929878932560812,0.9755961082803041,0.867225763661069,0.867225763661069,0.5,0.0,0.0,0.7833927077814894,0.5142614014960734,0.6263104665689789,0.5235907234275992,0.6737337658791278,0.6100532716824053,0.5540130166303264,0.6198973686181456,False,1,0.6198973686181456,351
1159_25.png,00326,"photorealistic orange juice still life, straight clear glass, pale creamy orange juice, orange slice on the rim, scattered tiny citrus pieces on brown tabletop, warm realistic product photo",1,"[0, 3, 0, 1, 1, 0]",0.9366030693054199,0.4570114314556122,0.023157043382525444,0.15217438477787726,0.648755995025775,0.7924765127676504,0.07018482683459167,0.9298151731654083,0.9793368171512223,0.87791710478358,0.87791710478358,0.5,0.0,0.0,0.784706030392527,0.47449351832232434,0.6172556524311963,0.5757211754400612,0.7450710532927,0.6077176058091728,0.6336883533053872,0.6198504277477693,False,1,0.6198504277477693,352
1159_25.png,00098,"photorealistic orange juice still life, single clear glass, pale creamy orange juice, small orange wedge on the rim, scattered tiny citrus pieces on brown tabletop, warm realistic product photo",1,"[0, 0, 0, 3, 1, 0]",0.9433618783950806,0.47615623474121094,0.022562745958566666,0.15020900758132538,0.6894085527277327,0.7997504340277777,0.07474389444549043,0.9252561055545095,0.9758762686974917,0.8789025859960766,0.8789025859960766,0.5,0.0,0.0,0.8446588903587104,0.422659381621048,0.6345852080107148,0.6715285505680912,0.7685024376212889,0.4407075743445871,0.5599803015307864,0.6198426135142497,False,1,0.6198426135142497,353
1159_25.png,00211,"photorealistic orange juice still life, single clear glass, pale creamy orange juice, small orange garnish on the rim, scattered pale citrus cubes on brown tabletop, natural product photo",1,"[0, 0, 0, 0, 0, 5]",0.9546946287155151,0.48782920837402344,0.02297932095825672,0.1515893167682232,0.5823913290184521,0.7951637550636574,0.07031288742912366,0.9296871125708763,0.9808111067958624,0.879376400537625,0.879376400537625,0.5,0.0,0.0,0.9451841136605643,0.391055060491839,0.6224144426160454,0.4193171307542381,0.7537274306124455,0.6030264264392883,0.6650900281875105,0.6198320033431579,False,1,0.6198320033431579,354
1159_25.png,00031,"photorealistic orange juice still life, single clear glass, pale creamy orange juice, small orange garnish on the rim, orange halves and tiny cubes on a smooth brown surface, realistic food photography",1,"[0, 0, 0, 0, 2, 1]",0.9458178281784058,0.47783493995666504,0.024067535996437073,0.15513715221196073,0.6880711845261221,0.7641725893373842,0.06686009265401281,0.9331399073459872,0.9814927191428078,0.86677517660148,0.86677517660148,0.5,0.0,0.0,0.8664439728326212,0.41811432391943937,0.5911316885385575,0.6683767258313704,0.6538960069615111,0.7295109213508129,0.6796080500648514,0.6195742897016493,False,1,0.6195742897016493,355
1159_25.png,00429,"orange juice still life, single tall clear glass, pale creamy orange juice, small orange garnish on the rim, orange halves and tiny cubes on a smooth brown surface, warm realistic product photo",1,"[2, 1, 0, 0, 2, 0]",0.894017219543457,0.40184712409973145,0.01929214783012867,0.1388961764417173,0.7275895536498403,0.8006473117404515,0.06745554619734499,0.932544453802655,0.9859157465954687,0.8838649984332262,0.8838649984332262,0.5,0.0,0.0,0.4069555341955582,0.6238496754924983,0.7343351879837683,0.7615111170999842,0.7713915376857344,0.7076979710954003,0.7738164510857208,0.6194552755509156,False,1,0.6194552755509156,356
1159_25.png,00013,"photorealistic orange juice still life, single clear glass, pale creamy orange juice, tiny orange garnish on the rim, scattered pale citrus cubes on brown tabletop, warm realistic product photo",1,"[0, 0, 0, 2, 0, 0]",0.9504736661911011,0.4868999421596527,0.021966395899653435,0.148210647052273,0.6311624002889413,0.7865922715928818,0.07200484649378737,0.9279951535062126,0.9819824516611839,0.875161316276208,0.875161316276208,0.5,0.0,0.0,0.9077427875642519,0.39357102846857994,0.6522055914754699,0.5342577048471352,0.7261162266569083,0.5410457407502318,0.690039121989667,0.6191035049931072,False,1,0.6191035049931072,357
1159_25.png,00332,"photorealistic orange juice still life, single minimalist clear glass, pale creamy orange juice, small orange garnish on the rim, scattered pale citrus cubes on brown tabletop, realistic food photography",1,"[0, 4, 0, 0, 0, 1]",0.947935938835144,0.4795987904071808,0.023001182824373245,0.1516614084873711,0.6064144954439702,0.8028061478226274,0.07210705409856039,0.9278929459014396,0.982633591299573,0.8825520158456008,0.8825520158456008,0.5,0.0,0.0,0.8852323111199935,0.41333873735379334,0.6217787796725716,0.47593340898122566,0.7783457672044362,0.5373016209551521,0.7039080895306743,0.6188089490952292,False,1,0.6188089490952292,358
1159_25.png,00157,"realistic orange juice still life, single clear glass, pale creamy orange juice, small orange garnish on the rim, orange halves and tiny cubes on a smooth brown surface, realistic food photography",1,"[1, 0, 0, 0, 2, 1]",0.9474380612373352,0.4747171998023987,0.024458829313516617,0.15639318819410458,0.6233117743786082,0.7927257396556713,0.07104947380349079,0.9289505261965092,0.9832754348045396,0.8785143539747383,0.8785143539747383,0.5,0.0,0.0,0.880815973048336,0.4265555372839488,0.5800566921456896,0.5157558465607401,0.7458738845015345,0.5760434281469711,0.7175790538092618,0.6187052323469884,False,1,0.6187052323469884,359
1159_25.png,00524,"photorealistic orange juice still life, single clear glass, soft pale orange juice, small orange garnish on the rim, scattered pale citrus cubes on brown tabletop, soft realistic product photo",1,"[0, 0, 3, 0, 0, 3]",0.9577544927597046,0.49755650758743286,0.02256360836327076,0.15021187823627916,0.6207100383309523,0.7890427200882524,0.0712447747397531,0.9287552252602469,0.9748049066806488,0.8750945342169296,0.8750945342169296,0.5,0.0,0.0,0.9723261142886751,0.36471861035231945,0.6345598962412192,0.5096242397051675,0.734009823304315,0.5688890671473105,0.5371607952985693,0.6182489203657309,False,1,0.6182489203657309,360
1159_25.png,00204,"orange juice still life, clear cylindrical glass, pale creamy orange juice, small orange garnish on the rim, scattered pale citrus cubes on brown tabletop, warm realistic product photo",1,"[2, 2, 0, 0, 0, 0]",0.9471936225891113,0.4546796679496765,0.025058073922991753,0.15829742235106595,0.6389071820076712,0.7656006989655673,0.07533342509010059,0.9246665749098995,0.9775590942065583,0.8636654345942817,0.8636654345942817,0.5,0.0,0.0,0.8786477218293887,0.48080671708016354,0.5632662604070009,0.5525101162415436,0.6584963572216581,0.4191115946599911,0.5958236920824146,0.6182038465698406,False,1,0.6182038465698406,361
1159_25.png,00222,"photorealistic orange juice still life, single clear glass, pale creamy orange juice, tiny orange garnish on the rim, scattered pale citrus cubes on brown tabletop, soft realistic product photo",1,"[0, 0, 0, 2, 0, 3]",0.9497331380844116,0.48606935143470764,0.022173861041665077,0.14890890182143268,0.6299194544728289,0.79022216796875,0.07154912413398237,0.9284508758660176,0.9798120438525116,0.8765201909095459,0.8765201909095459,0.5,0.0,0.0,0.9011740596578383,0.3958198347131445,0.6460487861293784,0.5313284088126482,0.7378091628345583,0.5577399888171379,0.6438104581600504,0.6179817952893628,False,1,0.6179817952893628,362
1159_25.png,00743,"realistic orange juice still life, single tall clear glass, pale orange juice, orange slice on the rim, scattered pale citrus cubes on brown tabletop, soft depth of field",1,"[1, 1, 1, 1, 0, 2]",0.9306856393814087,0.430088073015213,0.026213590055704117,0.16190611494228413,0.6118933196061253,0.8008179841218172,0.07075340395875343,0.9292465960412466,0.9772261285572053,0.8810496271806951,0.8810496271806951,0.5,0.0,0.0,0.732216480401145,0.5473879231923333,0.5314469033193999,0.4888455550167216,0.7719413223230767,0.586889205903612,0.5887316806137645,0.6167655225825185,False,1,0.6167655225825185,363
1159_25.png,00911,"warm orange juice still life, single tall clear glass, pale creamy orange juice, orange slice on the rim, scattered pale citrus cubes on brown tabletop, warm realistic product photo",1,"[4, 1, 0, 1, 0, 0]",0.9323245882987976,0.4322851896286011,0.023608136922121048,0.15364939610073658,0.6495940880172286,0.7778263798466436,0.07770697096268742,0.9222930290373126,0.9787200732429677,0.8685684457426426,0.8685684457426426,0.5,0.0,0.0,0.7467544964380618,0.5414392779548725,0.6042498585587757,0.5776963399601649,0.697878777948903,0.3321626821420596,0.6205519986121613,0.6159809749950513,False,1,0.6159809749950513,364
1159_25.png,00195,"orange juice still life, single clear glass, pale creamy orange juice, tiny orange garnish on the rim, scattered pale citrus cubes on brown tabletop, warm realistic product photo",1,"[2, 0, 0, 2, 0, 0]",0.9428645968437195,0.46235227584838867,0.02292552776634693,0.1514117821252591,0.6355938664562973,0.7681760434751158,0.07179801344876943,0.9282019865512305,0.9798247547428447,0.8665148658053017,0.8665148658053017,0.5,0.0,0.0,0.8402478394151167,0.4600332987930035,0.6239798400715233,0.5447015038468376,0.666792279712947,0.5486225516915254,0.6440811941359504,0.6154100599928833,False,1,0.6154100599928833,365
1159_25.png,00862,"orange juice still life, straight clear glass, pale orange juice, small orange garnish on the rim, scattered pale citrus cubes on brown tabletop, warm realistic product photo",1,"[2, 3, 1, 0, 0, 0]",0.9440895318984985,0.4790553152561188,0.02153201401233673,0.14673790925434615,0.6265391843663249,0.7803904215494791,0.0687766283658555,0.9312233716341445,0.981620319965242,0.8734279337622646,0.8734279337622646,0.5,0.0,0.0,0.8511134162989469,0.41481018445375306,0.6651913387243986,0.5233620021599052,0.7061382908615595,0.6593034322640802,0.6823258874690133,0.6153804501158288,False,1,0.6153804501158288,366
1159_25.png,00735,"realistic orange juice still life, single tall clear glass, pale creamy orange juice, tiny orange garnish on the rim, orange halves and tiny cubes on a smooth brown surface, warm realistic product photo",1,"[1, 1, 0, 2, 2, 0]",0.9234278798103333,0.44349655508995056,0.022617653012275696,0.15039166536838303,0.673551317341732,0.7826085973668983,0.06710326908609336,0.9328967309139067,0.9856855403938004,0.8758248327137316,0.8758248327137316,0.5,0.0,0.0,0.6678377655327892,0.5110847508666416,0.6329746376436622,0.6341572218005811,0.7132836706680795,0.7206027613849196,0.7689131674420241,0.6151250319153012,False,1,0.6151250319153012,367
1159_25.png,00997,"photorealistic orange juice still life, single clear glass, soft pale orange juice, orange slice on the rim, scattered pale citrus cubes on brown tabletop, soft realistic product photo",1,"[0, 0, 3, 1, 0, 3]",0.9272083044052124,0.44725245237350464,0.021471045911312103,0.1465300170999516,0.6491811320467389,0.7883119936342592,0.07062934640574563,0.9293706535942544,0.9832585078472638,0.8766718274628585,0.8766718274628585,0.5,0.0,0.0,0.7013713752771776,0.5009157410143367,0.6670244110987231,0.5767231114645279,0.7316559440457592,0.5914337438660948,0.7172185175937006,0.6148259074014106,False,1,0.6148259074014106,368
1159_25.png,00426,"orange juice still life, single clear glass, soft pale orange juice, small orange garnish on the rim, scattered pale citrus cubes on brown tabletop, warm realistic product photo",1,"[2, 0, 3, 0, 0, 0]",0.9476787447929382,0.48382022976875305,0.021576346829533577,0.14688889280518652,0.643399107067714,0.7875066686559608,0.0750884064036384,0.9249115935963617,0.9805751694158185,0.8742120925370727,0.8742120925370727,0.5,0.0,0.0,0.8829509153604816,0.40190928249444335,0.6638600533912464,0.5630964009331411,0.7290617615682335,0.4280872410043535,0.6600646731444126,0.6145488302424155,False,1,0.6145488302424155,369
1159_25.png,00295,"photorealistic orange juice still life, single tall clear glass, light creamy orange juice, orange slice on the rim, scattered pale citrus cubes on brown tabletop, realistic food photography",1,"[0, 1, 2, 1, 0, 1]",0.9448525309562683,0.48094668984413147,0.02455909736454487,0.15671342432779928,0.6258798471471094,0.8331310130931712,0.07229231006645646,0.9277076899335436,0.9731067706542721,0.8942280014995218,0.8942280014995218,0.5,0.0,0.0,0.8578814689333643,0.40968932907144073,0.5772330357568962,0.5218081179305198,0.8760308461950164,0.5305152322309868,0.5009912979411341,0.6143451891952044,False,1,0.6143451891952044,370
1159_25.png,00252,"photorealistic orange juice still life, single clear glass, light creamy orange juice, orange slice on the rim, scattered tiny citrus pieces on brown tabletop, realistic food photography",1,"[0, 0, 2, 1, 1, 1]",0.9350869655609131,0.4467761814594269,0.022983860224485397,0.15160428827868094,0.6556175162635817,0.7582143147786459,0.07285688460088302,0.927143115399117,0.9836733215617818,0.862431196352438,0.862431196352438,0.5,0.0,0.0,0.7712576914495507,0.5022052341106549,0.622282432525035,0.5918919744337943,0.6347026975856809,0.5098334571826668,0.7260538542911384,0.6139728346262537,False,1,0.6139728346262537,371
1159_25.png,00613,"photorealistic orange juice still life, clear cylindrical glass, pale creamy orange juice, paired orange slices on the rim, scattered pale citrus cubes on brown tabletop, warm realistic product photo",1,"[0, 2, 0, 4, 0, 0]",0.9457364082336426,0.47879964113235474,0.021633664146065712,0.14708386772880877,0.6445226522926861,0.7777523464626735,0.07234920681441692,0.9276507931855831,0.9783612514974208,0.8703385838226413,0.8703385838226413,0.5,0.0,0.0,0.8657217511391118,0.41550241655896014,0.6621408776617976,0.5657443012111851,0.6976402952088632,0.5284309622709626,0.612909264475579,0.6139691090124836,False,1,0.6139691090124836,372
1159_25.png,00899,"warm orange juice still life, single clear glass, pale creamy orange juice, small orange garnish on the rim, scattered pale citrus cubes on brown tabletop, soft depth of field",1,"[4, 0, 0, 0, 0, 2]",0.9269267916679382,0.45348790287971497,0.022296113893389702,0.149318833016434,0.6464444993517626,0.804473876953125,0.06933126971154177,0.9306687302884582,0.9849593874128302,0.8847391777124327,0.8847391777124327,0.5,0.0,0.0,0.6988742646926646,0.48403339497445463,0.6424342507414553,0.5702735887280386,0.7837180005315797,0.6389855347244197,0.7534464510433755,0.6138935605352551,False,1,0.6138935605352551,373
1159_25.png,00869,"photorealistic citrus drink still life, single clear glass, pale creamy orange juice, orange slice on the rim, scattered tiny citrus pieces on brown tabletop, realistic food photography",1,"[3, 0, 0, 1, 1, 1]",0.940179169178009,0.4786127209663391,0.02386532537639141,0.15448406188468572,0.6787504034466715,0.8109209979021991,0.07472255022012611,0.9252774497798739,0.9836854899015182,0.8854986544592491,0.8854986544592491,0.5,0.0,0.0,0.8164272126366591,0.41600849882540825,0.5968902600457544,0.6464100988872022,0.8044860241832419,0.44148946662036065,0.726313034194929,0.6131967944454297,False,1,0.6131967944454297,374
1159_25.png,00585,"photorealistic orange juice still life, single tall clear glass, light creamy orange juice, orange slice on the rim, orange halves and tiny cubes on a smooth brown surface, warm realistic product photo",1,"[0, 1, 2, 1, 2, 0]",0.9268245697021484,0.45006251335144043,0.021989570930600166,0.14828880918869153,0.6848556990568848,0.7670265480324074,0.06846065511648518,0.9315393448835149,0.9860093833157428,0.8684025939869622,0.8684025939869622,0.5,0.0,0.0,0.6979675222297299,0.4933075622988723,0.6515164031152634,0.6607986731826655,0.6630894255660779,0.6708783214350947,0.7758108691146124,0.6128086552122429,False,1,0.6128086552122429,375
1159_25.png,00554,"photorealistic orange juice still life, single tall clear glass, pale creamy orange juice, tiny orange garnish on the rim, scattered pale citrus cubes on brown tabletop, soft realistic product photo",1,"[0, 1, 0, 2, 0, 3]",0.8975632190704346,0.4182621240615845,0.020365465432405472,0.14270762219449062,0.6893765543053655,0.834665369104456,0.06580671883185182,0.9341932811681481,0.981124666543834,0.8987919978146238,0.8987919978146238,0.5,0.0,0.0,0.43840971647247046,0.5794064216610957,0.7007280711784618,0.6714531387114077,0.8809734464943034,0.7680986349356076,0.671768703099,0.6125861806241508,False,1,0.6125861806241508,376
1159_25.png,00878,"photorealistic citrus drink still life, single clear glass, pale orange juice, orange slice on the rim, scattered tiny citrus pieces on brown tabletop, warm realistic product photo",1,"[3, 0, 1, 1, 1, 0]",0.9263989925384521,0.4651724100112915,0.02020755037665367,0.14215326368625403,0.6921924634271668,0.8071209942853009,0.07074803985872848,0.9292519601412715,0.9766896734430613,0.8837805681664427,0.8837805681664427,0.5,0.0,0.0,0.6941925127922064,0.452397847149277,0.7056160828010244,0.6780894951133043,0.7922451238471816,0.5870857062827254,0.5773054394104544,0.611204449012263,False,1,0.611204449012263,377
1159_25.png,00792,"realistic orange juice still life, single minimalist clear glass, pale orange juice, small orange garnish on the rim, scattered pale citrus cubes on brown tabletop, warm realistic product photo",1,"[1, 4, 1, 0, 0, 0]",0.9483160972595215,0.48748779296875,0.0226115919649601,0.15037151314314856,0.5998200722223528,0.8075165925202547,0.07224130543467022,0.9277586945653298,0.9779724701500765,0.8836925037619953,0.8836925037619953,0.5,0.0,0.0,0.8886044413990587,0.39197943524382084,0.6331523282711227,0.4603920896876535,0.7935194590992998,0.532383659261788,0.6046284049349009,0.6107298872155216,False,1,0.6107298872155216,378
1159_25.png,00126,"photorealistic orange juice still life, single tall clear glass, pale creamy orange juice, orange slice on the rim, orange halves and tiny cubes on a smooth brown surface, warm realistic product photo",1,"[0, 1, 0, 1, 2, 0]",0.9347174167633057,0.4594421684741974,0.02307654730975628,0.1519096682563565,0.6639939111017245,0.7764762595847801,0.06890215306309994,0.9310978469369,0.9766921043932432,0.8706369841197146,0.8706369841197146,0.5,0.0,0.0,0.7679796720500205,0.4679123509409402,0.6195897690987547,0.6116329316538068,0.6935296537813165,0.6547051491444646,0.5773572175040886,0.6104572521200579,False,1,0.6104572521200579,379
1159_25.png,00614,"photorealistic orange juice still life, clear cylindrical glass, pale orange juice, small orange garnish on the rim, scattered pale citrus cubes on brown tabletop, soft realistic product photo",1,"[0, 2, 1, 0, 0, 3]",0.9385181665420532,0.47058945894241333,0.022831294685602188,0.15110028023005845,0.6361801882652994,0.7943663420500578,0.07192881813530758,0.9280711818646924,0.983253819635573,0.8789405315022829,0.8789405315022829,0.5,0.0,0.0,0.8016935728613831,0.4377313054969797,0.6267264830138937,0.5460833099785118,0.7511587348399614,0.5438308493789238,0.7171186608933386,0.610306347936959,False,1,0.610306347936959,380
1159_25.png,00247,"photorealistic orange juice still life, single clear glass, light creamy orange juice, small orange garnish on the rim, scattered pale citrus cubes on brown tabletop, soft realistic product photo",1,"[0, 0, 2, 0, 0, 3]",0.9527802467346191,0.49319183826446533,0.02410135418176651,0.15524610842712455,0.646694232234541,0.789577907986111,0.07087716553254217,0.9291228344674578,0.9721440662931744,0.8749318639159951,0.8749318639159951,0.5,0.0,0.0,0.9282029157453846,0.37653585720346616,0.5901709758622691,0.5708621433808004,0.7357338168525372,0.5823555103990398,0.4804861485868678,0.6100899889994025,False,1,0.6100899889994025,381
1159_25.png,00719,"realistic orange juice still life, single clear glass, soft pale orange juice, tiny orange garnish on the rim, scattered pale citrus cubes on brown tabletop, warm realistic product photo",1,"[1, 0, 3, 2, 0, 0]",0.9493107795715332,0.4893634021282196,0.021986575797200203,0.14827870985815936,0.613257756029025,0.7875490541811342,0.07188994469970564,0.9281100553002943,0.9797259964138837,0.8751807930193902,0.8751807930193902,0.5,0.0,0.0,0.8974276007118589,0.38690126441491257,0.6516054531510937,0.49206117242425335,0.7291982974881028,0.5452548803995422,0.6419776882548572,0.6097722251016046,False,1,0.6097722251016046,382
1159_25.png,00187,"realistic orange juice still life, clear cylindrical glass, pale creamy orange juice, orange slice on the rim, scattered pale citrus cubes on brown tabletop, warm realistic product photo",1,"[1, 2, 0, 1, 0, 0]",0.9398983716964722,0.46448495984077454,0.023429669439792633,0.15306753228491218,0.6266696098426431,0.7903210675274884,0.07171381195267786,0.9282861880473221,0.9762510637068506,0.8757948589453026,0.8757948589453026,0.5,0.0,0.0,0.8139364466058224,0.4542591034694554,0.6093803960218795,0.5236693806679803,0.7381277466475878,0.5517070627608501,0.5679632586614415,0.6097190967445113,False,1,0.6097190967445113,383
1159_25.png,00183,"realistic orange juice still life, single tall clear glass, pale orange juice, orange slice on the rim, scattered pale citrus cubes on brown tabletop, warm realistic product photo",1,"[1, 1, 1, 1, 0, 0]",0.9375334978103638,0.47379088401794434,0.022515716031193733,0.1500523776259268,0.6615421550760435,0.8357340494791666,0.07859714117280006,0.9214028588272,0.9714474670010461,0.8928608162553542,0.8928608162553542,0.5,0.0,0.0,0.792959237300054,0.42906351703613954,0.6359662800625628,0.6058547882219236,0.884415972153954,0.29955352441771566,0.46564891183759205,0.6095685371135959,False,1,0.6095685371135959,384
1159_25.png,00501,"photorealistic orange juice still life, single clear glass, pale orange juice, tiny orange garnish on the rim, orange halves and tiny cubes on a smooth brown surface, realistic food photography",1,"[0, 0, 1, 2, 2, 1]",0.9464752674102783,0.4591057598590851,0.0260933730751276,0.16153443309439508,0.6629342447295188,0.7249625877097801,0.06523682866650113,0.9347631713334988,0.9728310738951517,0.8479664892151559,0.8479664892151559,0.5,0.0,0.0,0.8722756750869468,0.46882316991792783,0.534724178161192,0.6091355770131275,0.5275893582083573,0.7889751348188403,0.4951190868546426,0.6094663084659797,False,1,0.6094663084659797,385
1159_25.png,00213,"photorealistic orange juice still life, single clear glass, pale creamy orange juice, small orange garnish on the rim, orange halves and tiny cubes on a smooth brown surface, soft realistic product photo",1,"[0, 0, 0, 0, 2, 3]",0.9102137088775635,0.44441068172454834,0.01931929960846901,0.13899388334912083,0.7125343759866919,0.8259316903573494,0.0733887509353831,0.9266112490646169,0.9818068838788193,0.8923445746091871,0.8923445746091871,0.5,0.0,0.0,0.5506237224976815,0.5086097729714307,0.733473665175158,0.7260300272121777,0.8528397650853979,0.4903498651763832,0.6862996109365761,0.609398445637529,False,1,0.609398445637529,386
1159_25.png,00083,"orange juice still life, single tall clear glass, pale creamy orange juice, small orange garnish on the rim, scattered pale citrus cubes on brown tabletop, warm realistic product photo",1,"[2, 1, 0, 0, 0, 0]",0.9149937629699707,0.4346840977668762,0.021339602768421173,0.14608080903534582,0.7033544698315357,0.8016809534143517,0.07535966647655505,0.924640333523445,0.9839816813073906,0.8811768820311421,0.8811768820311421,0.5,0.0,0.0,0.5930243747177996,0.5349442865716654,0.6709852671298255,0.7043954053737391,0.7747211936516254,0.41815030714432516,0.7326217716020594,0.6093771100027575,False,1,0.6093771100027575,387
1159_25.png,00679,"realistic orange juice still life, single clear glass, pale creamy orange juice, tiny orange garnish on the rim, scattered pale citrus cubes on brown tabletop, soft realistic product photo",1,"[1, 0, 0, 2, 0, 3]",0.9536124467849731,0.5009855031967163,0.022490330040454865,0.1499677633375082,0.6234479794675484,0.7856812653718172,0.07140367909191885,0.9285963209080812,0.9814872680813992,0.874862735351426,0.874862735351426,0.5,0.0,0.0,0.9355848039480043,0.35543467964234055,0.6367123597548194,0.5160768460940564,0.723181614619174,0.5630680039124484,0.6794919450248835,0.6092335887778918,False,1,0.6092335887778918,388
1159_25.png,00203,"orange juice still life, single tall clear glass, pale orange juice, small orange garnish on the rim, scattered pale citrus cubes on brown tabletop, warm realistic product photo",1,"[2, 1, 1, 0, 0, 0]",0.930580198764801,0.4547220766544342,0.023453380912542343,0.15314496698403882,0.6651343408750852,0.8261328803168403,0.07920523901658182,0.9207947609834182,0.9771192523401342,0.8894618129548013,0.8894618129548013,0.5,0.0,0.0,0.7312811874466661,0.4806918964383976,0.6086976217815696,0.6143206243668851,0.8534878555850471,0.27727738186155737,0.5864552675403238,0.6091620401135065,False,1,0.6091620401135065,389
1159_25.png,00829,"orange juice still life, single tall clear glass, pale creamy orange juice, small orange garnish on the rim, scattered pale citrus cubes on brown tabletop, soft realistic product photo",1,"[2, 1, 0, 0, 0, 3]",0.9109706878662109,0.4273107051849365,0.02256125397980213,0.15020404115669503,0.6683836844277922,0.8200768364800347,0.07115915297817489,0.9288408470218251,0.9824943580185727,0.8906277444773689,0.8906277444773689,0.5,0.0,0.0,0.5573383751386549,0.5549075859246515,0.63462899906101,0.6219784716038635,0.8339796033540502,0.5720256060880904,0.7009424862391921,0.6090019335663539,False,1,0.6090019335663539,390
1159_25.png,00624,"photorealistic orange juice still life, clear cylindrical glass, light creamy orange juice, small orange garnish on the rim, scattered pale citrus cubes on brown tabletop, soft depth of field",1,"[0, 2, 2, 0, 0, 2]",0.9402637481689453,0.4850687086582184,0.02235001139342785,0.14949920198257866,0.6794749088980151,0.788755628797743,0.06743862080062488,0.9325613791993751,0.9746858354696726,0.8762736827727001,0.8762736827727001,0.5,0.0,0.0,0.8171774561089064,0.39852905317268883,0.6408438618689745,0.6481175674816282,0.733085020007063,0.7083179906432587,0.5346246346001006,0.6088571530567827,False,1,0.6088571530567827,391
1159_25.png,00502,"photorealistic orange juice still life, single clear glass, pale orange juice, tiny orange garnish on the rim, small pale citrus cubes in foreground, warm realistic product photo",1,"[0, 0, 1, 2, 3, 0]",0.9578745365142822,0.49614208936691284,0.02511669509112835,0.1584824756593875,0.5804301013979688,0.7905855532045717,0.06991905494416117,0.9300809450558388,0.9786646726238691,0.8770247642363747,0.8770247642363747,0.5,0.0,0.0,0.9733909418807161,0.3685481167881657,0.5616345677236022,0.4146950336226214,0.7389797307875752,0.6174534938396764,0.619371991525001,0.6085536755244068,False,1,0.6085536755244068,392
1159_25.png,00409,"orange juice still life, single clear glass, pale creamy orange juice, small orange garnish on the rim, orange halves and tiny cubes on a smooth brown surface, realistic food photography",1,"[2, 0, 0, 0, 2, 1]",0.9474729299545288,0.4783310890197754,0.02419309690594673,0.15554130289394755,0.6275922803249208,0.7827317979600695,0.0699249521302979,0.9300750478697021,0.9730649817505713,0.8723685721865414,0.8723685721865414,0.5,0.0,0.0,0.8811252700400659,0.416771011168829,0.5875681223598725,0.5258438720656244,0.7136805350751677,0.6172374651850681,0.5001012139793679,0.6082287652150336,False,1,0.6082287652150336,393
1159_25.png,00710,"realistic orange juice still life, single clear glass, light creamy orange juice, orange slice on the rim, orange halves and tiny cubes on a smooth brown surface, warm realistic product photo",1,"[1, 0, 2, 1, 2, 0]",0.9348129034042358,0.45694464445114136,0.02348199114203453,0.15323834749185508,0.6637467734488163,0.8096635606553818,0.08110715707484971,0.9188928429251503,0.9789426022769812,0.8817496177741206,0.8817496177741206,0.5,0.0,0.0,0.7688266699658346,0.47467434267804987,0.607874246653841,0.6110504932745534,0.8004354585604375,0.20760537392838987,0.6252917622015806,0.6080336027664173,False,1,0.6080336027664173,394
1159_25.png,00129,"photorealistic orange juice still life, single tall clear glass, pale creamy orange juice, small orange wedge on the rim, scattered pale citrus cubes on brown tabletop, warm realistic product photo",1,"[0, 1, 0, 3, 0, 0]",0.9513953924179077,0.4786478579044342,0.025000765919685364,0.1581163050405788,0.6372879237282196,0.7852138943142362,0.07288216160481437,0.9271178383951857,0.9662639430722593,0.8710902844941731,0.8710902844941731,0.5,0.0,0.0,0.915918802402048,0.41591336633303855,0.5648632477456178,0.5486939508099375,0.7216760785427431,0.5089074974070751,0.3552422941507301,0.6080023164206091,False,1,0.6080023164206091,395
1159_25.png,00265,"photorealistic orange juice still life, single clear glass, muted orange juice, orange slice on the rim, scattered pale citrus cubes on brown tabletop, warm realistic product photo",1,"[0, 0, 4, 1, 0, 0]",0.9524028301239014,0.4921581745147705,0.021783867850899696,0.14759359014164436,0.6059441511320687,0.778108384874132,0.06998815165875677,0.9300118483412432,0.9727357175519821,0.870200063623191,0.870200063623191,0.5,0.0,0.0,0.9248551062554127,0.3793344792266624,0.6576464412254444,0.4748249312746061,0.69878719693577,0.6149223086361202,0.49308804166820575,0.6079217537622569,False,1,0.6079217537622569,396
1159_25.png,00681,"realistic orange juice still life, single clear glass, pale creamy orange juice, tiny orange garnish on the rim, orange halves and tiny cubes on a smooth brown surface, realistic food photography",1,"[1, 0, 0, 2, 2, 1]",0.9437776803970337,0.48268675804138184,0.024109182879328728,0.15527132020862297,0.6369406751443079,0.7886974193431713,0.06964685682170797,0.930353143178292,0.9839159931380912,0.8773206374444475,0.8773206374444475,0.5,0.0,0.0,0.8483471908959884,0.40497813243701686,0.5899486730038142,0.5478755773244259,0.7328975106771087,0.6274247907967184,0.7312226445421622,0.6074841845971216,False,1,0.6074841845971216,397
1159_25.png,00076,"realistic orange juice still life, single tall clear glass, pale creamy orange juice, orange slice on the rim, scattered pale citrus cubes on brown tabletop, warm realistic product photo",1,"[1, 1, 0, 1, 0, 0]",0.9423759579658508,0.4747726321220398,0.02377495728433132,0.15419130093598446,0.6159664381372449,0.8129040753399884,0.07272725609257966,0.9272727439074203,0.9726671836875689,0.8848857310081056,0.8848857310081056,0.5,0.0,0.0,0.8359134518284475,0.4264054554893707,0.5994716561975628,0.498444822986843,0.810874084754217,0.5145820731493819,0.4916283026430131,0.606933533691712,False,1,0.606933533691712,398
1159_25.png,00027,"realistic orange juice still life, single tall clear glass, pale creamy orange juice, small orange garnish on the rim, scattered pale citrus cubes on brown tabletop, warm realistic product photo",1,"[1, 1, 0, 0, 0, 0]",0.9370617270469666,0.4764426648616791,0.022982966154813766,0.1516013395548132,0.6525929070109947,0.8384049027054399,0.07698682262651757,0.9230131773734824,0.9726477992846545,0.8948663781550977,0.8948663781550977,0.5,0.0,0.0,0.7887744754375892,0.42188387832659124,0.6223084326609094,0.5847637667721062,0.8930195555846833,0.35854351404623597,0.4912154239930718,0.6067704782698513,False,1,0.6067704782698513,399
1159_25.png,00400,"realistic orange juice still life, clear cylindrical glass, pale orange juice, orange slice on the rim, scattered pale citrus cubes on brown tabletop, warm realistic product photo",1,"[1, 2, 1, 1, 0, 0]",0.9383162260055542,0.478869765996933,0.022180089727044106,0.14892981476871617,0.6367399749906235,0.803512008101852,0.0706418522734707,0.9293581477265294,0.9785792716256188,0.8825716096752424,0.8825716096752424,0.5,0.0,0.0,0.7999022938733817,0.41531255501990516,0.645864387896349,0.5474025799043555,0.7806195453900014,0.5909756227017453,0.617552990495307,0.6066239862851508,False,1,0.6066239862851508,400
1159_25.png,00758,"realistic orange juice still life, single tall clear glass, muted orange juice, small orange garnish on the rim, scattered pale citrus cubes on brown tabletop, warm realistic product photo",1,"[1, 1, 4, 0, 0, 0]",0.941952109336853,0.4793451428413391,0.02413795329630375,0.1553639382105891,0.6217870571952864,0.8195834689670138,0.07227726146728569,0.9277227385327143,0.9755971743504955,0.8886349543917054,0.8886349543917054,0.5,0.0,0.0,0.8321537750623088,0.4140254825976931,0.5891320212101778,0.5121624896010714,0.8323903252467656,0.5310664999978838,0.554035723423171,0.606507029946276,False,1,0.606507029946276,401
1159_25.png,00330,"photorealistic orange juice still life, straight clear glass, pale orange juice, orange slice on the rim, scattered pale citrus cubes on brown tabletop, warm realistic product photo",1,"[0, 3, 1, 1, 0, 0]",0.9372928738594055,0.46849319338798523,0.022567765787243843,0.15022571613157262,0.6280420015692679,0.7822226065176504,0.07009003134598571,0.9299099686540143,0.9820893589787278,0.8738865337575933,0.8738865337575933,0.5,0.0,0.0,0.7908248237007147,0.44340689869527283,0.6344378817108723,0.5269037466318474,0.712040283557798,0.6111902012795594,0.6923161974885279,0.6062794629941035,False,1,0.6062794629941035,402
1159_25.png,00903,"warm orange juice still life, single clear glass, pale creamy orange juice, orange slice on the rim, scattered tiny citrus pieces on brown tabletop, warm realistic product photo",1,"[4, 0, 0, 1, 1, 0]",0.9337467551231384,0.45992782711982727,0.024624308571219444,0.15692134517400572,0.6506486899861501,0.8063738787615741,0.07601770057079313,0.9239822994292068,0.9831927906756563,0.8829006083780621,0.8829006083780621,0.5,0.0,0.0,0.7593695839981897,0.4665974407665081,0.575399710394825,0.5801817591357056,0.7898384506996099,0.3940448750334339,0.7158187727983062,0.6052969529229654,False,1,0.6052969529229654,403
1159_25.png,00008,"photorealistic orange juice still life, single clear glass, pale creamy orange juice, small orange garnish on the rim, scattered pale citrus cubes on brown tabletop, soft depth of field",1,"[0, 0, 0, 0, 0, 2]",0.9406758546829224,0.4784764051437378,0.026587357744574547,0.16305630237612573,0.6019265302534089,0.8325822618272568,0.06763059213811182,0.9323694078618882,0.9767411298160333,0.896339536537133,0.896339536537133,0.5,0.0,0.0,0.820832976452189,0.4163775709374512,0.5213052179998635,0.4653564566594056,0.8742631611524353,0.7012856011613945,0.5784014359132815,0.6052043588054122,False,1,0.6052043588054122,404
1159_25.png,00135,"photorealistic orange juice still life, single tall clear glass, pale orange juice, tiny orange garnish on the rim, scattered pale citrus cubes on brown tabletop, warm realistic product photo",1,"[0, 1, 1, 2, 0, 0]",0.9009466171264648,0.41719257831573486,0.020663054659962654,0.14374649442669082,0.6945508930265089,0.7903549759476274,0.06678756110747938,0.9332124388925206,0.9852959075463925,0.879343274298093,0.879343274298093,0.5,0.0,0.0,0.4684215702135894,0.5823021934050832,0.6915678987090156,0.6836476927301379,0.738236975383484,0.7321679330256919,0.76061417135114,0.6051077249503002,False,1,0.6051077249503002,405
1159_25.png,00640,"photorealistic orange juice still life, straight clear glass, pale creamy orange juice, orange slice on the rim, orange halves and tiny cubes on a smooth brown surface, warm realistic product photo",1,"[0, 3, 0, 1, 2, 0]",0.9434692859649658,0.48961055278778076,0.023336632177233696,0.15276332078491126,0.6631078034337999,0.8113408971715858,0.07677726547637032,0.9232227345236297,0.9823446849605008,0.8847002978025842,0.8847002978025842,0.5,0.0,0.0,0.8456116308357998,0.38623210940285035,0.6120627564901113,0.6095446091830025,0.8058386400294191,0.3662201157610376,0.6977545206143406,0.6049396436598317,False,1,0.6049396436598317,406
1159_25.png,00928,"photorealistic orange juice still life, single clear glass, pale creamy orange juice, tiny orange garnish on the rim, scattered pale citrus cubes on brown tabletop, natural product photo",1,"[0, 0, 0, 2, 0, 5]",0.9502286314964294,0.48156026005744934,0.023737812414765358,0.15407080325215858,0.5737398605687227,0.7958577473958334,0.07619120279268833,0.9238087972073117,0.9830242954961844,0.8780739244499209,0.8780739244499209,0.5,0.0,0.0,0.9055692492172407,0.40802810112156285,0.6005341348468152,0.39892789745560053,0.7559629787404469,0.3876890553766655,0.7122299048548741,0.6048507734957052,False,1,0.6048507734957052,407
1159_25.png,00446,"photorealistic citrus drink still life, single clear glass, pale creamy orange juice, orange slice on the rim, scattered tiny citrus pieces on brown tabletop, warm realistic product photo",1,"[3, 0, 0, 1, 1, 0]",0.9295738935470581,0.47430723905563354,0.02229115180671215,0.14930221634896165,0.6912367046679241,0.8180508083767362,0.0744089650488268,0.9255910349511732,0.9832632710287301,0.8887323802081879,0.8887323802081879,0.5,0.0,0.0,0.7223549291366226,0.4276654970507313,0.6425807668723099,0.6758370233586364,0.8274531863842739,0.4529768745281371,0.7173199711149643,0.6046580215964743,False,1,0.6046580215964743,408
1159_25.png,00544,"photorealistic orange juice still life, single tall clear glass, pale creamy orange juice, small orange garnish on the rim, scattered tiny citrus pieces on brown tabletop, clean studio product photo",1,"[0, 1, 0, 0, 1, 4]",0.9263681769371033,0.4398552179336548,0.025693919509649277,0.16029322976860025,0.6136286262176449,0.8080037434895834,0.06596430456845062,0.9340356954315494,0.9685607364905754,0.88422632526947,0.88422632526947,0.5,0.0,0.0,0.6939191682713101,0.5209435916768187,0.545668388798001,0.4929352158127509,0.7950887119383366,0.7623258758818025,0.404162911924569,0.603963076817872,False,1,0.603963076817872,409
1159_25.png,00155,"realistic orange juice still life, single clear glass, pale creamy orange juice, small orange garnish on the rim, scattered pale citrus cubes on brown tabletop, soft realistic product photo",1,"[1, 0, 0, 0, 0, 3]",0.9564946889877319,0.509021520614624,0.02287559024989605,0.15124678591591972,0.6196294945236029,0.7942273175274884,0.07438936825014987,0.9256106317498501,0.9799610476953728,0.8773582235388919,0.8773582235388919,0.5,0.0,0.0,0.9611512404131151,0.33367733802018873,0.6254346808955509,0.5070776824466557,0.7507108970227886,0.45369475420068517,0.6469841698161863,0.6036726509989928,False,1,0.6036726509989928,410
1159_25.png,00026,"realistic orange juice still life, single clear glass, pale orange juice, small orange garnish on the rim, scattered pale citrus cubes on brown tabletop, warm realistic product photo",1,"[1, 0, 1, 0, 0, 0]",0.9525866508483887,0.49774646759033203,0.022223807871341705,0.14907651683394574,0.6063582432218446,0.7889178240740741,0.07350682134443551,0.9264931786555645,0.9775491009144286,0.8747954535456667,0.8747954535456667,0.5,0.0,0.0,0.9264856565502758,0.3642042977939106,0.6445708542186985,0.4758008373042728,0.7336074974604317,0.48602465124804767,0.5956108396679656,0.6034897417691752,False,1,0.6034897417691752,411
1159_25.png,00145,"photorealistic orange juice still life, clear cylindrical glass, pale creamy orange juice, tiny orange garnish on the rim, scattered pale citrus cubes on brown tabletop, warm realistic product photo",1,"[0, 2, 0, 2, 0, 0]",0.9429003000259399,0.46311211585998535,0.023907648399472237,0.1546209830504005,0.6261665253350427,0.7603516755280672,0.0734448046297957,0.9265551953702043,0.9786421594886522,0.8621810042649322,0.8621810042649322,0.5,0.0,0.0,0.8405645383861359,0.45797604855936813,0.5956829686640137,0.5224837429402354,0.6415877489049818,0.48829647837308554,0.6188924723509838,0.6033823309268577,False,1,0.6033823309268577,412
1159_25.png,00615,"photorealistic orange juice still life, clear cylindrical glass, pale orange juice, small orange garnish on the rim, scattered tiny citrus pieces on brown tabletop, soft depth of field",1,"[0, 2, 1, 0, 1, 2]",0.9292054176330566,0.4353967010974884,0.024402370676398277,0.1562125816840573,0.6506910017389399,0.7685919867621528,0.07098077060357538,0.9290192293964246,0.967178748385509,0.864458874008819,0.864458874008819,0.5,0.0,0.0,0.719086426567607,0.5330149286199688,0.5816491755424533,0.5802814767968076,0.6681321522066024,0.5785601979251057,0.37472721635142886,0.602437482826269,False,1,0.602437482826269,413
1159_25.png,00216,"photorealistic orange juice still life, single clear glass, pale creamy orange juice, small orange garnish on the rim, diced citrus pieces on warm brown tabletop, warm realistic product photo",1,"[0, 0, 0, 0, 5, 0]",0.9561361074447632,0.49827125668525696,0.0233699232339859,0.15287224481241157,0.5982627218982333,0.7792765299479166,0.06925149261590892,0.9307485073840911,0.9685840278060056,0.8701532216221954,0.8701532216221954,0.5,0.0,0.0,0.9579705041699579,0.3627834427827682,0.6111023276259606,0.4567218250070749,0.7025501268873813,0.641907968956356,0.4046590059705224,0.602086794923823,False,1,0.602086794923823,414
1159_25.png,00039,"photorealistic orange juice still life, single clear glass, pale orange juice, small orange garnish on the rim, scattered pale citrus cubes on brown tabletop, soft depth of field",1,"[0, 0, 1, 0, 0, 2]",0.9440890550613403,0.45679277181625366,0.030887437984347343,0.1757482232750799,0.5636459663215175,0.8128113923249423,0.06835245710518462,0.9316475428948154,0.9725151098641672,0.8863447885322429,0.8863447885322429,0.5,0.0,0.0,0.8511091865964959,0.47508553451953894,0.40939522483663837,0.37513924632730805,0.8105755262094354,0.6748418847804851,0.488389201847656,0.6018610703545206,False,1,0.6018610703545206,415
1159_25.png,00592,"photorealistic orange juice still life, single tall clear glass, soft pale orange juice, orange slice on the rim, scattered pale citrus cubes on brown tabletop, realistic food photography",1,"[0, 1, 3, 1, 0, 1]",0.9493058919906616,0.4975486695766449,0.024352189153432846,0.15605187968567646,0.6113594327926072,0.8330513283058449,0.07501462493302173,0.9249853750669783,0.9718132811073196,0.8929806352325365,0.8929806352325365,0.5,0.0,0.0,0.8973842462617361,0.3647398315953162,0.5830661525062475,0.48758732436384017,0.8757741586656617,0.4307900405197047,0.4734405799634971,0.6011550432491772,False,1,0.6011550432491772,416
1159_25.png,00634,"photorealistic orange juice still life, straight clear glass, pale creamy orange juice, small orange garnish on the rim, scattered pale citrus cubes on brown tabletop, soft realistic product photo",1,"[0, 3, 0, 0, 0, 3]",0.9606497883796692,0.5032708644866943,0.024175871163606644,0.15548591950272103,0.6187934903560891,0.7658736617476851,0.07506666697418993,0.92493333302581,0.9776628210039144,0.8639023785462747,0.8639023785462747,0.5,0.0,0.0,0.9980083388583821,0.3492471138706079,0.5880564609638443,0.5051074407346137,0.659375648545619,0.42888361059262586,0.5980330239996424,0.6004278292516133,False,1,0.6004278292516133,417
1159_25.png,00830,"orange juice still life, single tall clear glass, pale creamy orange juice, small orange garnish on the rim, scattered tiny citrus pieces on brown tabletop, soft depth of field",1,"[2, 1, 0, 0, 1, 2]",0.9314982295036316,0.450749009847641,0.02515188418328762,0.15859345567610167,0.6309687840122381,0.7640584309895834,0.06658954078375802,0.933410459216242,0.9816857721030126,0.8668571090915997,0.8668571090915997,0.5,0.0,0.0,0.739424422090467,0.49144888803107367,0.5606560103396871,0.5338014022600016,0.6535282702173287,0.7394219119788182,0.6837199871685418,0.6002724071556542,False,1,0.6002724071556542,418
1159_25.png,00803,"orange juice still life, single clear glass, pale creamy orange juice, tiny orange garnish on the rim, scattered pale citrus cubes on brown tabletop, soft depth of field",1,"[2, 0, 0, 2, 0, 2]",0.944969892501831,0.49976906180381775,0.02484876662492752,0.15763491562762205,0.6300514239757445,0.8249274359809028,0.07114225124370434,0.9288577487562957,0.9816840142534411,0.892654361106798,0.892654361106798,0.5,0.0,0.0,0.8589225044491182,0.35872816814195996,0.5691078602311304,0.5316394261848881,0.8496047740239501,0.5726447588286607,0.6836825458008055,0.6000657035759565,False,1,0.6000657035759565,419
1159_25.png,00378,"realistic orange juice still life, single tall clear glass, pale creamy orange juice, orange slice on the rim, orange halves and tiny cubes on a smooth brown surface, warm realistic product photo",1,"[1, 1, 0, 1, 2, 0]",0.933803915977478,0.4801851212978363,0.022950198501348495,0.1514932292260895,0.6597695351264661,0.8071023446542246,0.07084289810815232,0.9291571018918476,0.981472084563783,0.8846954576693044,0.8846954576693044,0.5,0.0,0.0,0.7598766195795041,0.41175125927501455,0.6232616868014502,0.6016771897122875,0.792185048042439,0.583610811726854,0.6791685432527254,0.5999068803587868,False,1,0.5999068803587868,420
1159_25.png,00985,"photorealistic orange juice still life, single clear glass, light creamy orange juice, tiny orange garnish on the rim, small pale citrus cubes in foreground, warm realistic product photo",1,"[0, 0, 2, 2, 3, 0]",0.9495882987976074,0.4976895749568939,0.025967862457036972,0.16114546986197587,0.5901053407718906,0.8160971182364004,0.07241016830342988,0.9275898316965702,0.9879976733569839,0.8894996789715766,0.8894996789715766,0.5,0.0,0.0,0.8998892875383449,0.3643583333561953,0.5381538302231086,0.43749702544185126,0.8211597907177417,0.5261977906957407,0.8181605102949644,0.5998514453777452,False,1,0.5998514453777452,421
1159_25.png,00208,"photorealistic citrus drink still life, single clear glass, pale orange juice, small orange garnish on the rim, scattered pale citrus cubes on brown tabletop, warm realistic product photo",1,"[3, 0, 1, 0, 0, 0]",0.9369598031044006,0.48593002557754517,0.022384289652109146,0.14961380167654703,0.6461834078403397,0.797487046983507,0.06857748997316708,0.931422510026833,0.9805180531036325,0.8809706602726961,0.8809706602726961,0.5,0.0,0.0,0.7878703765386864,0.3961970564280113,0.6398333882715881,0.5696582647781647,0.7612114195002422,0.6665983688755058,0.6588481226027668,0.5997259509967316,False,1,0.5997259509967316,422
1159_25.png,00406,"realistic orange juice still life, single minimalist clear glass, pale creamy orange juice, small orange garnish on the rim, scattered pale citrus cubes on brown tabletop, warm realistic product photo",1,"[1, 4, 0, 0, 0, 0]",0.9323348999023438,0.47020378708839417,0.022203151136636734,0.14900721840446768,0.6541074989626561,0.7852184154369214,0.07179079448762306,0.928209205512377,0.9837354185103835,0.8749685925780233,0.8749685925780233,0.5,0.0,0.0,0.7468459637535648,0.4387755036172133,0.6451818875548543,0.5883332612266146,0.721690642374196,0.5488870002654668,0.727376490042025,0.5995388114420825,False,1,0.5995388114420825,423
1159_25.png,00704,"realistic orange juice still life, single clear glass, light creamy orange juice, small orange garnish on the rim, scattered pale citrus cubes on brown tabletop, soft realistic product photo",1,"[1, 0, 2, 0, 0, 3]",0.9563573002815247,0.5057840943336487,0.023828312754631042,0.15436422109618228,0.6171609161788729,0.7885329635054976,0.07297169965810597,0.927028300341894,0.9745222051104186,0.8742041797192206,0.8742041797192206,0.5,0.0,0.0,0.9599325573944187,0.3424425989583678,0.5979469465732603,0.5012598932379071,0.7323677513080138,0.5056274949210893,0.5311393850354592,0.5991603115263099,False,1,0.5991603115263099,424
1159_25.png,00430,"orange juice still life, single tall clear glass, pale creamy orange juice, orange slice on the rim, scattered pale citrus cubes on brown tabletop, realistic food photography",1,"[2, 1, 0, 1, 0, 1]",0.9415714740753174,0.4733021855354309,0.024524999782443047,0.15660459693905235,0.6159610857155343,0.8047151918764467,0.07517389202940306,0.924826107970597,0.9751792617017513,0.8808468264744602,0.8808468264744602,0.5,0.0,0.0,0.8287774150807926,0.43038665750253247,0.5781926125166004,0.4984322087381054,0.7844953450353715,0.42495568905838005,0.5451343808866452,0.5988829410653294,False,1,0.5988829410653294,425
1159_25.png,00358,"realistic orange juice still life, single clear glass, pale orange juice, orange slice on the rim, orange halves and tiny cubes on a smooth brown surface, warm realistic product photo",1,"[1, 0, 1, 1, 2, 0]",0.9412795305252075,0.47544217109680176,0.024574147537350655,0.15676143510873666,0.6541306190066918,0.7760823567708334,0.07341157399768701,0.926588426002313,0.9813829152429363,0.8698195926962718,0.8698195926962718,0.5,0.0,0.0,0.8261877797551637,0.42459269334045124,0.5768097045520109,0.588387749083151,0.6922607799659934,0.48951379941057005,0.6772692787270148,0.5986584229483992,False,1,0.5986584229483992,426
1159_25.png,00480,"photorealistic orange juice still life, single clear glass, pale creamy orange juice, small orange wedge on the rim, scattered tiny citrus pieces on brown tabletop, soft depth of field",1,"[0, 0, 0, 3, 1, 2]",0.933254599571228,0.4743209779262543,0.022230355069041252,0.14909847440212542,0.6732144280992819,0.790561252170139,0.06909351885910917,0.9309064811408908,0.9700350596943301,0.8755768438147403,0.8755768438147403,0.5,0.0,0.0,0.7550040023559442,0.42762829935863433,0.6443772451248164,0.6333632625553929,0.7389014501935169,0.6476949421590846,0.4355653016000256,0.5983344495350901,False,1,0.5983344495350901,427
1159_25.png,00271,"photorealistic orange juice still life, single tall clear glass, pale creamy orange juice, small orange garnish on the rim, minimal citrus pieces on brown studio surface, warm realistic product photo",1,"[0, 1, 0, 0, 4, 0]",0.9276095032691956,0.43849852681159973,0.025941941887140274,0.16106502378586193,0.5562046359672459,0.8077833387586805,0.06644415474835574,0.9335558452516443,0.9726110612619551,0.8847692605318727,0.8847692605318727,0.5,0.0,0.0,0.7049301411768936,0.524616803254548,0.5388631570381426,0.35760198990348985,0.7943787251550133,0.7447477655127728,0.4904329214171269,0.5981946677843433,False,1,0.5981946677843433,428
1159_25.png,00006,"photorealistic orange juice still life, single tall clear glass, pale creamy orange juice, small orange garnish on the rim, scattered pale citrus cubes on brown tabletop, warm realistic product photo",1,"[0, 1, 0, 0, 0, 0]",0.9350072145462036,0.4807383418083191,0.02391761913895607,0.15465322220683303,0.6565637991409893,0.8170442934389467,0.07253927535856258,0.9274607246414375,0.9791077269413415,0.8881027310602975,0.8881027310602975,0.5,0.0,0.0,0.7705502737146198,0.41025342682729826,0.5953987024914873,0.5941221140298732,0.8242109134070987,0.5214682768608361,0.6288088397610108,0.5979347213839663,False,1,0.5979347213839663,429
1159_25.png,00312,"photorealistic orange juice still life, clear cylindrical glass, pale orange juice, small orange garnish on the rim, scattered pale citrus cubes on brown tabletop, soft depth of field",1,"[0, 2, 1, 0, 0, 2]",0.9500068426132202,0.48988765478134155,0.024952610954642296,0.15796395460560708,0.6353518614435077,0.7728904441550926,0.06640946506683337,0.9335905349331666,0.9652423152242158,0.867605850141243,0.867605850141243,0.5,0.0,0.0,0.9036019088647161,0.38548186180823385,0.5662065854698156,0.5441311617489755,0.6819787149603315,0.746018535173808,0.33348210228380687,0.5978318809341455,False,1,0.5978318809341455,430
1159_25.png,00069,"realistic orange juice still life, single clear glass, pale creamy orange juice, tiny orange garnish on the rim, scattered pale citrus cubes on brown tabletop, warm realistic product photo",1,"[1, 0, 0, 2, 0, 0]",0.9532122015953064,0.5067269206047058,0.022371189668774605,0.1495700159416138,0.6231313317859637,0.7906036376953125,0.07655443202541658,0.9234455679745834,0.9814716441617144,0.8752719145863377,0.8752719145863377,0.5,0.0,0.0,0.9320344974531904,0.33988991742435115,0.6402194654726704,0.5153305908784456,0.7390379861133866,0.3743830615278831,0.6791591628961411,0.597456433444666,False,1,0.597456433444666,431
1159_25.png,00702,"realistic orange juice still life, single clear glass, pale orange juice, small orange wedge on the rim, scattered tiny citrus pieces on brown tabletop, warm realistic product photo",1,"[1, 0, 1, 3, 1, 0]",0.9429397583007812,0.4873701333999634,0.021998044103384018,0.1483173762692154,0.6453953230316034,0.7967766655815973,0.07502113332629286,0.9249788666737071,0.9711061835163095,0.8765133395507783,0.8765133395507783,0.5,0.0,0.0,0.8409145462639567,0.3922979959561832,0.6512645151771355,0.5678009563781163,0.7589230774832244,0.4305516218214582,0.45837973439386537,0.597075959644382,False,1,0.597075959644382,432
1159_25.png,00170,"realistic orange juice still life, single clear glass, pale orange juice, tiny orange garnish on the rim, scattered pale citrus cubes on brown tabletop, warm realistic product photo",1,"[1, 0, 1, 2, 0, 0]",0.9472667574882507,0.4920296370983124,0.022768139839172363,0.15089115228923253,0.5982711645679684,0.7909969753689235,0.07228455424476826,0.9277154457552317,0.978470596302277,0.876343164190802,0.876343164190802,0.5,0.0,0.0,0.8792964524428117,0.37968249147398236,0.6285704518358233,0.4567417221567776,0.7403050394497781,0.5307993473472153,0.6152382573058719,0.5970033283812157,False,1,0.5970033283812157,433
1159_25.png,00066,"realistic orange juice still life, single clear glass, pale creamy orange juice, small orange garnish on the rim, orange halves and tiny cubes on a smooth brown surface, warm realistic product photo",1,"[1, 0, 0, 0, 2, 0]",0.9400875568389893,0.4998035728931427,0.02303008735179901,0.15175667152319536,0.6875135193406287,0.8002596254701967,0.07088639246345825,0.9291136075365417,0.9808915667092264,0.8814849074412234,0.8814849074412234,0.5,0.0,0.0,0.8156145810532593,0.35863473012146463,0.6209388055053295,0.6670624558163292,0.7701426891386582,0.5820175048781444,0.6668037864369065,0.5965917377178599,False,1,0.5965917377178599,434
1159_25.png,00007,"realistic orange juice still life, single clear glass, pale creamy orange juice, small orange garnish on the rim, scattered pale citrus cubes on brown tabletop, warm realistic product photo",1,"[1, 0, 0, 0, 0, 0]",0.9529608488082886,0.5096836686134338,0.023136934265494347,0.15210829781933116,0.6214343194667157,0.8000137894241899,0.0744188678871955,0.9255811321128045,0.9794485120181254,0.8798493038839922,0.8798493038839922,0.5,0.0,0.0,0.9298049155487035,0.3318845867772129,0.6178383688803416,0.5113311796468306,0.7693507808034138,0.4526141088293782,0.6360674013501488,0.5964854588544491,False,1,0.5964854588544491,435
1159_25.png,00390,"realistic orange juice still life, single tall clear glass, light creamy orange juice, orange slice on the rim, scattered pale citrus cubes on brown tabletop, warm realistic product photo",1,"[1, 1, 2, 1, 0, 0]",0.9403855800628662,0.4743040204048157,0.02463475428521633,0.15695462492458237,0.629815489863327,0.8013882107204862,0.0738174071176724,0.9261825928823276,0.9722476778560738,0.8792381379042482,0.8792381379042482,0.5,0.0,0.0,0.8182581450851386,0.4276742114775133,0.5751062688670091,0.5310833916008011,0.7737781855650584,0.4746471187813792,0.4826930260644546,0.5963467337962904,False,1,0.5963467337962904,436
1159_25.png,00676,"realistic orange juice still life, single clear glass, pale creamy orange juice, orange slice on the rim, orange halves and tiny cubes on a smooth brown surface, soft depth of field",1,"[1, 0, 0, 1, 2, 2]",0.9299662709236145,0.4649776220321655,0.022714128717780113,0.15071207223636768,0.6636460205362144,0.7731707537615741,0.07015015151337346,0.9298498484866266,0.9825090209815868,0.869876090359345,0.869876090359345,0.5,0.0,0.0,0.7258354455409948,0.4529252313478588,0.63014947581898,0.6108130451866948,0.6828816725104039,0.6089878494164099,0.7012548004435628,0.5963378840749027,False,1,0.5963378840749027,437
1159_25.png,00017,"photorealistic orange juice still life, single clear glass, light creamy orange juice, small orange garnish on the rim, scattered pale citrus cubes on brown tabletop, warm realistic product photo",1,"[0, 0, 2, 0, 0, 0]",0.9499658942222595,0.5002838373184204,0.023528337478637695,0.15338949598534346,0.6211691855540372,0.7885487874348959,0.06991206491902932,0.9300879350809707,0.9735914130470104,0.875096014233445,0.875096014233445,0.5,0.0,0.0,0.903238683166736,0.3573344246808059,0.6065415069521376,0.5107063288215178,0.7324187247180988,0.6177095559157056,0.5113139525878586,0.5960295985971878,False,1,0.5960295985971878,438
1159_25.png,00975,"photorealistic orange juice still life, single clear glass, light creamy orange juice, small orange garnish on the rim, minimal citrus pieces on brown studio surface, realistic food photography",1,"[0, 0, 2, 0, 4, 1]",0.9382692575454712,0.4718083143234253,0.027433255687355995,0.16562987558818004,0.6026993290524892,0.8062828911675348,0.06939454690926072,0.9306054530907393,0.98437072885266,0.8854133553776814,0.8854133553776814,0.5,0.0,0.0,0.7994856681819575,0.4344312811772739,0.49861294290147473,0.4671777399593347,0.789545353591623,0.636667532956522,0.740908301033133,0.5959138433944815,False,1,0.5959138433944815,439
1159_25.png,00555,"photorealistic orange juice still life, single tall clear glass, pale creamy orange juice, tiny orange garnish on the rim, scattered tiny citrus pieces on brown tabletop, soft depth of field",1,"[0, 1, 0, 2, 1, 2]",0.9178152084350586,0.4367442727088928,0.022101782262325287,0.1486666817492248,0.6744637073403281,0.74774169921875,0.06454586451816915,0.9354541354818309,0.9758976294142732,0.8590722379499329,0.8590722379499329,0.5,0.0,0.0,0.618051524120407,0.5293664079181218,0.6481845421619437,0.636307484804927,0.6009674025042507,0.8142868770439318,0.5604352747350412,0.5952721533487717,False,1,0.5952721533487717,440
1159_25.png,00852,"orange juice still life, clear cylindrical glass, pale creamy orange juice, orange slice on the rim, scattered pale citrus cubes on brown tabletop, realistic food photography",1,"[2, 2, 0, 1, 0, 1]",0.9545708894729614,0.4966122508049011,0.024906354025006294,0.15781747059500825,0.615173562139608,0.7781422932942709,0.07397146186805105,0.926028538131949,0.9753536342172732,0.8693447471720586,0.8693447471720586,0.5,0.0,0.0,0.944086505874528,0.36727516496490586,0.5674981964682727,0.4965762230160237,0.6988964256716657,0.469003708570374,0.548848433319085,0.5951597396964601,False,1,0.5951597396964601,441
1159_25.png,00863,"orange juice still life, single minimalist clear glass, pale creamy orange juice, small orange garnish on the rim, scattered pale citrus cubes on brown tabletop, warm realistic product photo",1,"[2, 4, 0, 0, 0, 0]",0.9392510652542114,0.4718746542930603,0.02444034442305565,0.15633407953180153,0.6541566493049947,0.7658781828703702,0.07316186633278825,0.9268381336672118,0.9823901741190253,0.8655165638989959,0.8655165638989959,0.5,0.0,0.0,0.8081946255285807,0.4342516671586014,0.5805778780281801,0.5884490956427572,0.6593902123770716,0.4986612147443565,0.6987234182606357,0.5951595061968857,False,1,0.5951595061968857,442
1159_25.png,00738,"realistic orange juice still life, single tall clear glass, pale creamy orange juice, paired orange slices on the rim, scattered pale citrus cubes on brown tabletop, warm realistic product photo",1,"[1, 1, 0, 4, 0, 0]",0.9331812262535095,0.4656528830528259,0.023508764803409576,0.15332568213906494,0.6678447612409777,0.7927404333043983,0.07719340703828746,0.9228065929617125,0.9776587118109394,0.8752472448857664,0.8752472448857664,0.5,0.0,0.0,0.7543531568912956,0.4510969768846602,0.6071041804164305,0.6207083715451447,0.7459212169537563,0.3509758111617018,0.597945500125146,0.5949803157595579,False,1,0.5949803157595579,443
1159_25.png,00346,"realistic orange juice still life, single clear glass, pale creamy orange juice, tiny orange garnish on the rim, scattered pale citrus cubes on brown tabletop, soft depth of field",1,"[1, 0, 0, 2, 0, 2]",0.946858286857605,0.49180036783218384,0.029006753116846085,0.17031369033887464,0.5757517401153189,0.8474884033203125,0.07209152436758465,0.9279084756324154,0.9799708446499196,0.9021319168954699,0.9021319168954699,0.5,0.0,0.0,0.8756731835807181,0.38030323300392266,0.45731378252211585,0.403669367840965,0.9222801134522468,0.5378705137815522,0.6471928403326141,0.594602882482033,False,1,0.594602882482033,444
1159_25.png,00637,"photorealistic orange juice still life, straight clear glass, pale creamy orange juice, small orange garnish on the rim, small pale citrus cubes in foreground, warm realistic product photo",1,"[0, 3, 0, 0, 3, 0]",0.95095294713974,0.4916820228099823,0.026514818891882896,0.16283371546422104,0.5877121885536839,0.782680935329861,0.07089740802343243,0.9291025919765675,0.9860019851511133,0.8745927251204587,0.8745927251204587,0.5,0.0,0.0,0.91199416724032,0.380623649566433,0.5232678602183105,0.4318569957544409,0.7135166919713235,0.5816139774082973,0.7756532916933322,0.5945199194242389,False,1,0.5945199194242389,445
1159_25.png,00350,"realistic orange juice still life, single clear glass, pale creamy orange juice, small orange wedge on the rim, scattered tiny citrus pieces on brown tabletop, warm realistic product photo",1,"[1, 0, 0, 3, 1, 0]",0.9423923492431641,0.48750749230384827,0.022442927584052086,0.14980963782097628,0.6625032833674066,0.7933468288845487,0.07744888158944069,0.9225511184105593,0.9740852341612962,0.8747160112740018,0.8747160112740018,0.5,0.0,0.0,0.8360588478502009,0.3919260997243498,0.6381066187968433,0.6081199145500599,0.7478745908473601,0.3416171403833807,0.5218321096793838,0.594395095090342,False,1,0.594395095090342,446
1159_25.png,00946,"photorealistic orange juice still life, single clear glass, pale orange juice, small orange garnish on the rim, scattered tiny citrus pieces on brown tabletop, natural product photo",1,"[0, 0, 1, 0, 1, 5]",0.9174546599388123,0.45066186785697937,0.021402588114142418,0.1462962341078622,0.6420238218844019,0.8191036648220487,0.07275063552161012,0.9272493644783899,0.9769396141626886,0.8885218495698961,0.8885218495698961,0.5,0.0,0.0,0.6148533403546395,0.49168482306728134,0.6690857738549754,0.5598552158536778,0.8308447386338398,0.5137256262810225,0.582629058989601,0.5935278469807621,False,1,0.5935278469807621,447
1159_25.png,00383,"realistic orange juice still life, single tall clear glass, pale orange juice, small orange garnish on the rim, scattered tiny citrus pieces on brown tabletop, realistic food photography",1,"[1, 1, 1, 0, 1, 1]",0.9375445246696472,0.45711785554885864,0.027857240289449692,0.16690488395924696,0.5739817756879217,0.8033792001229746,0.06981809629261138,0.9301819037073886,0.9737661183232285,0.8818375300175703,0.8818375300175703,0.5,0.0,0.0,0.7930570491692336,0.4742053774145619,0.48737065899306253,0.3994980276979377,0.7801917328410758,0.6211518613593083,0.5150350926663619,0.5933426546318454,False,1,0.5933426546318454,448
1159_25.png,00493,"photorealistic orange juice still life, single clear glass, pale orange juice, small orange garnish on the rim, diced citrus pieces on warm brown tabletop, warm realistic product photo",1,"[0, 0, 1, 0, 5, 0]",0.9461200833320618,0.48773616552352905,0.0235766414552927,0.15354687054867872,0.5968567121192424,0.7981200041594328,0.06912491816654673,0.9308750818334532,0.9617974970556049,0.8773197799245743,0.8773197799245743,0.5,0.0,0.0,0.8691250754737531,0.3913069719771469,0.6051538693796118,0.4534082301450481,0.7632503559036309,0.646544707117477,0.2601090981716047,0.5922980054556514,False,1,0.5922980054556514,449
1159_25.png,00791,"realistic orange juice still life, single minimalist clear glass, pale creamy orange juice, orange slice on the rim, scattered pale citrus cubes on brown tabletop, warm realistic product photo",1,"[1, 4, 0, 1, 0, 0]",0.9398634433746338,0.4691605269908905,0.025216085836291313,0.15879573620312137,0.6182484183980437,0.7734261971932871,0.07340125929649674,0.9265987407035032,0.9817021224463388,0.8686917724724731,0.8686917724724731,0.5,0.0,0.0,0.8136266209012861,0.4416001075424816,0.5588724180390376,0.5038228496410079,0.683704528987486,0.4898916526729825,0.6840682417786238,0.5919154689153564,False,1,0.5919154689153564,450
1159_25.png,00588,"photorealistic orange juice still life, single tall clear glass, light creamy orange juice, small orange wedge on the rim, scattered pale citrus cubes on brown tabletop, warm realistic product photo",1,"[0, 1, 2, 3, 0, 0]",0.9366296529769897,0.4781726896762848,0.02412564679980278,0.15532432777837082,0.6729964385182586,0.7788701940465858,0.0730068463026337,0.9269931536973663,0.9795167651568064,0.870842544146403,0.870842544146403,0.5,0.0,0.0,0.7849418363041706,0.41719987393129254,0.5894812830149143,0.6328495185072025,0.7012412025355632,0.5043399855640437,0.6375211610494973,0.591241307691988,False,1,0.591241307691988,451
1159_25.png,00174,"realistic orange juice still life, single clear glass, soft pale orange juice, small orange garnish on the rim, scattered pale citrus cubes on brown tabletop, warm realistic product photo",1,"[1, 0, 3, 0, 0, 0]",0.9502701759338379,0.5012161135673523,0.022290678694844246,0.149300631930492,0.6189744600005833,0.7641155101634838,0.0704142079926912,0.9295857920073088,0.9761841781017101,0.8644438423964678,0.8644438423964678,0.5,0.0,0.0,0.9059377620432847,0.3548103071012412,0.642594737354912,0.5055339385393509,0.6537121385894199,0.5993148011786839,0.566538626782251,0.5911844421143508,False,1,0.5911844421143508,452
1159_25.png,00190,"orange juice still life, single clear glass, pale creamy orange juice, small orange garnish on the rim, scattered pale citrus cubes on brown tabletop, soft depth of field",1,"[2, 0, 0, 0, 0, 2]",0.9473453760147095,0.5056552886962891,0.02577720396220684,0.16055280739434874,0.6078111811271095,0.8196575023509838,0.07068477861518634,0.9293152213848137,0.981681635692785,0.8904425306811845,0.8904425306811845,0.5,0.0,0.0,0.8799938246344216,0.34279133740791956,0.5433795839311795,0.47922502940426326,0.8326288079868049,0.5894031236092877,0.683631883579388,0.5909474284597088,False,1,0.5909474284597088,453
1159_25.png,00976,"photorealistic orange juice still life, single clear glass, light creamy orange juice, small orange garnish on the rim, diced citrus pieces on warm brown tabletop, warm realistic product photo",1,"[0, 0, 2, 0, 5, 0]",0.9444757699966431,0.4864848852157593,0.023566577583551407,0.1535140957161635,0.615524446208081,0.7839417634186922,0.07115002359507486,0.9288499764049252,0.9704202307468397,0.8719553314295032,0.8719553314295032,0.5,0.0,0.0,0.8545394752842624,0.3946947860777672,0.6054428588329739,0.49740316438146254,0.7175781804677174,0.572360038188888,0.44376926356155993,0.590487249110064,False,1,0.590487249110064,454
1159_25.png,00667,"photorealistic orange juice still life, single central clear glass, pale orange juice, small orange garnish on the rim, scattered pale citrus cubes on brown tabletop, warm realistic product photo",1,"[0, 5, 1, 0, 0, 0]",0.95174640417099,0.506055474281311,0.023048289120197296,0.15181662991977293,0.5913042125657346,0.7915694625289351,0.0716316892683741,0.9283683107316258,0.9757726844696761,0.8762897037880251,0.8762897037880251,0.5,0.0,0.0,0.9190323921187954,0.3417078436780303,0.6204101271591207,0.44032245061006153,0.7421491846074861,0.5547154217631902,0.5577740062776081,0.5904276722734434,False,1,0.5904276722734434,455
1159_25.png,00073,"realistic orange juice still life, single clear glass, light creamy orange juice, small orange garnish on the rim, scattered pale citrus cubes on brown tabletop, warm realistic product photo",1,"[1, 0, 2, 0, 0, 0]",0.9546287059783936,0.507426917552948,0.02373218536376953,0.1540525409195497,0.6099709525858258,0.778427689163773,0.07244056713516138,0.9275594328648387,0.9757375583688197,0.8700857733001554,0.8700857733001554,0.5,0.0,0.0,0.9445993572967125,0.3379946909775505,0.600695161497838,0.4843150420881657,0.6998157675321218,0.5250842055776282,0.5570258368775308,0.5903485862561758,False,1,0.5903485862561758,456
1159_25.png,00707,"realistic orange juice still life, single clear glass, light creamy orange juice, small orange garnish on the rim, small pale citrus cubes in foreground, warm realistic product photo",1,"[1, 0, 2, 0, 3, 0]",0.9517901539802551,0.49216175079345703,0.026817740872502327,0.16376123128659703,0.5837392514743414,0.7987625687210649,0.07168757086079362,0.9283124291392064,0.9716197476702325,0.878676455657248,0.878676455657248,0.5,0.0,0.0,0.9194204673186753,0.379324796530238,0.5150895639487968,0.4224938290894736,0.7653202404488574,0.5526683394856761,0.4693184089285703,0.5900470122827149,False,1,0.5900470122827149,457
1159_25.png,00373,"realistic orange juice still life, single tall clear glass, pale creamy orange juice, small orange garnish on the rim, scattered tiny citrus pieces on brown tabletop, soft depth of field",1,"[1, 1, 0, 0, 1, 2]",0.9195461273193359,0.443527489900589,0.025040321052074432,0.15824133800013962,0.6289484170795753,0.7829256410951967,0.06801929348482513,0.9319807065151748,0.9879327808209266,0.876096341937335,0.876096341937335,0.5,0.0,0.0,0.6334053440175618,0.5110009955425707,0.5637607796668275,0.5290399293403144,0.7143049593487051,0.6870465001685228,0.8167783298482969,0.5899879873309948,False,1,0.5899879873309948,458
1159_25.png,00276,"photorealistic orange juice still life, single tall clear glass, pale creamy orange juice, tiny orange garnish on the rim, scattered pale citrus cubes on brown tabletop, soft depth of field",1,"[0, 1, 0, 2, 0, 2]",0.9199985265731812,0.4202893078327179,0.027029631659388542,0.16440690879457756,0.5894119615745163,0.7954904061776619,0.07017435967958784,0.9298256403204122,0.9697341285672789,0.8773564826055479,0.8773564826055479,0.5,0.0,0.0,0.6374182742179545,0.573917865882067,0.5093963543803615,0.43586291323282744,0.7547796674349081,0.6081010438354832,0.4291556103647051,0.5897338660128517,False,1,0.5897338660128517,459
1159_25.png,00784,"realistic orange juice still life, straight clear glass, pale creamy orange juice, tiny orange garnish on the rim, scattered pale citrus cubes on brown tabletop, warm realistic product photo",1,"[1, 3, 0, 2, 0, 0]",0.9509764313697815,0.5072419047355652,0.023127198219299316,0.15207629078623439,0.6117160676225221,0.7799060962818287,0.07213369776586298,0.927866302234137,0.9817267003686593,0.8720562891825028,0.8720562891825028,0.5,0.0,0.0,0.9122024800860321,0.33849560913923893,0.6181205883239982,0.4884278187598848,0.7045781404171808,0.5363255968874476,0.6845917399452095,0.5896978883352204,False,1,0.5896978883352204,460
1159_25.png,00110,"photorealistic orange juice still life, single clear glass, light creamy orange juice, small orange garnish on the rim, scattered pale citrus cubes on brown tabletop, soft depth of field",1,"[0, 0, 2, 0, 0, 2]",0.9221528172492981,0.45955416560173035,0.023930098861455917,0.15469356438280138,0.6670133163084264,0.7909760651765047,0.06691161863292434,0.9330883813670756,0.9783579537584692,0.8781917535595974,0.8781917535595974,0.5,0.0,0.0,0.656527541178797,0.4676091211645831,0.5950429885950055,0.6187488747495125,0.7402376817293093,0.7276233960729048,0.6128390241894994,0.589694865901429,False,1,0.589694865901429,461
1159_25.png,00580,"photorealistic orange juice still life, single tall clear glass, light creamy orange juice, small orange garnish on the rim, scattered tiny citrus pieces on brown tabletop, soft depth of field",1,"[0, 1, 2, 0, 1, 2]",0.9240070581436157,0.4421021342277527,0.022964738309383392,0.15154120993770437,0.6607956425851321,0.744474622938368,0.06742987509590778,0.9325701249040922,0.9704814915785781,0.8555094223544134,0.8555094223544134,0.5,0.0,0.0,0.6729752678723433,0.5148601148916482,0.622838620730401,0.6040954548294502,0.5904432138006863,0.7086383676467694,0.445074090417159,0.5892126722775513,False,1,0.5892126722775513,462
1159_25.png,00352,"realistic orange juice still life, single clear glass, pale orange juice, small orange garnish on the rim, scattered pale citrus cubes on brown tabletop, soft realistic product photo",1,"[1, 0, 1, 0, 0, 3]",0.9446648955345154,0.4994482100009918,0.021852824836969376,0.1478270098357177,0.6166248111828396,0.7881724039713541,0.07161561430564681,0.9283843856943532,0.9760307614279093,0.8748182690657149,0.8748182690657149,0.5,0.0,0.0,0.856217081018893,0.3595968673895015,0.6555882818202703,0.49999643491286055,0.7312062857496547,0.5553042877901982,0.5632709239060197,0.5890345046451522,False,1,0.5890345046451522,463
1159_25.png,00250,"photorealistic orange juice still life, single clear glass, light creamy orange juice, small orange garnish on the rim, small pale citrus cubes in foreground, warm realistic product photo",1,"[0, 0, 2, 0, 3, 0]",0.9424842000007629,0.49194085597991943,0.02597673051059246,0.16117298319070866,0.5982685664503002,0.8040709318938078,0.0712748702828392,0.9287251297171608,0.9889682507440928,0.8846793649020384,0.8846793649020384,0.5,0.0,0.0,0.836873594284826,0.37992286441271783,0.5379112336567655,0.4567355990774899,0.7824199990533507,0.5677865922496504,0.8388333513942295,0.5888456898430109,False,1,0.5888456898430109,464
1159_25.png,00227,"photorealistic orange juice still life, single clear glass, pale creamy orange juice, small orange wedge on the rim, scattered tiny citrus pieces on brown tabletop, realistic food photography",1,"[0, 0, 0, 3, 1, 1]",0.9313507080078125,0.4701918363571167,0.02281796559691429,0.15105616702708397,0.621796792659279,0.7890952781394676,0.07156624535375482,0.9284337546462452,0.9803760361682952,0.8761198965226052,0.8761198965226052,0.5,0.0,0.0,0.7381158578946867,0.43880785996109817,0.6271154476381288,0.5121854335264604,0.7341791278449532,0.5571127957818645,0.6558232287853059,0.5887891864945873,False,1,0.5887891864945873,465
1159_25.png,00706,"realistic orange juice still life, single clear glass, light creamy orange juice, small orange garnish on the rim, orange halves and tiny cubes on a smooth brown surface, realistic food photography",1,"[1, 0, 2, 0, 2, 1]",0.9413003921508789,0.4945853352546692,0.025291820988059044,0.1590340246238491,0.650307169902565,0.7909602412471065,0.07011675077424545,0.9298832492257545,0.9832820097205464,0.8780476477343213,0.8780476477343213,0.5,0.0,0.0,0.8263728292373952,0.3727629945417027,0.5567713290276245,0.5793768862172122,0.7401867083192245,0.6102114018987997,0.7177190964227143,0.588713029691994,False,1,0.588713029691994,466
1159_25.png,00700,"realistic orange juice still life, single clear glass, pale orange juice, tiny orange garnish on the rim, orange halves and tiny cubes on a smooth brown surface, warm realistic product photo",1,"[1, 0, 1, 2, 2, 0]",0.9070074558258057,0.4501214921474457,0.02104060724377632,0.1450538080981548,0.6867486001865691,0.8158411096643517,0.068561463007609,0.931438536992391,0.9818057450226295,0.889493136300821,0.889493136300821,0.5,0.0,0.0,0.5221832032171116,0.4931478784970067,0.6800407654089822,0.6652597427650895,0.820335113761728,0.6671854766463423,0.686275353836257,0.5886206016658341,False,1,0.5886206016658341,467
1159_25.png,00872,"photorealistic citrus drink still life, single clear glass, pale creamy orange juice, tiny orange garnish on the rim, scattered tiny citrus pieces on brown tabletop, warm realistic product photo",1,"[3, 0, 0, 2, 1, 0]",0.9052534103393555,0.43770483136177063,0.020729515701532364,0.14397748331434454,0.6908347786408642,0.804873996310764,0.068680207904575,0.931319792095425,0.9727006260323331,0.8826953507797091,0.8826953507797091,0.5,0.0,0.0,0.5066242427510831,0.5267657163476676,0.6895311727442139,0.6748897895355996,0.7850068996151508,0.6628355545414072,0.4923406088315559,0.5885111108655058,False,1,0.5885111108655058,468
1159_25.png,00367,"realistic orange juice still life, single clear glass, light creamy orange juice, tiny orange garnish on the rim, scattered pale citrus cubes on brown tabletop, warm realistic product photo",1,"[1, 0, 2, 2, 0, 0]",0.9545217752456665,0.5112433433532715,0.023535478860139847,0.15341277280637308,0.6090953518421522,0.7750441939742476,0.0703073506324071,0.9296926493675929,0.9752161413255127,0.8692055428321716,0.8692055428321716,0.5,0.0,0.0,0.9436508465220743,0.32766180148826274,0.6063362654522082,0.48225148167146226,0.6889165601686488,0.6032292531294725,0.5459198994985011,0.588388184884647,False,1,0.588388184884647,469
1159_25.png,00278,"photorealistic orange juice still life, single tall clear glass, pale creamy orange juice, tiny orange garnish on the rim, orange halves and tiny cubes on a smooth brown surface, warm realistic product photo",1,"[0, 1, 0, 2, 2, 0]",0.9205523133277893,0.446527898311615,0.02261507883667946,0.15038310688597792,0.6745610675478827,0.7396596272786459,0.06729583032703702,0.932704169672963,0.984442804317418,0.8561818525244113,0.8561818525244113,0.5,0.0,0.0,0.6423305449019925,0.5028774553099181,0.6330501013748868,0.6365369371802514,0.5749327333034775,0.7135487622663311,0.7424434744771977,0.5883146699978616,False,1,0.5883146699978616,470
1159_25.png,00820,"orange juice still life, single clear glass, light creamy orange juice, small orange garnish on the rim, scattered tiny citrus pieces on brown tabletop, realistic food photography",1,"[2, 0, 2, 0, 1, 1]",0.9410483837127686,0.4914270341396332,0.02236868254840374,0.1495616346139736,0.6332747489735799,0.7951400191695601,0.07090949229812855,0.9290905077018714,0.9671166549754102,0.876418017317039,0.876418017317039,0.5,0.0,0.0,0.8241374314920381,0.3813140258214921,0.6402933671559838,0.5392359545384363,0.7536509704973181,0.5811713002493972,0.37340465596898775,0.5881685957392633,False,1,0.5881685957392633,471
1159_25.png,00231,"photorealistic orange juice still life, single clear glass, pale creamy orange juice, thin orange slice on the rim, scattered pale citrus cubes on brown tabletop, warm realistic product photo",1,"[0, 0, 0, 5, 0, 0]",0.9388285875320435,0.47067564725875854,0.024742569774389267,0.15729771064573467,0.6100228573815523,0.7642861825448494,0.0710453806859044,0.9289546193140956,0.980818439484908,0.8652265868020973,0.8652265868020973,0.5,0.0,0.0,0.8044471091569886,0.43749795251315193,0.572081138075994,0.48443736802572585,0.6542619232267618,0.5761933692654714,0.6652462110096985,0.5875323180932804,False,1,0.5875323180932804,472
1159_25.png,00225,"photorealistic orange juice still life, single clear glass, pale creamy orange juice, tiny orange garnish on the rim, small pale citrus cubes in foreground, warm realistic product photo",1,"[0, 0, 0, 2, 3, 0]",0.948908805847168,0.49488565325737,0.025626154616475105,0.16008171231116658,0.5846975760680366,0.7767458315248842,0.07090255722708144,0.9290974427729186,0.9867766579957483,0.8720750607558689,0.8720750607558689,0.5,0.0,0.0,0.8938619615456602,0.37194989010946444,0.5475334269907032,0.42475234784038995,0.6943980222316883,0.5814253492200759,0.7921534583299766,0.5874010302784428,False,1,0.5874010302784428,473
1159_25.png,00103,"photorealistic orange juice still life, single clear glass, pale orange juice, small orange garnish on the rim, small pale citrus cubes in foreground, warm realistic product photo",1,"[0, 0, 1, 0, 3, 0]",0.9454248547554016,0.4914245009422302,0.024499746039509773,0.15652394717585477,0.5803803792606059,0.7873975965711805,0.0690205142293217,0.9309794857706783,0.9781840824171671,0.8758085549602022,0.8758085549602022,0.5,0.0,0.0,0.8629581693001852,0.38132088439812606,0.578903735326135,0.4145778516361541,0.7287104091344346,0.6503692840549431,0.6091356465318344,0.5873838269326851,False,1,0.5873838269326851,474
1159_25.png,00102,"photorealistic orange juice still life, single clear glass, pale orange juice, small orange garnish on the rim, orange halves and tiny cubes on a smooth brown surface, realistic food photography",1,"[0, 0, 1, 0, 2, 1]",0.9453941583633423,0.48195040225982666,0.025796961039304733,0.16061432389206368,0.6730712384566699,0.7288931387442131,0.06500264199096106,0.9349973580090389,0.9693682635366313,0.8491246404453857,0.8491246404453857,0.5,0.0,0.0,0.8626858822049016,0.40697179963079877,0.5428371671533321,0.6330258022680292,0.5402507891776173,0.7975539775534904,0.4213628575736213,0.5873369821888175,False,1,0.5873369821888175,475
1159_25.png,00274,"photorealistic orange juice still life, single tall clear glass, pale creamy orange juice, orange slice on the rim, orange halves and tiny cubes on a smooth brown surface, realistic food photography",1,"[0, 1, 0, 1, 2, 1]",0.9281569123268127,0.46335187554359436,0.024063840508461,0.15512524136471473,0.670260526416588,0.7399128101490162,0.06443128071148797,0.935568719288512,0.9843936360552008,0.8572885435290767,0.8572885435290767,0.5,0.0,0.0,0.7097858395906494,0.45732690445324964,0.5912367114775184,0.62640169401941,0.575748307864833,0.8184843680206847,0.741396213655501,0.5872157444739595,False,1,0.5872157444739595,476
1159_25.png,00436,"orange juice still life, single tall clear glass, light creamy orange juice, small orange garnish on the rim, scattered pale citrus cubes on brown tabletop, warm realistic product photo",1,"[2, 1, 2, 0, 0, 0]",0.9123409986495972,0.4479730427265167,0.022285964339971542,0.14928484296797026,0.6862967902169064,0.815643310546875,0.07472355354460722,0.9252764464553928,0.9788990540828709,0.8866660568220555,0.8866660568220555,0.5,0.0,0.0,0.5694934825572358,0.4989647583739589,0.6427339552638425,0.6641949456232363,0.8196979461356692,0.44145271233911954,0.6243642061829076,0.5870171421507865,False,1,0.5870171421507865,477
1159_25.png,00575,"photorealistic orange juice still life, single tall clear glass, pale orange juice, tiny orange garnish on the rim, orange halves and tiny cubes on a smooth brown surface, warm realistic product photo",1,"[0, 1, 1, 2, 2, 0]",0.9389635324478149,0.4606103301048279,0.024631841108202934,0.15694534433427115,0.6559383721798431,0.7022004304108797,0.06794954472546129,0.9320504552745387,0.9803650302126301,0.8382808590735105,0.8382808590735105,0.5,0.0,0.0,0.8056441149506235,0.4647495788430501,0.5751880997266992,0.5926481473505557,0.45426592828041196,0.6896015714002197,0.655588807114627,0.5869189393394993,False,1,0.5869189393394993,478
1159_25.png,00439,"orange juice still life, clear cylindrical glass, pale creamy orange juice, orange slice on the rim, scattered pale citrus cubes on brown tabletop, warm realistic product photo",1,"[2, 2, 0, 1, 0, 0]",0.9256610870361328,0.4460216164588928,0.024610750377178192,0.15687813862096334,0.641867670102822,0.766689724392361,0.07180079576560545,0.9281992042343945,0.977994489335302,0.865478995325661,0.865478995325661,0.5,0.0,0.0,0.6876470482492733,0.5042482023670642,0.5757806807061021,0.5594872072175566,0.6620044201228455,0.5485206284778358,0.6050974032068034,0.5868280508266571,False,1,0.5868280508266571,479
1159_25.png,00499,"photorealistic orange juice still life, single clear glass, pale orange juice, tiny orange garnish on the rim, scattered pale citrus cubes on brown tabletop, soft realistic product photo",1,"[0, 0, 1, 2, 0, 3]",0.9513009190559387,0.5140247941017151,0.023391662165522575,0.15294332991511128,0.5857363582930583,0.8075261999059608,0.0713615799826941,0.9286384200173059,0.9767029714659714,0.8837508312569338,0.8837508312569338,0.5,0.0,0.0,0.9150807926039423,0.32013108434419335,0.6104755404421713,0.4272004840447248,0.7935504072411371,0.5646101994130022,0.577588681033642,0.5865886093679995,False,1,0.5865886093679995,480
1159_25.png,00653,"photorealistic orange juice still life, straight clear glass, soft pale orange juice, small orange garnish on the rim, scattered pale citrus cubes on brown tabletop, warm realistic product photo",1,"[0, 3, 3, 0, 0, 0]",0.9552872180938721,0.4954601526260376,0.02444205991923809,0.15633956607090252,0.5932290867510814,0.7616147641782408,0.07343995097818347,0.9265600490218165,0.9694728744454874,0.8609172359269416,0.8609172359269416,0.5,0.0,0.0,0.950440576381553,0.37039444561802315,0.5805295009103135,0.44485887226652476,0.645656519317102,0.4884742797521546,0.4235910206492856,0.5859298785360533,False,1,0.5859298785360533,481
1159_25.png,00697,"realistic orange juice still life, single clear glass, pale orange juice, orange slice on the rim, small pale citrus cubes in foreground, warm realistic product photo",1,"[1, 0, 1, 1, 3, 0]",0.9432998299598694,0.48909100890159607,0.02402302995324135,0.15499364488017356,0.6045232271425236,0.7925375479239004,0.07348176555473775,0.9265182344452623,0.9770378639417291,0.8763308514099428,0.8763308514099428,0.5,0.0,0.0,0.8441085003272732,0.3876387631259036,0.5923970529106675,0.47147618754505216,0.7452676650173125,0.4869425073938518,0.5847217329969691,0.5858342932477685,False,1,0.5858342932477685,482
1159_25.png,00870,"photorealistic citrus drink still life, single clear glass, pale creamy orange juice, orange slice on the rim, orange halves and tiny cubes on a smooth brown surface, warm realistic product photo",1,"[3, 0, 0, 1, 2, 0]",0.9268420934677124,0.480322927236557,0.02503667026758194,0.15822980208412682,0.6648900133465723,0.8320612024377892,0.07225543672036146,0.9277445632796385,0.9814671275128801,0.8954315637474547,0.8954315637474547,0.5,0.0,0.0,0.6981229637948044,0.4113781527061281,0.5638624966797526,0.6137448087109562,0.8725846795775027,0.5318659949783513,0.6790629604037975,0.5857466503819023,False,1,0.5857466503819023,483
1159_25.png,00824,"orange juice still life, single clear glass, light creamy orange juice, tiny orange garnish on the rim, scattered pale citrus cubes on brown tabletop, warm realistic product photo",1,"[2, 0, 2, 2, 0, 0]",0.9341959953308105,0.47619807720184326,0.022778285667300224,0.1509247682366954,0.6342109200438126,0.7753307201244213,0.07168324459095454,0.9283167554090455,0.9794767090024896,0.8697050302496535,0.8697050302496535,0.5,0.0,0.0,0.7633544924198445,0.42254609407288257,0.6282740459189652,0.5414422632673327,0.6898395429869688,0.5528268215534162,0.6366679838332989,0.5856573410784331,False,1,0.5856573410784331,484
1159_25.png,00443,"photorealistic citrus drink still life, single clear glass, pale creamy orange juice, small orange garnish on the rim, scattered tiny citrus pieces on brown tabletop, realistic food photography",1,"[3, 0, 0, 0, 1, 1]",0.9073238372802734,0.4462621808052063,0.020236218348145485,0.14225406267711824,0.7011403103898364,0.8077211733217592,0.07173804095898148,0.9282619590410185,0.9729349181385009,0.8829531972868483,0.8829531972868483,0.5,0.0,0.0,0.5249896107933547,0.5035968796542503,0.704727295794843,0.6991772145337088,0.7941784724725377,0.550819493755414,0.4973309203161926,0.5852978560883535,False,1,0.5852978560883535,485
1159_25.png,00842,"orange juice still life, single tall clear glass, pale orange juice, orange slice on the rim, scattered pale citrus cubes on brown tabletop, realistic food photography",1,"[2, 1, 1, 1, 0, 1]",0.9340024590492249,0.4719528257846832,0.02443513087928295,0.1563174042750293,0.6221154066620647,0.8134579128689235,0.07580576849053357,0.9241942315094664,0.9719236174327327,0.8839087653058755,0.8839087653058755,0.5,0.0,0.0,0.7616377619375421,0.43404001955259164,0.5807249107654806,0.5129363228434309,0.8126581541071821,0.4018084763689126,0.47579069171454125,0.5852507809417051,False,1,0.5852507809417051,486
1159_25.png,00812,"orange juice still life, single clear glass, pale orange juice, small orange garnish on the rim, small pale citrus cubes in foreground, warm realistic product photo",1,"[2, 0, 1, 0, 3, 0]",0.9524530172348022,0.4918208718299866,0.027422428131103516,0.16559718636227946,0.576279203166125,0.7715425844545717,0.06690906450319735,0.9330909354968027,0.9716693566902289,0.868109861766484,0.868109861766484,0.5,0.0,0.0,0.9253002824383811,0.3802477188777561,0.4989011775253879,0.40491245937644105,0.6776368727084717,0.7277169602229647,0.4703750576833189,0.5850117423231841,False,1,0.5850117423231841,487
1159_25.png,00062,"photorealistic orange juice still life, clear cylindrical glass, pale orange juice, small orange garnish on the rim, scattered pale citrus cubes on brown tabletop, warm realistic product photo",1,"[0, 2, 1, 0, 0, 0]",0.9275470972061157,0.47489026188850403,0.022430161014199257,0.14976702245220494,0.6460638792333235,0.7912665473090278,0.07149180558675512,0.9285081944132448,0.9836633996969802,0.8777804942730942,0.8777804942730942,0.5,0.0,0.0,0.704376578868618,0.42608697546614516,0.6384823763882921,0.5693765673220075,0.7411734079001503,0.5598397103376175,0.7258425232451294,0.5847631394961991,False,1,0.5847631394961991,488
1159_25.png,00982,"photorealistic orange juice still life, single clear glass, light creamy orange juice, tiny orange garnish on the rim, scattered pale citrus cubes on brown tabletop, soft realistic product photo",1,"[0, 0, 2, 2, 0, 3]",0.9513418674468994,0.513890266418457,0.02413335070014,0.1553491251991462,0.644590765154054,0.7832189489293983,0.07139974323965001,0.92860025676035,0.9736532937295254,0.8721892756302568,0.8721892756302568,0.5,0.0,0.0,0.9154440183019225,0.3204953151080242,0.589262633748855,0.565904825292055,0.7152497879142047,0.5632121840096409,0.5126319819729829,0.583960641456876,False,1,0.583960641456876,489
1159_25.png,00811,"orange juice still life, single clear glass, pale orange juice, small orange garnish on the rim, orange halves and tiny cubes on a smooth brown surface, realistic food photography",1,"[2, 0, 1, 0, 2, 1]",0.951322078704834,0.4952923655509949,0.025145232677459717,0.1585724839859038,0.6145599867542192,0.771474767614294,0.07436786904930903,0.925632130950691,0.9733242441443766,0.8657997400880495,0.8657997400880495,0.5,0.0,0.0,0.9152684856502057,0.3708487254586007,0.5608409265336465,0.49513018738037545,0.6774184152366804,0.454482323615165,0.5056233808269966,0.5838721929499334,False,1,0.5838721929499334,490
1159_25.png,00048,"photorealistic orange juice still life, single clear glass, soft pale orange juice, small orange garnish on the rim, scattered pale citrus cubes on brown tabletop, warm realistic product photo",1,"[0, 0, 3, 0, 0, 0]",0.9539088010787964,0.49909162521362305,0.024182531982660294,0.15550733739171374,0.6012157916930214,0.7585025363498263,0.07170119430680051,0.9282988056931994,0.9704698830616939,0.8603246999623804,0.8603246999623804,0.5,0.0,0.0,0.938213564021305,0.36056231291215,0.5878676104478486,0.46368143300229087,0.6356311418407952,0.5521692786380499,0.4448268344763834,0.5837017647483342,False,1,0.5837017647483342,491
1159_25.png,00908,"warm orange juice still life, single clear glass, light creamy orange juice, small orange garnish on the rim, scattered pale citrus cubes on brown tabletop, warm realistic product photo",1,"[4, 0, 2, 0, 0, 0]",0.9361607432365417,0.47705191373825073,0.023621030151844025,0.15369134702983128,0.6348270872494008,0.7845916748046875,0.0779104535309233,0.9220895464690767,0.983684326004754,0.872534460127237,0.872534460127237,0.5,0.0,0.0,0.7807824526564118,0.42023435030155953,0.6038799596108105,0.5428944071407927,0.7196717312390543,0.3247086075320825,0.726288243742172,0.58351472635946,False,1,0.58351472635946,492
1159_25.png,00757,"realistic orange juice still life, single tall clear glass, soft pale orange juice, orange slice on the rim, scattered pale citrus cubes on brown tabletop, warm realistic product photo",1,"[1, 1, 3, 1, 0, 0]",0.9483802318572998,0.5048457384109497,0.023356618359684944,0.1528287222994583,0.6195107586570481,0.793058607313368,0.07376947066123035,0.9262305293387696,0.9719858950491961,0.8754542375694242,0.8754542375694242,0.5,0.0,0.0,0.8891733363787191,0.344983177121854,0.6114860838883756,0.5067978532710458,0.746946146592245,0.47640315088749124,0.47711717560576744,0.583412615081578,False,1,0.583412615081578,493
1159_25.png,00923,"photorealistic orange juice still life, single clear glass, pale creamy orange juice, orange slice on the rim, scattered tiny citrus pieces on brown tabletop, natural product photo",1,"[0, 0, 0, 1, 1, 5]",0.932181179523468,0.47645971179008484,0.0236105527728796,0.15365725746895134,0.6240086171276755,0.7938950150101274,0.07085613848982045,0.9291438615101796,0.9777360515228989,0.8780003185877,0.8780003185877,0.5,0.0,0.0,0.7454824134259215,0.42183772414030163,0.6041805415759349,0.517398121449189,0.7496404554110095,0.5831257834825483,0.5995927995545743,0.5833953687272967,False,1,0.5833953687272967,494
1159_25.png,00449,"photorealistic citrus drink still life, single clear glass, pale orange juice, small orange garnish on the rim, scattered tiny citrus pieces on brown tabletop, warm realistic product photo",1,"[3, 0, 1, 0, 1, 0]",0.9288499355316162,0.47428590059280396,0.024041227996349335,0.15505233953845823,0.6153018349782471,0.8304059063946759,0.06910935168790931,0.9308906483120907,0.9643102679964146,0.8923564383861189,0.8923564383861189,0.5,0.0,0.0,0.7159331833903815,0.4277232704727302,0.5918795174753578,0.49687852832385515,0.8672524967868545,0.6471149461024869,0.31362993542595546,0.5831032931020302,False,1,0.5831032931020302,495
1159_25.png,00694,"realistic orange juice still life, single clear glass, pale orange juice, orange slice on the rim, scattered pale citrus cubes on brown tabletop, soft realistic product photo",1,"[1, 0, 1, 1, 0, 3]",0.9393643140792847,0.481914222240448,0.024389954283833504,0.15617283465389717,0.5995991582927712,0.8085389313874422,0.07735376558093687,0.9226462344190631,0.9774962305800288,0.8822679472870268,0.8822679472870268,0.5,0.0,0.0,0.8091991798606948,0.4070697562429588,0.5819996417885711,0.45987145371986027,0.7968127054865592,0.34510147729802576,0.5944847264528532,0.5827307060687499,False,1,0.5827307060687499,496
1159_25.png,00494,"photorealistic orange juice still life, single clear glass, pale orange juice, orange slice on the rim, scattered pale citrus cubes on brown tabletop, clean studio product photo",1,"[0, 0, 1, 1, 0, 4]",0.9320196509361267,0.4677063524723053,0.023852325975894928,0.1544419825562173,0.6121417644324332,0.7762733742042824,0.07082761716334496,0.929172382836655,0.9789493742602464,0.8703232272368056,0.8703232272368056,0.5,0.0,0.0,0.7440496017206429,0.4455372532869123,0.5972612911448847,0.48943107405951375,0.6928761018448732,0.5841705908946366,0.6254360022547995,0.5825066884004106,False,1,0.5825066884004106,497
1159_25.png,00393,"realistic orange juice still life, clear cylindrical glass, pale creamy orange juice, small orange garnish on the rim, scattered tiny citrus pieces on brown tabletop, realistic food photography",1,"[1, 2, 0, 0, 1, 1]",0.9503874778747559,0.5166246891021729,0.023556537926197052,0.15348139276862538,0.6175844784132394,0.7960725007233797,0.0688801005866801,0.9311198994133199,0.9695984282704604,0.8780442757742749,0.8780442757742749,0.5,0.0,0.0,0.9069782688462323,0.31309192542193565,0.6057312144463239,0.5022581179049878,0.7566547607344539,0.6555129864250405,0.42626525797187964,0.5821331040137053,False,1,0.5821331040137053,498
1159_25.png,00052,"photorealistic orange juice still life, single tall clear glass, pale creamy orange juice, orange slice on the rim, scattered pale citrus cubes on brown tabletop, realistic food photography",1,"[0, 1, 0, 1, 0, 1]",0.9469914436340332,0.5058032870292664,0.025406941771507263,0.15939555129145627,0.6065902125990071,0.8328009711371527,0.07651022201579977,0.9234897779842002,0.9724557611307227,0.8924730115323334,0.8924730115323334,0.5,0.0,0.0,0.8768543279901617,0.3423906351542235,0.5535835966723452,0.4763475280512355,0.8749676864989636,0.37600258458112557,0.48712510178491386,0.5816620233145092,False,1,0.5816620233145092,499
1159_25.png,00764,"realistic orange juice still life, clear cylindrical glass, pale creamy orange juice, orange slice on the rim, scattered tiny citrus pieces on brown tabletop, realistic food photography",1,"[1, 2, 0, 1, 1, 1]",0.9395856857299805,0.4814044237136841,0.024936605244874954,0.15791328394050627,0.6128905810530623,0.7781513355396412,0.0720243809004409,0.9279756190995591,0.9792018293538176,0.8707999335484478,0.8707999335484478,0.5,0.0,0.0,0.8111628192235747,0.40845002461825564,0.566653369989681,0.49119583767907954,0.6989255533345712,0.5403301466533031,0.630813176814412,0.5815354526522668,False,1,0.5815354526522668,500
1159_25.png,00381,"realistic orange juice still life, single tall clear glass, pale creamy orange juice, small orange wedge on the rim, scattered pale citrus cubes on brown tabletop, warm realistic product photo",1,"[1, 1, 0, 3, 0, 0]",0.9409090876579285,0.4953059256076813,0.024456648156046867,0.1563862147251057,0.618947960798696,0.8291654233579283,0.07522755711799535,0.9247724428820047,0.9677578540568376,0.8903463663311368,0.8903463663311368,0.5,0.0,0.0,0.8229018296635378,0.37081201190132496,0.5801181801485066,0.5054714868974536,0.8632565455319986,0.42298980285109483,0.3870618943297807,0.5813919166777556,False,1,0.5813919166777556,501
1159_25.png,00714,"realistic orange juice still life, single clear glass, soft pale orange juice, small orange garnish on the rim, scattered pale citrus cubes on brown tabletop, soft depth of field",1,"[1, 0, 3, 0, 0, 2]",0.9475735425949097,0.49333900213241577,0.031715020537376404,0.1780871150234525,0.5460918220200947,0.8357170952690973,0.06825892015649743,0.9317410798435026,0.9787561263671807,0.8979332960897558,0.8979332960897558,0.5,0.0,0.0,0.8820177372572283,0.37613741424560254,0.3887722346956055,0.3337687500237753,0.8843613577860064,0.6782683767908261,0.6213199131730048,0.5811617670092426,False,1,0.5811617670092426,502
1159_25.png,00143,"photorealistic orange juice still life, clear cylindrical glass, pale creamy orange juice, orange slice on the rim, scattered pale citrus cubes on brown tabletop, realistic food photography",1,"[0, 2, 0, 1, 0, 1]",0.9449453353881836,0.499081015586853,0.02477024868130684,0.15738566860202627,0.6032034798245209,0.7863780834056713,0.07008371616840882,0.9299162838315912,0.9793474712830874,0.8752103311302264,0.8752103311302264,0.5,0.0,0.0,0.8587046747728914,0.3605910382448757,0.571305575860817,0.4683658905916085,0.7254262651418333,0.6114215420044254,0.6339152812948733,0.5810403547480479,False,1,0.5810403547480479,503
1159_25.png,00411,"orange juice still life, single clear glass, pale creamy orange juice, orange slice on the rim, scattered pale citrus cubes on brown tabletop, soft depth of field",1,"[2, 0, 0, 1, 0, 2]",0.9347788095474243,0.4800879657268524,0.025038324296474457,0.15823502866456104,0.6476665180406326,0.7898293954354746,0.0718794505151219,0.9281205494848781,0.9758454079887966,0.8754345018634302,0.8754345018634302,0.5,0.0,0.0,0.7685242462405876,0.41201430586121046,0.5638164117265514,0.5731535650334997,0.7365439299770984,0.5456393085868627,0.5593229829742885,0.5809569997100038,False,1,0.5809569997100038,504
1159_25.png,00783,"realistic orange juice still life, straight clear glass, pale creamy orange juice, orange slice on the rim, scattered tiny citrus pieces on brown tabletop, warm realistic product photo",1,"[1, 3, 0, 1, 1, 0]",0.9326329231262207,0.47938787937164307,0.02426655776798725,0.15577726974108658,0.6207721357620857,0.8078364619502315,0.07366070067469566,0.9263392993253043,0.9788792253982215,0.883521007721105,0.883521007721105,0.5,0.0,0.0,0.7494895277854441,0.41390977437542165,0.5854875036371185,0.5097705870007718,0.7945498501745838,0.48038766711404274,0.6239418645413137,0.58069979275978,False,1,0.58069979275978,505
1159_25.png,00754,"realistic orange juice still life, single tall clear glass, light creamy orange juice, tiny orange garnish on the rim, scattered pale citrus cubes on brown tabletop, warm realistic product photo",1,"[1, 1, 2, 2, 0, 0]",0.9271976947784424,0.47911471128463745,0.023574551567435265,0.15354006502354772,0.676328846607476,0.8179456922743057,0.07744675914837473,0.9225532408516253,0.979636003321498,0.886896396485806,0.886896396485806,0.5,0.0,0.0,0.7012772643976428,0.41464937100397137,0.6052138765508623,0.6407031269867487,0.8271145773029971,0.34169489069977627,0.6400608777834512,0.580598376243738,False,1,0.580598376243738,506
1159_25.png,00322,"photorealistic orange juice still life, straight clear glass, pale creamy orange juice, small orange garnish on the rim, scattered pale citrus cubes on brown tabletop, soft depth of field",1,"[0, 3, 0, 0, 0, 2]",0.9325281381607056,0.47734466195106506,0.027187921106815338,0.1648876014344782,0.5858249003781144,0.8282922815393517,0.06820484474369197,0.9317951552563081,0.9757214289466709,0.8940041168217503,0.8940041168217503,0.5,0.0,0.0,0.7485600506718354,0.41944174091008635,0.5051578856353092,0.427409154427036,0.8604439055826801,0.6802492941986987,0.5566822877844512,0.580114427097393,False,1,0.580114427097393,507
1159_25.png,00121,"photorealistic orange juice still life, single tall clear glass, pale creamy orange juice, small orange garnish on the rim, scattered tiny citrus pieces on brown tabletop, soft depth of field",1,"[0, 1, 0, 0, 1, 2]",0.9035587310791016,0.4211854934692383,0.021284939721226692,0.14589359040487931,0.6808221097286561,0.7477835196035879,0.06652451250570732,0.9334754874942927,0.9756334180513425,0.8583456880548855,0.8583456880548855,0.5,0.0,0.0,0.4915918802402048,0.5714914628472518,0.6726360523673274,0.6512925651361497,0.6011021179451888,0.7418040601920551,0.5548076971765373,0.5799032756564341,False,1,0.5799032756564341,508
1159_25.png,00189,"realistic orange juice still life, straight clear glass, pale creamy orange juice, small orange garnish on the rim, scattered pale citrus cubes on brown tabletop, warm realistic product photo",1,"[1, 3, 0, 0, 0, 0]",0.9484099745750427,0.5113230347633362,0.02328389696776867,0.15259061887209407,0.6118979955319681,0.7908415617766203,0.0744098130211761,0.9255901869788239,0.9809002701723539,0.8760153222765382,0.8760153222765382,0.5,0.0,0.0,0.8894371640691007,0.32744603873627254,0.6135855417356637,0.48885657494281287,0.7398044077435889,0.4529458111834292,0.6669891661012575,0.5798826923256436,False,1,0.5798826923256436,509
1159_25.png,00828,"orange juice still life, single clear glass, muted orange juice, small orange garnish on the rim, scattered pale citrus cubes on brown tabletop, warm realistic product photo",1,"[2, 0, 4, 0, 0, 0]",0.9438484311103821,0.4911389648914337,0.022718574851751328,0.15072682193873566,0.6027537028802106,0.7628699408637152,0.0699694796426611,0.9300305203573389,0.9720036553124535,0.8632028865762311,0.8632028865762311,0.5,0.0,0.0,0.8489747729971566,0.38209396701847664,0.6300194215029862,0.46730588475523754,0.6496998030241792,0.6156063112133578,0.4774954608461591,0.5796974153735387,False,1,0.5796974153735387,510
1159_25.png,00327,"photorealistic orange juice still life, straight clear glass, pale creamy orange juice, tiny orange garnish on the rim, scattered pale citrus cubes on brown tabletop, warm realistic product photo",1,"[0, 3, 0, 2, 0, 0]",0.9397969245910645,0.4904248118400574,0.023081572726368904,0.15192620816162333,0.6177382828864301,0.7743631998697916,0.07302201238078018,0.9269779876192198,0.9820334618344274,0.8693124279750186,0.8693124279750186,0.5,0.0,0.0,0.8130365774093707,0.38402752080529046,0.6194439298124821,0.5026205945532563,0.6867228830560741,0.5037844142488924,0.6911256146484851,0.5793438619601446,False,1,0.5793438619601446,511
1159_25.png,00342,"realistic orange juice still life, single clear glass, pale creamy orange juice, orange slice on the rim, scattered pale citrus cubes on brown tabletop, soft realistic product photo",1,"[1, 0, 0, 1, 0, 3]",0.9482895135879517,0.4970431923866272,0.026980498805642128,0.16425741628809984,0.5864532749793812,0.7984681306061922,0.0744339276879096,0.9255660723120904,0.9809022176771401,0.8794392276174462,0.8794392276174462,0.5,0.0,0.0,0.8883686354874151,0.36610840004576684,0.5107144925496007,0.4288900679180361,0.764371770925495,0.45206243072197555,0.66703064703572,0.5793061565787349,False,1,0.5793061565787349,512
1159_25.png,00051,"photorealistic orange juice still life, single tall clear glass, pale creamy orange juice, small orange garnish on the rim, orange halves and tiny cubes on a smooth brown surface, warm realistic product photo",1,"[0, 1, 0, 0, 2, 0]",0.9301123023033142,0.47111940383911133,0.02441534213721752,0.1562540947854408,0.647280728782454,0.7538836443865741,0.06789580588222177,0.9321041941177782,0.9851615802331719,0.8625164239618152,0.8625164239618152,0.5,0.0,0.0,0.7271307919166157,0.4362964912651589,0.5812831371051672,0.5722443613260808,0.6207523675328503,0.6915701594244145,0.7577530628621275,0.5792686425601001,False,1,0.5792686425601001,513
1159_25.png,00165,"realistic orange juice still life, single clear glass, pale orange juice, small orange garnish on the rim, scattered pale citrus cubes on brown tabletop, soft depth of field",1,"[1, 0, 1, 0, 0, 2]",0.9364808797836304,0.4729124903678894,0.030288083478808403,0.17403471917639998,0.5624681027783811,0.8268986454716436,0.06916694126819099,0.930833058731809,0.9781594713587989,0.8935278552901326,0.8935278552901326,0.5,0.0,0.0,0.7836221691394565,0.4314417486562434,0.42450390960509055,0.3723633320747721,0.8559546045373617,0.6450052959644009,0.6086114425830412,0.578727215180255,False,1,0.578727215180255,514
1159_25.png,00262,"photorealistic orange juice still life, single clear glass, soft pale orange juice, tiny orange garnish on the rim, scattered pale citrus cubes on brown tabletop, warm realistic product photo",1,"[0, 0, 3, 2, 0, 0]",0.9444836378097534,0.4997524619102478,0.02340012788772583,0.15297100342132108,0.6100454250635332,0.783172607421875,0.07265677785168942,0.9273432221483106,0.9766128140188667,0.8723203638955258,0.8723203638955258,0.5,0.0,0.0,0.854609265374704,0.35877311199119655,0.6102315315237896,0.4844905541103302,0.7151005086418133,0.5171638671110482,0.5756683698841488,0.5785663315901719,False,1,0.5785663315901719,515
1159_25.png,00496,"photorealistic orange juice still life, single clear glass, pale orange juice, orange slice on the rim, orange halves and tiny cubes on a smooth brown surface, soft depth of field",1,"[0, 0, 1, 1, 2, 2]",0.942238986492157,0.46093228459358215,0.024538036435842514,0.15664621424037836,0.6783255791846854,0.6663055419921875,0.07142919980245316,0.9285708001975468,0.9788041980319153,0.8205981135720088,0.8205981135720088,0.5,0.0,0.0,0.8346984697993958,0.4638778940974444,0.5778256553046901,0.6454088999533003,0.33863820894000785,0.5621331165554017,0.6223438169849373,0.578434674202321,False,1,0.578434674202321,516
1159_25.png,00362,"realistic orange juice still life, single clear glass, light creamy orange juice, small orange garnish on the rim, scattered pale citrus cubes on brown tabletop, soft depth of field",1,"[1, 0, 2, 0, 0, 2]",0.934417188167572,0.48399490118026733,0.02709324285387993,0.1646002516823104,0.6079046498437463,0.8221051251446759,0.06874495482356159,0.9312550451764384,0.9746618032573726,0.8908189327783322,0.8908189327783322,0.5,0.0,0.0,0.7653165456443053,0.40143636346324874,0.5076915689962891,0.4794453105600814,0.840513302239553,0.6604637132132946,0.5341127597998636,0.5784283679734812,False,1,0.5784283679734812,517
1159_25.png,00185,"realistic orange juice still life, clear cylindrical glass, pale creamy orange juice, small orange garnish on the rim, scattered pale citrus cubes on brown tabletop, realistic food photography",1,"[1, 2, 0, 0, 0, 1]",0.9540173411369324,0.5165778994560242,0.02593434602022171,0.16104144193412362,0.5908779978856108,0.8200389720775463,0.07543651797315967,0.9245634820268404,0.9719757859399419,0.8870099133322783,0.8870099133322783,0.5,0.0,0.0,0.9391763500417154,0.3132186073668214,0.539071088121847,0.4393179748266908,0.8338576312656332,0.41533504491058293,0.47690185634113,0.5783701279617748,False,1,0.5783701279617748,518
1159_25.png,00198,"orange juice still life, single clear glass, pale orange juice, orange slice on the rim, scattered pale citrus cubes on brown tabletop, warm realistic product photo",1,"[2, 0, 1, 1, 0, 0]",0.9335106611251831,0.47271499037742615,0.024705179035663605,0.157178812298807,0.6112108389964216,0.801456027560764,0.07656154242714715,0.9234384575728528,0.9773032083821682,0.8793193142292758,0.8793193142292758,0.5,0.0,0.0,0.757275352572135,0.4319764755662804,0.5731295147005986,0.4872371279093582,0.7739966430368501,0.3741225897564361,0.5903734445726025,0.5781405854355729,False,1,0.5781405854355729,519
1159_25.png,00789,"realistic orange juice still life, single minimalist clear glass, pale creamy orange juice, small orange garnish on the rim, scattered pale citrus cubes on brown tabletop, realistic food photography",1,"[1, 4, 0, 0, 0, 1]",0.9489924907684326,0.5091732740402222,0.02439873293042183,0.15620093767459217,0.5811934103373932,0.787557531286169,0.0715896526926713,0.9284103473073287,0.9832114663115351,0.8759868038986482,0.8759868038986482,0.5,0.0,0.0,0.8946042743258119,0.33326646893524714,0.5817518456607128,0.41649395182191823,0.7292256046720771,0.5562553265046819,0.7162165550442943,0.5780005172953463,False,1,0.5780005172953463,520
1159_25.png,00854,"orange juice still life, clear cylindrical glass, pale creamy orange juice, tiny orange garnish on the rim, scattered pale citrus cubes on brown tabletop, warm realistic product photo",1,"[2, 2, 0, 2, 0, 0]",0.9346429705619812,0.4783504903316498,0.024086322635412216,0.1551976888855379,0.6389596634733044,0.7828657362196182,0.07440731601219813,0.9255926839878019,0.9761050060842287,0.8714680219114045,0.8714680219114045,0.5,0.0,0.0,0.7673193097548571,0.41671848254072663,0.5905979112813494,0.5526338012382429,0.7141119885819565,0.45303728285781086,0.5648523001084171,0.5776914335535969,False,1,0.5776914335535969,521
1159_25.png,00518,"photorealistic orange juice still life, single clear glass, light creamy orange juice, tiny orange garnish on the rim, scattered pale citrus cubes on brown tabletop, soft depth of field",1,"[0, 0, 2, 2, 0, 2]",0.8975809216499329,0.43356820940971375,0.02158268541097641,0.1469104673295147,0.6867749135052335,0.7971411810980902,0.06553023711409982,0.9344697628859002,0.9793667240675935,0.8816512933177244,0.8816512933177244,0.5,0.0,0.0,0.4385667441759641,0.5379655299234858,0.6636698217557605,0.6653217563291711,0.7600972863941041,0.7782268506854184,0.6343253565347245,0.5775459050242219,False,1,0.5775459050242219,522
1159_25.png,00696,"realistic orange juice still life, single clear glass, pale orange juice, orange slice on the rim, orange halves and tiny cubes on a smooth brown surface, realistic food photography",1,"[1, 0, 1, 1, 2, 1]",0.9384928345680237,0.48071274161338806,0.024908114224672318,0.15782304719106244,0.6453793064217767,0.7606483742042824,0.07295261040683979,0.9270473895931602,0.9777782836799637,0.8623140114855259,0.8623140114855259,0.5,0.0,0.0,0.8014688699186734,0.41032273879586956,0.5674490252804544,0.5677632094457535,0.6425435003440705,0.5063267818645405,0.6004923246041739,0.5769714042894915,False,1,0.5769714042894915,523
1159_25.png,00850,"orange juice still life, clear cylindrical glass, pale creamy orange juice, small orange garnish on the rim, scattered tiny citrus pieces on brown tabletop, realistic food photography",1,"[2, 2, 0, 0, 1, 1]",0.9442418217658997,0.5016229152679443,0.02446497417986393,0.15641283252938018,0.5982034070871552,0.7962284794560185,0.07051939459694347,0.9294806054030565,0.9741224191136161,0.8784455114690014,0.8784455114690014,0.5,0.0,0.0,0.8524642775192373,0.35370890038296676,0.5798834797971497,0.4565820356143075,0.7571572129195746,0.5954615531935403,0.5226241316456918,0.5769199055699412,False,1,0.5769199055699412,524
1159_25.png,00543,"photorealistic orange juice still life, single tall clear glass, pale creamy orange juice, small orange garnish on the rim, scattered pale citrus cubes on brown tabletop, natural product photo",1,"[0, 1, 0, 0, 0, 5]",0.9409159421920776,0.5003983974456787,0.02424228936433792,0.15569935569660498,0.6157959367446278,0.8331960042317709,0.07746594318100028,0.9225340568189997,0.9708192229282618,0.8919889663765992,0.8919889663765992,0.5,0.0,0.0,0.8229626316362709,0.3570242556386779,0.5861745044665969,0.4980429960956034,0.8762402012721506,0.3409921316784458,0.4522676090576964,0.5768103078541584,False,1,0.5768103078541584,525
1159_25.png,00177,"realistic orange juice still life, single tall clear glass, pale creamy orange juice, small orange garnish on the rim, orange halves and tiny cubes on a smooth brown surface, warm realistic product photo",1,"[1, 1, 0, 0, 2, 0]",0.9132883548736572,0.46109849214553833,0.02197027951478958,0.14822374814714942,0.6786171846335138,0.7892337375217015,0.0709409641373711,0.929059035862629,0.9872389608371976,0.8777736366041253,0.8777736366041253,0.5,0.0,0.0,0.5778968439017736,0.4634278907811209,0.6520900736236235,0.6460961372196516,0.7346251451831949,0.5800184081866504,0.802000291058574,0.5766625139502605,False,1,0.5766625139502605,526
1159_25.png,00729,"realistic orange juice still life, single tall clear glass, pale creamy orange juice, orange slice on the rim, scattered pale citrus cubes on brown tabletop, soft realistic product photo",1,"[1, 1, 0, 1, 0, 3]",0.9275199174880981,0.47611257433891296,0.023549703881144524,0.15345912772182865,0.6263265217364331,0.8131340874565973,0.07368671306241675,0.9263132869375832,0.9752940130077037,0.8851787923851636,0.8851787923851636,0.5,0.0,0.0,0.7041354858289106,0.42277759120656244,0.6059275347082164,0.5228608123330034,0.8116150196793774,0.4794347683938322,0.5475785296432459,0.5757725224297923,False,1,0.5757725224297923,527
1159_25.png,00139,"photorealistic orange juice still life, single tall clear glass, soft pale orange juice, small orange garnish on the rim, scattered pale citrus cubes on brown tabletop, warm realistic product photo",1,"[0, 1, 3, 0, 0, 0]",0.8914816379547119,0.4348624050617218,0.020661817863583565,0.143742192356954,0.6878150320604358,0.8223142270688658,0.0686505790906905,0.9313494209093095,0.9854776135614209,0.8931092222115322,0.8931092222115322,0.5,0.0,0.0,0.38446409141232935,0.5344615234657727,0.6916058318633953,0.6677730419119009,0.8411868794442442,0.6639209319828984,0.7644844238682035,0.5753705100059914,False,1,0.5753705100059914,528
1159_25.png,00827,"orange juice still life, single clear glass, soft pale orange juice, orange slice on the rim, scattered pale citrus cubes on brown tabletop, warm realistic product photo",1,"[2, 0, 3, 1, 0, 0]",0.9348383545875549,0.47982150316238403,0.02425485849380493,0.15573971392616892,0.6145029879804889,0.7863876907913774,0.07397402080138074,0.9260259791986193,0.97848382497902,0.8736803185714406,0.8736803185714406,0.5,0.0,0.0,0.769052430334157,0.41273574743396446,0.5858186490188251,0.49499585627784914,0.7254572132836707,0.46890996845235433,0.6155200218883713,0.5750227480330393,False,1,0.5750227480330393,529
1159_25.png,00440,"orange juice still life, clear cylindrical glass, pale orange juice, small orange garnish on the rim, scattered pale citrus cubes on brown tabletop, warm realistic product photo",1,"[2, 2, 1, 0, 0, 0]",0.9328547120094299,0.48745548725128174,0.022956229746341705,0.15151313390706994,0.6390679649894162,0.7992497196903935,0.0754390302973382,0.9245609697026618,0.9772198833225045,0.8787026899211094,0.8787026899211094,0.5,0.0,0.0,0.7514568681379686,0.39206690226818774,0.6230861788755677,0.5528890393971094,0.7668894932878939,0.41524301220216,0.5885986600568153,0.5743041859522148,False,1,0.5743041859522148,530
1159_25.png,00099,"photorealistic orange juice still life, single clear glass, pale creamy orange juice, paired orange slices on the rim, scattered pale citrus cubes on brown tabletop, warm realistic product photo",1,"[0, 0, 0, 4, 0, 0]",0.9294217824935913,0.479996919631958,0.022522643208503723,0.1500754583817878,0.6530613097857847,0.7647586398654513,0.07152917674844378,0.9284708232515562,0.9820431460716328,0.8655148052918242,0.8655148052918242,0.5,0.0,0.0,0.7210056540547514,0.4122608111743481,0.6357627673515107,0.5858676687869394,0.6557838436135776,0.5584707113619118,0.6913318843386441,0.5735990973398547,False,1,0.5735990973398547,531
1159_25.png,00049,"photorealistic orange juice still life, single tall clear glass, pale creamy orange juice, small orange garnish on the rim, scattered pale citrus cubes on brown tabletop, soft depth of field",1,"[0, 1, 0, 0, 0, 2]",0.940108060836792,0.47031620144844055,0.02849642001092434,0.16880882681579285,0.566384154999563,0.7943578649450233,0.07419304025967867,0.9258069597403213,0.9746889157631932,0.8764312582870115,0.8764312582870115,0.5,0.0,0.0,0.8157964582586527,0.43847114419294,0.47058279577239126,0.38159243610621807,0.751131427655988,0.46088673876077163,0.5346902434009401,0.5734080050264836,False,1,0.5734080050264836,532
1159_25.png,00788,"realistic orange juice still life, straight clear glass, light creamy orange juice, small orange garnish on the rim, scattered pale citrus cubes on brown tabletop, warm realistic product photo",1,"[1, 3, 2, 0, 0, 0]",0.9524445533752441,0.5122275352478027,0.02427905611693859,0.1558173806638354,0.6099419316744261,0.7726852982132523,0.07379058256749445,0.9262094174325055,0.9735553820285677,0.866592756703054,0.866592756703054,0.5,0.0,0.0,0.9252252052198758,0.3249971234322706,0.5851338287973264,0.48424664744088647,0.6813178811081616,0.47562976904050724,0.5105465088695088,0.5733607887522214,False,1,0.5733607887522214,533
1159_25.png,00581,"photorealistic orange juice still life, single tall clear glass, light creamy orange juice, small orange garnish on the rim, orange halves and tiny cubes on a smooth brown surface, realistic food photography",1,"[0, 1, 2, 0, 2, 1]",0.9292624592781067,0.45166704058647156,0.0255538709461689,0.15985578171016807,0.6576875961401384,0.7027553982204862,0.0684875444766299,0.9315124555233701,0.9841841477323029,0.8391061181788588,0.8391061181788588,0.5,0.0,0.0,0.7195924047233088,0.4889633398589328,0.5495255519191835,0.596770607673363,0.45605363859124065,0.6698932970250384,0.7369342110692673,0.5732398132182425,False,1,0.5732398132182425,534
1159_25.png,00876,"photorealistic citrus drink still life, single clear glass, pale orange juice, small orange garnish on the rim, orange halves and tiny cubes on a smooth brown surface, warm realistic product photo",1,"[3, 0, 1, 0, 2, 0]",0.9315376281738281,0.5092905759811401,0.02413494884967804,0.15535426884922743,0.6440307538693175,0.8231110749421297,0.06638355779010592,0.933616442209894,0.9822545336572461,0.8936166452288705,0.8936166452288705,0.5,0.0,0.0,0.7397739012554815,0.33294887649252713,0.5892172800273808,0.5645850261388003,0.8437537547377963,0.7469675834158372,0.6958343403259599,0.5726821306605177,False,1,0.5726821306605177,535
1159_25.png,00001,"photorealistic orange juice still life, single clear glass, pale creamy orange juice, small orange garnish on the rim, scattered pale citrus cubes on brown tabletop, warm realistic product photo",1,"[0, 0, 0, 0, 0, 0]",0.9449244141578674,0.5055745840072632,0.023332472890615463,0.15274970667931073,0.6169800658600271,0.775699191623264,0.07332271916967173,0.9266772808303283,0.9781986288078999,0.8690414102826637,0.8690414102826637,0.5,0.0,0.0,0.8585190965778535,0.3430098435905633,0.6121827977728145,0.5008336766523058,0.6910264952503705,0.4927687736485368,0.6094454778015297,0.5725592424120202,False,1,0.5725592424120202,536
1159_25.png,00291,"photorealistic orange juice still life, single tall clear glass, pale orange juice, small orange wedge on the rim, scattered pale citrus cubes on brown tabletop, warm realistic product photo",1,"[0, 1, 1, 3, 0, 0]",0.9516467452049255,0.50235915184021,0.028174471110105515,0.16785252786331673,0.600554650886529,0.7992672390407985,0.07456364303585672,0.9254363569641433,0.968369532119092,0.8772468889296279,0.8772468889296279,0.5,0.0,0.0,0.918148384306535,0.35171555594573234,0.47901488497981937,0.46212329819255876,0.7669459281347734,0.4473106336022522,0.4000903488897613,0.5725349934570362,False,1,0.5725349934570362,537
1159_25.png,00509,"photorealistic orange juice still life, single clear glass, light creamy orange juice, small orange garnish on the rim, scattered pale citrus cubes on brown tabletop, clean studio product photo",1,"[0, 0, 2, 0, 0, 4]",0.9538421630859375,0.5343830585479736,0.02373168244957924,0.1540509086295152,0.5997299825728274,0.7977464463975695,0.06645168124787049,0.9335483187521295,0.9690341103075716,0.879534634503666,0.879534634503666,0.5,0.0,0.0,0.9376224631037768,0.2650115280569846,0.6007095540841183,0.4601797721033452,0.7620470193298454,0.7444720510404166,0.41424555121669643,0.5723611850325195,False,1,0.5723611850325195,538
1159_25.png,00748,"realistic orange juice still life, single tall clear glass, pale orange juice, small orange wedge on the rim, scattered pale citrus cubes on brown tabletop, warm realistic product photo",1,"[1, 1, 1, 3, 0, 0]",0.9325568079948425,0.4818686842918396,0.024905646219849586,0.15781522809871545,0.6126901942404384,0.8215761537905092,0.07552059833994292,0.924479401660057,0.9709870951620317,0.8874744788191554,0.8874744788191554,0.5,0.0,0.0,0.7488143615317021,0.40719304924409605,0.5675179694992263,0.4907235787213893,0.8388093339595777,0.4122549711103028,0.4558432085511498,0.5719757459245144,False,1,0.5719757459245144,539
1159_25.png,00437,"orange juice still life, clear cylindrical glass, pale creamy orange juice, small orange garnish on the rim, scattered pale citrus cubes on brown tabletop, realistic food photography",1,"[2, 2, 0, 0, 0, 1]",0.9505918622016907,0.5041567087173462,0.026790129020810127,0.1636769043598092,0.5858433994442597,0.7901763916015625,0.07271931933416614,0.9272806806658338,0.9721053707289987,0.8745486885995447,0.8745486885995447,0.5,0.0,0.0,0.9087912250592951,0.3468487099662865,0.5158331098529538,0.4274527518553378,0.737661704041099,0.5148728164296952,0.47966195129969097,0.5716637108645789,False,1,0.5716637108645789,540
1159_25.png,00294,"photorealistic orange juice still life, single tall clear glass, light creamy orange juice, small orange garnish on the rim, orange halves and tiny cubes on a smooth brown surface, warm realistic product photo",1,"[0, 1, 2, 0, 2, 0]",0.9309836626052856,0.47024935483932495,0.02442716807126999,0.1562919322014735,0.652490804544921,0.742767333984375,0.07087318730033562,0.9291268126996644,0.9805346267145986,0.855546610080771,0.855546610080771,0.5,0.0,0.0,0.7348600444330242,0.43865212992693925,0.5809495087282459,0.5845231381420374,0.5849435469483311,0.582501242979184,0.6592011327083941,0.5713748793149255,False,1,0.5713748793149255,541
1159_25.png,00529,"photorealistic orange juice still life, single clear glass, soft pale orange juice, orange slice on the rim, scattered tiny citrus pieces on brown tabletop, realistic food photography",1,"[0, 0, 3, 1, 1, 1]",0.9310270547866821,0.47993072867393494,0.023933161050081253,0.15470346166159712,0.6127645238313334,0.8010519522207754,0.07355698961756703,0.9264430103824329,0.974632499919324,0.8796549321170652,0.8796549321170652,0.5,0.0,0.0,0.7352449473560658,0.4124400217473362,0.594955720134133,0.49089875399695754,0.7726950006007577,0.484186862123317,0.5334886125044462,0.5710517643360671,False,1,0.5710517643360671,542
1159_25.png,00808,"orange juice still life, single clear glass, pale creamy orange juice, paired orange slices on the rim, scattered pale citrus cubes on brown tabletop, warm realistic product photo",1,"[2, 0, 0, 4, 0, 0]",0.9387877583503723,0.4847003221511841,0.025402268394827843,0.15938089093372468,0.6370343261395512,0.7705931486906828,0.07395568769327908,0.9260443123067209,0.9747034140838038,0.8658231090349204,0.8658231090349204,0.5,0.0,0.0,0.8040849408846211,0.39952645159353783,0.5537128631991834,0.548096288062928,0.6745784681033884,0.4695815559834486,0.5349990507996807,0.5709266543595001,False,1,0.5709266543595001,543
1159_25.png,00858,"orange juice still life, clear cylindrical glass, light creamy orange juice, small orange garnish on the rim, scattered pale citrus cubes on brown tabletop, warm realistic product photo",1,"[2, 2, 2, 0, 0, 0]",0.9441640973091125,0.49609339237213135,0.025055691599845886,0.1582898973398046,0.6312548025661585,0.7736160843460649,0.07639747309346676,0.9236025269065332,0.97653499428127,0.8666951212292698,0.8666951212292698,0.5,0.0,0.0,0.8517748360197231,0.3686799628378111,0.5633326115894195,0.5344754726860234,0.6843162099085028,0.3801328591621439,0.5740108461347909,0.5705700317717048,False,1,0.5705700317717048,544
1159_25.png,00302,"photorealistic orange juice still life, clear cylindrical glass, pale creamy orange juice, small orange garnish on the rim, scattered pale citrus cubes on brown tabletop, soft realistic product photo",1,"[0, 2, 0, 0, 0, 3]",0.931768000125885,0.4722372591495514,0.024340245872735977,0.15601360797294567,0.622133292096645,0.7624308268229166,0.07184720370037573,0.9281527962996243,0.9783472949233276,0.8636168097598464,0.8636168097598464,0.5,0.0,0.0,0.7418173762521241,0.43326992243030515,0.5834036102594236,0.5129784741036968,0.6482852908943282,0.546820589937577,0.6126119960224387,0.5705236456828631,False,1,0.5705236456828631,545
1159_25.png,00032,"photorealistic orange juice still life, single clear glass, pale creamy orange juice, small orange garnish on the rim, small pale citrus cubes in foreground, warm realistic product photo",1,"[0, 0, 0, 0, 3, 0]",0.950262188911438,0.5049898028373718,0.02631364017724991,0.16221479641897624,0.5855061670270802,0.7539503309461807,0.0705417267503997,0.9294582732496003,0.9870070952596488,0.8619894636150711,0.8619894636150711,0.5,0.0,0.0,0.9058669145272303,0.34459312583422486,0.528725129190704,0.4266579838376668,0.6209671840467793,0.5946434706447126,0.7970616634903648,0.5703135589581393,False,1,0.5703135589581393,546
1159_25.png,00796,"orange juice still life, single clear glass, pale creamy orange juice, small orange garnish on the rim, orange halves and tiny cubes on a smooth brown surface, soft depth of field",1,"[2, 0, 0, 0, 2, 2]",0.9143944382667542,0.4654375910758972,0.022835353389382362,0.15111371013042582,0.6760767982479122,0.7866663049768517,0.06669687738958795,0.933303122610412,0.9772280549541963,0.8761015411440667,0.8761015411440667,0.5,0.0,0.0,0.5877081674496903,0.45167987520940844,0.6266080659460392,0.6401091153648434,0.7263547093969477,0.7354899040669134,0.5887727119621338,0.570178836729696,False,1,0.570178836729696,547
1159_25.png,00962,"photorealistic orange juice still life, single clear glass, pale orange juice, small orange wedge on the rim, scattered pale citrus cubes on brown tabletop, soft realistic product photo",1,"[0, 0, 1, 3, 0, 3]",0.9467775225639343,0.4960654675960541,0.02560320869088173,0.16001002684482535,0.5925463565115945,0.7829657660590277,0.07119874589339949,0.9288012541066005,0.9627872482948835,0.8699724833228494,0.8699724833228494,0.5,0.0,0.0,0.8749567777280788,0.3687555685590582,0.5481655078326828,0.4432498568474869,0.7144342133528484,0.5705752187322137,0.28119033328914045,0.569721872951306,False,1,0.569721872951306,548
1159_25.png,00034,"photorealistic orange juice still life, single clear glass, pale creamy orange juice, orange slice on the rim, scattered tiny citrus pieces on brown tabletop, realistic food photography",1,"[0, 0, 0, 1, 1, 1]",0.9401342868804932,0.4969630241394043,0.025008996948599815,0.15814233129873803,0.5852874275064313,0.8009321424696182,0.07382339974575865,0.9261766002542413,0.9812429798474008,0.8808298701697928,0.8808298701697928,0.5,0.0,0.0,0.8160290918934581,0.366325453823947,0.5646337633046217,0.4261424723792295,0.7723090590672597,0.4744275938498212,0.6742887207267046,0.5696147382007436,False,1,0.5696147382007436,549
1159_25.png,00005,"photorealistic orange juice still life, single clear glass, pale orange juice, small orange garnish on the rim, scattered pale citrus cubes on brown tabletop, warm realistic product photo",1,"[0, 0, 1, 0, 0, 0]",0.949688196182251,0.501399040222168,0.024526549503207207,0.15660954473852226,0.5750919234363199,0.7535971182364004,0.06806870720694484,0.9319312927930552,0.9703965651389845,0.8593739687117464,0.8593739687117464,0.5,0.0,0.0,0.9007754102018308,0.3543150371791336,0.5781489856921616,0.4021143536511063,0.6198293847145304,0.6852363521316182,0.44326519726328717,0.5693812286790007,False,1,0.5693812286790007,550
1159_25.png,00072,"realistic orange juice still life, single clear glass, pale orange juice, orange slice on the rim, scattered pale citrus cubes on brown tabletop, warm realistic product photo",1,"[1, 0, 1, 1, 0, 0]",0.934299647808075,0.48800724744796753,0.024701440706849098,0.15716691988726222,0.5887825520320629,0.8144197817201967,0.07322848191773179,0.9267715180822682,0.9745716629070774,0.8857732656842978,0.8857732656842978,0.5,0.0,0.0,0.764273923990132,0.39057302358817814,0.5732343750842448,0.4343795606579392,0.8157566092487608,0.49622091951581815,0.5321928128043587,0.5689186736266364,False,1,0.5689186736266364,551
1159_25.png,00085,"photorealistic orange juice still life, single clear glass, pale creamy orange juice, small orange garnish on the rim, scattered pale citrus cubes on brown tabletop, clean studio product photo",1,"[0, 0, 0, 0, 0, 4]",0.952522873878479,0.529956579208374,0.024804256856441498,0.15749367243302664,0.5677000305092725,0.818818834092882,0.06936959671981995,0.9306304032801801,0.9702038459786988,0.8882298856855997,0.8882298856855997,0.5,0.0,0.0,0.9259199338474536,0.27699612417799957,0.5703532607553983,0.38469360822691984,0.8299272172523149,0.6375815207012085,0.4391603699406167,0.5686858061112893,False,1,0.5686858061112893,552
1159_25.png,00058,"photorealistic orange juice still life, single tall clear glass, light creamy orange juice, small orange garnish on the rim, scattered pale citrus cubes on brown tabletop, warm realistic product photo",1,"[0, 1, 2, 0, 0, 0]",0.8964842557907104,0.45257410407066345,0.019946105778217316,0.14123068284978768,0.7009675666460058,0.8138772469979746,0.06855904165933104,0.931440958340669,0.9815111858658601,0.8885513337414948,0.8885513337414948,0.5,0.0,0.0,0.42883895725145477,0.48650748528916,0.7137508652286377,0.6987701030110456,0.8140089494744277,0.6672741766803422,0.6800013825660557,0.5686762285664083,False,1,0.5686762285664083,553
1159_25.png,00100,"photorealistic orange juice still life, single clear glass, pale orange juice, small orange garnish on the rim, scattered pale citrus cubes on brown tabletop, soft realistic product photo",1,"[0, 0, 1, 0, 0, 3]",0.9568919539451599,0.5239751935005188,0.02437187172472477,0.1561149311396087,0.5682405389629553,0.7815020525896991,0.07203175423025698,0.927968245769743,0.9720757042370397,0.8708799505321826,0.8708799505321826,0.5,0.0,0.0,0.9646751112676101,0.2931905953260656,0.5825102013752357,0.3859674443422639,0.7097191729200116,0.540060043169505,0.47903006899706685,0.5686356163937891,False,1,0.5686356163937891,554
1159_25.png,00598,"photorealistic orange juice still life, single tall clear glass, smooth pale orange smoothie, small orange garnish on the rim, scattered pale citrus cubes on brown tabletop, warm realistic product photo",1,"[0, 1, 5, 0, 0, 0]",0.9131683111190796,0.46195748448371887,0.024339357390999794,0.15601076049747273,0.637158426956171,0.8108633535879629,0.06806207106698567,0.9319379289330143,0.9815659444542448,0.8873799731319874,0.8873799731319874,0.5,0.0,0.0,0.5768320163097327,0.46110218778911927,0.5834287176457086,0.5483887610133079,0.8043003353322189,0.6854794505100507,0.6811677147014771,0.5684575883813784,False,1,0.5684575883813784,555
1159_25.png,00688,"realistic orange juice still life, single clear glass, pale creamy orange juice, thin orange slice on the rim, scattered pale citrus cubes on brown tabletop, warm realistic product photo",1,"[1, 0, 0, 5, 0, 0]",0.9421890377998352,0.4814433455467224,0.028186896815896034,0.16788953754149194,0.5679498755311788,0.7833489312065973,0.07483202009125796,0.925167979908742,0.9827409677139911,0.8728640055538268,0.8728640055538268,0.5,0.0,0.0,0.8342554084676528,0.40834464460550357,0.47868855511497577,0.38528242716208105,0.715668498068472,0.43747931187326716,0.7061951565719614,0.5683983919019642,False,1,0.5683983919019642,556
1159_25.png,00397,"realistic orange juice still life, clear cylindrical glass, pale creamy orange juice, tiny orange garnish on the rim, scattered pale citrus cubes on brown tabletop, warm realistic product photo",1,"[1, 2, 0, 2, 0, 0]",0.9377989768981934,0.4940181076526642,0.024132199585437775,0.15534542022678935,0.6241104209621438,0.7812047887731483,0.07437202036923662,0.9256279796307634,0.978810464673205,0.8712740407533249,0.8712740407533249,0.5,0.0,0.0,0.7953141241396521,0.37429875088374776,0.5892953020450433,0.5176380462831902,0.7087616010019918,0.4543302503995651,0.6224772934921463,0.5676014822421087,False,1,0.5676014822421087,557
1159_25.png,00460,"warm orange juice still life, single clear glass, pale orange juice, small orange garnish on the rim, scattered pale citrus cubes on brown tabletop, warm realistic product photo",1,"[4, 0, 1, 0, 0, 0]",0.9334594011306763,0.4944569766521454,0.023699020966887474,0.1539448633988399,0.619441657668118,0.7988739013671875,0.07593497398182138,0.9240650260181786,0.9859944604837326,0.8801149068183435,0.8801149068183435,0.5,0.0,0.0,0.7568206595586517,0.3731105226542014,0.6016445993884776,0.506635000433675,0.7656788747983818,0.3970753565718319,0.775493019823051,0.5672823748398574,False,1,0.5672823748398574,558
1159_25.png,00616,"photorealistic orange juice still life, clear cylindrical glass, pale orange juice, small orange garnish on the rim, orange halves and tiny cubes on a smooth brown surface, realistic food photography",1,"[0, 2, 1, 0, 2, 1]",0.9427374005317688,0.49613434076309204,0.024361001327633858,0.15608011189012475,0.6578434424547515,0.7183007134331598,0.06963020994937459,0.9303697900506254,0.9824335577139408,0.845351459105429,0.845351459105429,0.5,0.0,0.0,0.8391195662863107,0.36856909596375187,0.5828172173110203,0.5971378964042695,0.5061295525626884,0.6280346073007638,0.699647468394005,0.5670202185595656,False,1,0.5670202185595656,559
1159_25.png,00799,"orange juice still life, single clear glass, pale creamy orange juice, orange slice on the rim, scattered pale citrus cubes on brown tabletop, soft realistic product photo",1,"[2, 0, 0, 1, 0, 3]",0.9390723705291748,0.4751308858394623,0.027135249227285385,0.1647278034433938,0.5842390755395859,0.7731831868489584,0.07414678799224622,0.9258532120077538,0.9759768816469059,0.8671764346141263,0.8671764346141263,0.5,0.0,0.0,0.8066095445350658,0.42543549137505743,0.5065668915873733,0.4236717828130247,0.6829217230468991,0.46258107481771943,0.5621233099538077,0.5668084817012647,False,1,0.5668084817012647,560
1159_25.png,00591,"photorealistic orange juice still life, single tall clear glass, soft pale orange juice, small orange garnish on the rim, orange halves and tiny cubes on a smooth brown surface, warm realistic product photo",1,"[0, 1, 3, 0, 2, 0]",0.9317664504051208,0.4682336151599884,0.024968519806861877,0.1580143025389217,0.650573915497639,0.7176332826967594,0.0701876100720182,0.9298123899279818,0.9839915630508758,0.8451676262985104,0.8451676262985104,0.5,0.0,0.0,0.7418036297191584,0.44410970107740977,0.5657626466115544,0.5800055353535929,0.5039795669444721,0.6076156488719546,0.732832248082931,0.5663895016700338,False,1,0.5663895016700338,561
1159_25.png,00766,"realistic orange juice still life, clear cylindrical glass, pale creamy orange juice, tiny orange garnish on the rim, scattered pale citrus cubes on brown tabletop, realistic food photography",1,"[1, 2, 0, 2, 0, 1]",0.9568336009979248,0.5318668484687805,0.026278112083673477,0.1621052500188488,0.5757171929950032,0.8212692825882524,0.0760006906741139,0.9239993093258861,0.9730044610893607,0.8875718276466459,0.8875718276466459,0.5,0.0,0.0,0.9641575014301681,0.27182411188291167,0.529691045775508,0.4035879493742613,0.8378208138997207,0.39466799002581254,0.4988121524073103,0.5660355989196104,False,1,0.5660355989196104,562
1159_25.png,00646,"photorealistic orange juice still life, straight clear glass, pale orange juice, small orange garnish on the rim, orange halves and tiny cubes on a smooth brown surface, warm realistic product photo",1,"[0, 3, 1, 0, 2, 0]",0.9328789710998535,0.4985763728618622,0.02397831901907921,0.15484934297270753,0.6610244320677032,0.7820168954354746,0.07031993031978002,0.92968006968022,0.9788277886366461,0.8730611850613696,0.8730611850613696,0.5,0.0,0.0,0.7516720542501636,0.36195734739949403,0.5936694233900087,0.6046346514020924,0.711377629226697,0.6027684277670806,0.6228462857519954,0.5659952027357739,False,1,0.5659952027357739,563
1159_25.png,00971,"photorealistic orange juice still life, single clear glass, light creamy orange juice, small orange garnish on the rim, scattered pale citrus cubes on brown tabletop, natural product photo",1,"[0, 0, 2, 0, 0, 5]",0.9455856084823608,0.5144416689872742,0.02329404465854168,0.15262386660854088,0.6009142835878067,0.7730334246600116,0.06810629522808352,0.9318937047719165,0.9732109991468311,0.8686700375965423,0.8686700375965423,0.5,0.0,0.0,0.8643841077389808,0.31900240469765695,0.6132923824898666,0.4629708577820987,0.6824392961300257,0.6838594090527166,0.5032113157298298,0.5659130785168603,False,1,0.5659130785168603,564
1159_25.png,00258,"photorealistic orange juice still life, single clear glass, soft pale orange juice, small orange garnish on the rim, scattered tiny citrus pieces on brown tabletop, realistic food photography",1,"[0, 0, 3, 0, 1, 1]",0.9268290996551514,0.47791555523872375,0.023667626082897186,0.15384286165726763,0.6151171285332814,0.8079494900173612,0.07624091174339162,0.9237590882566084,0.9777228339086885,0.8824375181793631,0.8824375181793631,0.5,0.0,0.0,0.6980077044030145,0.4178960598042062,0.6025439915524273,0.49644322386426537,0.7949139459609034,0.3858680923794972,0.5993112705988091,0.5657689798541528,False,1,0.5657689798541528,565
1159_25.png,00405,"realistic orange juice still life, straight clear glass, pale orange juice, small orange garnish on the rim, scattered pale citrus cubes on brown tabletop, warm realistic product photo",1,"[1, 3, 1, 0, 0, 0]",0.9469552040100098,0.5104869604110718,0.02309856377542019,0.15198211663028052,0.593067348279271,0.7633531358506945,0.07126442927829646,0.9287355707217035,0.9762573391304998,0.8638178287115088,0.8638178287115088,0.5,0.0,0.0,0.8765328706038852,0.32970969178202125,0.6189509613804374,0.44447769727244485,0.6512563125106955,0.5681690723192669,0.5680969222287728,0.5655814659008643,False,1,0.5655814659008643,566
1159_25.png,00466,"photorealistic orange juice still life, single clear glass, pale creamy orange juice, small orange garnish on the rim, minimal citrus pieces on brown studio surface, soft depth of field",1,"[0, 0, 0, 0, 4, 2]",0.926530122756958,0.45002633333206177,0.02790680155158043,0.16705328955629825,0.5519118678035283,0.7835331669560185,0.06843801811209392,0.9315619818879061,0.9715931186860454,0.8729552425281845,0.8729552425281845,0.5,0.0,0.0,0.6953556809662332,0.49340551891103235,0.4860621045603948,0.3474850655806901,0.7162619742001723,0.6717075714349414,0.4687512241104946,0.5644734413279656,False,1,0.5644734413279656,567
1159_25.png,00241,"photorealistic orange juice still life, single clear glass, pale orange juice, tiny orange garnish on the rim, scattered pale citrus cubes on brown tabletop, soft depth of field",1,"[0, 0, 1, 2, 0, 2]",0.925071120262146,0.46279996633529663,0.02810419723391533,0.16764306497411496,0.5728269365230799,0.8090181703920717,0.0686277027865974,0.9313722972134026,0.9755229195264788,0.8851430646064189,0.8851430646064189,0.5,0.0,0.0,0.682413848891765,0.45882118657894355,0.4808618071821512,0.39677637584297426,0.7983564716205536,0.6647589481284051,0.55245413065361,0.5641913747598679,False,1,0.5641913747598679,568
1159_25.png,00063,"photorealistic orange juice still life, straight clear glass, pale creamy orange juice, small orange garnish on the rim, scattered pale citrus cubes on brown tabletop, warm realistic product photo",1,"[0, 3, 0, 0, 0, 0]",0.9471485614776611,0.51080322265625,0.024002768099308014,0.15492826759280573,0.6084423565142694,0.7614243118851274,0.07268175605463587,0.9273182439453641,0.9786443352627074,0.8629311927817263,0.8629311927817263,0.5,0.0,0.0,0.8782480149477685,0.3288534186615576,0.5929735118911963,0.480712543610197,0.6450430179171537,0.5162488531616954,0.6189388153133375,0.5641863401067886,False,1,0.5641863401067886,569
1159_25.png,00542,"photorealistic orange juice still life, single clear glass, smooth pale orange smoothie, orange slice on the rim, scattered pale citrus cubes on brown tabletop, warm realistic product photo",1,"[0, 0, 5, 1, 0, 0]",0.9343166947364807,0.51212477684021,0.02003292925655842,0.14153773085844784,0.6765838269120704,0.7643511736834491,0.07074379436241462,0.9292562056375854,0.9766314298986568,0.8645239861104383,0.8645239861104383,0.5,0.0,0.0,0.7644251358527556,0.32527533957619803,0.7110434940731201,0.6413040484311416,0.6544712783038961,0.5872412294145302,0.5760648793536005,0.5641430983275427,False,1,0.5641430983275427,570
1159_25.png,00210,"warm orange juice still life, single clear glass, pale creamy orange juice, small orange garnish on the rim, scattered pale citrus cubes on brown tabletop, warm realistic product photo",1,"[4, 0, 0, 0, 0, 0]",0.939509391784668,0.5087524056434631,0.024987470358610153,0.15807425583759727,0.6231067588654392,0.790956285264757,0.07484827838251128,0.9251517216174887,0.9895296635140493,0.8776393636380716,0.8776393636380716,0.5,0.0,0.0,0.8104860668314136,0.33440596092612407,0.565234013215687,0.5152726789745515,0.7401739649667035,0.43688373006454795,0.8507911789086118,0.5638775189109493,False,1,0.5638775189109493,571
1159_25.png,00933,"photorealistic orange juice still life, single clear glass, pale creamy orange juice, tiny orange garnish on the rim, diced citrus pieces on warm brown tabletop, warm realistic product photo",1,"[0, 0, 0, 2, 5, 0]",0.9471716284751892,0.5061695575714111,0.024793224409222603,0.15745864348844937,0.5787439990499608,0.792110866970486,0.0715911780026076,0.9284088219973924,0.9624523071756322,0.8738834392709326,0.8738834392709326,0.5,0.0,0.0,0.878452626803836,0.34139896566209227,0.5706621256608264,0.4107213343207426,0.7438932034239564,0.556199450592718,0.27405624524231675,0.5635907959561237,False,1,0.5635907959561237,572
1159_25.png,00844,"orange juice still life, single tall clear glass, pale orange juice, tiny orange garnish on the rim, scattered pale citrus cubes on brown tabletop, warm realistic product photo",1,"[2, 1, 1, 2, 0, 0]",0.9114772081375122,0.46513402462005615,0.023549947887659073,0.15345992274095238,0.6633334622253436,0.8226674397786459,0.07502242748883974,0.9249775725111603,0.9808577237106452,0.8901140430214258,0.8901140430214258,0.5,0.0,0.0,0.5618313765672369,0.4525017747575655,0.6059205246909456,0.61007642754117,0.8423246787764924,0.4305042134155938,0.6660829465108123,0.5631566786058672,False,1,0.5631566786058672,573
1159_25.png,00630,"photorealistic orange juice still life, clear cylindrical glass, soft pale orange juice, small orange garnish on the rim, scattered pale citrus cubes on brown tabletop, realistic food photography",1,"[0, 2, 3, 0, 0, 1]",0.9391049146652222,0.4889720678329468,0.02601434476673603,0.1612896300657176,0.587584750312827,0.7797518129701967,0.07340497047215332,0.9265950295278467,0.9788561979912056,0.8709678157695759,0.8709678157695759,0.5,0.0,0.0,0.806898221727347,0.3879607934711514,0.5368827092049754,0.43155665737384136,0.7040811496688545,0.4897557030411562,0.6234513916202566,0.563124406606472,False,1,0.563124406606472,574
1159_25.png,00133,"photorealistic orange juice still life, single tall clear glass, pale orange juice, orange slice on the rim, scattered pale citrus cubes on brown tabletop, realistic food photography",1,"[0, 1, 1, 1, 0, 1]",0.9415500164031982,0.5015806555747986,0.025456534698605537,0.15955104104519513,0.6188734372884885,0.8036092122395834,0.07771047351702863,0.9222895264829714,0.9717766215517746,0.8787808040872075,0.8787808040872075,0.5,0.0,0.0,0.8285870784704973,0.3538233175790483,0.5522125782570555,0.5052958546051229,0.7809326677662359,0.3320343748299819,0.4726597487009753,0.562385429291515,False,1,0.562385429291515,575
1159_25.png,00942,"photorealistic orange juice still life, single clear glass, pale creamy orange juice, paired orange slices on the rim, small pale citrus cubes in foreground, warm realistic product photo",1,"[0, 0, 0, 4, 3, 0]",0.9358093738555908,0.4909329414367676,0.024272259324789047,0.15579556901526131,0.622017433243722,0.7688129566333912,0.07314298905706378,0.9268570109429363,0.9787555681701411,0.8661168979490819,0.8661168979490819,0.5,0.0,0.0,0.7776656906628261,0.38265177102165837,0.5853261512568058,0.5127054252917309,0.668843959468857,0.49935273649436807,0.6213080238390323,0.5623012577188672,False,1,0.5623012577188672,576
1159_25.png,00090,"photorealistic orange juice still life, single clear glass, pale creamy orange juice, orange slice on the rim, scattered pale citrus cubes on brown tabletop, soft realistic product photo",1,"[0, 0, 0, 1, 0, 3]",0.9355583190917969,0.48440927267074585,0.026424892246723175,0.16255735063885354,0.5850149176694405,0.7910031919126158,0.07330313054443467,0.9266968694555653,0.978593218925184,0.8760139844551617,0.8760139844551617,0.5,0.0,0.0,0.775438752322371,0.4003144617042095,0.5257046848694932,0.42550023844231294,0.7403250647180261,0.4934863539075697,0.6178500614053718,0.5622114393184594,False,1,0.5622114393184594,577
1159_25.png,00370,"realistic orange juice still life, single clear glass, soft pale orange juice, orange slice on the rim, scattered pale citrus cubes on brown tabletop, warm realistic product photo",1,"[1, 0, 3, 1, 0, 0]",0.9330308437347412,0.48537394404411316,0.025857437402009964,0.1608024794647457,0.5932423729997982,0.7993559660734953,0.07248030812341547,0.9275196918765846,0.9763657872507909,0.8796152343400357,0.8796152343400357,0.5,0.0,0.0,0.7530192144808093,0.39770263503286707,0.5411781205030962,0.4448901844566257,0.7672317433270343,0.5236283939369137,0.570406816100265,0.5620854908886647,False,1,0.5620854908886647,578
1159_25.png,00109,"photorealistic orange juice still life, single clear glass, pale orange juice, small orange wedge on the rim, scattered pale citrus cubes on brown tabletop, warm realistic product photo",1,"[0, 0, 1, 3, 0, 0]",0.9496569633483887,0.5045667290687561,0.02627476118505001,0.16209491412456473,0.5785246540156782,0.784891199182581,0.07133922379832221,0.9286607762016778,0.9605459899821981,0.8703415092991883,0.8703415092991883,0.5,0.0,0.0,0.9004983646912899,0.3457385888212301,0.5297821816932208,0.4102043958260961,0.7206365850728007,0.5654291622742779,0.23345258710223865,0.5620778309305138,False,1,0.5620778309305138,579
1159_25.png,00441,"orange juice still life, straight clear glass, pale creamy orange juice, small orange garnish on the rim, scattered pale citrus cubes on brown tabletop, warm realistic product photo",1,"[2, 3, 0, 0, 0, 0]",0.9401443600654602,0.48964163661003113,0.026441073045134544,0.1626071125293557,0.6006900395380372,0.7601668746383101,0.07303267394449947,0.9269673260555005,0.9835589469561707,0.8632254470978988,0.8632254470978988,0.5,0.0,0.0,0.8161184443577355,0.38614795063309504,0.5252659133966624,0.4624423735978069,0.6409924522943492,0.5033938545458584,0.7236177290743424,0.5618335531421585,False,1,0.5618335531421585,580
1159_25.png,00636,"photorealistic orange juice still life, straight clear glass, pale creamy orange juice, small orange garnish on the rim, orange halves and tiny cubes on a smooth brown surface, realistic food photography",1,"[0, 3, 0, 0, 2, 1]",0.9344640970230103,0.49767640233039856,0.02626824751496315,0.16207482073093016,0.6602347617918315,0.7651548032407408,0.06679590988577366,0.9332040901142263,0.9795750952049247,0.8668561120392976,0.8668561120392976,0.5,0.0,0.0,0.7657326426229231,0.36439399795469174,0.5299593535777742,0.6027736064734419,0.6570599993446277,0.7318620964282524,0.6387635635947014,0.5617166015529544,False,1,0.5617166015529544,581
1159_25.png,00838,"orange juice still life, single tall clear glass, pale creamy orange juice, small orange wedge on the rim, scattered pale citrus cubes on brown tabletop, warm realistic product photo",1,"[2, 1, 0, 3, 0, 0]",0.9420471787452698,0.4990651607513428,0.025727108120918274,0.1603967210416668,0.6206259051829892,0.7931281195746528,0.07578540230219485,0.9242145976978051,0.9675832908251255,0.8738994211678506,0.8738994211678506,0.5,0.0,0.0,0.8329970719884783,0.36063396486569055,0.5447558628097334,0.5094259600267597,0.7471700655008319,0.4025545407060863,0.383343779732338,0.5614651785683904,False,1,0.5614651785683904,582
1159_25.png,00120,"photorealistic orange juice still life, single tall clear glass, pale creamy orange juice, small orange garnish on the rim, scattered pale citrus cubes on brown tabletop, soft realistic product photo",1,"[0, 1, 0, 0, 0, 3]",0.9013224840164185,0.4463740587234497,0.023772720247507095,0.15418404666990387,0.6481461557166662,0.8247398093894676,0.0726703061074106,0.9273296938925895,0.9837637880693908,0.8924510647015449,0.8924510647015449,0.5,0.0,0.0,0.47175563317059555,0.5032939726344405,0.5995356201060953,0.5742839447525371,0.8490003750186597,0.5166682933213023,0.7279807482837726,0.5613979276175863,False,1,0.5613979276175863,583
1159_25.png,00984,"photorealistic orange juice still life, single clear glass, light creamy orange juice, tiny orange garnish on the rim, orange halves and tiny cubes on a smooth brown surface, realistic food photography",1,"[0, 0, 2, 2, 2, 1]",0.898986279964447,0.44948816299438477,0.021730080246925354,0.14741126227980464,0.6966269212352588,0.7810301604094331,0.0678816348061623,0.9321183651938377,0.9854151006155798,0.8747880201252041,0.8747880201252041,0.5,0.0,0.0,0.45103273472469396,0.4948626033446293,0.6592541025033862,0.6885403446225551,0.7081990730121285,0.6920892813284034,0.7631529275720964,0.5606644885972053,False,1,0.5606644885972053,584
1159_25.png,00315,"photorealistic orange juice still life, clear cylindrical glass, pale orange juice, orange slice on the rim, scattered pale citrus cubes on brown tabletop, realistic food photography",1,"[0, 2, 1, 1, 0, 1]",0.9410654306411743,0.4946690797805786,0.02609962224960327,0.16155377510167712,0.6053076145340609,0.775985152633102,0.07716048424258584,0.9228395157574142,0.9827954117042507,0.8687462315408411,0.8687462315408411,0.5,0.0,0.0,0.8242886433546616,0.3725362580670982,0.5345536315654538,0.47332478210625223,0.691947657589759,0.35218185538286934,0.7073547879155252,0.560539268862727,False,1,0.560539268862727,585
1159_25.png,00115,"photorealistic orange juice still life, single clear glass, light creamy orange juice, tiny orange garnish on the rim, scattered pale citrus cubes on brown tabletop, warm realistic product photo",1,"[0, 0, 2, 2, 0, 0]",0.9419043660163879,0.512798547744751,0.023980917409062386,0.15485773280357162,0.6096155215529612,0.7874676739728009,0.07175652532923407,0.928243474670766,0.9750766092585367,0.8742609912742358,0.8742609912742358,0.5,0.0,0.0,0.8317302761044018,0.32345111956984296,0.5935954467302016,0.48347738472482193,0.728936148521953,0.5501423651140007,0.542947932206496,0.5600510868502431,False,1,0.5600510868502431,586
1159_25.png,00511,"photorealistic orange juice still life, single clear glass, light creamy orange juice, small orange garnish on the rim, orange halves and tiny cubes on a smooth brown surface, soft depth of field",1,"[0, 0, 2, 0, 2, 2]",0.9388613700866699,0.49652472138404846,0.02371218055486679,0.15398759870478787,0.6787282942407262,0.6981280291521991,0.06905420581499873,0.9309457941850012,0.9867630490496015,0.8373412508931604,0.8373412508931604,0.5,0.0,0.0,0.8047379012004953,0.3675121489598928,0.6012677842606067,0.6463579933099024,0.4411475570993216,0.6491350771371566,0.7918635941883252,0.5600086402648048,False,1,0.5600086402648048,587
1159_25.png,00629,"photorealistic orange juice still life, clear cylindrical glass, light creamy orange juice, tiny orange garnish on the rim, scattered pale citrus cubes on brown tabletop, warm realistic product photo",1,"[0, 2, 2, 2, 0, 0]",0.945178747177124,0.5136903524398804,0.02524193562567234,0.15887710856404816,0.6209815703273043,0.774484705041956,0.07103046125871106,0.928969538741289,0.9736644204217455,0.8683903399126803,0.8683903399126803,0.5,0.0,0.0,0.8607751141226593,0.32103657783814765,0.5581549237820617,0.5102641691291532,0.6871142860263676,0.576739905140271,0.5128689752754053,0.5594760507236147,False,1,0.5594760507236147,588
1159_25.png,00722,"realistic orange juice still life, single clear glass, muted orange juice, orange slice on the rim, scattered pale citrus cubes on brown tabletop, warm realistic product photo",1,"[1, 0, 4, 1, 0, 0]",0.9338390231132507,0.4964560866355896,0.024599729105830193,0.15684300783213193,0.5652749109442481,0.8148611563223379,0.07240154076051969,0.9275984592394804,0.9781358083561387,0.8869741427500979,0.8869741427500979,0.5,0.0,0.0,0.7601880314224595,0.3676979760421042,0.5760904436150615,0.37897823991971413,0.8171784032943383,0.5265138391371917,0.6081074317741935,0.5592325765721908,False,1,0.5592325765721908,589
1159_25.png,00857,"orange juice still life, clear cylindrical glass, pale orange juice, orange slice on the rim, scattered pale citrus cubes on brown tabletop, warm realistic product photo",1,"[2, 2, 1, 1, 0, 0]",0.9317101836204529,0.48768845200538635,0.022996900603175163,0.15164729012803085,0.644578718398512,0.7826227258752892,0.07749600223739869,0.9225039977626013,0.9713152900381856,0.8693196838684277,0.8693196838684277,0.5,0.0,0.0,0.7413045248299395,0.39143615528527564,0.6219032671721252,0.565876434261022,0.7133291826413688,0.3398909933792695,0.4628336047982041,0.559221803707802,False,1,0.559221803707802,590
1159_25.png,00292,"photorealistic orange juice still life, single tall clear glass, light creamy orange juice, small orange garnish on the rim, scattered pale citrus cubes on brown tabletop, soft depth of field",1,"[0, 1, 2, 0, 0, 2]",0.9117172956466675,0.42570361495018005,0.026363730430603027,0.16236911784758526,0.6203641806715318,0.7515371817129629,0.07125676743048748,0.9287432325695125,0.9753629771197911,0.858324458594121,0.858324458594121,0.5,0.0,0.0,0.5639610317513188,0.5592587476303618,0.5273644123884115,0.5088091442624665,0.6131937390088581,0.5684497449376321,0.5490474327412076,0.5591045295731711,False,1,0.5591045295731711,591
1159_25.png,00371,"realistic orange juice still life, single clear glass, muted orange juice, small orange garnish on the rim, scattered pale citrus cubes on brown tabletop, warm realistic product photo",1,"[1, 0, 4, 0, 0, 0]",0.9495000839233398,0.5052561163902283,0.024313710629940033,0.1559285433457904,0.5669976877732157,0.743528578016493,0.06815317594385575,0.9318468240561443,0.968191628382774,0.8543725742036272,0.8543725742036272,0.5,0.0,0.0,0.8991067925849087,0.34387208770715527,0.5841536607773213,0.3830383713172234,0.5873957320691924,0.682142051363728,0.3963010831179462,0.55897436111585,False,1,0.55897436111585,592
1159_25.png,00215,"photorealistic orange juice still life, single clear glass, pale creamy orange juice, small orange garnish on the rim, minimal citrus pieces on brown studio surface, realistic food photography",1,"[0, 0, 0, 0, 4, 1]",0.9425395131111145,0.4966754913330078,0.0290650837123394,0.17048484892312102,0.5472178229803861,0.8085457130714699,0.07340642634366949,0.9265935736563305,0.9816510768699495,0.884483537035867,0.884483537035867,0.5,0.0,0.0,0.8373642397691429,0.36710394261646795,0.45580460545228263,0.33642243782339865,0.7968345512337385,0.4897023708319267,0.6829809950494775,0.55880649779717,False,1,0.55880649779717,593
1159_25.png,00751,"realistic orange juice still life, single tall clear glass, light creamy orange juice, small orange garnish on the rim, orange halves and tiny cubes on a smooth brown surface, warm realistic product photo",1,"[1, 1, 2, 0, 2, 0]",0.9123742580413818,0.46628162264823914,0.023368097841739655,0.15286627437646164,0.669268626013741,0.7724106400101274,0.06823019696991389,0.931769803030086,0.984658850707817,0.8706359892066509,0.8706359892066509,0.5,0.0,0.0,0.5697885043031935,0.4493946781641156,0.6111549714654282,0.6240640459264679,0.6804331283474057,0.6793205788427529,0.74704516081165,0.5587290838445972,False,1,0.5587290838445972,594
1159_25.png,00948,"photorealistic orange juice still life, single clear glass, pale orange juice, small orange garnish on the rim, small pale citrus cubes in foreground, soft realistic product photo",1,"[0, 0, 1, 0, 3, 3]",0.9467403292655945,0.5136906504631042,0.026397405192255974,0.16247278292765213,0.5487274449108177,0.797922205041956,0.06997185551079738,0.9300281444892027,0.9775928030435521,0.8800934034488115,0.8800934034488115,0.5,0.0,0.0,0.8746268609369002,0.32103577094677893,0.5264503538708781,0.33998021924642075,0.7626131882775719,0.6155192772305237,0.5965416744299017,0.5586326566947112,False,1,0.5586326566947112,595
1159_25.png,00025,"realistic orange juice still life, single clear glass, pale creamy orange juice, orange slice on the rim, scattered pale citrus cubes on brown tabletop, warm realistic product photo",1,"[1, 0, 0, 1, 0, 0]",0.9457423686981201,0.5017083883285522,0.02723950333893299,0.16504394366026579,0.5707104947132539,0.795620388454861,0.07815285424547047,0.9218471457545295,0.9801785399650959,0.876711383811792,0.876711383811792,0.5,0.0,0.0,0.8657746224197493,0.3534774839384238,0.5037793506161969,0.39178847973328157,0.7551983775891757,0.3158288640365521,0.6516166526990764,0.5582976097285115,False,1,0.5582976097285115,596
1159_25.png,00240,"photorealistic orange juice still life, single clear glass, pale orange juice, orange slice on the rim, small pale citrus cubes in foreground, warm realistic product photo",1,"[0, 0, 1, 1, 3, 0]",0.9450574517250061,0.4994182288646698,0.027961893007159233,0.16721810011825644,0.5545419602183788,0.7869782624421297,0.07379654897855667,0.9262034510214433,0.9826195058698461,0.8748353271304328,0.8748353271304328,0.5,0.0,0.0,0.8596991835616844,0.3596780406611926,0.4846089006672404,0.3536835009278178,0.7273596137671898,0.47541120450401125,0.703608076513243,0.5582644828103652,False,1,0.5582644828103652,597
1159_25.png,00964,"photorealistic orange juice still life, single clear glass, pale orange juice, small orange wedge on the rim, orange halves and tiny cubes on a smooth brown surface, realistic food photography",1,"[0, 0, 1, 3, 2, 1]",0.9388654828071594,0.4918188750743866,0.02677377499639988,0.16362693848019,0.6459935687438485,0.7494066026475695,0.0702026754560581,0.9297973245439419,0.9738103930595072,0.8574241133936874,0.8574241133936874,0.5,0.0,0.0,0.8047743823841352,0.38025312504992637,0.5162736799834404,0.5692108640103006,0.6063305334367367,0.6070637662333852,0.5159781236909454,0.5580959897053163,False,1,0.5580959897053163,598
1159_25.png,00947,"photorealistic orange juice still life, single clear glass, pale orange juice, small orange garnish on the rim, orange halves and tiny cubes on a smooth brown surface, clean studio product photo",1,"[0, 0, 1, 0, 2, 4]",0.9474992752075195,0.47974932193756104,0.03184909373521805,0.17846314391273635,0.5858464378445465,0.7393968370225695,0.07070405864626021,0.9292959413537398,0.9749398070022798,0.8529701175344211,0.8529701175344211,0.5,0.0,0.0,0.881358961100484,0.41293117652346334,0.3854566301654514,0.4274599125648361,0.5740862106002849,0.5886968479250692,0.5400341085967745,0.5580857948955491,False,1,0.5580857948955491,599
1159_25.png,00762,"realistic orange juice still life, clear cylindrical glass, pale creamy orange juice, small orange garnish on the rim, small pale citrus cubes in foreground, warm realistic product photo",1,"[1, 2, 0, 0, 3, 0]",0.9367581605911255,0.5057340264320374,0.026060717180371284,0.16143332115883413,0.586260627244616,0.8047474048755787,0.0724727266288995,0.9275272733711005,0.9878638596522308,0.8843436498043418,0.8843436498043418,0.5,0.0,0.0,0.786081741114717,0.34257815670830927,0.5356157245321026,0.4284360479292441,0.7845991123344729,0.5239061230134978,0.8153103414243458,0.5579647911152695,False,1,0.5579647911152695,600
1159_25.png,00633,"photorealistic orange juice still life, clear cylindrical glass, muted orange juice, small orange garnish on the rim, scattered pale citrus cubes on brown tabletop, warm realistic product photo",1,"[0, 2, 4, 0, 0, 0]",0.9432553648948669,0.5119487643241882,0.024968795478343964,0.15801517483565927,0.5913635751840204,0.7922046802662037,0.07187599746385151,0.9281240025361485,0.973744207050358,0.8760843484175153,0.8760843484175153,0.5,0.0,0.0,0.8437140805737169,0.32575188961855184,0.5657549552051303,0.4404623526718305,0.7441954029266018,0.5457658024778359,0.5145683928767837,0.557897915481079,False,1,0.557897915481079,601
1159_25.png,00153,"photorealistic orange juice still life, straight clear glass, pale orange juice, small orange garnish on the rim, scattered pale citrus cubes on brown tabletop, warm realistic product photo",1,"[0, 3, 1, 0, 0, 0]",0.9494312405586243,0.5028197169303894,0.024900062009692192,0.15779753486570122,0.573253449804306,0.743988037109375,0.07128323243744676,0.9287167675625533,0.9700733942157825,0.8538601641892689,0.8538601641892689,0.5,0.0,0.0,0.8984961292935445,0.35046858602454467,0.5676739781602811,0.3977815553505246,0.5888757814405813,0.5674802656444522,0.43638180884728656,0.5571918837635643,False,1,0.5571918837635643,602
1159_25.png,00778,"realistic orange juice still life, clear cylindrical glass, soft pale orange juice, small orange garnish on the rim, scattered pale citrus cubes on brown tabletop, warm realistic product photo",1,"[1, 2, 3, 0, 0, 0]",0.9461603164672852,0.5165673494338989,0.02429523877799511,0.15586930030636278,0.6129623708193425,0.7766022858796297,0.07500767829949764,0.9249923217005024,0.975742763681134,0.8683668939772359,0.8683668939772359,0.5,0.0,0.0,0.8694819566180568,0.31324717132127333,0.5846760315193151,0.49136502725673875,0.6939356205830629,0.43104451305278474,0.5571367075775644,0.5568379530124353,False,1,0.5568379530124353,603
1159_25.png,00288,"photorealistic orange juice still life, single tall clear glass, pale orange juice, orange slice on the rim, orange halves and tiny cubes on a smooth brown surface, warm realistic product photo",1,"[0, 1, 1, 1, 2, 0]",0.9224910736083984,0.4723883867263794,0.024185119196772575,0.155515655793147,0.6614815157903327,0.7423005280671297,0.0683861203325729,0.9316138796674271,0.9811344000443517,0.8563269755226782,0.8563269755226782,0.5,0.0,0.0,0.6595279863549799,0.4328607478172378,0.5877942636113109,0.6057118773911663,0.5834398313508318,0.6736087166976346,0.6719760220745031,0.5568205367198414,False,1,0.5568205367198414,604
1159_25.png,00363,"realistic orange juice still life, single clear glass, light creamy orange juice, small orange garnish on the rim, scattered tiny citrus pieces on brown tabletop, realistic food photography",1,"[1, 0, 2, 0, 1, 1]",0.9346879720687866,0.4985761046409607,0.024266835302114487,0.15577816054285173,0.6033349721565306,0.8073775679976852,0.07326739513217864,0.9267326048678214,0.968059758641303,0.8812882690309565,0.8812882690309565,0.5,0.0,0.0,0.7677184879236708,0.3619580736017258,0.5854796490640999,0.4686757833976571,0.7930716212821268,0.49479543129677617,0.39349231974942145,0.5567513304352525,False,1,0.5567513304352525,605
1159_25.png,00454,"photorealistic citrus drink still life, single tall clear glass, pale creamy orange juice, orange slice on the rim, scattered pale citrus cubes on brown tabletop, warm realistic product photo",1,"[3, 1, 0, 1, 0, 0]",0.9125722646713257,0.47147783637046814,0.02361348457634449,0.15366679724763085,0.6441699934520104,0.8016057897497108,0.06870929870581281,0.9312907012941872,0.9809511250545009,0.8828645758512356,0.8828645758512356,0.5,0.0,0.0,0.5715448882459742,0.4353260430160244,0.6040964253436245,0.5649131771749426,0.7744790699537236,0.6617698858466851,0.6680723511328781,0.5567386771247933,False,1,0.5567386771247933,606
1159_25.png,00793,"realistic orange juice still life, single central clear glass, pale creamy orange juice, small orange garnish on the rim, scattered pale citrus cubes on brown tabletop, warm realistic product photo",1,"[1, 5, 0, 0, 0, 0]",0.9403564929962158,0.5084347724914551,0.026029400527477264,0.1613362963733743,0.5861754386420474,0.8029841670283564,0.07529185030807839,0.9247081496919216,0.9834083911556074,0.8816724057860544,0.8816724057860544,0.5,0.0,0.0,0.8180001332356273,0.3352659457468836,0.5364712327852599,0.42823528082222057,0.7789192180678889,0.4206345827457688,0.7204109614502898,0.5557391624992799,False,1,0.5557391624992799,607
1159_25.png,00059,"photorealistic orange juice still life, clear cylindrical glass, pale creamy orange juice, small orange garnish on the rim, scattered pale citrus cubes on brown tabletop, realistic food photography",1,"[0, 2, 0, 0, 0, 1]",0.9356513619422913,0.4945243299007416,0.026617716997861862,0.16314937020369358,0.5864171261635396,0.7881893581814237,0.07102406251259095,0.928975937487409,0.9798943459130335,0.8758056584848406,0.8758056584848406,0.5,0.0,0.0,0.7762640730131237,0.3729281652048754,0.5204845999051122,0.4288048746766868,0.7312609001176029,0.5769743071895612,0.6455634532760589,0.5552798835897611,False,1,0.5552798835897611,608
1159_25.png,00132,"photorealistic orange juice still life, single tall clear glass, pale orange juice, small orange garnish on the rim, orange halves and tiny cubes on a smooth brown surface, warm realistic product photo",1,"[0, 1, 1, 0, 2, 0]",0.9257838726043701,0.45882508158683777,0.02551117166876793,0.1597221702481153,0.6504171883793874,0.6988078929759838,0.06879223628848517,0.9312077637115148,0.9840422188757314,0.8371947129133692,0.8371947129133692,0.5,0.0,0.0,0.6887361966304075,0.46958310020896876,0.5507036602547062,0.5796361708004165,0.4433375932540331,0.658731675082141,0.733911193288024,0.555256412119839,False,1,0.555256412119839,609
1159_25.png,00318,"photorealistic orange juice still life, clear cylindrical glass, light creamy orange juice, small orange garnish on the rim, scattered pale citrus cubes on brown tabletop, realistic food photography",1,"[0, 2, 2, 0, 0, 1]",0.9413596391677856,0.5022374987602234,0.026893451809883118,0.1639922309436734,0.5816236473625095,0.7845854582609953,0.07136641186155397,0.928633588138446,0.9775045695333165,0.8735861259725674,0.8735861259725674,0.5,0.0,0.0,0.8268983697669329,0.35204492900243534,0.5130527430254759,0.4175079072133965,0.7196517059708065,0.5644331956242236,0.5946623422293406,0.5552031314310846,False,1,0.5552031314310846,610
1159_25.png,00893,"photorealistic citrus drink still life, single tall clear glass, light creamy orange juice, small orange garnish on the rim, scattered pale citrus cubes on brown tabletop, warm realistic product photo",1,"[3, 1, 2, 0, 0, 0]",0.9112582802772522,0.4704318344593048,0.023714549839496613,0.15399529161470038,0.6354152836643534,0.8282747621889467,0.07212206718999876,0.9278779328100012,0.9762550027327817,0.8927319200150827,0.8927319200150827,0.5,0.0,0.0,0.5598894144294184,0.4381580703418847,0.6011999526453162,0.5442806312251289,0.8603874707358008,0.5367516539251593,0.5680471580580697,0.5551536811329261,False,1,0.5551536811329261,611
1159_25.png,00897,"photorealistic citrus drink still life, clear cylindrical glass, pale orange juice, small orange garnish on the rim, scattered pale citrus cubes on brown tabletop, warm realistic product photo",1,"[3, 2, 1, 0, 0, 0]",0.8921563625335693,0.449022114276886,0.020896054804325104,0.14455467755947957,0.6718308713500807,0.8170380768952547,0.06729230469045913,0.9327076953095409,0.9791527461498593,0.8899453771911758,0.8899453771911758,0.5,0.0,0.0,0.39044912038050406,0.4961244200670011,0.6844418088456227,0.6301025835729421,0.8241908881388514,0.7136779151383791,0.6297677276935579,0.5551013500795606,False,1,0.5551013500795606,612
1159_25.png,00404,"realistic orange juice still life, straight clear glass, pale creamy orange juice, orange slice on the rim, scattered pale citrus cubes on brown tabletop, warm realistic product photo",1,"[1, 3, 0, 1, 0, 0]",0.9442602396011353,0.5042716264724731,0.027656015008687973,0.16630097717297987,0.5724356365151033,0.7962725604021991,0.07464885940113143,0.9253511405988686,0.9771003440623062,0.8776156202030547,0.8776156202030547,0.5,0.0,0.0,0.8526276497764074,0.346537572654516,0.49269555857764347,0.3958541847492018,0.7572992102762393,0.44418894534042375,0.5860525301304159,0.554927279359659,False,1,0.554927279359659,613
1159_25.png,00242,"photorealistic orange juice still life, single clear glass, pale orange juice, tiny orange garnish on the rim, scattered tiny citrus pieces on brown tabletop, realistic food photography",1,"[0, 0, 1, 2, 1, 1]",0.9153000712394714,0.46695220470428467,0.023273291066288948,0.1525558621170912,0.6238873460971975,0.8129560682508682,0.07608698736528548,0.9239130126347145,0.9756879613410632,0.8843373774032532,0.8843373774032532,0.5,0.0,0.0,0.5957414298297651,0.44757909189540557,0.6138920066313807,0.5171123175596932,0.8110415688159244,0.3915067267285947,0.5559694435518417,0.5547641973739383,False,1,0.5547641973739383,614
1159_25.png,00418,"orange juice still life, single clear glass, pale orange juice, small orange garnish on the rim, scattered tiny citrus pieces on brown tabletop, realistic food photography",1,"[2, 0, 1, 0, 1, 1]",0.9359911680221558,0.489749550819397,0.025574084371328354,0.15991899315381009,0.5751665938763705,0.8099031801576967,0.07904897814020986,0.9209510218597902,0.9737446771074021,0.8815382241433705,0.8815382241433705,0.5,0.0,0.0,0.7792782647222725,0.385855775268489,0.5489681900917552,0.40229033221839233,0.8012073416274349,0.28300160797682344,0.514578404870375,0.5546893521261826,False,1,0.5546893521261826,615
1159_25.png,00364,"realistic orange juice still life, single clear glass, light creamy orange juice, small orange garnish on the rim, orange halves and tiny cubes on a smooth brown surface, warm realistic product photo",1,"[1, 0, 2, 0, 2, 0]",0.897441565990448,0.46948784589767456,0.021763285622000694,0.14752384763827403,0.6992088127245383,0.8253145571108217,0.06835351987014088,0.9316464801298592,0.9847921321966722,0.894426245184655,0.894426245184655,0.5,0.0,0.0,0.43733061363465736,0.4407138987522393,0.658261390147479,0.6946251830788904,0.850851802092094,0.6748029530462067,0.7498839937343739,0.5541418926084101,False,1,0.5541418926084101,616
1159_25.png,00081,"orange juice still life, single clear glass, pale creamy orange juice, orange slice on the rim, scattered pale citrus cubes on brown tabletop, warm realistic product photo",1,"[2, 0, 0, 1, 0, 0]",0.9401907920837402,0.4853649139404297,0.028605258092284203,0.1691308904141529,0.5751063637973397,0.7696996618200233,0.07326629877584014,0.9267337012241599,0.9772907476770262,0.8661797927828716,0.8661797927828716,0.5,0.0,0.0,0.8165303116339023,0.3977270838413387,0.4677430258606856,0.40214838578004036,0.6717002909125335,0.49483559356726986,0.5901080374234069,0.55371606183194,False,1,0.55371606183194,617
1159_25.png,00776,"realistic orange juice still life, clear cylindrical glass, light creamy orange juice, small orange garnish on the rim, scattered tiny citrus pieces on brown tabletop, warm realistic product photo",1,"[1, 2, 2, 0, 1, 0]",0.9403603672981262,0.518278956413269,0.02307991124689579,0.1519207400156272,0.6342194880309714,0.7829132080078125,0.07530792275840244,0.9246920772415975,0.9771108052040572,0.8713753316788863,0.8713753316788863,0.5,0.0,0.0,0.8180344995680416,0.30861303281256025,0.6194921447506239,0.5414624557572082,0.7142649088122102,0.4200458087543671,0.5862753475213929,0.5533672523684653,False,1,0.5533672523684653,618
1159_25.png,00913,"warm orange juice still life, clear cylindrical glass, pale creamy orange juice, small orange garnish on the rim, scattered pale citrus cubes on brown tabletop, warm realistic product photo",1,"[4, 2, 0, 0, 0, 0]",0.9255969524383545,0.4894195795059204,0.02353224903345108,0.15340224585530382,0.6530097869395857,0.7774793836805557,0.07427060674728207,0.925729393252718,0.9811405928026241,0.8700991288552261,0.8700991288552261,0.5,0.0,0.0,0.6870781532696129,0.38674916539191284,0.6064290859977797,0.5857462430038524,0.6967610038849024,0.45804528462127414,0.6721079249082513,0.5527267972168204,False,1,0.5527267972168204,619
1159_25.png,00866,"photorealistic citrus drink still life, single clear glass, pale creamy orange juice, small orange garnish on the rim, orange halves and tiny cubes on a smooth brown surface, realistic food photography",1,"[3, 0, 0, 0, 2, 1]",0.9225297570228577,0.5066405534744263,0.02431025356054306,0.15591745752334168,0.6417900940482184,0.8189595540364584,0.06597044586660933,0.9340295541333907,0.9808601235461695,0.891614167972327,0.891614167972327,0.5,0.0,0.0,0.6598711209663178,0.34012375454300015,0.5842514091263948,0.5593043808817859,0.8303805165062824,0.7621009047942356,0.6661340618768998,0.5523805714716,False,1,0.5523805714716,620
1159_25.png,00309,"photorealistic orange juice still life, clear cylindrical glass, pale creamy orange juice, tiny orange garnish on the rim, scattered pale citrus cubes on brown tabletop, realistic food photography",1,"[0, 2, 0, 2, 0, 1]",0.9454392194747925,0.5144299268722534,0.02667420357465744,0.16332239152871061,0.5767702974437626,0.786026566116898,0.07136077735668082,0.9286392226433192,0.97682970056535,0.8741016227908358,0.8741016227908358,0.5,0.0,0.0,0.8630855890865218,0.3190341962175838,0.5189589982681413,0.40606983928906065,0.7242939272463794,0.564639601608183,0.5802879511473944,0.5522938687135771,False,1,0.5522938687135771,621
1159_25.png,00516,"photorealistic orange juice still life, single clear glass, light creamy orange juice, orange slice on the rim, orange halves and tiny cubes on a smooth brown surface, realistic food photography",1,"[0, 0, 2, 1, 2, 1]",0.9385905265808105,0.5025664567947388,0.025294125080108643,0.15904126848119843,0.6606409939583674,0.7291197600188078,0.07089193001614381,0.9291080699838562,0.9836648990477007,0.8500246963123533,0.8500246963123533,0.5,0.0,0.0,0.8023354302083234,0.35115428230966517,0.5567074568972439,0.603730988733464,0.5409808012291872,0.5818146504949296,0.7258744587091202,0.55206928903848,False,1,0.55206928903848,622
1159_25.png,00311,"photorealistic orange juice still life, clear cylindrical glass, pale creamy orange juice, small orange wedge on the rim, scattered pale citrus cubes on brown tabletop, warm realistic product photo",1,"[0, 2, 0, 3, 0, 0]",0.9400635361671448,0.4993550181388855,0.025472596287727356,0.1596013668103358,0.62975515065418,0.7536666304976851,0.07066862004640856,0.9293313799535914,0.9682763612216087,0.8580712389520371,0.8580712389520371,0.5,0.0,0.0,0.8154015097922899,0.3598491823204937,0.5517688348648878,0.5309411879714978,0.6200533036231168,0.589995052334699,0.39810585266686094,0.5520330124131243,False,1,0.5520330124131243,623
1159_25.png,00173,"realistic orange juice still life, single clear glass, light creamy orange juice, orange slice on the rim, scattered pale citrus cubes on brown tabletop, warm realistic product photo",1,"[1, 0, 2, 1, 0, 0]",0.9356614351272583,0.4923408627510071,0.02729233354330063,0.16520391503623827,0.5739571135808575,0.8061986852575233,0.07537824808325523,0.9246217519167448,0.9773605764776251,0.8818791368322711,0.8818791368322711,0.5,0.0,0.0,0.7763534254774013,0.3788398548176498,0.5023688158568078,0.39943990560485143,0.7892741022308151,0.41746961648901537,0.5915953579793015,0.5518696921215468,False,1,0.5518696921215468,624
1159_25.png,00836,"orange juice still life, single tall clear glass, pale creamy orange juice, tiny orange garnish on the rim, scattered pale citrus cubes on brown tabletop, realistic food photography",1,"[2, 1, 0, 2, 0, 1]",0.943043053150177,0.5216538310050964,0.026885317638516426,0.16396742859030394,0.602667219697747,0.8479552092375578,0.07721715594876748,0.9227828440512326,0.9647849258606311,0.8975108247469586,0.8975108247469586,0.5,0.0,0.0,0.8418308055574061,0.2994756335751372,0.5132714357842871,0.46710206666425036,0.9237838290497461,0.35010582926517847,0.3237399243189518,0.5518001574898006,False,1,0.5518001574898006,625
1159_25.png,00861,"orange juice still life, straight clear glass, pale creamy orange juice, orange slice on the rim, scattered pale citrus cubes on brown tabletop, warm realistic product photo",1,"[2, 3, 0, 1, 0, 0]",0.9410408139228821,0.4798428416252136,0.02844494953751564,0.16865630595241804,0.5686155055125998,0.76397705078125,0.07780271454259371,0.9221972854574063,0.9769551800373903,0.8619497587691328,0.8619497587691328,0.5,0.0,0.0,0.8240702849656284,0.4126779740119656,0.47192763623534517,0.38685114177516894,0.6532661212511787,0.3286553557197769,0.5829606047875502,0.5511880164985287,False,1,0.5511880164985287,626
1159_25.png,00713,"realistic orange juice still life, single clear glass, light creamy orange juice, small orange wedge on the rim, scattered pale citrus cubes on brown tabletop, warm realistic product photo",1,"[1, 0, 2, 3, 0, 0]",0.9448830485343933,0.5147302150726318,0.025526797398924828,0.1597710781052842,0.6266583437156655,0.7664195873119213,0.07095078330301503,0.9290492166969849,0.9674119166879596,0.8635384234719012,0.8635384234719012,0.5,0.0,0.0,0.8581521698902287,0.31822117247448245,0.5502724191521989,0.5236428293729427,0.6611342311935422,0.579658707628746,0.37969359134632147,0.5509350450002348,False,1,0.5509350450002348,627
1159_25.png,00716,"realistic orange juice still life, single clear glass, soft pale orange juice, small orange garnish on the rim, orange halves and tiny cubes on a smooth brown surface, warm realistic product photo",1,"[1, 0, 3, 0, 2, 0]",0.9197475910186768,0.4974278211593628,0.02363700605928898,0.15374331224248092,0.6696987538298983,0.8042093912760416,0.0707144012995743,0.9292855987004257,0.9811021288907793,0.8833646113975235,0.8833646113975235,0.5,0.0,0.0,0.6351923933031121,0.3650670260453237,0.6034217605219062,0.6250777439411833,0.782866016391592,0.5883179707065587,0.6712886617065891,0.550254359126469,False,1,0.550254359126469,628
1159_25.png,00932,"photorealistic orange juice still life, single clear glass, pale creamy orange juice, tiny orange garnish on the rim, minimal citrus pieces on brown studio surface, realistic food photography",1,"[0, 0, 0, 2, 4, 1]",0.9366654753684998,0.5072154402732849,0.026847274973988533,0.16385138075093703,0.5747534307863399,0.812575728804977,0.071796002849682,0.928203997150318,0.9782537784478351,0.8861812326544178,0.8861812326544178,0.5,0.0,0.0,0.7852595927008025,0.33856726109277946,0.514294678287416,0.40131661559653,0.8098163864949594,0.5486962049569549,0.6106201391507489,0.5494642215630093,False,1,0.5494642215630093,629
1159_25.png,00599,"photorealistic orange juice still life, clear cylindrical glass, pale creamy orange juice, small orange garnish on the rim, scattered pale citrus cubes on brown tabletop, clean studio product photo",1,"[0, 2, 0, 0, 0, 4]",0.9421829581260681,0.4905203580856323,0.02656012959778309,0.16297278790578226,0.5714439282422968,0.772134851526331,0.07554766230483609,0.9244523376951639,0.9660228780039826,0.8642235769809528,0.8642235769809528,0.5,0.0,0.0,0.8342014797614025,0.3837688314324855,0.5220416001345756,0.3935169894561793,0.679544734628786,0.41126355049228924,0.3501077217639654,0.5493326422567536,False,1,0.5493326422567536,630
1159_25.png,00533,"photorealistic orange juice still life, single clear glass, soft pale orange juice, small orange wedge on the rim, scattered pale citrus cubes on brown tabletop, warm realistic product photo",1,"[0, 0, 3, 3, 0, 0]",0.9428130984306335,0.4994298219680786,0.025771915912628174,0.16053633829332278,0.5841250557739213,0.7738573992693866,0.07226616949443343,0.9277338305055666,0.960992019387595,0.8651410742256913,0.8651410742256913,0.5,0.0,0.0,0.839791031550408,0.35964665258695017,0.5435247989067449,0.42340306824551516,0.6850935544122946,0.5314728266622749,0.242952803309456,0.5492744978426046,False,1,0.5492744978426046,631
1159_25.png,00122,"photorealistic orange juice still life, single tall clear glass, pale creamy orange juice, small orange garnish on the rim, orange halves and tiny cubes on a smooth brown surface, realistic food photography",1,"[0, 1, 0, 0, 2, 1]",0.9350844621658325,0.48142457008361816,0.028353018686175346,0.16838354636417224,0.6158346266732733,0.7344156901041666,0.07131891735913243,0.9286810826408676,0.9854996561469044,0.8526253707005595,0.8526253707005595,0.5,0.0,0.0,0.771235485511683,0.40839547876173155,0.4743326719977653,0.498134178070784,0.5580405092971856,0.566173037850924,0.7649539205545764,0.5491622988638751,False,1,0.5491622988638751,632
1159_25.png,00401,"realistic orange juice still life, clear cylindrical glass, light creamy orange juice, small orange garnish on the rim, scattered pale citrus cubes on brown tabletop, warm realistic product photo",1,"[1, 2, 2, 0, 0, 0]",0.9489671587944031,0.5224036574363708,0.02585456520318985,0.1607935483879557,0.6045922260285758,0.7749876799406828,0.07322593826606612,0.9267740617339338,0.970201467763158,0.8671556711328158,0.8671556711328158,0.5,0.0,0.0,0.8943795713831021,0.2974454948914901,0.5412568695553844,0.47163879975282225,0.6887345122754892,0.49631409982832253,0.4391097150699918,0.5490311962518752,False,1,0.5490311962518752,633
1159_25.png,00627,"photorealistic orange juice still life, clear cylindrical glass, light creamy orange juice, orange slice on the rim, scattered pale citrus cubes on brown tabletop, realistic food photography",1,"[0, 2, 2, 1, 0, 1]",0.9355044364929199,0.4942094683647156,0.026225125417113304,0.1619417346366072,0.5995591936577944,0.7796608253761574,0.0754741231020491,0.924525876897951,0.9794529869822594,0.8703220257300056,0.8703220257300056,0.5,0.0,0.0,0.7749607959454072,0.373780645935906,0.5311328295255349,0.4597772675974729,0.7037880525608676,0.4139574751320532,0.6361627159780127,0.5489170992660666,False,1,0.5489170992660666,634
1159_25.png,00306,"photorealistic orange juice still life, clear cylindrical glass, pale creamy orange juice, orange slice on the rim, scattered pale citrus cubes on brown tabletop, soft depth of field",1,"[0, 2, 0, 1, 0, 2]",0.9214953184127808,0.4974287748336792,0.023299966007471085,0.15264326387846627,0.6789545872253274,0.7979487666377315,0.07150812653416658,0.9284918734658334,0.9738955750634192,0.8788282157127048,0.8788282157127048,0.5,0.0,0.0,0.6506953102116649,0.3650644439929439,0.613121348620209,0.6468913062941303,0.762698750787357,0.5592418332773605,0.5177924602444004,0.5488501909612408,False,1,0.5488501909612408,635
1159_25.png,00759,"realistic orange juice still life, clear cylindrical glass, pale creamy orange juice, small orange garnish on the rim, scattered pale citrus cubes on brown tabletop, soft realistic product photo",1,"[1, 2, 0, 0, 0, 3]",0.9428678750991821,0.5193457007408142,0.02501923218369484,0.158174688821236,0.6155854763559236,0.7839751066984953,0.07566527483337657,0.9243347251666234,0.978702729002028,0.8720464976230466,0.8720464976230466,0.5,0.0,0.0,0.8402769186194674,0.3057248458474384,0.56434845344882,0.4975469963713547,0.7176855887246815,0.406955109870523,0.6201825744511456,0.5486617005588286,False,1,0.5486617005588286,636
1159_25.png,00348,"realistic orange juice still life, single clear glass, pale creamy orange juice, tiny orange garnish on the rim, orange halves and tiny cubes on a smooth brown surface, warm realistic product photo",1,"[1, 0, 0, 2, 2, 0]",0.9096987247467041,0.49215278029441833,0.022619374096393585,0.15039738726584842,0.6786696816257375,0.8276231553819445,0.07080518116926733,0.9291948188307326,0.9829351047824278,0.8942356274691171,0.8942356274691171,0.5,0.0,0.0,0.5460556438505942,0.3793490839604359,0.6329241852723206,0.6462198588084368,0.8582884585276696,0.5849924773847337,0.7103301846702612,0.5484322917845763,False,1,0.5484322917845763,637
1159_25.png,00787,"realistic orange juice still life, straight clear glass, pale orange juice, orange slice on the rim, scattered pale citrus cubes on brown tabletop, warm realistic product photo",1,"[1, 3, 1, 1, 0, 0]",0.9410915970802307,0.508213996887207,0.025607837364077568,0.16002448988850915,0.5739436343858549,0.8028914840133102,0.07771782267523052,0.9222821773247695,0.9759359106245976,0.8792871119945784,0.8792871119945784,0.5,0.0,0.0,0.8245207482766606,0.335863690872816,0.5480379811066136,0.39940813869115543,0.7786206595231073,0.3317651568127713,0.5612506464803919,0.5483009294211606,False,1,0.5483009294211606,638
1159_25.png,00944,"photorealistic orange juice still life, single clear glass, pale creamy orange juice, thin orange slice on the rim, scattered tiny citrus pieces on brown tabletop, realistic food photography",1,"[0, 0, 0, 5, 1, 1]",0.9320513010025024,0.5050694942474365,0.024648534134030342,0.15699851634340478,0.5871277288645786,0.8083303946035879,0.07304222785732671,0.9269577721426733,0.9794969601240389,0.884083289846358,0.884083289846358,0.5,0.0,0.0,0.7443303482208286,0.34437736308223466,0.5747192598067221,0.43047957814908755,0.7961409487607997,0.503043870861022,0.6370993231818453,0.5482347635747374,False,1,0.5482347635747374,639
1159_25.png,00078,"realistic orange juice still life, clear cylindrical glass, pale creamy orange juice, small orange garnish on the rim, scattered pale citrus cubes on brown tabletop, warm realistic product photo",1,"[1, 2, 0, 0, 0, 0]",0.9379284977912903,0.5109389424324036,0.024844849482178688,0.15762249040723436,0.6129079296981796,0.7823650218822339,0.0738492728527806,0.9261507271472194,0.9789659293856898,0.87201020022567,0.87201020022567,0.5,0.0,0.0,0.7964630170679068,0.3284859603322521,0.5692174186139558,0.49123672386791195,0.712499044248561,0.4734797973294332,0.6257886186275026,0.5481884638915248,False,1,0.5481884638915248,640
1159_25.png,00167,"realistic orange juice still life, single clear glass, pale orange juice, small orange garnish on the rim, orange halves and tiny cubes on a smooth brown surface, warm realistic product photo",1,"[1, 0, 1, 0, 2, 0]",0.9215761423110962,0.5138007998466492,0.022144807502627373,0.14881131510280854,0.6827184056890042,0.8019889548972801,0.06896179963866532,0.9310382003613347,0.9816534589310819,0.8830890916164595,0.8830890916164595,0.5,0.0,0.0,0.6514122447771106,0.3207375438969077,0.6469092491830798,0.6557616354406263,0.7757133546693461,0.6525201461324214,0.6830317318293923,0.5480859780948842,False,1,0.5480859780948842,641
1159_25.png,00772,"realistic orange juice still life, clear cylindrical glass, pale orange juice, orange slice on the rim, scattered pale citrus cubes on brown tabletop, realistic food photography",1,"[1, 2, 1, 1, 0, 1]",0.9397915005683899,0.4835476279258728,0.029040835797786713,0.17041371951162473,0.5851895867507685,0.7475472909432871,0.07316610835484388,0.9268338916451562,0.9793292658148518,0.8566539961632541,0.8566539961632541,0.5,0.0,0.0,0.8129884645439905,0.40264734602939245,0.45643178332532697,0.4259118874785372,0.6003411577517814,0.49850581888330603,0.6335275133981849,0.5480319227913926,False,1,0.5480319227913926,642
1159_25.png,00321,"photorealistic orange juice still life, clear cylindrical glass, soft pale orange juice, small orange garnish on the rim, scattered pale citrus cubes on brown tabletop, warm realistic product photo",1,"[0, 2, 3, 0, 0, 0]",0.9420257210731506,0.5157620906829834,0.024361930787563324,0.15608308937089668,0.619696203449908,0.765310216833044,0.07365846275680545,0.9263415372431946,0.9756963125524658,0.8637483981204811,0.8637483981204811,0.5,0.0,0.0,0.832806735378183,0.3154273917994984,0.5827909636134528,0.5072348978222232,0.6575606310508167,0.48046964763487726,0.5561473204204007,0.5470797335958624,False,1,0.5470797335958624,643
1159_25.png,00351,"realistic orange juice still life, single clear glass, pale creamy orange juice, paired orange slices on the rim, scattered pale citrus cubes on brown tabletop, warm realistic product photo",1,"[1, 0, 0, 4, 0, 0]",0.9335376620292664,0.5001159906387329,0.024886904284358025,0.15775583756031986,0.6066245264164216,0.7850268328631366,0.07465334440479567,0.9253466555952043,0.9774162847222018,0.8726166611911733,0.8726166611911733,0.5,0.0,0.0,0.7575148594734232,0.3577888658996572,0.5680416408015238,0.47642839668442716,0.7210735000163842,0.44402464845627754,0.5927819173442205,0.5465352386837132,False,1,0.5465352386837132,644
1159_25.png,00891,"photorealistic citrus drink still life, single tall clear glass, pale orange juice, small orange garnish on the rim, scattered tiny citrus pieces on brown tabletop, warm realistic product photo",1,"[3, 1, 1, 0, 1, 0]",0.8906073570251465,0.44166868925094604,0.022437933832406998,0.14979296990315333,0.6486277218334653,0.82696533203125,0.06761523258814504,0.9323847674118549,0.9696282938297321,0.8923947267741582,0.8923947267741582,0.5,0.0,0.0,0.3767089319684084,0.5160336576982842,0.638253586823548,0.5754188692987212,0.85616942105129,0.7018482598324575,0.42690138031448316,0.5461945920550954,False,1,0.5461945920550954,645
1159_25.png,00158,"realistic orange juice still life, single clear glass, pale creamy orange juice, small orange garnish on the rim, small pale citrus cubes in foreground, warm realistic product photo",1,"[1, 0, 0, 0, 3, 0]",0.9524684548377991,0.5234965085983276,0.028011249378323555,0.16736561587830265,0.570638910671033,0.7689073350694445,0.07179901872719947,0.9282009812728005,0.976319176579134,0.8661424795425571,0.8661424795425571,0.5,0.0,0.0,0.9254372190552325,0.2944866242424702,0.48330819230089694,0.39161977499306533,0.6691479794504339,0.548585725832257,0.5694140307526038,0.5460246620565707,False,1,0.5460246620565707,646
1159_25.png,00556,"photorealistic orange juice still life, single tall clear glass, pale creamy orange juice, tiny orange garnish on the rim, orange halves and tiny cubes on a smooth brown surface, realistic food photography",1,"[0, 1, 0, 2, 2, 1]",0.924663245677948,0.4656725525856018,0.027709797024726868,0.16646259947726055,0.6208631231497913,0.7273169623480902,0.06845468960619419,0.9315453103938058,0.9856492126458988,0.8504633342236524,0.8504633342236524,0.5,0.0,0.0,0.6787958671577351,0.4510437220543261,0.4912704668904926,0.5099850203176063,0.5351734734373915,0.671096852974091,0.768139403525989,0.545934837418489,False,1,0.545934837418489,647
1159_25.png,00916,"clean citrus drink still life, single clear glass, pale creamy orange juice, orange slice on the rim, scattered pale citrus cubes on brown tabletop, warm realistic product photo",1,"[5, 0, 0, 1, 0, 0]",0.887630045413971,0.43533453345298767,0.0222905483096838,0.14930019527677718,0.7193163019840867,0.7772228099681713,0.06936146709400397,0.9306385329059961,0.9821879601804575,0.8719113430388672,0.8719113430388672,0.5,0.0,0.0,0.3502991985771281,0.5331832461594794,0.6425985875139723,0.7420132411808193,0.6959345064499567,0.6378793291961025,0.6944163566336174,0.5458534626986843,False,1,0.5458534626986843,648
1159_25.png,00723,"realistic orange juice still life, single clear glass, smooth pale orange smoothie, small orange garnish on the rim, scattered pale citrus cubes on brown tabletop, warm realistic product photo",1,"[1, 0, 5, 0, 0, 0]",0.9297922253608704,0.5072993040084839,0.02341648004949093,0.15302444265375034,0.6398070925010538,0.7869686550564235,0.07351601593448746,0.9264839840655126,0.9787028378951742,0.8741458567773548,0.8741458567773548,0.5,0.0,0.0,0.7242916041463773,0.3383402018616275,0.6097603353838656,0.5546309683378192,0.7273286656253524,0.4856878304537698,0.6201848938238586,0.5457295913277784,False,1,0.5457295913277784,649
1159_25.png,00999,"photorealistic orange juice still life, single clear glass, soft pale orange juice, orange slice on the rim, orange halves and tiny cubes on a smooth brown surface, realistic food photography",1,"[0, 0, 3, 1, 2, 1]",0.9402013421058655,0.5135198831558228,0.025373753160238266,0.15929140956196686,0.6505240727700645,0.7301997432002315,0.07254298248853713,0.9274570175114629,0.9913846775720466,0.8514767760835256,0.8514767760835256,0.5,0.0,0.0,0.8166238938006308,0.32149811970104347,0.5545018580078793,0.5798880691677469,0.5444597364674698,0.5213324754324447,0.8903021044331715,0.5457240955632879,False,1,0.5457240955632879,650
1159_25.png,00354,"realistic orange juice still life, single clear glass, pale orange juice, small orange garnish on the rim, orange halves and tiny cubes on a smooth brown surface, realistic food photography",1,"[1, 0, 1, 0, 2, 1]",0.9436147212982178,0.5060247182846069,0.027580363675951958,0.1660733683525205,0.6142035742500415,0.7395369918258101,0.0697052549080805,0.9302947450919195,0.9769312325367034,0.8537810536111271,0.8537810536111271,0.5,0.0,0.0,0.8469016900833568,0.3417911148672801,0.4947024810714321,0.49429021694755737,0.5745376893753206,0.6252855230615276,0.582450534304763,0.545107198634079,False,1,0.545107198634079,651
1159_25.png,00601,"photorealistic orange juice still life, clear cylindrical glass, pale creamy orange juice, small orange garnish on the rim, orange halves and tiny cubes on a smooth brown surface, soft depth of field",1,"[0, 2, 0, 0, 2, 2]",0.931007981300354,0.4801810681819916,0.02610422484576702,0.16156801925432837,0.6491635038617046,0.6975719310619213,0.06960490938113131,0.9303950906188687,0.9885325882263758,0.8372521683397437,0.8372521683397437,0.5,0.0,0.0,0.7350757592580256,0.4117622329976288,0.5344280348934836,0.5766815664737113,0.4393562058306298,0.6289614302959509,0.8295539450106784,0.5450370534606017,False,1,0.5450370534606017,652
1159_25.png,00345,"realistic orange juice still life, single clear glass, pale creamy orange juice, orange slice on the rim, small pale citrus cubes in foreground, warm realistic product photo",1,"[1, 0, 0, 1, 3, 0]",0.9470075368881226,0.5066445469856262,0.026990612968802452,0.16428820094213234,0.5785942180843927,0.7492867928964119,0.07746040669161725,0.9225395933083828,0.9851704655842334,0.857102007578166,0.857102007578166,0.5,0.0,0.0,0.8769970804478832,0.3401129421986595,0.5104430513351669,0.41036834002059486,0.6059445919032372,0.34119494711023673,0.7579423166537825,0.5448719810777672,False,1,0.5448719810777672,653
1159_25.png,00146,"photorealistic orange juice still life, clear cylindrical glass, pale orange juice, small orange garnish on the rim, scattered pale citrus cubes on brown tabletop, realistic food photography",1,"[0, 2, 1, 0, 0, 1]",0.9440456032752991,0.513066291809082,0.026879075914621353,0.1639483940592934,0.5774645856913716,0.7842763264973959,0.07383822783216698,0.926161772167833,0.9754541460065086,0.8721717963838714,0.8721717963838714,0.5,0.0,0.0,0.8507237549606479,0.3227262083642036,0.5134392712326967,0.4077060938901445,0.718655903995223,0.4738844040160735,0.5509892870779554,0.5448153370628187,False,1,0.5448153370628187,654
1159_25.png,00476,"photorealistic orange juice still life, single clear glass, pale creamy orange juice, tiny orange garnish on the rim, orange halves and tiny cubes on a smooth brown surface, soft depth of field",1,"[0, 0, 0, 2, 2, 2]",0.9300251603126526,0.5010874271392822,0.023270152509212494,0.15254557518726164,0.6671209369567624,0.7296255606192129,0.07120154835757501,0.928798451642425,0.9873302708334682,0.8508770145201883,0.8508770145201883,0.5,0.0,0.0,0.7263578137936941,0.35515872279424543,0.6139827108089487,0.6190025082822964,0.5426101298729666,0.5704725574711679,0.8039451509623261,0.544695192026482,False,1,0.544695192026482,655
1159_25.png,00188,"realistic orange juice still life, clear cylindrical glass, pale orange juice, small orange garnish on the rim, scattered pale citrus cubes on brown tabletop, warm realistic product photo",1,"[1, 2, 1, 0, 0, 0]",0.9355772137641907,0.5154919624328613,0.023097356781363487,0.151978145736035,0.6258471930835261,0.7847267433449074,0.077150362932346,0.922849637067654,0.9804168970477064,0.8722077868884286,0.8722077868884286,0.5,0.0,0.0,0.7756063542819921,0.3161587581360874,0.6189859744215214,0.5217311609001131,0.7201068257037061,0.3525526242518311,0.6566935462669041,0.5439512817446062,False,1,0.5439512817446062,656
1159_25.png,00986,"photorealistic orange juice still life, single clear glass, light creamy orange juice, small orange wedge on the rim, scattered pale citrus cubes on brown tabletop, soft depth of field",1,"[0, 0, 2, 3, 0, 2]",0.9161959886550903,0.4839615523815155,0.02465886063873768,0.15703140016804817,0.6445468943326861,0.7934638129340277,0.06709480586573681,0.9329051941342632,0.9734404298119501,0.8782636197296947,0.8782636197296947,0.5,0.0,0.0,0.6036885120224005,0.4015266546074062,0.5744293093240237,0.5658014333168,0.7482514299862003,0.7209127902808842,0.5080980808103894,0.5435369810823842,False,1,0.5435369810823842,657
1159_25.png,00331,"photorealistic orange juice still life, straight clear glass, light creamy orange juice, small orange garnish on the rim, scattered pale citrus cubes on brown tabletop, warm realistic product photo",1,"[0, 3, 2, 0, 0, 0]",0.9322516322135925,0.49991145730018616,0.02435433119535446,0.15605874277128617,0.6200975900042196,0.7659443042896411,0.07132703279429901,0.928672967205701,0.9739664633119753,0.864503768114729,0.864503768114729,0.5,0.0,0.0,0.7461073519630578,0.35834263544599554,0.583005637800099,0.5081808602500296,0.6596032084120687,0.5658757491949555,0.5193023465426708,0.5435118174808636,False,1,0.5435118174808636,658
1159_25.png,00036,"photorealistic orange juice still life, single clear glass, pale creamy orange juice, tiny orange garnish on the rim, scattered pale citrus cubes on brown tabletop, realistic food photography",1,"[0, 0, 0, 2, 0, 1]",0.9525483846664429,0.5453476905822754,0.026380158960819244,0.16241970003918627,0.5548504127755082,0.8083060935691551,0.07238183793916225,0.9276181620608377,0.9792335237448937,0.8842508035763916,0.8842508035763916,0.5,0.0,0.0,0.9261462229285825,0.23532502633289987,0.5269184079765249,0.35441044239277447,0.796062668166741,0.5272356026852825,0.6314882524128715,0.5433982014204009,False,1,0.5433982014204009,659
1159_25.png,00761,"realistic orange juice still life, clear cylindrical glass, pale creamy orange juice, small orange garnish on the rim, orange halves and tiny cubes on a smooth brown surface, realistic food photography",1,"[1, 2, 0, 0, 2, 1]",0.9353316426277161,0.5143008232116699,0.02667955309152603,0.16333876787684554,0.651555403313349,0.7764536539713541,0.06893612203318904,0.931063877966811,0.9757371945534838,0.8704239404861899,0.8704239404861899,0.5,0.0,0.0,0.7734280575197237,0.31938374155850424,0.5188146011337431,0.5823186437201742,0.6934568346240526,0.6534607809429881,0.5570180877822732,0.5432421990007296,False,1,0.5432421990007296,660
1159_25.png,00022,"photorealistic orange juice still life, clear cylindrical glass, pale creamy orange juice, small orange garnish on the rim, scattered pale citrus cubes on brown tabletop, warm realistic product photo",1,"[0, 2, 0, 0, 0, 0]",0.9268456697463989,0.47842204570770264,0.024765431880950928,0.15737036532000212,0.6161046196357283,0.7535869457103588,0.07516465243203291,0.9248353475679671,0.9789293912069426,0.8585923754598385,0.8585923754598385,0.5,0.0,0.0,0.698154686563187,0.416524747923102,0.5714405113209677,0.4987704803970853,0.6197966160937618,0.4252941585831199,0.6250103726335908,0.5430997521369804,False,1,0.5430997521369804,661
1159_25.png,00257,"photorealistic orange juice still life, single clear glass, soft pale orange juice, small orange garnish on the rim, scattered pale citrus cubes on brown tabletop, soft depth of field",1,"[0, 0, 3, 0, 0, 2]",0.9232829213142395,0.4727128744125366,0.0305510051548481,0.17478845829987774,0.5525612840852239,0.8230093496817129,0.0681585802917775,0.9318414197082225,0.9720455540605197,0.8909078150667527,0.8909078150667527,0.5,0.0,0.0,0.6665519359876831,0.43198220449499813,0.41785787542107655,0.34901556877241574,0.8434260685301085,0.6819440766036484,0.47838788444116165,0.5430562959884365,False,1,0.5430562959884365,662
1159_25.png,00164,"realistic orange juice still life, single clear glass, pale creamy orange juice, small orange wedge on the rim, scattered pale citrus cubes on brown tabletop, warm realistic product photo",1,"[1, 0, 0, 3, 0, 0]",0.945338249206543,0.5210046172142029,0.02596062794327736,0.16112302114619548,0.6210229003621247,0.7664794921875,0.07315484242916313,0.9268451575708369,0.9714855439961071,0.8636086854333894,0.8636086854333894,0.5,0.0,0.0,0.862189949592521,0.3012333657327114,0.5383517699715129,0.510361573139477,0.6613272019602916,0.49891851787419406,0.46645993389403806,0.54273244027667,False,1,0.54273244027667,663
1159_25.png,00731,"realistic orange juice still life, single tall clear glass, pale creamy orange juice, orange slice on the rim, orange halves and tiny cubes on a smooth brown surface, realistic food photography",1,"[1, 1, 0, 1, 2, 1]",0.9176937937736511,0.4752013087272644,0.025903113186359406,0.1609444413030764,0.6321412099246867,0.7648417154947916,0.06697424781868369,0.9330257521813163,0.980265918445487,0.8667909689252143,0.8667909689252143,0.5,0.0,0.0,0.6169745361338194,0.42524482294463384,0.5399263833954111,0.5365645014486752,0.6560514540165224,0.7253291326013008,0.6534777731667633,0.542391769397904,False,1,0.542391769397904,664
1159_25.png,00752,"realistic orange juice still life, single tall clear glass, light creamy orange juice, orange slice on the rim, scattered pale citrus cubes on brown tabletop, realistic food photography",1,"[1, 1, 2, 1, 0, 1]",0.9451336860656738,0.5246192812919617,0.02667182870209217,0.16331512086176272,0.6007006011842102,0.8098692717375578,0.07695061938568383,0.9230493806143162,0.968774683066677,0.8812633921102472,0.8812633921102472,0.5,0.0,0.0,0.8603754072410391,0.29144674170003293,0.5190231067900041,0.46246726461707016,0.8010981128915393,0.3598697291645008,0.40871987320372605,0.5420829917161143,False,1,0.5420829917161143,665
1159_25.png,00392,"realistic orange juice still life, clear cylindrical glass, pale creamy orange juice, small orange garnish on the rim, scattered pale citrus cubes on brown tabletop, soft depth of field",1,"[1, 2, 0, 0, 0, 2]",0.9393321871757507,0.5033053755760193,0.02708369307219982,0.16457124011260235,0.595029376511682,0.7895705611617476,0.07376379245254584,0.9262362075474542,0.9644771196503555,0.8723848490944665,0.8723848490944665,0.5,0.0,0.0,0.8089142036580582,0.3491536758501125,0.507947376182099,0.4491016812355826,0.7357101506264264,0.47661115785119734,0.31718379704985417,0.5416708721619682,False,1,0.5416708721619682,666
1159_25.png,00885,"photorealistic citrus drink still life, single tall clear glass, pale creamy orange juice, small orange garnish on the rim, scattered tiny citrus pieces on brown tabletop, realistic food photography",1,"[3, 1, 0, 0, 1, 1]",0.9023970365524292,0.4664839208126068,0.02389325387775898,0.15457442827893292,0.6367367779181434,0.8144994665075233,0.06531204493834106,0.9346879550616589,0.9717381671964122,0.8880131776392485,0.8880131776392485,0.5,0.0,0.0,0.4812872676439394,0.4488469603030426,0.5960934616223398,0.5473950452462742,0.8160132967781165,0.7862197749517031,0.4718406890478856,0.5407551489173416,False,1,0.5407551489173416,667
1159_25.png,00224,"photorealistic orange juice still life, single clear glass, pale creamy orange juice, tiny orange garnish on the rim, orange halves and tiny cubes on a smooth brown surface, realistic food photography",1,"[0, 0, 0, 2, 2, 1]",0.9070528745651245,0.4834357798099518,0.02343381941318512,0.15308108770578135,0.6834632885964979,0.7923764829282408,0.06744582229416288,0.9325541777058372,0.9831504116564658,0.8795934618460446,0.8795934618460446,0.5,0.0,0.0,0.5225860823755701,0.40295017236006525,0.6092608721870818,0.6575171283340356,0.7447488285218076,0.7080541819514357,0.714916119654615,0.5405607678630016,False,1,0.5405607678630016,668
1159_25.png,00004,"photorealistic orange juice still life, single clear glass, pale creamy orange juice, orange slice on the rim, scattered pale citrus cubes on brown tabletop, warm realistic product photo",1,"[0, 0, 0, 1, 0, 0]",0.9325544238090515,0.49274253845214844,0.026871249079704285,0.16392452250869693,0.5728351278909773,0.7893569381148726,0.07573190808198776,0.9242680919180122,0.9786345132525673,0.8744313569735105,0.8744313569735105,0.5,0.0,0.0,0.7487932130194471,0.37775232663091707,0.5136497567128155,0.39679568074041055,0.7350220095902826,0.4045141675777294,0.6187296111245747,0.5395158622944429,False,1,0.5395158622944429,669
1159_25.png,00660,"photorealistic orange juice still life, single minimalist clear glass, pale orange juice, small orange garnish on the rim, scattered pale citrus cubes on brown tabletop, realistic food photography",1,"[0, 4, 1, 0, 0, 1]",0.9471499919891357,0.5221189856529236,0.027662498876452446,0.16632047040714035,0.5426060885950987,0.7974553991247108,0.07167232382055631,0.9283276761794437,0.9711535369597734,0.8780003236608798,0.8780003236608798,0.5,0.0,0.0,0.8782607040551215,0.29821623752687154,0.4925236785510505,0.3255537940966895,0.7611094726800728,0.5532268766443877,0.4593883404310894,0.5393140284776322,False,1,0.5393140284776322,670
1159_25.png,00474,"photorealistic orange juice still life, single clear glass, pale creamy orange juice, tiny orange garnish on the rim, scattered pale citrus cubes on brown tabletop, clean studio product photo",1,"[0, 0, 0, 2, 0, 4]",0.9489264488220215,0.5385133028030396,0.025672726333141327,0.16022710860881603,0.5539732187017384,0.7917633056640625,0.068514467461224,0.931485532538776,0.9714986556858506,0.8766131550745698,0.8766131550745698,0.5,0.0,0.0,0.8940184605363474,0.25382898195645665,0.5462514068138165,0.35234312691654074,0.7427736088810243,0.668907040867432,0.4667392067085609,0.5385119585110695,False,1,0.5385119585110695,671
1159_25.png,00040,"photorealistic orange juice still life, single clear glass, pale orange juice, small orange garnish on the rim, scattered tiny citrus pieces on brown tabletop, realistic food photography",1,"[0, 0, 1, 0, 1, 1]",0.913245677947998,0.47452834248542786,0.02402195893228054,0.15499018979367868,0.6139223858114771,0.8135144269024884,0.07695711834707376,0.9230428816529263,0.9769172953216342,0.8845299597489709,0.8845299597489709,0.5,0.0,0.0,0.5775182855324085,0.4270668643442934,0.5924275178583376,0.4936275298317131,0.8128402020003421,0.35963165597961855,0.5821536781897124,0.5380958479015024,False,1,0.5380958479015024,672
1159_25.png,00879,"photorealistic citrus drink still life, single clear glass, pale orange juice, tiny orange garnish on the rim, scattered pale citrus cubes on brown tabletop, warm realistic product photo",1,"[3, 0, 1, 2, 0, 0]",0.8872420191764832,0.4531732499599457,0.021318934857845306,0.14601005053709593,0.6631636363183667,0.8149442319516783,0.0670242339966306,0.9329757660033694,0.9812027332091919,0.8895069691212729,0.8895069691212729,0.5,0.0,0.0,0.3468572782076213,0.4848853108815272,0.67160917450511,0.6096761925917362,0.8174460136972835,0.723498014077909,0.6734314862933428,0.5378766146127978,False,1,0.5378766146127978,673
1159_25.png,00965,"photorealistic orange juice still life, single clear glass, pale orange juice, small orange wedge on the rim, small pale citrus cubes in foreground, warm realistic product photo",1,"[0, 0, 1, 3, 3, 0]",0.9465042352676392,0.5246644020080566,0.02697536163032055,0.16424177796870243,0.5464256924090347,0.8015605785228588,0.07727004679320872,0.9227299532067913,0.9807439707256534,0.8798065381027942,0.8798065381027942,0.5,0.0,0.0,0.8725326295108455,0.2913245783468119,0.5108523821748813,0.3345555946260716,0.7743334316391954,0.34816830555458295,0.6636600615203576,0.5378332848781326,False,1,0.5378332848781326,674
1159_25.png,00774,"realistic orange juice still life, clear cylindrical glass, pale orange juice, tiny orange garnish on the rim, scattered pale citrus cubes on brown tabletop, warm realistic product photo",1,"[1, 2, 1, 2, 0, 0]",0.9333552122116089,0.5195639729499817,0.02356749027967453,0.15351706836594597,0.6196008154392674,0.7860367386429399,0.07341301705217951,0.9265869829478205,0.9795160311484385,0.8739251826507478,0.8739251826507478,0.5,0.0,0.0,0.7558964695731067,0.3051338786090032,0.605416647732268,0.5070100933957672,0.7243266958671488,0.489460936720924,0.6375055270170585,0.5376559256754578,False,1,0.5376559256754578,675
1159_25.png,00739,"realistic orange juice still life, single tall clear glass, pale orange juice, small orange garnish on the rim, scattered pale citrus cubes on brown tabletop, soft realistic product photo",1,"[1, 1, 1, 0, 0, 3]",0.9304144382476807,0.5002954006195068,0.028090806677937508,0.1676031225184588,0.589700226771396,0.8393379493995949,0.07901122975208716,0.9209887702479128,0.9725826947534855,0.8945646857672843,0.8945646857672843,0.5,0.0,0.0,0.7298108371321348,0.3573031172957003,0.48121399657688446,0.43654227840478765,0.8960251663007504,0.2843844256988134,0.4898287281503954,0.5373441521996494,False,1,0.5373441521996494,676
1159_25.png,00416,"orange juice still life, single clear glass, pale creamy orange juice, small orange wedge on the rim, scattered pale citrus cubes on brown tabletop, warm realistic product photo",1,"[2, 0, 0, 3, 0, 0]",0.9345372915267944,0.4935259521007538,0.02713855355978012,0.1647378328125635,0.6224363348525676,0.7525589554398148,0.076724119896788,0.923275880103212,0.980470048367285,0.8578920976574979,0.8578920976574979,0.5,0.0,0.0,0.7663819019491527,0.3756312512900176,0.5064784584302375,0.5136926660915506,0.6164851649171861,0.36816697105597446,0.6578256443339505,0.5371352222129668,False,1,0.5371352222129668,677
1159_25.png,00209,"photorealistic citrus drink still life, single tall clear glass, pale creamy orange juice, small orange garnish on the rim, scattered pale citrus cubes on brown tabletop, warm realistic product photo",1,"[3, 1, 0, 0, 0, 0]",0.906230092048645,0.48746663331985474,0.023351188749074936,0.15281095755565088,0.642820097145598,0.8154494674117476,0.06805532822292554,0.9319446717770745,0.9853774762922621,0.8902083907157149,0.8902083907157149,0.5,0.0,0.0,0.5152877307963578,0.39203672453099847,0.6116427230901056,0.5617318269937172,0.8190735218621311,0.6857264577261676,0.7623515472105259,0.5368792538093772,False,1,0.5368792538093772,678
1159_25.png,00465,"photorealistic orange juice still life, single clear glass, pale creamy orange juice, small orange garnish on the rim, small pale citrus cubes in foreground, soft realistic product photo",1,"[0, 0, 0, 0, 3, 3]",0.9486885070800781,0.5168232917785645,0.02906552515923977,0.17048614359894404,0.564062885820109,0.7621166087962963,0.07454484275809475,0.9254551572419052,0.9823554595926315,0.8633328709115264,0.8633328709115264,0.5,0.0,0.0,0.8919078390132951,0.31255421301383446,0.4557931897521962,0.376121815815127,0.6472731046083602,0.4479993347246163,0.6979840152027166,0.5368136708718472,False,1,0.5368136708718472,679
1159_25.png,00469,"photorealistic orange juice still life, single clear glass, pale creamy orange juice, orange slice on the rim, scattered tiny citrus pieces on brown tabletop, clean studio product photo",1,"[0, 0, 0, 1, 1, 4]",0.9361827373504639,0.5059027075767517,0.02625720016658306,0.1620407361331806,0.5728086469158379,0.776156955295139,0.07142292479617945,0.9285770752038205,0.9762590941931981,0.8695244250427894,0.8695244250427894,0.5,0.0,0.0,0.7809775476819645,0.34212145619362555,0.5302598917808952,0.39673327205415904,0.6925010831849644,0.5623629857051169,0.5681343042374233,0.5364166384657595,False,1,0.5364166384657595,680
1159_25.png,00657,"photorealistic orange juice still life, single minimalist clear glass, pale creamy orange juice, orange slice on the rim, scattered pale citrus cubes on brown tabletop, realistic food photography",1,"[0, 4, 0, 1, 0, 1]",0.9296780824661255,0.49402040243148804,0.025445036590099335,0.1595150042789058,0.5799258560901867,0.7673650670934608,0.07339386810566755,0.9266061318943325,0.9837332132197001,0.8663730689990138,0.8663730689990138,0.5,0.0,0.0,0.7232791191221676,0.37429253782020877,0.5525303295494857,0.4135066601944741,0.6641798924461049,0.49016241045029757,0.7273295183893973,0.5360772348205397,False,1,0.5360772348205397,681
1159_25.png,00763,"realistic orange juice still life, clear cylindrical glass, pale creamy orange juice, orange slice on the rim, scattered pale citrus cubes on brown tabletop, soft depth of field",1,"[1, 2, 0, 1, 0, 2]",0.9517414569854736,0.5406676530838013,0.027415025979280472,0.1655748349818911,0.5871264193722298,0.7817704942491318,0.07079958750277475,0.9292004124972253,0.9714979937117433,0.8713164655284868,0.8713164655284868,0.5,0.0,0.0,0.9189885089558663,0.24799612563040407,0.4990982590267906,0.43047649202039634,0.71058390041252,0.5851973873568317,0.4667251069719361,0.5360353596636923,False,1,0.5360353596636923,682
1159_25.png,00654,"photorealistic orange juice still life, single minimalist clear glass, pale creamy orange juice, small orange garnish on the rim, scattered pale citrus cubes on brown tabletop, soft depth of field",1,"[0, 4, 0, 0, 0, 2]",0.9323356747627258,0.5140871405601501,0.027810759842395782,0.16676558350689683,0.5752805846485369,0.8262679488570601,0.07366058688390126,0.9263394131160987,0.982269924282982,0.892493356432908,0.892493356432908,0.5,0.0,0.0,0.7468528370200477,0.3199622826698615,0.48859892954361583,0.4025589784558604,0.8539229500496986,0.4803918355549972,0.6961621534034965,0.5353075128681334,False,1,0.5353075128681334,683
1159_25.png,00698,"realistic orange juice still life, single clear glass, pale orange juice, tiny orange garnish on the rim, scattered pale citrus cubes on brown tabletop, soft depth of field",1,"[1, 0, 1, 2, 0, 2]",0.9101592302322388,0.4613124132156372,0.02982819825410843,0.17270841975453435,0.5659298872854802,0.8221961127387153,0.06720516726617551,0.9327948327338245,0.9786233983474766,0.8921911218587557,0.8921911218587557,0.5,0.0,0.0,0.5501404789926541,0.46284870415666857,0.43619844823443255,0.3805218467078643,0.8408063993475402,0.71686997658896,0.6184928688824551,0.5350725678210622,False,1,0.5350725678210622,684
1159_25.png,00918,"clean citrus drink still life, single tall clear glass, pale creamy orange juice, small orange garnish on the rim, scattered pale citrus cubes on brown tabletop, warm realistic product photo",1,"[5, 1, 0, 0, 0, 0]",0.9251746535301208,0.5154226422309875,0.025135692209005356,0.1585423987739726,0.6819397465742841,0.7818790011935763,0.07241590442345934,0.9275840955765406,0.9875642751508216,0.8740128390190629,0.8740128390190629,0.5,0.0,0.0,0.6833322230364399,0.3163464410684468,0.5611062004735281,0.6539265409196916,0.7109334323673869,0.5259876622948534,0.8089293326807946,0.5349840402304539,False,1,0.5349840402304539,685
1159_25.png,00987,"photorealistic orange juice still life, single clear glass, light creamy orange juice, small orange wedge on the rim, scattered tiny citrus pieces on brown tabletop, realistic food photography",1,"[0, 0, 2, 3, 1, 1]",0.9388828277587891,0.5209140181541443,0.024874987080693245,0.1577180619989139,0.5982978965339958,0.7769622802734375,0.07231232062369464,0.9276876793763054,0.9730399514954059,0.8689317042038349,0.8689317042038349,0.5,0.0,0.0,0.8049282378107906,0.3014786607087959,0.5683747237802419,0.45680472236246883,0.6950952656624904,0.5297821955491029,0.49956808133628194,0.5341034840920421,False,1,0.5341034840920421,686
1159_25.png,00489,"photorealistic orange juice still life, single clear glass, pale orange juice, small orange garnish on the rim, scattered tiny citrus pieces on brown tabletop, clean studio product photo",1,"[0, 0, 1, 0, 1, 4]",0.9245361089706421,0.4832232594490051,0.027567239478230476,0.1660338503987379,0.5661152995312491,0.814017966941551,0.07632748286310002,0.9236725171369,0.9750393399666458,0.8846013341149421,0.8846013341149421,0.5,0.0,0.0,0.6776681227417354,0.40352556659508465,0.4950509274549896,0.3809588145541175,0.8144622487283957,0.3826967760796797,0.5421541138470587,0.5338770154245989,False,1,0.5338770154245989,687
1159_25.png,00814,"orange juice still life, single clear glass, pale orange juice, orange slice on the rim, scattered tiny citrus pieces on brown tabletop, realistic food photography",1,"[2, 0, 1, 1, 1, 1]",0.9294058084487915,0.4993945062160492,0.025214044377207756,0.15878930813253062,0.5913374024792336,0.7959600377965858,0.07338347794153798,0.926616522058462,0.9675032071621716,0.8759984411613595,0.8759984411613595,0.5,0.0,0.0,0.7208639590226427,0.3597422692141411,0.5589290970351952,0.44040067049763604,0.7562924854270663,0.4905430281086197,0.3816380354394241,0.5338527123955612,False,1,0.5338527123955612,688
1159_25.png,00484,"photorealistic orange juice still life, single clear glass, pale creamy orange juice, paired orange slices on the rim, scattered tiny citrus pieces on brown tabletop, realistic food photography",1,"[0, 0, 0, 4, 1, 1]",0.9348371028900146,0.5161315202713013,0.025179876014590263,0.1586816814083789,0.5573051018338062,0.8201039632161459,0.07557476895148273,0.9244252310485173,0.9739614190948598,0.8873878981332186,0.8873878981332186,0.5,0.0,0.0,0.7690413273652231,0.31442716925885894,0.5598780870312635,0.3601954982103007,0.834066986342767,0.4102705663350616,0.5191949070944772,0.5335298313024395,False,1,0.5335298313024395,689
1159_25.png,00535,"photorealistic orange juice still life, single clear glass, muted orange juice, small orange garnish on the rim, scattered tiny citrus pieces on brown tabletop, realistic food photography",1,"[0, 0, 4, 0, 1, 1]",0.923676073551178,0.4912327229976654,0.025692813098430634,0.16028977852137244,0.590518043816785,0.8014775028935186,0.07231505739524946,0.9276849426047505,0.9712439842081915,0.8796034030553844,0.8796034030553844,0.5,0.0,0.0,0.6700393256585382,0.3818401189938839,0.5456988198932421,0.43846965785845254,0.7740658212362509,0.5296819407727995,0.46131482421203035,0.533448326173921,False,1,0.533448326173921,690
1159_25.png,00087,"photorealistic orange juice still life, single clear glass, pale creamy orange juice, small orange garnish on the rim, orange halves and tiny cubes on a smooth brown surface, soft depth of field",1,"[0, 0, 0, 0, 2, 2]",0.9333057403564453,0.5109493732452393,0.024140752851963043,0.15537294761947154,0.6598324786060848,0.7307564064308449,0.07320447586669607,0.9267955241333039,0.9841114730679914,0.8500411109541348,0.8500411109541348,0.5,0.0,0.0,0.7554576379438147,0.3284577191343476,0.589052581470956,0.6018255309214166,0.5462529082150932,0.497100321113028,0.735386274957002,0.5334374907035893,False,1,0.5334374907035893,691
1159_25.png,00522,"photorealistic orange juice still life, single clear glass, light creamy orange juice, small orange wedge on the rim, scattered tiny citrus pieces on brown tabletop, warm realistic product photo",1,"[0, 0, 2, 3, 1, 0]",0.9011561274528503,0.48112112283706665,0.02195444330573082,0.14817031857200963,0.718168091565903,0.7960018581814235,0.07228568481709702,0.927714315182903,0.9790393257191036,0.8787087116394774,0.8787087116394774,0.5,0.0,0.0,0.4702799957280005,0.4092170555533411,0.6525611846111732,0.7393072115364524,0.756427200868004,0.5307579316595584,0.627351925951662,0.5331621971565526,False,1,0.5331621971565526,692
1159_25.png,00802,"orange juice still life, single clear glass, pale creamy orange juice, orange slice on the rim, small pale citrus cubes in foreground, warm realistic product photo",1,"[2, 0, 0, 1, 3, 0]",0.9573537111282349,0.5141263604164124,0.02931223064661026,0.17120815005895676,0.5916305697816743,0.6961839463975693,0.07746295556975849,0.9225370444302415,0.9818835760595084,0.8325474566413924,0.8325474566413924,0.5,0.0,0.0,0.9687710493786038,0.3198560957657407,0.4494269557796471,0.44109158864173237,0.43488510957462634,0.34110157533888014,0.687933118255002,0.5330277883153743,False,1,0.5330277883153743,693
1159_25.png,00904,"warm orange juice still life, single clear glass, pale creamy orange juice, tiny orange garnish on the rim, scattered pale citrus cubes on brown tabletop, warm realistic product photo",1,"[4, 0, 0, 2, 0, 0]",0.9407005310058594,0.5285819172859192,0.02593822404742241,0.161053481947527,0.6033091657576032,0.783980758101852,0.07738699727438889,0.9226130027256111,0.9876139367566984,0.8732286794511369,0.8732286794511369,0.5,0.0,0.0,0.8210518635540286,0.2807179913052613,0.5389649262706675,0.46861496450992873,0.7177037935139979,0.34388411738088415,0.8099871014900227,0.5326658640332914,False,1,0.5326658640332914,694
1159_25.png,00149,"photorealistic orange juice still life, clear cylindrical glass, light creamy orange juice, small orange garnish on the rim, scattered pale citrus cubes on brown tabletop, warm realistic product photo",1,"[0, 2, 2, 0, 0, 0]",0.9380871057510376,0.5148905515670776,0.02608519420027733,0.16150911491391848,0.6052574507886234,0.7712792290581598,0.07265161837920185,0.9273483816207981,0.9724421626137031,0.8661360191661919,0.8661360191661919,0.5,0.0,0.0,0.797869921845673,0.31778706491812236,0.5349474191840915,0.4732065593658235,0.6767885295263479,0.5173528714724733,0.4868354597787568,0.5324348410787225,False,1,0.5324348410787225,695
1159_25.png,00988,"photorealistic orange juice still life, single clear glass, light creamy orange juice, small orange wedge on the rim, orange halves and tiny cubes on a smooth brown surface, warm realistic product photo",1,"[0, 0, 2, 3, 2, 0]",0.9275676012039185,0.5149329900741577,0.02441912144422531,0.15626618778297918,0.6578994421934424,0.7786933051215278,0.07231369868161205,0.9276863013183879,0.9788694996049009,0.8708760926871034,0.8708760926871034,0.5,0.0,0.0,0.7045584560740114,0.3176721635872195,0.5811765080706328,0.5972698730442431,0.700671392629973,0.5297317138463086,0.623734709725478,0.5320062406831306,False,1,0.5320062406831306,696
1159_25.png,00239,"photorealistic orange juice still life, single clear glass, pale orange juice, orange slice on the rim, orange halves and tiny cubes on a smooth brown surface, realistic food photography",1,"[0, 0, 1, 1, 2, 1]",0.9415128827095032,0.52044677734375,0.025041721761226654,0.15824576380183658,0.6450425105052865,0.7174190945095487,0.07530186584490237,0.9246981341550976,0.9896698486685166,0.8444169092172844,0.8444169092172844,0.5,0.0,0.0,0.8282576903921252,0.3027437049966425,0.5637217555158269,0.5669694701452812,0.5032896054293964,0.4202676886211647,0.8537770566565075,0.5318750965664137,False,1,0.5318750965664137,697
1159_25.png,00178,"realistic orange juice still life, single tall clear glass, pale creamy orange juice, orange slice on the rim, scattered pale citrus cubes on brown tabletop, realistic food photography",1,"[1, 1, 0, 1, 0, 1]",0.9390130639076233,0.5289422273635864,0.026075400412082672,0.16147879245301122,0.5976035913725017,0.8254281503182871,0.07859507343948806,0.921404926560512,0.9726730119956093,0.8884689943385302,0.8884689943385302,0.5,0.0,0.0,0.8060834752927218,0.27974245964050404,0.5352147850477649,0.4551684278998111,0.8512177183573454,0.29962927065246653,0.49175244285851505,0.5317512730462141,False,1,0.5317512730462141,698
1159_25.png,00684,"realistic orange juice still life, single clear glass, pale creamy orange juice, small orange wedge on the rim, scattered tiny citrus pieces on brown tabletop, realistic food photography",1,"[1, 0, 0, 3, 1, 1]",0.9383809566497803,0.5250229239463806,0.02533123455941677,0.15915789191685334,0.5747531209007418,0.8024020724826388,0.07503152323891149,0.9249684767610885,0.9773304634905172,0.8802859921816719,0.8802859921816719,0.5,0.0,0.0,0.8004764759811059,0.29035388803026685,0.5556791391200753,0.4013158852777648,0.7770441247683437,0.43017101337660923,0.590953965540354,0.5316140406762789,False,1,0.5316140406762789,699
1159_25.png,00305,"photorealistic orange juice still life, clear cylindrical glass, pale creamy orange juice, small orange garnish on the rim, small pale citrus cubes in foreground, warm realistic product photo",1,"[0, 2, 0, 0, 3, 0]",0.9371468424797058,0.527354896068573,0.02723984234035015,0.16504497066057527,0.5747962151258645,0.7966037326388888,0.07257521850896832,0.9274247814910317,0.9926005337190585,0.8815904599531728,0.8815904599531728,0.5,0.0,0.0,0.7895294773250938,0.2840401244484696,0.5037702951234524,0.40141744702013915,0.7583660109301552,0.5201515895044442,0.9161992675657401,0.5314986082279164,False,1,0.5314986082279164,700
1159_25.png,00521,"photorealistic orange juice still life, single clear glass, light creamy orange juice, small orange wedge on the rim, scattered pale citrus cubes on brown tabletop, realistic food photography",1,"[0, 0, 2, 3, 0, 1]",0.9574718475341797,0.5259913802146912,0.029813973233103752,0.1726672326560652,0.5683256864361791,0.7347361246744791,0.0698678707175562,0.9301321292824438,0.9652145574648534,0.8492204128453417,0.8492204128453417,0.5,0.0,0.0,0.9698189581608407,0.28773181383854196,0.43656161216720446,0.38616811451825034,0.5590727208514014,0.6193284998771731,0.3328908750862733,0.5311676278934532,False,1,0.5311676278934532,701
1159_25.png,00804,"orange juice still life, single clear glass, pale creamy orange juice, tiny orange garnish on the rim, scattered tiny citrus pieces on brown tabletop, realistic food photography",1,"[2, 0, 0, 2, 1, 1]",0.9314866065979004,0.512403666973114,0.02496904321014881,0.15801595871983568,0.5869714368857781,0.8175257930049189,0.07718438506115334,0.9228156149388467,0.9711208994489339,0.8850962519705967,0.8850962519705967,0.5,0.0,0.0,0.7393213230932237,0.3245202506333694,0.5657480433693632,0.4301112391050298,0.8257619614568196,0.35130630871375496,0.4586931768259801,0.5308607683621929,False,1,0.5308607683621929,702
1159_25.png,00256,"photorealistic orange juice still life, single clear glass, light creamy orange juice, small orange wedge on the rim, scattered pale citrus cubes on brown tabletop, warm realistic product photo",1,"[0, 0, 2, 3, 0, 0]",0.9435370564460754,0.5149670243263245,0.027645181864500046,0.16626840308519247,0.5983596105348458,0.7688191731770834,0.07191429567066127,0.9280857043293387,0.9605999317172375,0.8629186107884035,0.8629186107884035,0.5,0.0,0.0,0.8462127772966491,0.3175800165929141,0.49298277798049106,0.45695016601384825,0.6688639847371046,0.5443628435243322,0.2346015206462285,0.5306721844651908,False,1,0.5306721844651908,703
1159_25.png,00621,"photorealistic orange juice still life, clear cylindrical glass, pale orange juice, tiny orange garnish on the rim, scattered pale citrus cubes on brown tabletop, realistic food photography",1,"[0, 2, 1, 2, 0, 1]",0.9432076811790466,0.5241416096687317,0.02774488925933838,0.16656797188937128,0.5657079551255166,0.7878598813657408,0.07294288835034576,0.9270571116496542,0.976545088454441,0.8743159533828506,0.8743159533828506,0.5,0.0,0.0,0.8432911103286161,0.29274002718578396,0.4903413541097885,0.3799988110391497,0.7301995609004818,0.5066829250717779,0.5742258472678937,0.5305680944743086,False,1,0.5305680944743086,704
1159_25.png,00960,"photorealistic orange juice still life, single clear glass, pale orange juice, tiny orange garnish on the rim, small pale citrus cubes in foreground, realistic food photography",1,"[0, 0, 1, 2, 3, 1]",0.9518387317657471,0.5342910885810852,0.03131631761789322,0.17696417043541107,0.5300491685926754,0.8246143482349537,0.07457697836555699,0.925423021634443,0.9709093512712321,0.8891563845320307,0.8891563845320307,0.5,0.0,0.0,0.9198513682558717,0.2652605347333652,0.3986737084103332,0.2959604397511915,0.8485962286958452,0.4468221271744229,0.4541873003028374,0.530304366296878,False,1,0.530304366296878,705
1159_25.png,00819,"orange juice still life, single clear glass, light creamy orange juice, small orange garnish on the rim, scattered pale citrus cubes on brown tabletop, soft depth of field",1,"[2, 0, 2, 0, 0, 2]",0.9165475368499756,0.49833258986473083,0.026416370645165443,0.16253113746345788,0.6339392909065138,0.8052616825810185,0.06814461078021415,0.9318553892197858,0.9790290635330633,0.884322956094996,0.884322956094996,0.5,0.0,0.0,0.6068068601544053,0.36261738453909,0.5259358174382092,0.5408021049077114,0.7862557481622262,0.6824558146967956,0.6271333462235956,0.5290833627119226,False,1,0.5290833627119226,706
1159_25.png,00777,"realistic orange juice still life, clear cylindrical glass, light creamy orange juice, orange slice on the rim, scattered pale citrus cubes on brown tabletop, warm realistic product photo",1,"[1, 2, 2, 1, 0, 0]",0.9400147199630737,0.526197612285614,0.024634448811411858,0.15695365179380777,0.6068449701297812,0.7880746346932869,0.07795145309254911,0.9220485469074509,0.971574959590981,0.8716655689477831,0.8716655689477831,0.5,0.0,0.0,0.8149684940038681,0.2871734450114022,0.5751148493694562,0.476947924476388,0.730891342894488,0.3232066912058589,0.46836444394050586,0.5289803417013057,False,1,0.5289803417013057,707
1159_25.png,00517,"photorealistic orange juice still life, single clear glass, light creamy orange juice, orange slice on the rim, small pale citrus cubes in foreground, warm realistic product photo",1,"[0, 0, 2, 1, 3, 0]",0.9410622119903564,0.5199846625328064,0.028050605207681656,0.16748314902604874,0.5686747100436866,0.7671356201171875,0.07309706934465626,0.9269029306553438,0.9877549466740646,0.8671780441169176,0.8671780441169176,0.5,0.0,0.0,0.8242600928631173,0.3039948707529474,0.48227185321042865,0.3869906712670328,0.6634407779998761,0.501034890230297,0.8129905462991124,0.5283790581316248,False,1,0.5283790581316248,708
1159_25.png,00531,"photorealistic orange juice still life, single clear glass, soft pale orange juice, tiny orange garnish on the rim, scattered pale citrus cubes on brown tabletop, realistic food photography",1,"[0, 0, 3, 2, 0, 1]",0.9460928440093994,0.5393493175506592,0.026895741000771523,0.16399921036630488,0.5369179785225752,0.8050706651475693,0.07126489321022039,0.9287351067897796,0.975911326617062,0.8825213520162415,0.8825213520162415,0.5,0.0,0.0,0.8688834537212393,0.2515654902889817,0.5129912025269815,0.31214841627315476,0.785640426283346,0.5681520773343631,0.5607270187015911,0.5281400023478572,False,1,0.5281400023478572,709
1159_25.png,00092,"photorealistic orange juice still life, single clear glass, pale creamy orange juice, orange slice on the rim, orange halves and tiny cubes on a smooth brown surface, realistic food photography",1,"[0, 0, 0, 1, 2, 1]",0.9042961001396179,0.48114049434661865,0.02399393543601036,0.15489975931553399,0.6708607887052493,0.7787164758752892,0.06961655915239703,0.9303834408476029,0.989060176338138,0.8738686537081688,0.8738686537081688,0.5,0.0,0.0,0.4981325863678805,0.4091646076143757,0.5932248813363714,0.6278163541912649,0.700746032266168,0.6285346700827438,0.8407913232405689,0.5276993498012781,False,1,0.5276993498012781,710
1159_25.png,00453,"photorealistic citrus drink still life, single tall clear glass, pale creamy orange juice, small orange garnish on the rim, scattered tiny citrus pieces on brown tabletop, warm realistic product photo",1,"[3, 1, 0, 0, 1, 0]",0.891693115234375,0.45390602946281433,0.02430359087884426,0.15589609000499102,0.6323194533029131,0.8245148835358797,0.06770892975923526,0.9322910702407647,0.9719441798433178,0.8917224081440771,0.8917224081440771,0.5,0.0,0.0,0.3863399644493509,0.4829013263841697,0.5844398155032999,0.5369845741616154,0.848275824403884,0.6984158984753878,0.47622866137290126,0.5275376071126328,False,1,0.5275376071126328,711
1159_25.png,00488,"photorealistic orange juice still life, single clear glass, pale orange juice, small orange garnish on the rim, scattered pale citrus cubes on brown tabletop, natural product photo",1,"[0, 0, 1, 0, 0, 5]",0.944210410118103,0.5324453115463257,0.026988884434103966,0.16428294017975198,0.5376651935379272,0.825551916051794,0.07521669901122607,0.9247833009887739,0.9677315654918649,0.8887188306677511,0.8887188306677511,0.5,0.0,0.0,0.8521856458702771,0.27025793573626655,0.5104894376849327,0.3139094053307677,0.8516164032433652,0.4233875624168546,0.3865019602805995,0.5274352829755745,False,1,0.5274352829755745,712
1159_25.png,00703,"realistic orange juice still life, single clear glass, pale orange juice, paired orange slices on the rim, scattered pale citrus cubes on brown tabletop, warm realistic product photo",1,"[1, 0, 1, 4, 0, 0]",0.9360490441322327,0.5215351581573486,0.02467557042837143,0.15708459640706796,0.5779954742787186,0.8140077944155092,0.08016601252082431,0.9198339874791757,0.9739184620066917,0.8830290955060289,0.8830290955060289,0.5,0.0,0.0,0.7797916448572634,0.2997969377181532,0.5739602557589716,0.4089572585133409,0.8144294801076263,0.24208184916309636,0.5182799413538987,0.5274298299850508,False,1,0.5274298299850508,713
1159_25.png,00044,"photorealistic orange juice still life, single clear glass, pale orange juice, tiny orange garnish on the rim, scattered pale citrus cubes on brown tabletop, warm realistic product photo",1,"[0, 0, 1, 2, 0, 0]",0.9460982084274292,0.5335537195205688,0.024826522916555405,0.15756434532138103,0.5698238643017327,0.747720789026331,0.06767858675581535,0.9323214132441846,0.971880626184741,0.8571629749342617,0.8571629749342617,0.5,0.0,0.0,0.8689310378738132,0.26725694535780065,0.5697301082384916,0.3896989252934527,0.6009000447837815,0.6995274384630307,0.4748749983858121,0.527324139673506,False,1,0.527324139673506,714
1159_25.png,00395,"realistic orange juice still life, clear cylindrical glass, pale creamy orange juice, orange slice on the rim, scattered pale citrus cubes on brown tabletop, realistic food photography",1,"[1, 2, 0, 1, 0, 1]",0.9482295513153076,0.5226880311965942,0.029091525822877884,0.17056238103074747,0.5368306564589336,0.7915225558810765,0.07907251425128418,0.9209274857487159,0.9775747385749461,0.8740247178735242,0.8740247178735242,0.5,0.0,0.0,0.887836750404201,0.29667555914747734,0.45512097232034887,0.31194262116009935,0.741998084856164,0.28213942145393067,0.5961569097588988,0.5265423695990558,False,1,0.5265423695990558,715
1159_25.png,00649,"photorealistic orange juice still life, straight clear glass, pale orange juice, tiny orange garnish on the rim, scattered pale citrus cubes on brown tabletop, warm realistic product photo",1,"[0, 3, 1, 2, 0, 0]",0.946192741394043,0.5267931222915649,0.02536642923951149,0.15926841883911413,0.5623516986145732,0.7500949435763888,0.07127537334643572,0.9287246266535643,0.9709254808297322,0.856781440104069,0.856781440104069,0.5,0.0,0.0,0.8697695763847253,0.28556111467846745,0.5547045768601122,0.37208899810862495,0.6085478767754218,0.5677681637738611,0.4545308523001348,0.5259484617853422,False,1,0.5259484617853422,716
1159_25.png,00749,"realistic orange juice still life, single tall clear glass, light creamy orange juice, small orange garnish on the rim, scattered pale citrus cubes on brown tabletop, soft depth of field",1,"[1, 1, 2, 0, 0, 2]",0.9345560073852539,0.4982786774635315,0.029873039573431015,0.17283818899025474,0.5737348584430563,0.7799546983506943,0.07282494910279645,0.9271750508972035,0.9718052462386918,0.8698519313195721,0.8698519313195721,0.5,0.0,0.0,0.7665479177703547,0.36276335118768765,0.43505421842100356,0.3989161087624099,0.7047347016052977,0.5110033342267191,0.47326944104701135,0.5255579615747843,False,1,0.5255579615747843,717
1159_25.png,00602,"photorealistic orange juice still life, clear cylindrical glass, pale creamy orange juice, small orange garnish on the rim, small pale citrus cubes in foreground, realistic food photography",1,"[0, 2, 0, 0, 3, 1]",0.9390485286712646,0.541413426399231,0.02725137770175934,0.16507991307775557,0.567085896125152,0.827485826280382,0.07388588648989605,0.926114113510104,0.9847114550953121,0.8934508525737708,0.8934508525737708,0.5,0.0,0.0,0.8063980594125155,0.24597696066937125,0.5034621931663975,0.38324625517843947,0.8578460821472914,0.4721385483705332,0.7481656094829813,0.5254984243653311,False,1,0.5254984243653311,718
1159_25.png,00954,"photorealistic orange juice still life, single clear glass, pale orange juice, orange slice on the rim, small pale citrus cubes in foreground, soft depth of field",1,"[0, 0, 1, 1, 3, 2]",0.9244023561477661,0.5064024925231934,0.027049299329519272,0.1644667119192187,0.6103144964763274,0.8228788022641783,0.07491964739649251,0.9250803526035075,0.9729782962624202,0.8886692436825918,0.8886692436825918,0.5,0.0,0.0,0.676481691204228,0.340768299368317,0.5088690451319813,0.485124684586715,0.8430055378969099,0.43426930486012644,0.4982548539199201,0.525150353116058,False,1,0.525150353116058,719
1159_25.png,00045,"photorealistic orange juice still life, single clear glass, light creamy orange juice, small orange garnish on the rim, scattered pale citrus cubes on brown tabletop, realistic food photography",1,"[0, 0, 2, 0, 0, 1]",0.93882155418396,0.5235265493392944,0.026490388438105583,0.16275868160594562,0.5675928107168425,0.7819699887876158,0.06978856356801258,0.9302114364319874,0.9699390626774705,0.8714483102411168,0.8714483102411168,0.5,0.0,0.0,0.8043847210458362,0.29440528959250534,0.5239294652372407,0.3844409194059654,0.7112265294753745,0.622233718810313,0.43352061036581807,0.5239510444961392,False,1,0.5239510444961392,720
1159_25.png,00709,"realistic orange juice still life, single clear glass, light creamy orange juice, orange slice on the rim, scattered tiny citrus pieces on brown tabletop, realistic food photography",1,"[1, 0, 2, 1, 1, 1]",0.9374960660934448,0.5228076577186584,0.025692837312817574,0.16028985405451454,0.571424566305439,0.7979922824435763,0.07710009279395492,0.9228999072060451,0.9747625810610563,0.8770640108339365,0.8770640108339365,0.5,0.0,0.0,0.79262720565765,0.2963516729520814,0.5456981538858281,0.39347135846879244,0.7628389276650898,0.35439414495539684,0.5362592795411603,0.523609106325226,False,1,0.523609106325226,721
1159_25.png,00349,"realistic orange juice still life, single clear glass, pale creamy orange juice, small orange wedge on the rim, scattered pale citrus cubes on brown tabletop, realistic food photography",1,"[1, 0, 0, 3, 0, 1]",0.947758138179779,0.529490053653717,0.026382330805063248,0.16242638580311775,0.5678224911120134,0.7364123309100116,0.0707500802391797,0.9292499197608203,0.9763813906064325,0.8518992989470788,0.8518992989470788,0.5,0.0,0.0,0.8836551608185743,0.2782592319265612,0.5268594567900323,0.3849822156250378,0.5644722613625192,0.5870109620515693,0.5707391602245742,0.5234481104153148,False,1,0.5234481104153148,722
1159_25.png,00283,"photorealistic orange juice still life, single tall clear glass, pale orange juice, small orange garnish on the rim, scattered tiny citrus pieces on brown tabletop, soft depth of field",1,"[0, 1, 1, 0, 1, 2]",0.9172444343566895,0.45783352851867676,0.02800128050148487,0.16733583149309317,0.5897068972694203,0.7294871012369791,0.06727154847446518,0.9327284515255349,0.970694556844292,0.8488630649594363,0.8488630649594363,0.5,0.0,0.0,0.6129885702865517,0.4722677084817677,0.4835708137253213,0.4365579990123614,0.5421641125347254,0.7144382671625407,0.44961228020024824,0.5233422477897779,False,1,0.5233422477897779,723
1159_25.png,00672,"realistic orange juice still life, single clear glass, pale creamy orange juice, small orange garnish on the rim, minimal citrus pieces on brown studio surface, realistic food photography",1,"[1, 0, 0, 0, 4, 1]",0.92928147315979,0.5104871392250061,0.028272680938243866,0.16814482132448763,0.5373892878820798,0.8561627423321759,0.07789504361509017,0.9221049563849099,0.9723570841413084,0.9024813856124594,0.9024813856124594,0.5,0.0,0.0,0.7197610641085426,0.3297092076472,0.47643761086176317,0.31325916834288836,0.9502226445733342,0.32527311123060393,0.4850233283978447,0.5224571692009299,False,1,0.5224571692009299,724
1159_25.png,00699,"realistic orange juice still life, single clear glass, pale orange juice, tiny orange garnish on the rim, scattered tiny citrus pieces on brown tabletop, realistic food photography",1,"[1, 0, 1, 2, 1, 1]",0.9255181550979614,0.49988484382629395,0.02587633579969406,0.16086123149999212,0.5636383844071351,0.809756808810764,0.07512345844284296,0.924876541557157,0.9706708918166214,0.8822315318731729,0.8822315318731729,0.5,0.0,0.0,0.686379194939584,0.3584146908452204,0.5406600791510348,0.3751213777513441,0.8007358375841517,0.42680319727653804,0.44910822625963337,0.5221466823463559,False,1,0.5221466823463559,725
1159_25.png,00113,"photorealistic orange juice still life, single clear glass, light creamy orange juice, orange slice on the rim, scattered pale citrus cubes on brown tabletop, realistic food photography",1,"[0, 0, 2, 1, 0, 1]",0.9343544840812683,0.5085002183914185,0.028050020337104797,0.16748140295896974,0.5457436757253358,0.7922436749493634,0.07513577407845955,0.9248642259215405,0.9793671751557619,0.8760855678309051,0.8760855678309051,0.5,0.0,0.0,0.7647603397719979,0.3350887524023173,0.48228724901666076,0.3329482608701546,0.744321015972882,0.4263520447893697,0.6343349645002,0.521735019202772,False,1,0.521735019202772,726
1159_25.png,00384,"realistic orange juice still life, single tall clear glass, pale orange juice, small orange garnish on the rim, orange halves and tiny cubes on a smooth brown surface, warm realistic product photo",1,"[1, 1, 1, 0, 2, 0]",0.9313650727272034,0.5067436099052429,0.02668076567351818,0.1633424796968571,0.6070382965331236,0.7530545835141783,0.07330930178016751,0.9266906982198325,0.9815266085784039,0.8595216286740025,0.8595216286740025,0.5,0.0,0.0,0.7382432776810234,0.339844731507704,0.5187818724589093,0.47740354390833045,0.6180817249401973,0.49326028613190415,0.6803298790774861,0.5216611457811893,False,1,0.5216611457811893,727
1159_25.png,00545,"photorealistic orange juice still life, single tall clear glass, pale creamy orange juice, small orange garnish on the rim, orange halves and tiny cubes on a smooth brown surface, soft realistic product photo",1,"[0, 1, 0, 0, 2, 3]",0.8919613361358643,0.45271027088165283,0.023476123809814453,0.1532192018312798,0.6680870564111837,0.7537887008101851,0.06537829701058358,0.9346217029894164,0.9823688500206402,0.8627962814150071,0.8627962814150071,0.5,0.0,0.0,0.38871917207804224,0.48613881662280134,0.6080430619782623,0.621279397467642,0.6204465270723418,0.7837927961011661,0.6982692250109734,0.5216106580815787,False,1,0.5216106580815787,728
1159_25.png,00355,"realistic orange juice still life, single clear glass, pale orange juice, small orange garnish on the rim, small pale citrus cubes in foreground, warm realistic product photo",1,"[1, 0, 1, 0, 3, 0]",0.9432785511016846,0.5305604934692383,0.027986524626612663,0.16729173508160128,0.5396395855399345,0.7969982005931713,0.07143250496072572,0.9285674950392743,0.971732288024748,0.8779942711356227,0.8779942711356227,0.5,0.0,0.0,0.8439197498553971,0.2753610395084676,0.48395963029200717,0.31856252744359825,0.7596367052244102,0.5620120403542572,0.4717154654611599,0.5214584197223606,False,1,0.5214584197223606,729
1159_25.png,00623,"photorealistic orange juice still life, clear cylindrical glass, pale orange juice, small orange wedge on the rim, scattered pale citrus cubes on brown tabletop, warm realistic product photo",1,"[0, 2, 1, 3, 0, 0]",0.9385191202163696,0.522252082824707,0.025683101266622543,0.16025948105064655,0.5907767708774702,0.7714623345269097,0.07411933502302048,0.9258806649769795,0.9702670960745645,0.8652697024939651,0.8652697024939651,0.5,0.0,0.0,0.8017020322662851,0.29785587984161044,0.5459659654079984,0.4390794094204716,0.6773783647001851,0.4635867456358527,0.4405075671849705,0.521339994017154,False,1,0.521339994017154,730
1159_25.png,00410,"orange juice still life, single clear glass, pale creamy orange juice, small orange garnish on the rim, small pale citrus cubes in foreground, warm realistic product photo",1,"[2, 0, 0, 0, 3, 0]",0.9487220644950867,0.5163198113441467,0.03070964105427265,0.1752416647212433,0.5580481652329221,0.7309208622685185,0.06961435845493476,0.9303856415450652,0.974233407715116,0.8493960441046293,0.8493960441046293,0.5,0.0,0.0,0.8922055043232846,0.31391737529211483,0.41386176420037635,0.3619467030015205,0.5467826675841878,0.6286152871263555,0.5249881365700929,0.5211889548224088,False,1,0.5211889548224088,731
1159_25.png,00925,"photorealistic orange juice still life, single clear glass, pale creamy orange juice, orange slice on the rim, small pale citrus cubes in foreground, soft realistic product photo",1,"[0, 0, 0, 1, 3, 3]",0.9474020004272461,0.5256462693214417,0.028911275789141655,0.17003316085146936,0.5591071089506678,0.7337505199291088,0.07167373042598026,0.9283262695740198,0.9863310943111193,0.8523681471812297,0.8523681471812297,0.5,0.0,0.0,0.8804961018004785,0.2886661940434957,0.4597873287463281,0.36444235453590473,0.5558978055946957,0.5531753491751428,0.7826631617557122,0.5206883686092504,False,1,0.5206883686092504,732
1159_25.png,00254,"photorealistic orange juice still life, single clear glass, light creamy orange juice, tiny orange garnish on the rim, scattered pale citrus cubes on brown tabletop, realistic food photography",1,"[0, 0, 2, 2, 0, 1]",0.9444504976272583,0.5408926010131836,0.026557771489024162,0.16296555307494945,0.5631152227121126,0.7897485803674767,0.07173267908133554,0.9282673209186645,0.9727789306608567,0.8748362096190685,0.8748362096190685,0.5,0.0,0.0,0.854315301054359,0.24738708402530996,0.5221053926743717,0.3738884233789498,0.7362836014898795,0.5510159127232367,0.4940084605292225,0.5204168190075337,False,1,0.5204168190075337,733
1159_25.png,00323,"photorealistic orange juice still life, straight clear glass, pale creamy orange juice, small orange garnish on the rim, scattered tiny citrus pieces on brown tabletop, realistic food photography",1,"[0, 3, 0, 0, 1, 1]",0.9318143129348755,0.512516975402832,0.026411710307002068,0.1625168000761831,0.5591388898882531,0.8058511239510996,0.0763512053192974,0.9236487946807026,0.9744692586350534,0.8808039356432514,0.8808039356432514,0.5,0.0,0.0,0.7422281861026782,0.32421347053498994,0.5260622361989841,0.36451725383821865,0.7881545076878825,0.38182776326958745,0.5300116500536539,0.5203147455241405,False,1,0.5203147455241405,734
1159_25.png,00217,"photorealistic orange juice still life, single clear glass, pale creamy orange juice, orange slice on the rim, scattered pale citrus cubes on brown tabletop, clean studio product photo",1,"[0, 0, 0, 1, 0, 4]",0.9358862638473511,0.5102553367614746,0.026466062292456627,0.1626839337256652,0.5482766062921794,0.762027316623264,0.07357481448137658,0.9264251855186234,0.9798988329725156,0.8631408740064901,0.8631408740064901,0.5,0.0,0.0,0.7783477301830509,0.33033680775377416,0.5245885486681685,0.3389177113231862,0.646985468937168,0.48353389284982695,0.6456590255291405,0.519921608835484,False,1,0.519921608835484,735
1159_25.png,00347,"realistic orange juice still life, single clear glass, pale creamy orange juice, tiny orange garnish on the rim, scattered tiny citrus pieces on brown tabletop, realistic food photography",1,"[1, 0, 0, 2, 1, 1]",0.935730516910553,0.5236425399780273,0.027286894619464874,0.16518745297226686,0.5504169676682155,0.8115415219907408,0.07259712992865557,0.9274028700713445,0.9720966346816514,0.8842040163571343,0.8842040163571343,0.5,0.0,0.0,0.7769662036199908,0.2940912474718076,0.5025139687837098,0.3439619795526746,0.806484910050136,0.5193489194842306,0.4794758776068097,0.5198694569266974,False,1,0.5198694569266974,736
1159_25.png,00361,"realistic orange juice still life, single clear glass, pale orange juice, small orange wedge on the rim, scattered pale citrus cubes on brown tabletop, warm realistic product photo",1,"[1, 0, 1, 3, 0, 0]",0.9436053037643433,0.5222337245941162,0.026279859244823456,0.16211063890079347,0.5738159143165654,0.7537084508825233,0.07213052803073557,0.9278694719692644,0.9641598579346079,0.8567550896732996,0.8567550896732996,0.5,0.0,0.0,0.8468181534599495,0.2979055843499223,0.5296435297417736,0.39910713611514265,0.6201880190640555,0.5364417122006075,0.3104262719687602,0.5196293621239574,False,1,0.5196293621239574,737
1159_25.png,00607,"photorealistic orange juice still life, clear cylindrical glass, pale creamy orange juice, orange slice on the rim, small pale citrus cubes in foreground, warm realistic product photo",1,"[0, 2, 0, 1, 3, 0]",0.9414080381393433,0.5309915542602539,0.027660759165883064,0.16631524032957132,0.5637795035932902,0.7813748960141783,0.07884406635105293,0.9211559336489471,0.9929108008322538,0.8726054401499626,0.8726054401499626,0.5,0.0,0.0,0.82732768456571,0.27419395183278117,0.49256979433995696,0.37545395851796765,0.7093095651604024,0.290508038518181,0.9228078109076772,0.5191081394906668,False,1,0.5191081394906668,738
1159_25.png,00191,"orange juice still life, single clear glass, pale creamy orange juice, small orange garnish on the rim, scattered tiny citrus pieces on brown tabletop, realistic food photography",1,"[2, 0, 0, 0, 1, 1]",0.9338469505310059,0.5229870676994324,0.025807738304138184,0.16064787052475418,0.5736789391915696,0.807106300636574,0.07566028666786614,0.9243397133321338,0.9716430233351414,0.8810453396197333,0.8810453396197333,0.5,0.0,0.0,0.7602583502257075,0.29586592434812453,0.5425413724139123,0.3987843218095855,0.7921977913949596,0.40713783882958793,0.4698141696257926,0.5190277043655406,False,1,0.5190277043655406,739
1159_25.png,00540,"photorealistic orange juice still life, single clear glass, smooth pale orange smoothie, small orange garnish on the rim, scattered pale citrus cubes on brown tabletop, realistic food photography",1,"[0, 0, 5, 0, 0, 1]",0.9320695400238037,0.5229901075363159,0.026084907352924347,0.16150822688929609,0.5925098716441807,0.7878451877170138,0.07165383072656568,0.9283461692734343,0.975888325478016,0.8746291588139614,0.8746291588139614,0.5,0.0,0.0,0.7444921343395795,0.2958576940561638,0.534955249269877,0.44316387162106063,0.7301522284482599,0.5539043248581111,0.5602371052759157,0.518861096653577,False,1,0.518861096653577,740
1159_25.png,00644,"photorealistic orange juice still life, straight clear glass, pale orange juice, small orange garnish on the rim, scattered pale citrus cubes on brown tabletop, soft depth of field",1,"[0, 3, 1, 0, 0, 2]",0.9151719808578491,0.4655327796936035,0.031797438859939575,0.17831836377653193,0.5363117471532989,0.813540988498264,0.06934760895401217,0.9306523910459878,0.970418609660056,0.8859055036223257,0.8859055036223257,0.5,0.0,0.0,0.5946052260088633,0.451422154106246,0.38673321738828403,0.3107196885498844,0.8129257645101273,0.6383869874704685,0.4437347351767731,0.5188274564463865,False,1,0.5188274564463865,741
1159_25.png,00527,"photorealistic orange juice still life, single clear glass, soft pale orange juice, small orange garnish on the rim, small pale citrus cubes in foreground, warm realistic product photo",1,"[0, 0, 3, 0, 3, 0]",0.9347031712532043,0.5222795009613037,0.026454607024788857,0.16264872278867995,0.560937493438276,0.7943606906467013,0.0736666049113966,0.9263333950886035,0.9773618455939811,0.877151368190823,0.877151368190823,0.5,0.0,0.0,0.7678533096892967,0.2977816458356901,0.5248990182770371,0.3687560888529059,0.7511405300506454,0.48017138017966354,0.5916223895597944,0.5187454797247074,False,1,0.5187454797247074,742
1159_25.png,00200,"orange juice still life, single tall clear glass, pale creamy orange juice, small orange garnish on the rim, scattered pale citrus cubes on brown tabletop, realistic food photography",1,"[2, 1, 0, 0, 0, 1]",0.9367381930351257,0.527952253818512,0.0276454109698534,0.16626909204615692,0.5946196678061726,0.825551916051794,0.07846777345041331,0.9215322265495867,0.9670897709770921,0.887452595711081,0.887452595711081,0.5,0.0,0.0,0.785904622324581,0.282422791389049,0.4929767031225215,0.4481361056885349,0.8516164032433652,0.3042925871450712,0.37283203947006244,0.5187070863700968,False,1,0.5187070863700968,743
1159_25.png,00171,"realistic orange juice still life, single clear glass, light creamy orange juice, small orange garnish on the rim, scattered pale citrus cubes on brown tabletop, realistic food photography",1,"[1, 0, 2, 0, 0, 1]",0.942326545715332,0.5379177331924438,0.026620633900165558,0.16315830932001457,0.5582220831969356,0.8132035997178818,0.07604308121597894,0.9239569187840211,0.9700880198535439,0.8833441454181629,0.8833441454181629,0.5,0.0,0.0,0.835475148911962,0.255441473667665,0.5204057799649051,0.3623565818519953,0.8118389385879631,0.3931151186198787,0.4366933280413573,0.5185110151088895,False,1,0.5185110151088895,744
1159_25.png,00855,"orange juice still life, clear cylindrical glass, pale orange juice, small orange garnish on the rim, scattered pale citrus cubes on brown tabletop, realistic food photography",1,"[2, 2, 1, 0, 0, 1]",0.9485509395599365,0.542445957660675,0.029007956385612488,0.17031722280971026,0.5362322391440932,0.8005489773220485,0.07062663332244684,0.9293733666775532,0.9686252297580213,0.8792527640836696,0.8792527640836696,0.5,0.0,0.0,0.8906875698561796,0.24318140483337614,0.4572826352442364,0.3105323091057792,0.7710747743516361,0.5915331308824259,0.4055365881379145,0.5182900949634618,False,1,0.5182900949634618,745
1159_25.png,00645,"photorealistic orange juice still life, straight clear glass, pale orange juice, small orange garnish on the rim, scattered tiny citrus pieces on brown tabletop, realistic food photography",1,"[0, 3, 1, 0, 1, 1]",0.9234261512756348,0.49956661462783813,0.025711245834827423,0.16034726637778215,0.5746060955108802,0.8022573965567129,0.07657754297780561,0.9234224570221944,0.9749124065744542,0.8791961697231796,0.8791961697231796,0.5,0.0,0.0,0.6678224328614043,0.35927628944871726,0.5451919253365395,0.400969385144044,0.7765780821618548,0.37353644962933513,0.5394504923926333,0.5181099968851726,False,1,0.5181099968851726,746
1159_25.png,00650,"photorealistic orange juice still life, straight clear glass, light creamy orange juice, small orange garnish on the rim, scattered pale citrus cubes on brown tabletop, realistic food photography",1,"[0, 3, 2, 0, 0, 1]",0.9416203498840332,0.5257579684257507,0.027607830241322517,0.16615604184417285,0.5554885618712639,0.7838016086154515,0.07218277537998118,0.9278172246200188,0.9678824306693037,0.8710232386278205,0.8710232386278205,0.5,0.0,0.0,0.8292109595820208,0.2883637711585072,0.4939735141987851,0.3559143917937673,0.7171267016926813,0.5345277613259625,0.3897153174863495,0.5179914447406742,False,1,0.5179914447406742,747
1159_25.png,00875,"photorealistic citrus drink still life, single clear glass, pale orange juice, small orange garnish on the rim, scattered tiny citrus pieces on brown tabletop, realistic food photography",1,"[3, 0, 1, 0, 1, 1]",0.8728339672088623,0.42653948068618774,0.023004448041319847,0.15167217293003962,0.6564804093357881,0.8100975884331597,0.06549331076877254,0.9345066892312275,0.9695124841095611,0.8855237528477637,0.8855237528477637,0.5,0.0,0.0,0.21905311766080535,0.5569956594085712,0.6216838650638981,0.5939255862146412,0.8018335863799047,0.7795795549270126,0.4244346878336529,0.5175340807048047,False,1,0.5175340807048047,748
1159_25.png,00877,"photorealistic citrus drink still life, single clear glass, pale orange juice, orange slice on the rim, scattered pale citrus cubes on brown tabletop, realistic food photography",1,"[3, 0, 1, 1, 0, 1]",0.9184145927429199,0.5139486193656921,0.02539169415831566,0.15934771463160574,0.6217500000608654,0.8084801567925348,0.0695250142708808,0.9304749857291192,0.9774813840774117,0.8849785923773147,0.8849785923773147,0.5,0.0,0.0,0.6233682601013225,0.32033732577803287,0.554005392578532,0.5120751556919809,0.7966233756776734,0.6318881876980366,0.5941685029414063,0.5173055495476893,False,1,0.5173055495476893,749
1159_25.png,00571,"photorealistic orange juice still life, single tall clear glass, pale orange juice, orange slice on the rim, orange halves and tiny cubes on a smooth brown surface, realistic food photography",1,"[0, 1, 1, 1, 2, 1]",0.9260905981063843,0.48421281576156616,0.028614019975066185,0.16915679109945952,0.6220143329748963,0.7060965078848379,0.06682776160873853,0.9331722383912615,0.9763465074112797,0.8396230134673746,0.8396230134673746,0.5,0.0,0.0,0.6914569527320177,0.4008463644944559,0.4675146486482319,0.5126981187743755,0.4668163100348437,0.7306952882761117,0.5699961646015503,0.5166321904140185,False,1,0.5166321904140185,750
1159_25.png,00002,"photorealistic orange juice still life, single clear glass, pale creamy orange juice, small orange garnish on the rim, scattered pale citrus cubes on brown tabletop, realistic food photography",1,"[0, 0, 0, 0, 0, 1]",0.9442653656005859,0.5412319302558899,0.026037581264972687,0.1613616474413071,0.5471868261738628,0.7791629367404513,0.07048507876056467,0.9295149212394354,0.9733607308078585,0.8706256901285772,0.8706256901285772,0.5,0.0,0.0,0.8526731190777557,0.24646835751290908,0.5362477017798566,0.3363493865115446,0.7021842106221302,0.5967186279734048,0.5064005295700249,0.5164774298892851,False,1,0.5164774298892851,751
1159_25.png,00924,"photorealistic orange juice still life, single clear glass, pale creamy orange juice, orange slice on the rim, orange halves and tiny cubes on a smooth brown surface, clean studio product photo",1,"[0, 0, 0, 1, 2, 4]",0.9284107685089111,0.5119887590408325,0.02713455818593502,0.16472570590510463,0.6180590315668971,0.7486673990885416,0.07038233520857484,0.9296176647914252,0.9865176139885852,0.8595700350645595,0.8595700350645595,0.5,0.0,0.0,0.7120376274330041,0.3256436047968724,0.5065853864627723,0.5033765147434844,0.603949346994207,0.6004823808533972,0.7866359430149412,0.5163937673040254,False,1,0.5163937673040254,752
1159_25.png,00249,"photorealistic orange juice still life, single clear glass, light creamy orange juice, small orange garnish on the rim, orange halves and tiny cubes on a smooth brown surface, realistic food photography",1,"[0, 0, 2, 0, 2, 1]",0.9051730632781982,0.4856753349304199,0.025274930521845818,0.15898091244500334,0.6613717379687507,0.7676934136284722,0.06731365635603857,0.9326863436439614,0.9860959702077018,0.8691214504497393,0.8691214504497393,0.5,0.0,0.0,0.5059115378880884,0.39688662579170164,0.5572396413988435,0.6054531599690018,0.6652375907053626,0.7128957503089464,0.7776551291216155,0.5163360742930658,False,1,0.5163360742930658,753
1159_25.png,00666,"photorealistic orange juice still life, single central clear glass, pale creamy orange juice, orange slice on the rim, scattered pale citrus cubes on brown tabletop, warm realistic product photo",1,"[0, 5, 0, 1, 0, 0]",0.9341295957565308,0.5176794528961182,0.02695295959711075,0.164173565463843,0.570752247094969,0.7825226960358797,0.07600554621922485,0.9239944537807752,0.9800795586174411,0.8715491837629054,0.8715491837629054,0.5,0.0,0.0,0.7627655063535418,0.3102361754898355,0.5114538404579292,0.3918868791040369,0.7130069578704765,0.39449011928315797,0.6495083966248724,0.5159275025625304,False,1,0.5159275025625304,754
1159_25.png,00715,"realistic orange juice still life, single clear glass, soft pale orange juice, small orange garnish on the rim, scattered tiny citrus pieces on brown tabletop, realistic food photography",1,"[1, 0, 3, 0, 1, 1]",0.9320244789123535,0.5157475471496582,0.025447942316532135,0.1595241120223903,0.5815712345865897,0.8040330674913195,0.08074364961666922,0.9192563503833308,0.9713447348032888,0.8778235499659173,0.8778235499659173,0.5,0.0,0.0,0.7440924274579594,0.315466768098291,0.5524500227528077,0.41738438410026624,0.782298026964934,0.2209215598702705,0.46346076442325523,0.5158923454015334,False,1,0.5158923454015334,755
1159_25.png,00374,"realistic orange juice still life, single tall clear glass, pale creamy orange juice, small orange garnish on the rim, orange halves and tiny cubes on a smooth brown surface, realistic food photography",1,"[1, 1, 0, 0, 2, 1]",0.936285138130188,0.4997875392436981,0.030096320435404778,0.1734829110760042,0.5994004478452328,0.7165063928674767,0.06917468649021459,0.9308253135097854,0.9763462107498888,0.8434859786687672,0.8434859786687672,0.5,0.0,0.0,0.7818858762833182,0.3586781408771006,0.42936943321135523,0.4594031455133079,0.5003495319548662,0.6447215691403517,0.5699898458536836,0.5158026853888216,False,1,0.5158026853888216,756
1159_25.png,00845,"orange juice still life, single tall clear glass, light creamy orange juice, small orange garnish on the rim, scattered pale citrus cubes on brown tabletop, realistic food photography",1,"[2, 1, 2, 0, 0, 1]",0.9283748865127563,0.5094555616378784,0.026158293709158897,0.16173525808913436,0.6238978739658242,0.7947545934606483,0.07911175497345102,0.920888245026549,0.9671669611894926,0.8733838450544824,0.8733838450544824,0.5,0.0,0.0,0.7117193423235659,0.3325021814308152,0.5329534198995227,0.5171371289741732,0.7524094038659692,0.2807019358092527,0.3744761546293153,0.5157074921370274,False,1,0.5157074921370274,757
1159_25.png,00228,"photorealistic orange juice still life, single clear glass, pale creamy orange juice, small orange wedge on the rim, orange halves and tiny cubes on a smooth brown surface, warm realistic product photo",1,"[0, 0, 0, 3, 2, 0]",0.9303522706031799,0.5306730270385742,0.02550807222723961,0.15971246735067243,0.6370186931775407,0.7835043447989004,0.07239227537747699,0.927607724622523,0.9763128478201127,0.8725022283414109,0.8725022283414109,0.5,0.0,0.0,0.7292593896750849,0.27505635732764677,0.5507892147736115,0.5480594452874576,0.7161691297746607,0.5268532532555066,0.5692792311669752,0.5153674000907429,False,1,0.5153674000907429,758
1159_25.png,00423,"orange juice still life, single clear glass, light creamy orange juice, small orange garnish on the rim, scattered pale citrus cubes on brown tabletop, realistic food photography",1,"[2, 0, 2, 0, 0, 1]",0.9406837224960327,0.5306169986724854,0.02773827314376831,0.16654811059801403,0.5514144548495631,0.7952140525535301,0.07242435022607628,0.9275756497739237,0.9698289735767209,0.876463595785306,0.876463595785306,0.5,0.0,0.0,0.8209027665426306,0.2752080529049622,0.4905164794511532,0.34631279421160494,0.7538894532373575,0.5256782714541852,0.4311757643836375,0.5152967299306702,False,1,0.5152967299306702,759
1159_25.png,00459,"warm orange juice still life, single clear glass, pale creamy orange juice, orange slice on the rim, scattered pale citrus cubes on brown tabletop, warm realistic product photo",1,"[4, 0, 0, 1, 0, 0]",0.929945707321167,0.5035091638565063,0.028043504804372787,0.16746195031819255,0.573591992674867,0.7751351815682871,0.0801589865756483,0.9198410134243518,0.9894635316794947,0.8686478927401512,0.8686478927401512,0.5,0.0,0.0,0.7256530396227951,0.348601923532196,0.48245877111435687,0.39857941176178796,0.6892096572766364,0.24233922708004663,0.8493826019877951,0.5145715638679873,False,1,0.5145715638679873,760
1159_25.png,00560,"photorealistic orange juice still life, single tall clear glass, pale creamy orange juice, small orange wedge on the rim, orange halves and tiny cubes on a smooth brown surface, warm realistic product photo",1,"[0, 1, 0, 3, 2, 0]",0.9352723956108093,0.514899492263794,0.02824968285858631,0.16807641969826198,0.5829011293751909,0.7756149857132524,0.07583433337041283,0.9241656666295872,0.9761493672166116,0.8677146003346414,0.8677146003346414,0.5,0.0,0.0,0.7729025169901861,0.3177628581770613,0.4770407367072682,0.4205185959701923,0.6907552438895626,0.40076207348688286,0.5657971713293174,0.5144016616198785,False,1,0.5144016616198785,761
1159_25.png,00504,"photorealistic orange juice still life, single clear glass, pale orange juice, small orange wedge on the rim, scattered tiny citrus pieces on brown tabletop, realistic food photography",1,"[0, 0, 1, 3, 1, 1]",0.9376699328422546,0.5282552242279053,0.025256915017962456,0.1589242430152255,0.5689862330980666,0.7799874764901619,0.0764127279677361,0.9235872720322639,0.9740308127788998,0.8690560721876452,0.8690560721876452,0.5,0.0,0.0,0.7941694609138483,0.28160250562362943,0.5577393195444522,0.3877248490855806,0.7048402893833303,0.3795740350232737,0.520672959872654,0.5132499584482596,False,1,0.5132499584482596,762
1159_25.png,00907,"warm orange juice still life, single clear glass, pale orange juice, orange slice on the rim, scattered pale citrus cubes on brown tabletop, warm realistic product photo",1,"[4, 0, 1, 1, 0, 0]",0.9289326071739197,0.5160399079322815,0.025932157412171364,0.16103464662044428,0.5852551487830673,0.7837931315104166,0.07662353430543334,0.9233764656945667,0.9825866902361147,0.8724060102200087,0.8724060102200087,0.5,0.0,0.0,0.7166665080528247,0.3146752076655971,0.5391310052544427,0.4260663999268967,0.7170993945087071,0.3718516724490532,0.7029091189744492,0.5132440022057464,False,1,0.5132440022057464,763
1159_25.png,00266,"photorealistic orange juice still life, single clear glass, smooth pale orange smoothie, small orange garnish on the rim, scattered pale citrus cubes on brown tabletop, warm realistic product photo",1,"[0, 0, 5, 0, 0, 0]",0.9240579605102539,0.5154635906219482,0.023965707048773766,0.15480861425894157,0.6112738970591515,0.7713566532841435,0.07187639266199049,0.9281236073380095,0.9772439083210331,0.8674025382103746,0.8674025382103746,0.5,0.0,0.0,0.6734267886089883,0.3162355741943875,0.5940285455524759,0.48738573916071165,0.6770379351399763,0.5457513253831181,0.5891103812071208,0.5132237051297162,False,1,0.5132237051297162,764
1159_25.png,00558,"photorealistic orange juice still life, single tall clear glass, pale creamy orange juice, small orange wedge on the rim, scattered pale citrus cubes on brown tabletop, soft depth of field",1,"[0, 1, 0, 3, 0, 2]",0.9408507347106934,0.5267625451087952,0.030391322448849678,0.17433107138100676,0.5387544568317382,0.7975904676649307,0.07209773149438377,0.9279022685056162,0.9744804639372477,0.878577597213634,0.878577597213634,0.5,0.0,0.0,0.8223842198260958,0.285643901732896,0.4218908478427703,0.3164765121231238,0.7615445671447247,0.5376431312264955,0.530250317711493,0.5131714651291204,False,1,0.5131714651291204,765
1159_25.png,00963,"photorealistic orange juice still life, single clear glass, pale orange juice, small orange wedge on the rim, scattered tiny citrus pieces on brown tabletop, soft depth of field",1,"[0, 0, 1, 3, 1, 2]",0.9256716966629028,0.4922442138195038,0.028691507875919342,0.16938567789491338,0.5810946849723388,0.7712809244791666,0.0724030071616104,0.9275969928383896,0.9702217157426591,0.8657797066575931,0.8657797066575931,0.5,0.0,0.0,0.6877411591288082,0.37910152968851896,0.4654964577125711,0.4162612821297979,0.6767939909631423,0.5264601212033482,0.4395409874943946,0.513032231354504,False,1,0.513032231354504,766
1159_25.png,00464,"photorealistic orange juice still life, single clear glass, pale creamy orange juice, small orange garnish on the rim, orange halves and tiny cubes on a smooth brown surface, clean studio product photo",1,"[0, 0, 0, 0, 2, 4]",0.9263732433319092,0.5306981801986694,0.026073632761836052,0.16147331904013137,0.6439781575445612,0.7818281385633682,0.07269068025223066,0.9273093197477693,0.9884808123496077,0.8740770867351564,0.8740770867351564,0.5,0.0,0.0,0.6939641088598519,0.2749882556961286,0.5352630464262308,0.564461070449389,0.7107695892635437,0.5159219375183434,0.8284511432275151,0.5126580129818525,False,1,0.5126580129818525,767
1159_25.png,00184,"realistic orange juice still life, single tall clear glass, light creamy orange juice, small orange garnish on the rim, scattered pale citrus cubes on brown tabletop, warm realistic product photo",1,"[1, 1, 2, 0, 0, 0]",0.9052082300186157,0.4934130311012268,0.024281606078147888,0.1558255629803656,0.6569271265988631,0.8240678575303818,0.07662467986074221,0.9233753201392578,0.9753544558126939,0.8890827890999509,0.8890827890999509,0.5,0.0,0.0,0.5062234784438502,0.3759369824296177,0.5850616818784917,0.5949783811879211,0.8468358255689901,0.37180970789741646,0.5488659329144862,0.5126575209776877,False,1,0.5126575209776877,768
1159_25.png,00551,"photorealistic orange juice still life, single tall clear glass, pale creamy orange juice, orange slice on the rim, orange halves and tiny cubes on a smooth brown surface, soft depth of field",1,"[0, 1, 0, 1, 2, 2]",0.9375152587890625,0.49025028944015503,0.03041759692132473,0.1744064130739599,0.6027167470443031,0.6704327618634259,0.07252441926074076,0.9274755807392593,0.9886501340195054,0.8240412229011835,0.8240412229011835,0.5,0.0,0.0,0.7927974511813031,0.38450003639080077,0.4212265285162933,0.46721878958007257,0.35193316657746315,0.522012492822611,0.8320576150276503,0.5126182706374046,False,1,0.5126182706374046,769
1159_25.png,00656,"photorealistic orange juice still life, single minimalist clear glass, pale creamy orange juice, small orange garnish on the rim, orange halves and tiny cubes on a smooth brown surface, warm realistic product photo",1,"[0, 4, 0, 0, 2, 0]",0.9203152656555176,0.5297244787216187,0.025127919390797615,0.15851788350466206,0.6485878579068739,0.7949540879991318,0.06835269554747797,0.931647304452522,0.9836437440221639,0.8805346449624248,0.8805346449624248,0.5,0.0,0.0,0.6402278540710358,0.27762453117594255,0.5613223618917075,0.5753249205194828,0.7530520329288223,0.6748331500438387,0.725423866631475,0.5125087577618181,False,1,0.5125087577618181,770
1159_25.png,00611,"photorealistic orange juice still life, clear cylindrical glass, pale creamy orange juice, small orange wedge on the rim, scattered pale citrus cubes on brown tabletop, realistic food photography",1,"[0, 2, 0, 3, 0, 1]",0.9387089014053345,0.5282224416732788,0.027262678369879723,0.16511413740161598,0.5819071671676839,0.7801485414858217,0.07552323426617558,0.9244767657338244,0.9732582982878993,0.8692853713330383,0.8692853713330383,0.5,0.0,0.0,0.8033854538417858,0.2816912636741863,0.5031604229395163,0.41817608874651707,0.7053591258788359,0.41215841054998215,0.5042187651516102,0.5123445507176247,False,1,0.5123445507176247,771
1159_25.png,00745,"realistic orange juice still life, single tall clear glass, pale orange juice, orange slice on the rim, orange halves and tiny cubes on a smooth brown surface, warm realistic product photo",1,"[1, 1, 1, 1, 2, 0]",0.908759355545044,0.4881852865219116,0.025198200717568398,0.1587394113557449,0.6370704277442782,0.7756302445023149,0.068764457076655,0.931235542923345,0.9756812722462129,0.870102304498455,0.870102304498455,0.5,0.0,0.0,0.5377231300221108,0.39009098668451725,0.5593690578569976,0.5481813700401104,0.6908043968207157,0.6597492969815678,0.5558269689828135,0.5118036428252355,False,1,0.5118036428252355,772
1159_25.png,00769,"realistic orange juice still life, clear cylindrical glass, pale orange juice, small orange garnish on the rim, scattered pale citrus cubes on brown tabletop, soft depth of field",1,"[1, 2, 1, 0, 0, 2]",0.9348700046539307,0.5212998390197754,0.02862679213285446,0.16919453931157016,0.5848116528288677,0.7857502124927662,0.07088119938311002,0.92911880061689,0.9664454949733617,0.8720682748323286,0.8720682748323286,0.5,0.0,0.0,0.7693331768343427,0.300434059142878,0.46718180681972876,0.42502119673050065,0.7234037130488288,0.5822077403794329,0.3591092641137751,0.5114231011612793,False,1,0.5114231011612793,773
1159_25.png,00011,"photorealistic orange juice still life, single clear glass, pale creamy orange juice, orange slice on the rim, scattered pale citrus cubes on brown tabletop, realistic food photography",1,"[0, 0, 0, 1, 0, 1]",0.9358689785003662,0.5151160359382629,0.028338870033621788,0.1683415279532112,0.5295873128111815,0.7819038673683449,0.07482453374315921,0.9251754662568408,0.9797673653412831,0.8716216265739061,0.8716216265739061,0.5,0.0,0.0,0.778194403469202,0.31717657090856455,0.47470316596166695,0.29487196727580534,0.7110135334403774,0.4377535554989906,0.6428588269192573,0.5114038347322308,False,1,0.5114038347322308,774
1159_25.png,00849,"orange juice still life, clear cylindrical glass, pale creamy orange juice, small orange garnish on the rim, scattered pale citrus cubes on brown tabletop, soft depth of field",1,"[2, 2, 0, 0, 0, 2]",0.9457828402519226,0.5567349791526794,0.0292164608836174,0.17092823313782132,0.5556054194090646,0.8100439001012733,0.07005448818805922,0.9299455118119407,0.9761224992418636,0.885225184028125,0.885225184028125,0.5,0.0,0.0,0.8661336184152786,0.2044941912697259,0.45189510074997374,0.3561897942430471,0.8016606408814032,0.6124922359125733,0.5652248961248848,0.5105296223163793,False,1,0.5105296223163793,775
1159_25.png,00682,"realistic orange juice still life, single clear glass, pale creamy orange juice, tiny orange garnish on the rim, small pale citrus cubes in foreground, warm realistic product photo",1,"[1, 0, 0, 2, 3, 0]",0.944837212562561,0.535472571849823,0.02815980650484562,0.1678088391737623,0.5721602217901642,0.7553055374710649,0.0730479940287916,0.9269520059712084,0.9761373679436863,0.8595481675406395,0.8595481675406395,0.5,0.0,0.0,0.8577455897421257,0.26206169459129414,0.47940010649106823,0.3952051047562165,0.6253326925247494,0.502832641601014,0.5655415924689549,0.510042505188902,False,1,0.510042505188902,776
1159_25.png,00673,"realistic orange juice still life, single clear glass, pale creamy orange juice, small orange garnish on the rim, diced citrus pieces on warm brown tabletop, warm realistic product photo",1,"[1, 0, 0, 0, 5, 0]",0.9432012438774109,0.5350993871688843,0.026080338284373283,0.16149408126731235,0.5485319908728586,0.7800739429615162,0.07186138980481185,0.9281386101951882,0.9594561242602101,0.8677730127530402,0.8677730127530402,0.5,0.0,0.0,0.8432340093455276,0.26307208396317927,0.5350799771555999,0.3395195855398697,0.7051188226598653,0.5463009175066225,0.21023896066766257,0.5096590809044667,False,1,0.5096590809044667,777
1159_25.png,00152,"photorealistic orange juice still life, straight clear glass, pale creamy orange juice, orange slice on the rim, scattered pale citrus cubes on brown tabletop, warm realistic product photo",1,"[0, 3, 0, 1, 0, 0]",0.9355067014694214,0.5103740096092224,0.02901434525847435,0.17033597758099828,0.5514245333520048,0.7589156539351851,0.07319360075154371,0.9268063992484563,0.9779885030550068,0.8614919846187944,0.8614919846187944,0.5,0.0,0.0,0.7749808870320495,0.33001550361075815,0.4571172665547111,0.3463365465883002,0.6369619119397928,0.49749870373833566,0.6049698982566978,0.5095962733015241,False,1,0.5095962733015241,778
1159_25.png,00166,"realistic orange juice still life, single clear glass, pale orange juice, small orange garnish on the rim, scattered tiny citrus pieces on brown tabletop, realistic food photography",1,"[1, 0, 1, 0, 1, 1]",0.9229567050933838,0.501004695892334,0.027023103088140488,0.16438705267794204,0.5578600346500683,0.8090294731987848,0.07583906448380445,0.9241609355161955,0.9705426558651453,0.8816281215431506,0.8816281215431506,0.5,0.0,0.0,0.663658290798388,0.35538271583819636,0.5095714340940329,0.36150332875046653,0.798392881199186,0.400588760988835,0.44637686090609485,0.5091431908033075,False,1,0.5091431908033075,779
1159_25.png,00586,"photorealistic orange juice still life, single tall clear glass, light creamy orange juice, tiny orange garnish on the rim, scattered pale citrus cubes on brown tabletop, realistic food photography",1,"[0, 1, 2, 2, 0, 1]",0.9366475343704224,0.5208815336227417,0.02858082950115204,0.16905865698375827,0.6033260657417484,0.778291490342882,0.0771173734536111,0.9228826265463889,0.9690067620546478,0.8670414423564626,0.8670414423564626,0.5,0.0,0.0,0.7851004501460833,0.30156661186798417,0.468379938331696,0.4686547933229773,0.6993770321096076,0.35376111123902554,0.4136630463133822,0.5090226485667523,False,1,0.5090226485667523,780
1159_25.png,00467,"photorealistic orange juice still life, single clear glass, pale creamy orange juice, small orange garnish on the rim, diced citrus pieces on warm brown tabletop, realistic food photography",1,"[0, 0, 0, 0, 5, 1]",0.9405452609062195,0.5198125839233398,0.027666471898555756,0.1663324138541726,0.5362121272714786,0.7942109284577547,0.07656924512403529,0.9234307548759647,0.9580449568518986,0.8722046733829569,0.8722046733829569,0.5,0.0,0.0,0.8196745666934195,0.3044607698292343,0.4924183681660925,0.3104849107172634,0.7506581031337723,0.37384042073429463,0.18018175968198677,0.5088915578450754,False,1,0.5088915578450754,781
1159_25.png,00775,"realistic orange juice still life, clear cylindrical glass, light creamy orange juice, small orange garnish on the rim, scattered pale citrus cubes on brown tabletop, realistic food photography",1,"[1, 2, 2, 0, 0, 1]",0.9452001452445984,0.5490585565567017,0.02808012254536152,0.16757124617714556,0.5863989120159547,0.7886182996961805,0.0742765628112617,0.9257234371887383,0.9716718990355847,0.8732158176864566,0.8732158176864566,0.5,0.0,0.0,0.8609649220201482,0.22527793776640526,0.4814950636562363,0.42876194872641593,0.7326426436266849,0.4578270991242497,0.4704292084416797,0.5087647290912272,False,1,0.5087647290912272,782
1159_25.png,00065,"realistic orange juice still life, single clear glass, pale creamy orange juice, small orange garnish on the rim, scattered tiny citrus pieces on brown tabletop, realistic food photography",1,"[1, 0, 0, 0, 1, 1]",0.9331998825073242,0.5244277715682983,0.02760157361626625,0.16613721321927322,0.548284841932492,0.8064467818648726,0.07357393156865971,0.9264260684313403,0.9719969353241413,0.8815495628549901,0.8815495628549901,0.5,0.0,0.0,0.7545186439996913,0.291965250093559,0.4941395340865993,0.3389371205590487,0.7900732924817857,0.4835662361474529,0.4773523282609465,0.5086208791602607,False,1,0.5086208791602607,783
1159_25.png,00444,"photorealistic citrus drink still life, single clear glass, pale creamy orange juice, small orange garnish on the rim, orange halves and tiny cubes on a smooth brown surface, warm realistic product photo",1,"[3, 0, 0, 0, 2, 0]",0.9009240865707397,0.4954908490180969,0.025401141494512558,0.1593773556516501,0.625299891658971,0.8233156557436342,0.06825088338577161,0.9317491166142284,0.9830190385449864,0.8932080436086127,0.8932080436086127,0.5,0.0,0.0,0.46822171677277935,0.3703113358070471,0.5537440352649367,0.5204413155409384,0.8444127681110343,0.6785627837718898,0.7121179342709447,0.5082876811111273,False,1,0.5082876811111273,784
1159_25.png,00539,"photorealistic orange juice still life, single clear glass, muted orange juice, tiny orange garnish on the rim, scattered pale citrus cubes on brown tabletop, warm realistic product photo",1,"[0, 0, 4, 2, 0, 0]",0.9466173648834229,0.5420682430267334,0.025610949844121933,0.16003421460463363,0.5459467100480948,0.7459004720052084,0.07056047831727431,0.9294395216827257,0.9712767206991487,0.8552143891311275,0.8552143891311275,0.5,0.0,0.0,0.8735361264173469,0.2442040589540655,0.5479522342032355,0.33342675931217275,0.5950362821451067,0.5939565539237918,0.4620120960470179,0.5077488805729373,False,1,0.5077488805729373,785
1159_25.png,00768,"realistic orange juice still life, clear cylindrical glass, pale creamy orange juice, small orange wedge on the rim, scattered pale citrus cubes on brown tabletop, warm realistic product photo",1,"[1, 2, 0, 3, 0, 0]",0.9332291483879089,0.5233630537986755,0.026186548173427582,0.16182258239636266,0.6117167762958402,0.7629004584418402,0.07330319089356814,0.9266968091064318,0.9685313647921849,0.8613553624445162,0.8613553624445162,0.5,0.0,0.0,0.7547782419876218,0.29484795019737364,0.5321834448340692,0.4884294889163097,0.6497981088864854,0.49348414316810724,0.40353730858607567,0.5075974531120379,False,1,0.5075974531120379,786
1159_25.png,00889,"photorealistic citrus drink still life, single tall clear glass, pale creamy orange juice, tiny orange garnish on the rim, scattered pale citrus cubes on brown tabletop, warm realistic product photo",1,"[3, 1, 0, 2, 0, 0]",0.8877130746841431,0.48148927092552185,0.023686595261096954,0.15390450045757906,0.6377033681498666,0.8336594193070024,0.06639014076735045,0.9336098592326496,0.9826058061565717,0.8984313506508927,0.8984313506508927,0.5,0.0,0.0,0.3510356955164097,0.40822030264558695,0.6020004963812582,0.54967304392977,0.8777329939960605,0.7467264325204009,0.7033162790745324,0.5072286408642256,False,1,0.5072286408642256,787
1159_25.png,00412,"orange juice still life, single clear glass, pale creamy orange juice, orange slice on the rim, scattered tiny citrus pieces on brown tabletop, realistic food photography",1,"[2, 0, 0, 1, 1, 1]",0.9361421465873718,0.522926926612854,0.028268320485949516,0.16813185446532586,0.5352820131081605,0.813131261754919,0.07791989044999664,0.9220801095500033,0.9693053423511457,0.8824981746024438,0.8824981746024438,0.5,0.0,0.0,0.7806174942608225,0.2960287550263281,0.47655194510097687,0.3082928765232471,0.8116059172847192,0.3243629096206039,0.42002266596541266,0.5065422953466137,False,1,0.5065422953466137,788
1159_25.png,00235,"photorealistic orange juice still life, single clear glass, pale orange juice, small orange garnish on the rim, small pale citrus cubes in foreground, realistic food photography",1,"[0, 0, 1, 0, 3, 1]",0.9464473724365234,0.5367672443389893,0.03202998638153076,0.17896923305845272,0.5205737045316525,0.8117805763527199,0.07609139678202866,0.9239086032179713,0.9727130196065293,0.8832118744063198,0.8832118744063198,0.5,0.0,0.0,0.872028237493563,0.2585563971073913,0.38099422977011266,0.2736292657458013,0.8072549726382016,0.391345198782122,0.4926045861232318,0.5059995534156952,False,1,0.5059995534156952,789
1159_25.png,00119,"photorealistic orange juice still life, single clear glass, muted orange juice, small orange garnish on the rim, scattered pale citrus cubes on brown tabletop, warm realistic product photo",1,"[0, 0, 4, 0, 0, 0]",0.9460908770561218,0.5433568358421326,0.02556784451007843,0.1598994825197331,0.544822783697538,0.7478982430917246,0.07027664528714282,0.9297233547128572,0.9701642910343286,0.8559902417476417,0.8559902417476417,0.5,0.0,0.0,0.868866006198629,0.24071522205408402,0.5491402235407146,0.33077796082147193,0.6014716751683034,0.6043540666037144,0.43831786826015606,0.5057333449118806,False,1,0.5057333449118806,790
1159_25.png,00468,"photorealistic orange juice still life, single clear glass, pale creamy orange juice, orange slice on the rim, scattered pale citrus cubes on brown tabletop, natural product photo",1,"[0, 0, 0, 1, 0, 5]",0.934617817401886,0.516965925693512,0.027286076918244362,0.16518497788311248,0.5566881470119399,0.7623765733506945,0.0771253436568176,0.9228746563431824,0.9808609840332224,0.8622477845345708,0.8622477845345708,0.5,0.0,0.0,0.7670961929505664,0.31216803480477506,0.5025357926835394,0.358741498132644,0.6481105249168952,0.35346914279242886,0.6661523898457458,0.5050547561370938,False,1,0.5050547561370938,791
1159_25.png,00471,"photorealistic orange juice still life, single clear glass, pale creamy orange juice, orange slice on the rim, small pale citrus cubes in foreground, soft depth of field",1,"[0, 0, 0, 1, 3, 2]",0.9304842352867126,0.5163494944572449,0.029372211545705795,0.17138323005972841,0.6110752193943362,0.7590105975115741,0.06955967654233072,0.9304403234576692,0.971839115076727,0.8615767051057379,0.8615767051057379,0.5,0.0,0.0,0.730429959828401,0.31383700891179245,0.44788320193455433,0.4869175082144063,0.6372677524003013,0.6306184221363988,0.473990831341303,0.5042047901683758,False,1,0.5042047901683758,792
1159_25.png,00394,"realistic orange juice still life, clear cylindrical glass, pale creamy orange juice, small orange garnish on the rim, orange halves and tiny cubes on a smooth brown surface, warm realistic product photo",1,"[1, 2, 0, 0, 2, 0]",0.8634041547775269,0.44639110565185547,0.02047654800117016,0.14309628926415302,0.7093950956599838,0.8187493218315973,0.06834776643551331,0.9316522335644867,0.9819953238464835,0.8909145413410858,0.8909145413410858,0.5,0.0,0.0,0.1354075794153071,0.503247818448151,0.6973010305078668,0.7186315700204305,0.8297032983437284,0.6750137157240558,0.6903132934723661,0.5034621019921202,False,1,0.5034621019921202,793
1159_25.png,00093,"photorealistic orange juice still life, single clear glass, pale creamy orange juice, orange slice on the rim, small pale citrus cubes in foreground, warm realistic product photo",1,"[0, 0, 0, 1, 3, 0]",0.9419124126434326,0.5298336744308472,0.028933057561516762,0.17009720033415235,0.5570537566426759,0.7350656014901621,0.07139891169380444,0.9286010883061956,0.983952694074999,0.8525804403927411,0.8525804403927411,0.5,0.0,0.0,0.8318016523332625,0.2773288861784511,0.4592226657511608,0.35960314377125663,0.5601340600685228,0.5632426456104976,0.7320043572082161,0.503369707248287,False,1,0.503369707248287,794
1159_25.png,00818,"orange juice still life, single clear glass, pale orange juice, small orange wedge on the rim, scattered pale citrus cubes on brown tabletop, warm realistic product photo",1,"[2, 0, 1, 3, 0, 0]",0.9333465099334717,0.5154221653938293,0.0278090238571167,0.16676037855892717,0.5976067813709101,0.7488550256799767,0.07379299947960032,0.9262070005203997,0.9709803409234001,0.8553532799228095,0.8553532799228095,0.5,0.0,0.0,0.7558192775033759,0.31634773209463674,0.4886448237542981,0.45517594588616767,0.6045537459994971,0.4755412315145734,0.455699346450268,0.503130536625353,False,1,0.503130536625353,795
1159_25.png,00180,"realistic orange juice still life, single tall clear glass, pale creamy orange juice, tiny orange garnish on the rim, scattered pale citrus cubes on brown tabletop, warm realistic product photo",1,"[1, 1, 0, 2, 0, 0]",0.9001426696777344,0.4939385950565338,0.024111784994602203,0.15527969923529025,0.6573068523460525,0.8187741880063658,0.07717284589053612,0.9228271541094639,0.9803605769634818,0.8875100039338732,0.8875100039338732,0.5,0.0,0.0,0.46129029188119186,0.3745140295009167,0.5898747916091447,0.5958732947963947,0.8297833994167186,0.3517290173490151,0.655493955005726,0.5019104494415755,False,1,0.5019104494415755,796
1159_25.png,00683,"realistic orange juice still life, single clear glass, pale creamy orange juice, small orange wedge on the rim, scattered pale citrus cubes on brown tabletop, soft depth of field",1,"[1, 0, 0, 3, 0, 2]",0.9337241649627686,0.5160568356513977,0.03335710987448692,0.18263928896731646,0.5124645233178152,0.8212896276403355,0.0716288906313125,0.9283711093686875,0.9706556298681173,0.8886413466908151,0.8886413466908151,0.5,0.0,0.0,0.7591692018445733,0.31462937623585496,0.3486338065576233,0.25451806068384114,0.8378863511412576,0.5548179428274989,0.44878315394651247,0.5014589520161195,False,1,0.5014589520161195,797
1159_25.png,00670,"realistic orange juice still life, single clear glass, pale creamy orange juice, small orange garnish on the rim, orange halves and tiny cubes on a smooth brown surface, soft realistic product photo",1,"[1, 0, 0, 0, 2, 3]",0.8874942064285278,0.4885292649269104,0.022898264229297638,0.15132172424770224,0.685277552210743,0.8198400426793983,0.0699275392763444,0.9300724607236556,0.9822358132224531,0.8909005431034993,0.8909005431034993,0.5,0.0,0.0,0.34909426209139754,0.38915967266676466,0.6247739181737997,0.6617928699969705,0.8332168226817113,0.6171426915647783,0.6954356038842036,0.5008221419644208,False,1,0.5008221419644208,798
1159_25.png,00365,"realistic orange juice still life, single clear glass, light creamy orange juice, orange slice on the rim, scattered pale citrus cubes on brown tabletop, realistic food photography",1,"[1, 0, 2, 1, 0, 1]",0.9378595352172852,0.5240669250488281,0.028182638809084892,0.1678768560853011,0.5165167766692019,0.8007004349320024,0.08121983525265551,0.9187801647473445,0.9760870263389579,0.8771056586487632,0.8771056586487632,0.5,0.0,0.0,0.79585129635093,0.29294223416278,0.47880037283641574,0.26406815491890634,0.7715626627053046,0.20347769089606704,0.564469340004541,0.5006642328808312,False,1,0.5006642328808312,799
1159_25.png,00995,"photorealistic orange juice still life, single clear glass, soft pale orange juice, small orange garnish on the rim, small pale citrus cubes in foreground, realistic food photography",1,"[0, 0, 3, 0, 3, 1]",0.9419271945953369,0.532928466796875,0.03141607716679573,0.17724581001195974,0.5208693399986517,0.8070684362340855,0.0747500370631158,0.9252499629368842,0.9707822145375862,0.8811747262407651,0.8811747262407651,0.5,0.0,0.0,0.8319327731092437,0.2689498034493315,0.39619037406425694,0.2743260007039212,0.7920758193065426,0.44048255492166205,0.4514793477712302,0.5005068284098833,False,1,0.5005068284098833,800
1159_25.png,00612,"photorealistic orange juice still life, clear cylindrical glass, pale creamy orange juice, small orange wedge on the rim, scattered tiny citrus pieces on brown tabletop, warm realistic product photo",1,"[0, 2, 0, 3, 1, 0]",0.9144778251647949,0.5175346732139587,0.024271925911307335,0.15579449897639946,0.6521051677365409,0.7771719473379629,0.07149141151941699,0.928508588480583,0.9785447592231296,0.8704143341149132,0.8704143341149132,0.5,0.0,0.0,0.5884478366658101,0.3106281633167496,0.585335586238529,0.5836142937186551,0.6957706633461128,0.5598541460082787,0.6168178925813341,0.5002586940259031,False,1,0.5002586940259031,801
1159_25.png,00140,"photorealistic orange juice still life, clear cylindrical glass, pale creamy orange juice, small orange garnish on the rim, scattered pale citrus cubes on brown tabletop, soft depth of field",1,"[0, 2, 0, 0, 0, 2]",0.899059534072876,0.4928361177444458,0.023775270208716393,0.15419231566039987,0.6705161765503053,0.7903945357711227,0.07016751786165543,0.9298324821383446,0.97502659310109,0.8761242284656438,0.8761242284656438,0.5,0.0,0.0,0.4516825227637299,0.3774989627411456,0.5994627089465285,0.6270041940746871,0.7383644089086957,0.6083516767116962,0.5418826116158612,0.5001103923632905,False,1,0.5001103923632905,802
1159_25.png,00936,"photorealistic orange juice still life, single clear glass, pale creamy orange juice, small orange wedge on the rim, orange halves and tiny cubes on a smooth brown surface, soft depth of field",1,"[0, 0, 0, 3, 2, 2]",0.9312230348587036,0.5246908068656921,0.026885274797677994,0.16396729795199405,0.6362266781671251,0.7336849636501737,0.07328387981141109,0.926716120188589,0.979706472057642,0.8504501701201127,0.8504501701201127,0.5,0.0,0.0,0.7369833550634297,0.2912530877715451,0.5132725876770923,0.5461928744368303,0.5556866300386306,0.4941915563310462,0.6415618286649784,0.500082003557638,False,1,0.500082003557638,803
1159_25.png,00462,"clean citrus drink still life, single clear glass, pale creamy orange juice, small orange garnish on the rim, scattered pale citrus cubes on brown tabletop, warm realistic product photo",1,"[5, 0, 0, 0, 0, 0]",0.9028294086456299,0.5032981038093567,0.024338023737072945,0.1560064862019299,0.6941695257326852,0.7676239013671875,0.06934895191820502,0.930651048081795,0.9854389321090871,0.86824640886568,0.86824640886568,0.5,0.0,0.0,0.48512255034138985,0.3491733639995087,0.5834664059033636,0.6827489104284487,0.6650136717967762,0.6383377913384419,0.763660527156609,0.49986389825169913,False,1,0.49986389825169913,804
1159_25.png,00526,"photorealistic orange juice still life, single clear glass, soft pale orange juice, small orange garnish on the rim, orange halves and tiny cubes on a smooth brown surface, realistic food photography",1,"[0, 0, 3, 0, 2, 1]",0.9225344657897949,0.5223135948181152,0.026725923642516136,0.16348065219626493,0.6413713777011375,0.7576169614438658,0.07144681902882702,0.928553180971173,0.9840939364707096,0.8627400332837921,0.8627400332837921,0.5,0.0,0.0,0.6599128892780215,0.297689337463111,0.5175635475428324,0.558317576695168,0.6327784513549826,0.5614876802946996,0.7350127536965206,0.4993627196322602,False,1,0.4993627196322602,805
1159_25.png,00957,"photorealistic orange juice still life, single clear glass, pale orange juice, tiny orange garnish on the rim, scattered pale citrus cubes on brown tabletop, clean studio product photo",1,"[0, 0, 1, 2, 0, 4]",0.9373860359191895,0.5314027070999146,0.029221119359135628,0.17094185958721647,0.509702451470357,0.8196914107711226,0.07454022940739931,0.9254597705926007,0.9662047401408395,0.8860130025825833,0.8860130025825833,0.5,0.0,0.0,0.7916512018170802,0.27308076450052376,0.4517749506268529,0.24800858456280336,0.8327380367227006,0.44816833328102373,0.35398129960242514,0.498750293240743,False,1,0.498750293240743,806
1159_25.png,00770,"realistic orange juice still life, clear cylindrical glass, pale orange juice, small orange garnish on the rim, scattered tiny citrus pieces on brown tabletop, realistic food photography",1,"[1, 2, 1, 0, 1, 1]",0.9399542808532715,0.5467705726623535,0.0280067827552557,0.1673522714373955,0.5589368329968443,0.8072617142288774,0.07424410587655492,0.9257558941234451,0.9664959867487035,0.8805815316959413,0.8805815316959413,0.5,0.0,0.0,0.814432379218203,0.23147260418218252,0.4834258558368246,0.36404105894454586,0.7926984231011495,0.459016077693829,0.3601847151415077,0.49836261506025537,False,1,0.49836261506025537,807
1159_25.png,00116,"photorealistic orange juice still life, single clear glass, soft pale orange juice, small orange garnish on the rim, scattered pale citrus cubes on brown tabletop, realistic food photography",1,"[0, 0, 3, 0, 0, 1]",0.9427171945571899,0.5476074814796448,0.028505273163318634,0.16883504720086595,0.5148934763860743,0.7894451000072339,0.0686706608067127,0.9313293391932873,0.9713688509861048,0.8754893339181269,0.8754893339181269,0.5,0.0,0.0,0.8389403326449493,0.2292066918406015,0.4703515996329235,0.2602424635488513,0.7353060043036124,0.66318528857706,0.46397442775592596,0.49819444615590647,False,1,0.49819444615590647,808
1159_25.png,00994,"photorealistic orange juice still life, single clear glass, soft pale orange juice, small orange garnish on the rim, orange halves and tiny cubes on a smooth brown surface, soft depth of field",1,"[0, 0, 3, 0, 2, 2]",0.9286994934082031,0.507119357585907,0.025827152654528618,0.16070828433695825,0.6641021269046603,0.6634544089988427,0.07299691138771842,0.9270030886122815,0.9861168164881863,0.820228928361415,0.820228928361415,0.5,0.0,0.0,0.7145987122670888,0.3388274028700481,0.5420086784769939,0.6118879678092849,0.3294538927300996,0.5047039263067993,0.7780991450750988,0.4976852204741084,False,1,0.4976852204741084,809
1159_25.png,01000,"photorealistic orange juice still life, single clear glass, soft pale orange juice, orange slice on the rim, small pale citrus cubes in foreground, warm realistic product photo",1,"[0, 0, 3, 1, 3, 0]",0.9415286779403687,0.5328437089920044,0.02889830805361271,0.1699950236142597,0.5407862834817191,0.7594966182002314,0.07499311559591433,0.9250068844040856,0.978404657514105,0.8612068192343552,0.8612068192343552,0.5,0.0,0.0,0.8283977992858147,0.2691792833545895,0.460123600772397,0.32126499257931107,0.6388333642814747,0.43157798125093844,0.6138337921820578,0.49725816005741463,False,1,0.49725816005741463,810
1159_25.png,00568,"photorealistic orange juice still life, single tall clear glass, pale orange juice, small orange garnish on the rim, minimal citrus pieces on brown studio surface, warm realistic product photo",1,"[0, 1, 1, 0, 4, 0]",0.925992488861084,0.4966358542442322,0.03161564841866493,0.17780789751488804,0.5036358343496821,0.8042687310112847,0.07114671840415078,0.9288532815958492,0.9636847962423432,0.879756536762094,0.879756536762094,0.5,0.0,0.0,0.690586691452723,0.36721125916850494,0.3912342126517616,0.23371116528355737,0.7830571666794098,0.5724811155861402,0.3003076817285831,0.49636305998157076,False,1,0.49636305998157076,811
1159_25.png,00385,"realistic orange juice still life, single tall clear glass, pale orange juice, orange slice on the rim, scattered pale citrus cubes on brown tabletop, realistic food photography",1,"[1, 1, 1, 1, 0, 1]",0.9293584823608398,0.5235933065414429,0.026169978082180023,0.16177137596676375,0.6038457101688993,0.7819202564380787,0.0796943341391367,0.9203056658608633,0.9698462626306348,0.8679403509745645,0.8679403509745645,0.5,0.0,0.0,0.7204441610543802,0.29422454592591674,0.5326349534143662,0.4698794584210565,0.7110663273293937,0.2593606061568497,0.4315440130870019,0.4961871317987449,False,1,0.4961871317987449,812
1159_25.png,00479,"photorealistic orange juice still life, single clear glass, pale creamy orange juice, small orange wedge on the rim, scattered pale citrus cubes on brown tabletop, soft realistic product photo",1,"[0, 0, 0, 3, 0, 3]",0.9341597557067871,0.5253464579582214,0.027892427518963814,0.1670102617175478,0.6070170992180575,0.7483870894820601,0.07211744413659757,0.9278825558634024,0.9661420244168103,0.85476148970248,0.85476148970248,0.5,0.0,0.0,0.763033035033568,0.28947792676040696,0.4864414990727566,0.4773535874177417,0.6030463894441346,0.5369210079159079,0.3526454842264435,0.4959533508510144,False,1,0.4959533508510144,813
1159_25.png,00107,"photorealistic orange juice still life, single clear glass, pale orange juice, tiny orange garnish on the rim, scattered pale citrus cubes on brown tabletop, realistic food photography",1,"[0, 0, 1, 2, 0, 1]",0.939048171043396,0.5448458194732666,0.02880893461406231,0.16973194930260568,0.5210940982416575,0.8188646104600695,0.07225450223949258,0.9277454977605074,0.9662737224082141,0.8864547434048518,0.8864547434048518,0.5,0.0,0.0,0.8063948871356772,0.23668383139778926,0.46244323738635085,0.2748556967062896,0.8300746760457742,0.5319002273461596,0.3554505893994503,0.4958350332113114,False,1,0.4958350332113114,814
1159_25.png,00486,"photorealistic orange juice still life, single clear glass, pale creamy orange juice, thin orange slice on the rim, scattered pale citrus cubes on brown tabletop, realistic food photography",1,"[0, 0, 0, 5, 0, 1]",0.931937038898468,0.5246867537498474,0.027430983260273933,0.16562301549082462,0.5452428532071141,0.7775579381872108,0.07690002187321182,0.9230999781267881,0.9809074098647209,0.8691675465015648,0.8691675465015648,0.5,0.0,0.0,0.743316805771006,0.2912640614941595,0.49867343125893127,0.33176795405581805,0.6970140504563942,0.36172324239816445,0.6671412381851126,0.49519136455243334,False,1,0.49519136455243334,815
1159_25.png,00077,"realistic orange juice still life, single tall clear glass, pale orange juice, small orange garnish on the rim, scattered pale citrus cubes on brown tabletop, warm realistic product photo",1,"[1, 1, 1, 0, 0, 0]",0.9041526317596436,0.5001266002655029,0.025022096931934357,0.15818374420886097,0.6384182698770401,0.8174184163411459,0.07841223129242839,0.9215877687075716,0.9791581198928382,0.8862256303797335,0.8862256303797335,0.5,0.0,0.0,0.4968599746429338,0.3577601405669315,0.5642686082957287,0.5513578790748829,0.8254160704598165,0.30632723509161774,0.6298821858873992,0.49502899102177145,False,1,0.49502899102177145,816
1159_25.png,00456,"photorealistic citrus drink still life, clear cylindrical glass, pale creamy orange juice, small orange garnish on the rim, scattered pale citrus cubes on brown tabletop, warm realistic product photo",1,"[3, 2, 0, 0, 0, 0]",0.8859865665435791,0.4869685769081116,0.021351244300603867,0.14612064980899814,0.678227088125523,0.7926132767288774,0.06848054773079053,0.9315194522692095,0.9821883047146297,0.879145443765144,0.879145443765144,0.5,0.0,0.0,0.3357210003669267,0.39338520138636845,0.6706339743079945,0.6451767824584773,0.7455116091941468,0.670149605297368,0.6944236950491726,0.4947392302711294,False,1,0.4947392302711294,817
1159_25.png,00887,"photorealistic citrus drink still life, single tall clear glass, pale creamy orange juice, orange slice on the rim, scattered pale citrus cubes on brown tabletop, realistic food photography",1,"[3, 1, 0, 1, 0, 1]",0.9105145335197449,0.5086191892623901,0.02608663961291313,0.16151358956110515,0.6184158379221081,0.7909788908781827,0.0736615857082072,0.9263384142917928,0.9858839264612681,0.8773357311895633,0.8773357311895633,0.5,0.0,0.0,0.5532921360314605,0.33476664136793266,0.5349079643419085,0.5042174133794912,0.7402467841239667,0.48035524612641267,0.7731386972179486,0.49460335854818016,False,1,0.49460335854818016,818
1159_25.png,00482,"photorealistic orange juice still life, single clear glass, pale creamy orange juice, small orange wedge on the rim, small pale citrus cubes in foreground, warm realistic product photo",1,"[0, 0, 0, 3, 3, 0]",0.9457772970199585,0.5387608408927917,0.02997812069952488,0.17314190913676816,0.5323623151425126,0.7512110957392939,0.07392401586059898,0.9260759841394011,0.9786577657401413,0.8579031406795009,0.8579031406795009,0.5,0.0,0.0,0.8660844481242855,0.25315877798561504,0.4323761904226844,0.3014119171428759,0.6121433226653265,0.47074177430524083,0.6192248781554818,0.4945199843647582,False,1,0.4945199843647582,819
1159_25.png,00477,"photorealistic orange juice still life, single clear glass, pale creamy orange juice, tiny orange garnish on the rim, small pale citrus cubes in foreground, realistic food photography",1,"[0, 0, 0, 2, 3, 1]",0.9442264437675476,0.5426109433174133,0.03135420382022858,0.17707118291870244,0.5139052169322201,0.7966178611472801,0.07311956313087313,0.9268804368691269,0.9718324922594687,0.8772526888723642,0.8772526888723642,0.5,0.0,0.0,0.8523278696151922,0.24273470977166423,0.39773013443371763,0.2579133962140629,0.7584115229034452,0.5002108866698193,0.4738497684537574,0.49406046201958725,False,1,0.49406046201958725,820
1159_25.png,00505,"photorealistic orange juice still life, single clear glass, pale orange juice, small orange wedge on the rim, orange halves and tiny cubes on a smooth brown surface, warm realistic product photo",1,"[0, 0, 1, 3, 2, 0]",0.9251147508621216,0.5346530079841614,0.025333307683467865,0.1591644045742259,0.6487630860943417,0.7624963831018517,0.07332811083957089,0.9266718891604291,0.9769027932510931,0.862839092252202,0.862839092252202,0.5,0.0,0.0,0.6828008666660322,0.26428064585521693,0.5556217142867628,0.5757378872216721,0.6484964664503933,0.4925712633160816,0.5818447909192193,0.49355265610079846,False,1,0.49355265610079846,821
1159_25.png,00391,"realistic orange juice still life, single tall clear glass, soft pale orange juice, small orange garnish on the rim, scattered pale citrus cubes on brown tabletop, warm realistic product photo",1,"[1, 1, 3, 0, 0, 0]",0.8999356031417847,0.4941544532775879,0.02404981665313244,0.15508003305755527,0.656599100868451,0.8006947835286459,0.07694401396632611,0.9230559860336739,0.9779795170744376,0.878978151114564,0.878978151114564,0.5,0.0,0.0,0.45945354359184215,0.37392959808256787,0.5916353320949501,0.5942053109069403,0.7715444579159885,0.36011170217058874,0.6047785011039355,0.49314386400149446,False,1,0.49314386400149446,822
1159_25.png,00105,"photorealistic orange juice still life, single clear glass, pale orange juice, orange slice on the rim, scattered tiny citrus pieces on brown tabletop, realistic food photography",1,"[0, 0, 1, 1, 1, 1]",0.9269881248474121,0.5115872621536255,0.027424786239862442,0.16560430622378888,0.575295805253967,0.7680997495298033,0.07711355410597594,0.922886445894024,0.9716900781637924,0.8629931589840785,0.8629931589840785,0.5,0.0,0.0,0.6994183101704253,0.3267306488487839,0.49883839871836677,0.40259484941543944,0.6665465150571813,0.3539010234805543,0.47081641530818197,0.49281192213293706,False,1,0.49281192213293706,823
1159_25.png,00372,"realistic orange juice still life, single tall clear glass, pale creamy orange juice, small orange garnish on the rim, scattered pale citrus cubes on brown tabletop, soft realistic product photo",1,"[1, 1, 0, 0, 0, 3]",0.8947051167488098,0.48880067467689514,0.02452096901834011,0.15659172717081868,0.6533068686851888,0.8187900119357638,0.07742447301160557,0.9225755269883944,0.980212974004123,0.8873995346178564,0.8873995346178564,0.5,0.0,0.0,0.4130574086939419,0.38842483669729033,0.5783060906643536,0.5864463864598525,0.829834372826803,0.342511287542442,0.6523500815082252,0.49226081386718146,False,1,0.49226081386718146,824
1159_25.png,00534,"photorealistic orange juice still life, single clear glass, muted orange juice, small orange garnish on the rim, scattered pale citrus cubes on brown tabletop, soft depth of field",1,"[0, 0, 4, 0, 0, 2]",0.9114746451377869,0.4986605644226074,0.030162597075104713,0.17367382380515697,0.5584057185854884,0.8185503924334491,0.0722151915376317,0.9277848084623683,0.980320138376814,0.8891363872322438,0.8891363872322438,0.5,0.0,0.0,0.5618086419165628,0.36172940058783654,0.4276860755553821,0.3627893621136174,0.8290624897598058,0.5333402765217832,0.6546326321606178,0.4914803115233636,False,1,0.4914803115233636,825
1159_25.png,00822,"orange juice still life, single clear glass, light creamy orange juice, orange slice on the rim, scattered pale citrus cubes on brown tabletop, realistic food photography",1,"[2, 0, 2, 1, 0, 1]",0.930803120136261,0.5131189823150635,0.02896087057888508,0.1701789369425167,0.5355294979353697,0.7758591263382524,0.07856817610071104,0.9214318238992889,0.9751760752566393,0.8666729602682925,0.8666729602682925,0.5,0.0,0.0,0.7332585733425118,0.32258354997021765,0.458501959771659,0.308876133100921,0.6915416907880125,0.30061458733974455,0.5450665111069175,0.49053662886693783,False,1,0.49053662886693783,826
1159_25.png,00455,"photorealistic citrus drink still life, single tall clear glass, pale orange juice, small orange garnish on the rim, scattered pale citrus cubes on brown tabletop, warm realistic product photo",1,"[3, 1, 1, 0, 0, 0]",0.9173252582550049,0.5403771996498108,0.02679361030459404,0.1636875386356397,0.5821235353086995,0.8462750470196759,0.07165956565569893,0.928340434344301,0.9795922024734168,0.9016613636740429,0.9016613636740429,0.5,0.0,0.0,0.6137055048519974,0.24878252195833828,0.51573934297992,0.41868601148751705,0.9183715451861074,0.5536942400827283,0.6391279403542237,0.4898978794308615,False,1,0.4898978794308615,827
1159_25.png,00740,"realistic orange juice still life, single tall clear glass, pale orange juice, small orange garnish on the rim, scattered tiny citrus pieces on brown tabletop, soft depth of field",1,"[1, 1, 1, 0, 1, 2]",0.9169071912765503,0.4784116744995117,0.030801931396126747,0.17550479023698112,0.560785860062529,0.7294752332899305,0.0668492512008608,0.9331507487991392,0.969482722219595,0.8487631615040864,0.8487631615040864,0.5,0.0,0.0,0.6099971132280771,0.4165528277427327,0.411541676098526,0.36839872890968567,0.5421258824771616,0.7299080708529849,0.42380077359841895,0.4882806476783324,False,1,0.4882806476783324,828
1159_25.png,00284,"photorealistic orange juice still life, single tall clear glass, pale orange juice, small orange garnish on the rim, orange halves and tiny cubes on a smooth brown surface, realistic food photography",1,"[0, 1, 1, 0, 2, 1]",0.9282870888710022,0.49886032938957214,0.030468812212347984,0.17455317875177176,0.5962838397489971,0.6915757921006945,0.07118011667664197,0.9288198833233581,0.9818757072764575,0.8326712070637794,0.8326712070637794,0.5,0.0,0.0,0.7109405483597743,0.3611885413033975,0.4199324339398077,0.4520581207994329,0.4200409243663825,0.5712576534628155,0.6877655168830591,0.4882077362648686,False,1,0.4882077362648686,829
1159_25.png,00671,"realistic orange juice still life, single clear glass, pale creamy orange juice, small orange garnish on the rim, small pale citrus cubes in foreground, soft depth of field",1,"[1, 0, 0, 0, 3, 2]",0.9073035717010498,0.48571842908859253,0.03024398908019066,0.17390799027126574,0.5737996089979744,0.7905267786096642,0.0691888215568539,0.9308111784431461,0.9756520650587935,0.8766513758412088,0.8766513758412088,0.5,0.0,0.0,0.5248098484391869,0.3967699492997877,0.42562133154776305,0.39906870877223644,0.738790400978689,0.6442037663513481,0.5552048696505015,0.4881188452062424,False,1,0.4881188452062424,830
1159_25.png,00491,"photorealistic orange juice still life, single clear glass, pale orange juice, small orange garnish on the rim, small pale citrus cubes in foreground, soft depth of field",1,"[0, 0, 1, 0, 3, 2]",0.9180176258087158,0.5063765048980713,0.03191891312599182,0.17865864973740236,0.5466180749420358,0.8206024169921875,0.0746645931555537,0.9253354068444463,0.9783338699687892,0.8888052540357985,0.8888052540357985,0.5,0.0,0.0,0.6198470328108593,0.34083866029566756,0.38373277325868904,0.33500898960413056,0.8356726487604357,0.4436125786256933,0.6123260508153662,0.48690733038926926,False,1,0.48690733038926926,831
1159_25.png,00207,"photorealistic citrus drink still life, single clear glass, pale creamy orange juice, orange slice on the rim, scattered pale citrus cubes on brown tabletop, warm realistic product photo",1,"[3, 0, 0, 1, 0, 0]",0.9063403606414795,0.518396258354187,0.025484664365649223,0.1596391692713578,0.677311372100336,0.7844130904586226,0.07303851737695123,0.9269614826230488,0.9843467295317871,0.8742917555308046,0.8742917555308046,0.5,0.0,0.0,0.5162658494881531,0.30829544036984025,0.5514355147009657,0.643018680885163,0.7190964598966693,0.5031797950229671,0.7403971268047986,0.4862972579327726,False,1,0.4862972579327726,832
1159_25.png,00512,"photorealistic orange juice still life, single clear glass, light creamy orange juice, small orange garnish on the rim, small pale citrus cubes in foreground, realistic food photography",1,"[0, 0, 2, 0, 3, 1]",0.9386744499206543,0.5383666157722473,0.031557563692331314,0.17764448680533634,0.5279538023891358,0.8104931866681134,0.07776628634781134,0.9222337136521886,0.9706321993468288,0.8816301736482828,0.8816301736482828,0.5,0.0,0.0,0.8030798578397006,0.2542261338881303,0.3926750734587523,0.2910222132965386,0.8031079216320228,0.3299898114629318,0.4482840948813585,0.48571522443922616,False,1,0.48571522443922616,833
1159_25.png,00398,"realistic orange juice still life, clear cylindrical glass, pale orange juice, small orange garnish on the rim, scattered pale citrus cubes on brown tabletop, realistic food photography",1,"[1, 2, 1, 0, 0, 1]",0.9437451362609863,0.5627171397209167,0.02990017645061016,0.17291667487726614,0.525435305144617,0.80084228515625,0.0701832178806107,0.9298167821193893,0.971047211395916,0.880024344341282,0.880024344341282,0.5,0.0,0.0,0.8480585137037072,0.1882976222041013,0.4343621754159468,0.2850867783840902,0.7720196029171352,0.6077765458113692,0.45712365601168364,0.4853992996029057,False,1,0.4853992996029057,834
1159_25.png,00064,"realistic orange juice still life, single clear glass, pale creamy orange juice, small orange garnish on the rim, scattered pale citrus cubes on brown tabletop, soft depth of field",1,"[1, 0, 0, 0, 0, 2]",0.9317798614501953,0.5427678823471069,0.03144069388508797,0.17731523872777535,0.5433276058872081,0.8364924678096065,0.07758230725815456,0.9224176927418455,0.9792880459150379,0.8951254121569765,0.8951254121569765,0.5,0.0,0.0,0.7419225901005929,0.24230980077690734,0.3955781919387841,0.32725422038655,0.8868590548801578,0.33672942494858427,0.6326495489511479,0.48523364652050965,False,1,0.48523364652050965,835
1159_25.png,00014,"photorealistic orange juice still life, single clear glass, pale orange juice, small orange garnish on the rim, scattered pale citrus cubes on brown tabletop, realistic food photography",1,"[0, 0, 1, 0, 0, 1]",0.9473409652709961,0.5518248677253723,0.030594661831855774,0.17491329804178918,0.48955928957827594,0.7991406476056134,0.07358558579634314,0.9264144142036569,0.9643280981432321,0.8767239560224525,0.8767239560224525,0.5,0.0,0.0,0.8799546998867497,0.2177882107038659,0.4167571110233912,0.20053645545821053,0.7665381408540958,0.48313931268453775,0.3140097091532535,0.48517664126901355,False,1,0.48517664126901355,836
1159_25.png,00711,"realistic orange juice still life, single clear glass, light creamy orange juice, tiny orange garnish on the rim, scattered pale citrus cubes on brown tabletop, realistic food photography",1,"[1, 0, 2, 2, 0, 1]",0.9403084516525269,0.5580765008926392,0.027862560003995895,0.166920819564235,0.5344744529990353,0.806549072265625,0.07574544040881519,0.9242545595911849,0.9714567044222197,0.8807275192608899,0.8807275192608899,0.5,0.0,0.0,0.8175739907136883,0.20086205046266348,0.4872301480759633,0.3063896699678164,0.7904027991684051,0.40401844465319586,0.46584566455677123,0.4846670708345614,False,1,0.4846670708345614,837
1159_25.png,00226,"photorealistic orange juice still life, single clear glass, pale creamy orange juice, small orange wedge on the rim, scattered pale citrus cubes on brown tabletop, soft depth of field",1,"[0, 0, 0, 3, 0, 2]",0.9331698417663574,0.5315983295440674,0.03289743885397911,0.18137651130722277,0.5332844815137527,0.7958956117983217,0.07323384555359128,0.9267661544464088,0.9799873635730393,0.8785186520800956,0.8785186520800956,0.5,0.0,0.0,0.7542521727452778,0.27255112100610956,0.35976824715434996,0.30358522048353137,0.7560849508288636,0.49602443614024566,0.6475446856128777,0.48413796615918314,False,1,0.48413796615918314,838
1159_25.png,00445,"photorealistic citrus drink still life, single clear glass, pale creamy orange juice, orange slice on the rim, scattered pale citrus cubes on brown tabletop, realistic food photography",1,"[3, 0, 0, 1, 0, 1]",0.9113392233848572,0.5237679481506348,0.025751246139407158,0.16047194813863,0.6503574003704513,0.7692362467447916,0.0707342065019583,0.9292657934980417,0.9846844271375481,0.8683362241869804,0.8683362241869804,0.5,0.0,0.0,0.5606074064204768,0.29375170758385905,0.5440925539241939,0.5794952662048853,0.6702074981886232,0.5875924566857961,0.7475899267156781,0.4839094899541395,False,1,0.4839094899541395,839
1159_25.png,00967,"photorealistic orange juice still life, single clear glass, pale orange juice, paired orange slices on the rim, scattered tiny citrus pieces on brown tabletop, realistic food photography",1,"[0, 0, 1, 4, 1, 1]",0.9295694231987,0.5335971117019653,0.02613564394414425,0.1616652218139209,0.5541248728478352,0.7974689624927662,0.08077853914449336,0.9192214608555066,0.9714817483412418,0.8748848940894205,0.8748848940894205,0.5,0.0,0.0,0.7223152756761444,0.2671394619745181,0.5335709591311895,0.3527005358100066,0.7611531641744309,0.21964346934014387,0.4663790882335681,0.48310907431195044,False,1,0.48310907431195044,840
1159_25.png,00234,"photorealistic orange juice still life, single clear glass, pale orange juice, small orange garnish on the rim, orange halves and tiny cubes on a smooth brown surface, soft depth of field",1,"[0, 0, 1, 0, 2, 2]",0.9283260703086853,0.5067921280860901,0.027598723769187927,0.1661286362105821,0.6475820286279578,0.6538786711516203,0.07235708120042789,0.9276429187995721,0.9811915698168261,0.8151587375614446,0.8151587375614446,0.5,0.0,0.0,0.7112863265351441,0.3397133695928797,0.4942151611718628,0.5729544457329668,0.29860769771311424,0.5281425038475076,0.6731937112951067,0.48241500490481076,False,1,0.48241500490481076,841
1159_25.png,00561,"photorealistic orange juice still life, single tall clear glass, pale creamy orange juice, paired orange slices on the rim, scattered pale citrus cubes on brown tabletop, realistic food photography",1,"[0, 1, 0, 4, 0, 1]",0.924294114112854,0.5166774392127991,0.02918117120862007,0.17082497243851694,0.5656663763855136,0.8078206380208334,0.0798689389481292,0.9201310610518708,0.9657396395689856,0.8787130863913268,0.8787130863913268,0.5,0.0,0.0,0.6755215487478494,0.3129491056496758,0.4528055936726122,0.3799008208961918,0.7944988767644992,0.2529643959813334,0.3440748765342419,0.48205148948027493,False,1,0.48205148948027493,842
1159_25.png,00492,"photorealistic orange juice still life, single clear glass, pale orange juice, small orange garnish on the rim, minimal citrus pieces on brown studio surface, realistic food photography",1,"[0, 0, 1, 0, 4, 1]",0.9214152097702026,0.5196208953857422,0.029593516141176224,0.1720276609768796,0.5499509688129257,0.803214744285301,0.07572603881321915,0.9242739611867808,0.9788560369057402,0.8807137287249068,0.8807137287249068,0.5,0.0,0.0,0.6499847201998957,0.3049797623575816,0.4422009840806358,0.3428637429431776,0.7796619734719812,0.4047291735494298,0.6234479605757319,0.4812341545997207,False,1,0.4812341545997207,843
1159_25.png,00882,"photorealistic citrus drink still life, single clear glass, light creamy orange juice, orange slice on the rim, scattered pale citrus cubes on brown tabletop, warm realistic product photo",1,"[3, 0, 2, 1, 0, 0]",0.894260048866272,0.5056477785110474,0.02423032745718956,0.15566093748011914,0.6784905162788979,0.801483154296875,0.07427412401754584,0.9257258759824541,0.9842383512540356,0.8815191462782599,0.8815191462782599,0.5,0.0,0.0,0.4091095101687334,0.3428116710704108,0.5865132540048663,0.6457976132582194,0.7740840260255666,0.45791643822820344,0.7380887205464952,0.48108438093736366,False,1,0.48108438093736366,844
1159_25.png,00232,"photorealistic orange juice still life, single clear glass, pale orange juice, small orange garnish on the rim, scattered pale citrus cubes on brown tabletop, clean studio product photo",1,"[0, 0, 1, 0, 0, 4]",0.9393965601921082,0.5444337725639343,0.03127381578087807,0.1768440436680808,0.48873377563047654,0.8103377730758102,0.07256169498639414,0.9274383050136059,0.9664213436108331,0.8825396733610433,0.8825396733610433,0.5,0.0,0.0,0.8094852134889441,0.2377994394041527,0.3997329165331761,0.19859093643207484,0.8026072899258336,0.5206469899072006,0.35859485146979964,0.47973092638776016,False,1,0.47973092638776016,845
1159_25.png,00974,"photorealistic orange juice still life, single clear glass, light creamy orange juice, small orange garnish on the rim, small pale citrus cubes in foreground, soft depth of field",1,"[0, 0, 2, 0, 3, 2]",0.909133791923523,0.5082329511642456,0.03174692019820213,0.17817665447022552,0.5689104488314581,0.8288099500868057,0.07264217976235335,0.9273578202376467,0.9817879214269383,0.8938972989076265,0.8938972989076265,0.5,0.0,0.0,0.5410445038717638,0.33581237258176677,0.38798272781512755,0.38754624552235606,0.8621114642840241,0.5176986315776951,0.6858957196448606,0.4784533996435173,False,1,0.4784533996435173,846
1159_25.png,00196,"orange juice still life, single clear glass, pale orange juice, small orange garnish on the rim, scattered pale citrus cubes on brown tabletop, realistic food photography",1,"[2, 0, 1, 0, 0, 1]",0.9389245510101318,0.5531810522079468,0.029690725728869438,0.1723099699056019,0.4980958595981406,0.8192624692563658,0.07323238307180163,0.9267676169281984,0.9647634162247534,0.8859894603351848,0.8859894603351848,0.5,0.0,0.0,0.8052983367752538,0.2141163708414634,0.43971174777552813,0.22065490340916158,0.8313562932136187,0.4960780105003024,0.3232817792081032,0.4781286086844259,False,1,0.4781286086844259,847
1159_25.png,00214,"photorealistic orange juice still life, single clear glass, pale creamy orange juice, small orange garnish on the rim, small pale citrus cubes in foreground, soft depth of field",1,"[0, 0, 0, 0, 3, 2]",0.9106977581977844,0.5077651143074036,0.031139064580202103,0.1764626435827201,0.5579647077411682,0.8169809977213541,0.07130501189857637,0.9286949881014236,0.978367083085525,0.8883581114272127,0.8883581114272127,0.5,0.0,0.0,0.5549173991982599,0.3370790306523507,0.40309588115334527,0.3617500156669048,0.8240070197667599,0.5666824295957269,0.6130334745548941,0.4773284516186521,False,1,0.4773284516186521,848
1159_25.png,00949,"photorealistic orange juice still life, single clear glass, pale orange juice, small orange garnish on the rim, minimal citrus pieces on brown studio surface, soft depth of field",1,"[0, 0, 1, 0, 4, 2]",0.9150803089141846,0.48378854990005493,0.03312517702579498,0.18200323355862386,0.5196620875105348,0.7858688919632524,0.07069937250812035,0.9293006274918797,0.9640341234791004,0.8717030457014416,0.8717030457014416,0.5,0.0,0.0,0.5937920657126573,0.4019950550469361,0.3542421740383951,0.2714808244458553,0.7237860136244644,0.5888685128673296,0.30774818730087944,0.4770352708539925,False,1,0.4770352708539925,849
1159_25.png,00427,"orange juice still life, single tall clear glass, pale creamy orange juice, small orange garnish on the rim, scattered pale citrus cubes on brown tabletop, soft depth of field",1,"[2, 1, 0, 0, 0, 2]",0.929638147354126,0.5309571623802185,0.030674206092953682,0.17514053241027241,0.5787655076374493,0.7807848895037616,0.07532627912561154,0.9246737208743885,0.9701033299696594,0.8690096685766605,0.8690096685766605,0.5,0.0,0.0,0.7229248815418957,0.274287067096729,0.41475349022982755,0.41077202439847627,0.7074089851558146,0.41937336918408563,0.4370194263019101,0.4768813410948723,False,1,0.4768813410948723,850
1159_25.png,00669,"realistic orange juice still life, single clear glass, pale creamy orange juice, small orange garnish on the rim, scattered tiny citrus pieces on brown tabletop, clean studio product photo",1,"[1, 0, 0, 0, 1, 4]",0.9328617453575134,0.5418038368225098,0.027991507202386856,0.16730662629551424,0.520633784094002,0.8031260172526041,0.07778852843250401,0.9222114715674959,0.9712842944070604,0.8784375816937074,0.8784375816937074,0.5,0.0,0.0,0.751519256249121,0.24491993297637538,0.4838283282093312,0.2737708574559648,0.77937615827972,0.3291750283578324,0.46217341245750776,0.4765694004169772,False,1,0.4765694004169772,851
1159_25.png,00733,"realistic orange juice still life, single tall clear glass, pale creamy orange juice, tiny orange garnish on the rim, scattered pale citrus cubes on brown tabletop, soft depth of field",1,"[1, 1, 0, 2, 0, 2]",0.9264630675315857,0.5249446630477905,0.030386213213205338,0.17431641693542618,0.5568411076561188,0.7795952690972222,0.07349233507717591,0.9265076649228241,0.9730373459499625,0.869703023006731,0.869703023006731,0.5,0.0,0.0,0.6947608790590604,0.2905657777036872,0.4220200622396917,0.3591019860981028,0.7035768770048022,0.48655531939279134,0.49951258444582913,0.47654128164436654,False,1,0.47654128164436654,852
1159_25.png,00097,"photorealistic orange juice still life, single clear glass, pale creamy orange juice, small orange wedge on the rim, scattered pale citrus cubes on brown tabletop, realistic food photography",1,"[0, 0, 0, 3, 0, 1]",0.9384089708328247,0.5396111011505127,0.028081240132451057,0.16757458080643095,0.5543749464219154,0.7287168149594908,0.07338475339356049,0.9266152466064395,0.9739465795548373,0.8470272189549921,0.8470272189549921,0.5,0.0,0.0,0.8007249710001025,0.2508567169107163,0.48146566083033604,0.3532898933824665,0.5396827997509586,0.49049630511598213,0.5188788318830154,0.47647688473936595,False,1,0.47647688473936595,853
1159_25.png,00088,"photorealistic orange juice still life, single clear glass, pale creamy orange juice, small orange garnish on the rim, small pale citrus cubes in foreground, realistic food photography",1,"[0, 0, 0, 0, 3, 1]",0.934599757194519,0.5439406633377075,0.03157470375299454,0.17769272284760154,0.5270378474717269,0.8084807219328702,0.07464619883699246,0.9253538011630076,0.9724814140758532,0.8821864380920148,0.8821864380920148,0.5,0.0,0.0,0.7669359929702345,0.23913452186280237,0.39224975603020096,0.2888635487171551,0.7966251961566043,0.4442864084487808,0.4876714974309013,0.4759981055338348,False,1,0.4759981055338348,854
1159_25.png,00732,"realistic orange juice still life, single tall clear glass, pale creamy orange juice, orange slice on the rim, small pale citrus cubes in foreground, warm realistic product photo",1,"[1, 1, 0, 1, 3, 0]",0.9338162541389465,0.5544006824493408,0.029731212183833122,0.17242741134701617,0.5544690644101007,0.7971756546585648,0.07720868257261576,0.9227913174273843,0.9860116284757099,0.8789083313910805,0.8789083313910805,0.5,0.0,0.0,0.7599860631304239,0.21081424860419895,0.43867621729827533,0.3535117047003784,0.7602083356089316,0.35041623019328244,0.7758586899641992,0.47532913791167003,False,1,0.47532913791167003,855
1159_25.png,00643,"photorealistic orange juice still life, straight clear glass, pale creamy orange juice, small orange wedge on the rim, scattered pale citrus cubes on brown tabletop, warm realistic product photo",1,"[0, 3, 0, 3, 0, 0]",0.9307493567466736,0.5285797715187073,0.028489483520388603,0.16878828016301547,0.6002928537936713,0.7296995940031827,0.07150615662547916,0.9284938433745209,0.9652893135579083,0.8463955251940961,0.8463955251940961,0.5,0.0,0.0,0.7327816743911608,0.280723800923116,0.47076396423303246,0.4615063113730149,0.5428486126130057,0.5593139959518285,0.33448314465019563,0.47521705523905666,False,1,0.47521705523905666,856
1159_25.png,00741,"realistic orange juice still life, single tall clear glass, pale orange juice, small orange garnish on the rim, orange halves and tiny cubes on a smooth brown surface, realistic food photography",1,"[1, 1, 1, 0, 2, 1]",0.9389517903327942,0.5155938863754272,0.03360357880592346,0.18331278953178215,0.5557681795044394,0.692953039098669,0.07089872491531334,0.9291012750846867,0.9741717996010377,0.831848673794249,0.831848673794249,0.5,0.0,0.0,0.8055399585277675,0.3158828012879923,0.34269526942326456,0.3565733769348857,0.42447743152268497,0.581565736370166,0.5236759127642616,0.47466229920165837,False,1,0.47466229920165837,857
1159_25.png,00275,"photorealistic orange juice still life, single tall clear glass, pale creamy orange juice, orange slice on the rim, small pale citrus cubes in foreground, warm realistic product photo",1,"[0, 1, 0, 1, 3, 0]",0.9370204210281372,0.5513722896575928,0.032534632831811905,0.18037359239038264,0.5242613626112443,0.7878887035228588,0.07624652762303992,0.92375347237696,0.993017046190452,0.8764670411553128,0.8764670411553128,0.5,0.0,0.0,0.7884080774627706,0.2190135559363724,0.36861140415323235,0.28232010491920834,0.7302924053259929,0.38566236868403725,0.9250707869843269,0.4735795833907217,False,1,0.4735795833907217,858
1159_25.png,00832,"orange juice still life, single tall clear glass, pale creamy orange juice, small orange garnish on the rim, small pale citrus cubes in foreground, warm realistic product photo",1,"[2, 1, 0, 0, 3, 0]",0.9261831045150757,0.5289652347564697,0.02927515096962452,0.17109982749735464,0.5546843833165616,0.7818207917390048,0.07708958602313232,0.9229104139768677,0.9759456574883988,0.8700271326721357,0.8700271326721357,0.5,0.0,0.0,0.692277515007513,0.27968016762684045,0.45038208126654766,0.3540191546717848,0.710745923037433,0.354779034208076,0.5614582500875376,0.47244604085871045,False,1,0.47244604085871045,859
1159_25.png,00503,"photorealistic orange juice still life, single clear glass, pale orange juice, small orange wedge on the rim, scattered pale citrus cubes on brown tabletop, soft depth of field",1,"[0, 0, 1, 3, 0, 2]",0.9247071743011475,0.507343053817749,0.03462338447570801,0.18607359962044054,0.49672582512295177,0.7919170238353588,0.07200813169678677,0.9279918683032132,0.9721000135257328,0.8755798173371827,0.8755798173371827,0.5,0.0,0.0,0.6791855284960341,0.3382217502087025,0.31835204820352137,0.21742609286629058,0.7432687791504187,0.5409253955605733,0.4795478453939455,0.4723682500951588,False,1,0.4723682500951588,860
1159_25.png,00951,"photorealistic orange juice still life, single clear glass, pale orange juice, orange slice on the rim, scattered pale citrus cubes on brown tabletop, natural product photo",1,"[0, 0, 1, 1, 0, 5]",0.9274516701698303,0.5346152782440186,0.027914416044950485,0.16707607861375753,0.5230266414127648,0.7999646222149884,0.0769458688664915,0.9230541311335085,0.9699433638798499,0.8770416986694428,0.8770416986694428,0.5,0.0,0.0,0.7035301096656102,0.2643827983024942,0.48586116387657174,0.2794101921430298,0.7691923991363646,0.3600437525454858,0.4336122239501707,0.4714296945586198,False,1,0.4714296945586198,861
1159_25.png,00641,"photorealistic orange juice still life, straight clear glass, pale creamy orange juice, tiny orange garnish on the rim, scattered pale citrus cubes on brown tabletop, realistic food photography",1,"[0, 3, 0, 2, 0, 1]",0.9449381828308105,0.572887659072876,0.029645372182130814,0.1721783150751883,0.4923095459114123,0.814857765480324,0.07312124757736788,0.9268787524226321,0.9673248491263945,0.884558527639346,0.884558527639346,0.5,0.0,0.0,0.8586412292361263,0.16076116322105227,0.4408726036687214,0.20701808552288778,0.8171674804207485,0.5001491811883231,0.377839093303155,0.4714017230478053,False,1,0.4714017230478053,862
1159_25.png,00260,"photorealistic orange juice still life, single clear glass, soft pale orange juice, orange slice on the rim, scattered pale citrus cubes on brown tabletop, realistic food photography",1,"[0, 0, 3, 1, 0, 1]",0.9338545799255371,0.5450807213783264,0.02849002368748188,0.16878988028753938,0.5155758671421908,0.7902611626519098,0.0776276283220399,0.9223723716779602,0.9729882804603392,0.8730455093727134,0.8730455093727134,0.5,0.0,0.0,0.7603260254649236,0.23604783962098053,0.4707498552635584,0.2618506788949673,0.7379347758808389,0.33506920120296513,0.49846751263196754,0.4694057321057866,False,1,0.4694057321057866,863
1159_25.png,00481,"photorealistic orange juice still life, single clear glass, pale creamy orange juice, small orange wedge on the rim, orange halves and tiny cubes on a smooth brown surface, realistic food photography",1,"[0, 0, 0, 3, 2, 1]",0.9161264896392822,0.5442724823951721,0.02607141248881817,0.1614664438476867,0.6555687242148951,0.766448974609375,0.07314469842929859,0.9268553015707014,0.9838197159872627,0.8660653373214169,0.8660653373214169,0.5,0.0,0.0,0.6030720328901663,0.2382361290128927,0.5353236678834241,0.5917769844214548,0.6612288960979853,0.49929011792077027,0.72917198658639,0.46930824541309096,False,1,0.46930824541309096,864
1159_25.png,00664,"photorealistic orange juice still life, single central clear glass, pale creamy orange juice, small orange garnish on the rim, scattered pale citrus cubes on brown tabletop, realistic food photography",1,"[0, 5, 0, 0, 0, 1]",0.9409559965133667,0.5732940435409546,0.02821960859000683,0.16798692981897975,0.506546453778599,0.8140473542390048,0.0732296456089112,0.9267703543910888,0.9676499368781071,0.8842209208200547,0.8842209208200547,0.5,0.0,0.0,0.8233179266421555,0.15966088615069407,0.4778298065303773,0.24057072894313358,0.8145569136328388,0.4961782906019532,0.384763309263399,0.46902949631180546,False,1,0.46902949631180546,865
1159_25.png,00359,"realistic orange juice still life, single clear glass, pale orange juice, tiny orange garnish on the rim, scattered pale citrus cubes on brown tabletop, realistic food photography",1,"[1, 0, 1, 2, 0, 1]",0.9343052506446838,0.5536508560180664,0.029953427612781525,0.17307058563713687,0.504984432880958,0.8232749656394676,0.07733151587144818,0.9226684841285518,0.9733810971494243,0.8880839234126384,0.8880839234126384,0.5,0.0,0.0,0.7643236229939314,0.21284438728784605,0.43300507965227086,0.23688945695047597,0.8442816936279594,0.3459165397184439,0.5068343230506446,0.4689721458020302,False,1,0.4689721458020302,866
1159_25.png,00127,"photorealistic orange juice still life, single tall clear glass, pale creamy orange juice, tiny orange garnish on the rim, scattered pale citrus cubes on brown tabletop, realistic food photography",1,"[0, 1, 0, 2, 0, 1]",0.9305011034011841,0.5356347560882568,0.0320579968392849,0.17904747091004916,0.5628491560990124,0.7987529613353588,0.07839275610370593,0.9216072438962941,0.968362832984684,0.8756739345615512,0.8756739345615512,0.5,0.0,0.0,0.7305795855526054,0.2616225843084481,0.3803043737974061,0.3732613744243129,0.7652892923070199,0.307040659887851,0.39994766048288044,0.46844123283566924,False,1,0.46844123283566924,867
1159_25.png,00193,"orange juice still life, single clear glass, pale creamy orange juice, orange slice on the rim, scattered pale citrus cubes on brown tabletop, realistic food photography",1,"[2, 0, 0, 1, 0, 1]",0.9256162643432617,0.5174574851989746,0.029195694252848625,0.17086747570221966,0.5210469388246128,0.7824384901258682,0.08181470433912635,0.9181852956608736,0.9739358589188042,0.8682493458217072,0.8682493458217072,0.5,0.0,0.0,0.6872494562188787,0.31083714818124264,0.45243082455860206,0.2747445543768759,0.7127357065096689,0.18168615075498398,0.5186504873860802,0.46834024613009134,False,1,0.46834024613009134,868
1159_25.png,00896,"photorealistic citrus drink still life, clear cylindrical glass, pale creamy orange juice, orange slice on the rim, scattered pale citrus cubes on brown tabletop, warm realistic product photo",1,"[3, 2, 0, 1, 0, 0]",0.8903852105140686,0.5081104636192322,0.023755457252264023,0.15412805472159838,0.6766169578955163,0.791717529296875,0.07325557904206739,0.9267444209579326,0.9829053050602022,0.8772144965309105,0.8772144965309105,0.5,0.0,0.0,0.37473841933904556,0.3361440049343021,0.6000293246132342,0.6413821294360968,0.7426261500875648,0.49522828418462334,0.7096954646257244,0.46822566923625036,False,1,0.46822566923625036,869
1159_25.png,00339,"realistic orange juice still life, single clear glass, pale creamy orange juice, small orange garnish on the rim, orange halves and tiny cubes on a smooth brown surface, soft depth of field",1,"[1, 0, 0, 0, 2, 2]",0.8990627527236938,0.4945564568042755,0.02574581280350685,0.16045501800662657,0.6430983601014989,0.7367146809895834,0.0719035459927633,0.9280964540072367,0.9800218376270333,0.852359732873252,0.852359732873252,0.5,0.0,0.0,0.45171107325527415,0.3728411823153296,0.5442418340033751,0.5623876195171713,0.5654462175909238,0.5447566310697713,0.64827896672197,0.4665428039444767,False,1,0.4665428039444767,870
1159_25.png,00328,"photorealistic orange juice still life, straight clear glass, pale orange juice, small orange garnish on the rim, scattered pale citrus cubes on brown tabletop, realistic food photography",1,"[0, 3, 1, 0, 0, 1]",0.9421883821487427,0.5561913847923279,0.03150864318013191,0.17750674122447269,0.4777412173245978,0.8019946063006366,0.07176583385956228,0.9282341661404377,0.9610794648357462,0.8779954239515889,0.8779954239515889,0.5,0.0,0.0,0.8342495926267827,0.2059659611262331,0.39388963405485444,0.1726843707259434,0.7757315594586622,0.54980137040287,0.24481535015888198,0.46621595236271834,False,1,0.46621595236271834,871
1159_25.png,00420,"orange juice still life, single clear glass, pale orange juice, orange slice on the rim, scattered pale citrus cubes on brown tabletop, realistic food photography",1,"[2, 0, 1, 1, 0, 1]",0.9264626502990723,0.5234330296516418,0.030661476776003838,0.17510418834512165,0.4881480034995959,0.8001765498408564,0.07637970034047453,0.9236202996595255,0.9702103988225484,0.877388632073729,0.877388632073729,0.5,0.0,0.0,0.6947571780694157,0.2946584921040031,0.41507395110528744,0.1972104257470086,0.7698750787357134,0.38078391948626844,0.43929994242752124,0.4661474243677522,False,1,0.4661474243677522,872
1159_25.png,00917,"clean citrus drink still life, single clear glass, pale orange juice, small orange garnish on the rim, scattered pale citrus cubes on brown tabletop, warm realistic product photo",1,"[5, 0, 1, 0, 0, 0]",0.905134916305542,0.5301775336265564,0.022509310394525528,0.15003103143858448,0.6896476632689407,0.7456162064163774,0.07367948006912299,0.926320519930877,0.9802829055641835,0.8557960559760135,0.8557960559760135,0.5,0.0,0.0,0.5055731616920078,0.276397894917246,0.636154498355015,0.6720920711585183,0.5941205812425133,0.47969973100037544,0.6538395907922413,0.46610008480137766,False,1,0.46610008480137766,873
1159_25.png,00900,"warm orange juice still life, single clear glass, pale creamy orange juice, small orange garnish on the rim, scattered tiny citrus pieces on brown tabletop, realistic food photography",1,"[4, 0, 0, 0, 1, 1]",0.9260534048080444,0.5285799503326416,0.029626641422510147,0.1721239129886087,0.5296214031566457,0.7935819272641783,0.07842900019258182,0.9215709998074182,0.970090182318212,0.8736797536651189,0.8736797536651189,0.5,0.0,0.0,0.6911270359408391,0.28072331678829476,0.4413522896977832,0.29495230924444793,0.7486319100829046,0.305712948403796,0.436739387520035,0.46556714130398713,False,1,0.46556714130398713,874
1159_25.png,00070,"realistic orange juice still life, single clear glass, pale orange juice, small orange garnish on the rim, scattered pale citrus cubes on brown tabletop, realistic food photography",1,"[1, 0, 1, 0, 0, 1]",0.9311195611953735,0.5481583476066589,0.031149491667747498,0.17649218585463636,0.4838695315928387,0.8322171811704283,0.07290386580036434,0.9270961341996357,0.9654699053411695,0.8920753595647992,0.8920753595647992,0.5,0.0,0.0,0.7360655096315611,0.22771523383469794,0.4028353945434384,0.18712719393781574,0.8730871317626241,0.5081124185244854,0.338329664555541,0.46454912693777994,False,1,0.46454912693777994,875
1159_25.png,00038,"photorealistic orange juice still life, single clear glass, pale creamy orange juice, small orange wedge on the rim, scattered pale citrus cubes on brown tabletop, warm realistic product photo",1,"[0, 0, 0, 3, 0, 0]",0.928436279296875,0.5264352560043335,0.02868390455842018,0.16936323260501432,0.5854317024718192,0.7350203902633102,0.07445205547108952,0.9255479445289105,0.9611215262399962,0.8469252614516076,0.8469252614516076,0.5,0.0,0.0,0.712263916514133,0.28653002983400144,0.46569436725354196,0.4264824904866225,0.5599884217539951,0.45139836475550055,0.24571123825396976,0.46384459552644713,False,1,0.46384459552644713,876
1159_25.png,00952,"photorealistic orange juice still life, single clear glass, pale orange juice, orange slice on the rim, scattered tiny citrus pieces on brown tabletop, clean studio product photo",1,"[0, 0, 1, 1, 1, 4]",0.9181234836578369,0.5123371481895447,0.028762532398104668,0.16959520157747585,0.5909026351502016,0.7471307825159142,0.07635041855220823,0.9236495814477917,0.9702982987838427,0.853545865395657,0.853545865395657,0.5,0.0,0.0,0.6207860267549828,0.32470034878686305,0.46364899946966387,0.43937603837260797,0.5989994647791936,0.38185658451277305,0.44117217019276883,0.46326595951798194,False,1,0.46326595951798194,877
1159_25.png,00388,"realistic orange juice still life, single tall clear glass, light creamy orange juice, small orange garnish on the rim, scattered pale citrus cubes on brown tabletop, realistic food photography",1,"[1, 1, 2, 0, 0, 1]",0.9388498067855835,0.5487850904464722,0.03158692270517349,0.17772710177452816,0.5617389366408811,0.7619606300636574,0.0757846496006291,0.9242153503993709,0.9642772928932526,0.8592131147470762,0.8592131147470762,0.5,0.0,0.0,0.8046353309160584,0.2260183412863236,0.3919466226032007,0.3706448794701836,0.6467706524232395,0.40258211404408145,0.31292758126341824,0.46231421095254444,False,1,0.46231421095254444,878
1159_25.png,00368,"realistic orange juice still life, single clear glass, soft pale orange juice, small orange garnish on the rim, scattered pale citrus cubes on brown tabletop, realistic food photography",1,"[1, 0, 3, 0, 0, 1]",0.9307096004486084,0.5512371063232422,0.02989395707845688,0.17289869021614038,0.49568612771212195,0.8380878589771412,0.0767098375172222,0.9232901624827778,0.9633096828837254,0.8929530299854309,0.8929530299854309,0.5,0.0,0.0,0.7324290229493081,0.21937956186121432,0.43452075372096854,0.21497579980996423,0.8919982669040569,0.3686901702853457,0.2923179439086913,0.46198138959583895,False,1,0.46198138959583895,879
1159_25.png,00674,"realistic orange juice still life, single clear glass, pale creamy orange juice, orange slice on the rim, scattered pale citrus cubes on brown tabletop, clean studio product photo",1,"[1, 0, 0, 1, 0, 4]",0.9357014894485474,0.542540967464447,0.030948948115110397,0.17592313126792167,0.48131954530686544,0.7933683042173033,0.07620243840947605,0.923797561590524,0.9676283194638776,0.8738705473472455,0.8738705473472455,0.5,0.0,0.0,0.7767087204832858,0.2429241678650348,0.40785298765765254,0.1811175476453807,0.7479437690467609,0.38727746667621343,0.3843028685244346,0.46183507989117567,False,1,0.46183507989117567,880
1159_25.png,00781,"realistic orange juice still life, straight clear glass, pale creamy orange juice, small orange garnish on the rim, orange halves and tiny cubes on a smooth brown surface, warm realistic product photo",1,"[1, 3, 0, 0, 2, 0]",0.8959371447563171,0.5273488163948059,0.02435772866010666,0.15606962760289608,0.6588098972244193,0.8064032660590278,0.0743042146354648,0.9256957853645352,0.9845130077650147,0.8837775961571528,0.8837775961571528,0.5,0.0,0.0,0.4239859024017308,0.28405658503239106,0.5829096616716039,0.5994155758393663,0.789933115604053,0.4568141437517157,0.7439387748376456,0.46154195454751956,False,1,0.46154195454751956,881
1159_25.png,00263,"photorealistic orange juice still life, single clear glass, muted orange juice, small orange garnish on the rim, scattered pale citrus cubes on brown tabletop, realistic food photography",1,"[0, 0, 4, 0, 0, 1]",0.9474897384643555,0.552997350692749,0.032324813306331635,0.17979102676811107,0.47230528444579634,0.7707932083695024,0.07576977222571668,0.9242302277742833,0.9636535185287651,0.8630682271930283,0.8630682271930283,0.5,0.0,0.0,0.8812743670514639,0.21461373868112965,0.37374812973831806,0.15987330815250433,0.6752229176451742,0.40312710943881974,0.2996414811645323,0.4613602568387808,False,1,0.4613602568387808,882
1159_25.png,00950,"photorealistic orange juice still life, single clear glass, pale orange juice, small orange garnish on the rim, diced citrus pieces on warm brown tabletop, realistic food photography",1,"[0, 0, 1, 0, 5, 1]",0.9412458539009094,0.555998682975769,0.03070882149040699,0.175239326323765,0.4846908420609568,0.7898299605758101,0.07264804819431228,0.9273519518056877,0.9594517613898799,0.8718870176690813,0.8718870176690813,0.5,0.0,0.0,0.8258890570195613,0.20648769708523407,0.4138823828323309,0.18906280646907306,0.7365457504560295,0.5174836562604249,0.21014603358500897,0.46098796297567085,False,1,0.46098796297567085,883
1159_25.png,00992,"photorealistic orange juice still life, single clear glass, soft pale orange juice, small orange garnish on the rim, scattered pale citrus cubes on brown tabletop, clean studio product photo",1,"[0, 0, 3, 0, 0, 4]",0.9357931613922119,0.5613610744476318,0.029665514826774597,0.17223679870101685,0.496929584820386,0.807039048936632,0.0730113396932983,0.9269886603067017,0.9649031608774666,0.8805942353043233,0.8805942353043233,0.5,0.0,0.0,0.7775218807794919,0.19196913930995618,0.4403569289951442,0.217906300825435,0.7919811544021003,0.5041753814431278,0.32625827447616074,0.4587571979121713,False,1,0.4587571979121713,884
1159_25.png,00717,"realistic orange juice still life, single clear glass, soft pale orange juice, orange slice on the rim, scattered pale citrus cubes on brown tabletop, realistic food photography",1,"[1, 0, 3, 1, 0, 1]",0.9305034875869751,0.5374338626861572,0.029732925817370415,0.17243238042018214,0.4827945409360002,0.8005563241464119,0.08020387638185235,0.9197961236181477,0.9684031104971959,0.8758596112316761,0.8758596112316761,0.5,0.0,0.0,0.7306007340648604,0.256751542493885,0.43863240289473004,0.18459372399297408,0.7710984405777465,0.24069480138022523,0.4008055525243511,0.45666789658108836,False,1,0.45666789658108836,885
1159_25.png,00573,"photorealistic orange juice still life, single tall clear glass, pale orange juice, tiny orange garnish on the rim, scattered pale citrus cubes on brown tabletop, soft depth of field",1,"[0, 1, 1, 2, 0, 2]",0.9237476587295532,0.504734456539154,0.03557732701301575,0.18861952977625554,0.4792569350846395,0.7717709011501735,0.06987343900665142,0.9301265609933486,0.9620123470752873,0.8652436712803075,0.8652436712803075,0.5,0.0,0.0,0.6706743097389957,0.3452844703589263,0.2959035135333453,0.1762565184143911,0.6783723461968371,0.6191245195425142,0.2646853023734123,0.4556901512576385,False,1,0.4556901512576385,886
1159_25.png,00894,"photorealistic citrus drink still life, clear cylindrical glass, pale creamy orange juice, small orange garnish on the rim, scattered pale citrus cubes on brown tabletop, realistic food photography",1,"[3, 2, 0, 0, 0, 1]",0.889407753944397,0.5181804299354553,0.0234212763607502,0.15304011356748987,0.6538666426321542,0.7848861129195601,0.06821400648991569,0.9317859935100843,0.9775579917534155,0.8748354468930147,0.8748354468930147,0.5,0.0,0.0,0.3660680580272879,0.30887979109905217,0.6096221583605913,0.587765626270469,0.7206202007624162,0.6799136765558615,0.5958002103498472,0.45443462587160904,False,1,0.45443462587160904,887
1159_25.png,00873,"photorealistic citrus drink still life, single clear glass, pale creamy orange juice, small orange wedge on the rim, scattered pale citrus cubes on brown tabletop, warm realistic product photo",1,"[3, 0, 0, 3, 0, 0]",0.8964529037475586,0.507260262966156,0.027122104540467262,0.16468790040700398,0.633181000585612,0.7440869366681134,0.06977328863908622,0.9302267113609137,0.9881097966533045,0.8580404298076318,0.8580404298076318,0.5,0.0,0.0,0.42856085431530105,0.33844590463092705,0.5069187334058913,0.5390150142709249,0.5891943652536108,0.6227932776013471,0.8205486836844825,0.4531637038413615,False,1,0.4531637038413615,888
1159_25.png,00816,"orange juice still life, single clear glass, pale orange juice, tiny orange garnish on the rim, scattered pale citrus cubes on brown tabletop, realistic food photography",1,"[2, 0, 1, 2, 0, 1]",0.9308373332023621,0.5539039373397827,0.02933579869568348,0.171276964871764,0.5103780186159921,0.8063851815682871,0.0795538592755757,0.9204461407244243,0.9714684972655532,0.8793231804123884,0.8793231804123884,0.5,0.0,0.0,0.7335620544933715,0.21215917513754678,0.4488201866946443,0.24960071845559698,0.789874860278242,0.264506551202111,0.46609684656407996,0.45294244723106064,False,1,0.45294244723106064,889
1159_25.png,00042,"photorealistic orange juice still life, single clear glass, pale orange juice, orange slice on the rim, scattered pale citrus cubes on brown tabletop, realistic food photography",1,"[0, 0, 1, 1, 0, 1]",0.9275538921356201,0.5461000204086304,0.030147356912493706,0.17362994244223462,0.4869089405207505,0.806332058376736,0.07579897729741567,0.9242010227025843,0.9730721087064188,0.8809342059567195,0.8809342059567195,0.5,0.0,0.0,0.7044368521285449,0.23328810976175562,0.42807299594857784,0.1942902805376512,0.7897037352586714,0.40205725473174814,0.5002530147813579,0.45285924336696093,False,1,0.45285924336696093,890
1159_25.png,00685,"realistic orange juice still life, single clear glass, pale creamy orange juice, small orange wedge on the rim, orange halves and tiny cubes on a smooth brown surface, warm realistic product photo",1,"[1, 0, 0, 3, 2, 0]",0.9296771883964539,0.5714028477668762,0.02767947129905224,0.16637148583532047,0.5955343725239229,0.7542871545862267,0.07417771497497329,0.9258222850250267,0.9876531449310026,0.8609976483087619,0.8609976483087619,0.5,0.0,0.0,0.7232711884300719,0.16478125739818528,0.49207385411042337,0.4502918238764871,0.6220521894900106,0.4614481422097424,0.8108222171314435,0.4526401131153687,False,1,0.4526401131153687,891
1159_25.png,00886,"photorealistic citrus drink still life, single tall clear glass, pale creamy orange juice, small orange garnish on the rim, orange halves and tiny cubes on a smooth brown surface, warm realistic product photo",1,"[3, 1, 0, 0, 2, 0]",0.8648514747619629,0.47393783926963806,0.023661896586418152,0.15382423926812755,0.6516497793337953,0.7933050084997108,0.06538072219959595,0.9346192778004041,0.982527183199262,0.8806094376948637,0.8806094376948637,0.5,0.0,0.0,0.14824578377972555,0.42866563890223397,0.6027081929729956,0.5825410631521881,0.7477398754064221,0.7837039553714783,0.7016416471236911,0.4524355368360106,False,1,0.4524355368360106,892
1159_25.png,00931,"photorealistic orange juice still life, single clear glass, pale creamy orange juice, tiny orange garnish on the rim, small pale citrus cubes in foreground, soft depth of field",1,"[0, 0, 0, 2, 3, 2]",0.909604012966156,0.5351467728614807,0.02980431541800499,0.1726392638364894,0.5524253270190866,0.8301798502604166,0.07514986299550187,0.9248501370044981,0.9805214823154397,0.8933827770318498,0.8933827770318498,0.5,0.0,0.0,0.545215519201263,0.2629437882355561,0.43680822498747274,0.3486951537635444,0.8665243052142154,0.42583593257534585,0.658921163198733,0.4520602316893779,False,1,0.4520602316893779,893
1159_25.png,00969,"photorealistic orange juice still life, single clear glass, pale orange juice, thin orange slice on the rim, scattered pale citrus cubes on brown tabletop, realistic food photography",1,"[0, 0, 1, 5, 0, 1]",0.92691969871521,0.5474719405174255,0.029515407979488373,0.1718004888802368,0.5002429864432691,0.8074595133463541,0.07824237767756828,0.9217576223224317,0.9733332463940814,0.8806385980975268,0.8806385980975268,0.5,0.0,0.0,0.6988113478687058,0.2295736660350859,0.44420405579724775,0.22571511606802672,0.7933355907272083,0.31254939716141156,0.5058151245046826,0.4515877532297811,False,1,0.4515877532297811,894
1159_25.png,00959,"photorealistic orange juice still life, single clear glass, pale orange juice, tiny orange garnish on the rim, orange halves and tiny cubes on a smooth brown surface, soft depth of field",1,"[0, 0, 1, 2, 2, 2]",0.9298365116119385,0.5308711528778076,0.02904115803539753,0.17041466496577556,0.6225987671816091,0.6552259657118055,0.07332225238101535,0.9266777476189847,0.9775089414712862,0.8146906845312144,0.8146906845312144,0.5,0.0,0.0,0.7246844377615146,0.27451993594573554,0.45642344685928704,0.5140754763244392,0.30294771948604204,0.4927858732826824,0.5947554624484419,0.4498029632529986,False,1,0.4498029632529986,895
1159_25.png,00934,"photorealistic orange juice still life, single clear glass, pale creamy orange juice, small orange wedge on the rim, scattered pale citrus cubes on brown tabletop, clean studio product photo",1,"[0, 0, 0, 3, 0, 4]",0.9281729459762573,0.5496033430099487,0.02831745147705078,0.16827789955027006,0.5375868434206529,0.7650304723668983,0.07403682069402401,0.9259631793059759,0.9660525697931681,0.8615613392808295,0.8615613392808295,0.5,0.0,0.0,0.7099280633355645,0.22380294034442316,0.47526420429422667,0.3137247547330843,0.6566594939796764,0.4666094515612984,0.35074014288559696,0.44816648087841837,False,1,0.44816648087841837,896
1159_25.png,00018,"photorealistic orange juice still life, single tall clear glass, pale creamy orange juice, small orange garnish on the rim, scattered pale citrus cubes on brown tabletop, realistic food photography",1,"[0, 1, 0, 0, 0, 1]",0.9314234852790833,0.5464300513267517,0.033135708421468735,0.18203216315110013,0.5383254141567421,0.7912535490813078,0.07707881804185028,0.9229211819581498,0.9627675149419613,0.8716400137603332,0.8716400137603332,0.5,0.0,0.0,0.7387614162312717,0.23239455826005817,0.3539870896802424,0.31546537150041937,0.7411315368847234,0.3551734922521793,0.28077002216842634,0.44763390029440836,False,1,0.44763390029440836,897
1159_25.png,00244,"photorealistic orange juice still life, single clear glass, pale orange juice, small orange wedge on the rim, scattered pale citrus cubes on brown tabletop, realistic food photography",1,"[0, 0, 1, 3, 0, 1]",0.9343405961990356,0.5458351373672485,0.029381560161709785,0.17141050190029136,0.5146822760666903,0.7390600133825233,0.07407346421480929,0.9259265357851907,0.9656260333466065,0.8497765002162735,0.8497765002162735,0.5,0.0,0.0,0.7646371496881124,0.23400527481025546,0.44764273467075355,0.2597447200028059,0.5730012051570529,0.4652671078889457,0.341655117518295,0.4475183745743879,False,1,0.4475183745743879,898
1159_25.png,00989,"photorealistic orange juice still life, single clear glass, light creamy orange juice, paired orange slices on the rim, scattered pale citrus cubes on brown tabletop, realistic food photography",1,"[0, 0, 2, 4, 0, 1]",0.9281175136566162,0.5481035709381104,0.0296450424939394,0.1721773576691761,0.5005165986513912,0.7972355595341435,0.07846823336717172,0.9215317666328283,0.9692402143356283,0.8751401629789801,0.8751401629789801,0.5,0.0,0.0,0.709436360425635,0.22786354046826485,0.44088104551933893,0.22635994800345732,0.760401306375681,0.30427573924571155,0.41863546991718,0.44638273641000686,False,1,0.44638273641000686,899
1159_25.png,00084,"photorealistic citrus drink still life, single clear glass, pale creamy orange juice, small orange garnish on the rim, scattered pale citrus cubes on brown tabletop, warm realistic product photo",1,"[3, 0, 0, 0, 0, 0]",0.8878968954086304,0.5080080628395081,0.02413569763302803,0.15535667875256612,0.6354078172999434,0.7532326027199074,0.06936644836506306,0.9306335516349369,0.9851670482341763,0.8617098239430215,0.8617098239430215,0.5,0.0,0.0,0.3526662458112728,0.33642125280858715,0.5891960308982456,0.544263034970027,0.6186551758036504,0.637696852798003,0.7578695287075063,0.4460053600388845,False,1,0.4460053600388845,900
1159_25.png,00168,"realistic orange juice still life, single clear glass, pale orange juice, orange slice on the rim, scattered pale citrus cubes on brown tabletop, realistic food photography",1,"[1, 0, 1, 1, 0, 1]",0.9221645593643188,0.5320519208908081,0.030756982043385506,0.17537668614552365,0.478139056365852,0.8178445321542246,0.08097337757919047,0.9190266224208096,0.9690875686607731,0.8835068710488391,0.8835068710488391,0.5,0.0,0.0,0.656631697601653,0.2713230323429495,0.41267122363615427,0.173621972599495,0.8267887115742409,0.21250605092777533,0.4153841889552639,0.445420933782851,False,1,0.445420933782851,901
1159_25.png,00220,"photorealistic orange juice still life, single clear glass, pale creamy orange juice, orange slice on the rim, small pale citrus cubes in foreground, realistic food photography",1,"[0, 0, 0, 1, 3, 1]",0.9259488582611084,0.5430524349212646,0.030755218118429184,0.17537165711262806,0.5028552676516453,0.7728017171223959,0.0713132366579925,0.9286867633420075,0.969525197824844,0.8667061794397496,0.8667061794397496,0.5,0.0,0.0,0.6901996736784559,0.24153938089807336,0.4127155667297998,0.2318715750909912,0.6816928997680709,0.5663811361194938,0.42470548397965346,0.44477924749411357,False,1,0.44477924749411357,902
1159_25.png,00160,"realistic orange juice still life, single clear glass, pale creamy orange juice, orange slice on the rim, scattered tiny citrus pieces on brown tabletop, realistic food photography",1,"[1, 0, 0, 1, 1, 1]",0.9309715032577515,0.5547362565994263,0.03098249062895775,0.17601843832098316,0.49906760164564434,0.797760009765625,0.07667714131248195,0.9233228586875181,0.9685356375827615,0.8758621324517148,0.8758621324517148,0.5,0.0,0.0,0.7347521870205236,0.20990568892304373,0.4070126253719565,0.22294504356603503,0.7620907108242034,0.3698879139137541,0.40362831701241364,0.4442864646631712,False,1,0.4442864646631712,903
1159_25.png,00825,"orange juice still life, single clear glass, soft pale orange juice, small orange garnish on the rim, scattered pale citrus cubes on brown tabletop, realistic food photography",1,"[2, 0, 3, 0, 0, 1]",0.9333744645118713,0.563352644443512,0.02979542873799801,0.17261352420363246,0.5041370669457373,0.7985709861472801,0.07678298767877031,0.9232170123212297,0.9639266377851937,0.8752682256357451,0.8752682256357451,0.5,0.0,0.0,0.7560672438095661,0.1865770070494871,0.4370351821328865,0.23489243854337866,0.7647030980910455,0.36601049719767376,0.30545879265796816,0.44298870586819494,False,1,0.44298870586819494,904
1159_25.png,00927,"photorealistic orange juice still life, single clear glass, pale creamy orange juice, orange slice on the rim, diced citrus pieces on warm brown tabletop, realistic food photography",1,"[0, 0, 0, 1, 5, 1]",0.9292168617248535,0.5456412434577942,0.03303289785981178,0.18174954706906915,0.4641468833948511,0.8030452021846065,0.07535353029647,0.92464646970353,0.9713937519520981,0.879275355769728,0.879275355769728,0.5,0.0,0.0,0.7191879394264312,0.2345302383347312,0.35647903428497985,0.14064610489352755,0.7791158297925017,0.418375090744074,0.4645048066005543,0.4424210905656706,False,1,0.4424210905656706,905
1159_25.png,00589,"photorealistic orange juice still life, single tall clear glass, soft pale orange juice, small orange garnish on the rim, scattered pale citrus cubes on brown tabletop, soft depth of field",1,"[0, 1, 3, 0, 0, 2]",0.9244275093078613,0.5155487656593323,0.03643660619854927,0.19088375048324377,0.462532329078616,0.7825221308955439,0.07378351753628945,0.9262164824637106,0.9645226793110663,0.8692152636275068,0.8692152636275068,0.5,0.0,0.0,0.6767048080085186,0.3160049646412133,0.2759389293024457,0.1368410254647204,0.7130051373915446,0.4758885787763041,0.31815419635950115,0.4411387283552601,False,1,0.4411387283552601,906
1159_25.png,00150,"photorealistic orange juice still life, straight clear glass, pale creamy orange juice, small orange garnish on the rim, scattered pale citrus cubes on brown tabletop, realistic food photography",1,"[0, 3, 0, 0, 0, 1]",0.9367619752883911,0.5697886943817139,0.030547915026545525,0.17477961845291207,0.47881035745047973,0.8106226038049767,0.07711914266832902,0.922880857331671,0.9631478347676978,0.880418038731864,0.880418038731864,0.5,0.0,0.0,0.786115578734325,0.1691515424293336,0.4179358200617159,0.17520405250970156,0.8035248113073582,0.3536963004858383,0.2888706552851429,0.44082902160119425,False,1,0.44082902160119425,907
1159_25.png,00337,"realistic orange juice still life, single clear glass, pale creamy orange juice, small orange garnish on the rim, scattered pale citrus cubes on brown tabletop, clean studio product photo",1,"[1, 0, 0, 0, 0, 4]",0.9416483640670776,0.5724728107452393,0.03254087641835213,0.18039089893437565,0.44640107525424283,0.8039737277560765,0.07499814503084465,0.9250018549691553,0.966892919833353,0.8789174106961093,0.8789174106961093,0.5,0.0,0.0,0.8294594546010174,0.16188435600628148,0.3684588050915649,0.0988239073840353,0.7821068766771162,0.4313937404899655,0.3686392028464425,0.43993195192047213,False,1,0.43993195192047213,908
1159_25.png,00686,"realistic orange juice still life, single clear glass, pale creamy orange juice, paired orange slices on the rim, scattered pale citrus cubes on brown tabletop, realistic food photography",1,"[1, 0, 0, 4, 0, 1]",0.927044689655304,0.5342646837234497,0.03223152458667755,0.1795314027870265,0.48072122146811147,0.80938720703125,0.08409515548695366,0.9159048445130463,0.964516758472776,0.8776942904381838,0.8776942904381838,0.5,0.0,0.0,0.699920058623676,0.26533202530863187,0.37603734333959227,0.1797074558895849,0.7995452443628868,0.09814753048060683,0.31802808529326787,0.439412794540513,False,1,0.439412794540513,909
1159_25.png,00547,"photorealistic orange juice still life, single tall clear glass, pale creamy orange juice, small orange garnish on the rim, minimal citrus pieces on brown studio surface, realistic food photography",1,"[0, 1, 0, 0, 4, 1]",0.9130489230155945,0.5249122381210327,0.03232299163937569,0.1797859606292318,0.501451195073359,0.8072430645978009,0.07278581853845842,0.9272141814615416,0.9682620254398914,0.8814367476685282,0.8814367476685282,0.5,0.0,0.0,0.5757730045585618,0.2906535674846017,0.37379280001099435,0.22856254570098108,0.7926383472964066,0.5124367845150405,0.39780050726997523,0.4392667633657646,False,1,0.4392667633657646,910
1159_25.png,00298,"photorealistic orange juice still life, single tall clear glass, soft pale orange juice, small orange garnish on the rim, scattered pale citrus cubes on brown tabletop, realistic food photography",1,"[0, 1, 3, 0, 0, 1]",0.9237159490585327,0.5371541380882263,0.033618468791246414,0.18335339863565772,0.5317478088231787,0.7904843930844908,0.07730589865207516,0.9226941013479248,0.9672773394161591,0.8721163802430264,0.8721163802430264,0.5,0.0,0.0,0.6703930345260036,0.257508890732546,0.34233720191139927,0.299963687541024,0.7386538650588197,0.3468549624352494,0.376827158857316,0.43919649559805507,False,1,0.43919649559805507,911
1159_25.png,00433,"orange juice still life, single tall clear glass, pale orange juice, small orange garnish on the rim, scattered pale citrus cubes on brown tabletop, realistic food photography",1,"[2, 1, 1, 0, 0, 1]",0.9331390261650085,0.5494224429130554,0.03266284242272377,0.1807286430611478,0.5376256234344622,0.774386935763889,0.0788274773116483,0.9211725226883517,0.9602623544919483,0.8629369749330629,0.8629369749330629,0.5,0.0,0.0,0.7539788282243814,0.22429272340522355,0.36548077337998175,0.31381614901527777,0.6867993431712015,0.29111573645762523,0.2274112847826865,0.43908596139112566,False,1,0.43908596139112566,912
1159_25.png,00980,"photorealistic orange juice still life, single clear glass, light creamy orange juice, orange slice on the rim, small pale citrus cubes in foreground, realistic food photography",1,"[0, 0, 2, 1, 3, 1]",0.9129862785339355,0.5322131514549255,0.030095946043729782,0.17348183202782297,0.5273532403992169,0.7821587456597222,0.07143538299666907,0.9285646170033309,0.9730329342871109,0.871575638355463,0.871575638355463,0.5,0.0,0.0,0.5752173273990608,0.2708865041124833,0.42937894763202844,0.2896068468077279,0.7118345694385277,0.5619066107106377,0.4994186181054571,0.4388964660949334,False,1,0.4388964660949334,913
1159_25.png,00229,"photorealistic orange juice still life, single clear glass, pale creamy orange juice, paired orange slices on the rim, scattered pale citrus cubes on brown tabletop, realistic food photography",1,"[0, 0, 0, 4, 0, 1]",0.9246286153793335,0.5456932187080383,0.0306453425437212,0.1750581119049363,0.48212836944149534,0.8082591869212963,0.08075775485015019,0.9192422451498499,0.9715234277072213,0.879756105458475,0.879756105458475,0.5,0.0,0.0,0.6784886850172307,0.23438951648003004,0.41548022641594995,0.18302373317612186,0.7959115684154185,0.22040484994435783,0.46726683909347605,0.43684551039155106,False,1,0.43684551039155106,914
1159_25.png,00442,"photorealistic citrus drink still life, single clear glass, pale creamy orange juice, small orange garnish on the rim, scattered pale citrus cubes on brown tabletop, soft depth of field",1,"[3, 0, 0, 0, 0, 2]",0.8781014084815979,0.5015438199043274,0.02622378244996071,0.16193758813185008,0.6225024324592654,0.8105864348234953,0.07144756528932776,0.9285524347106723,0.9782461622509574,0.8854064802694996,0.8854064802694996,0.5,0.0,0.0,0.2657770544986587,0.3539230493522195,0.5311693909982003,0.5138484407477578,0.8034083006557363,0.5614603429090005,0.6104579177452998,0.4358859108984757,False,1,0.4358859108984757,915
1159_25.png,00136,"photorealistic orange juice still life, single tall clear glass, light creamy orange juice, small orange garnish on the rim, scattered pale citrus cubes on brown tabletop, realistic food photography",1,"[0, 1, 2, 0, 0, 1]",0.9220067262649536,0.5347365140914917,0.03182503581047058,0.178395728117213,0.568503093569645,0.7667083740234375,0.08105221710117233,0.9189477828988277,0.9678590451963632,0.8602223013644092,0.8602223013644092,0.5,0.0,0.0,0.6552316660903698,0.26405455489370744,0.38605106352791696,0.3865862164224643,0.6620644959275885,0.20961796235998045,0.3892172179297864,0.4356295557650777,False,1,0.4356295557650777,916
1159_25.png,00325,"photorealistic orange juice still life, straight clear glass, pale creamy orange juice, orange slice on the rim, scattered pale citrus cubes on brown tabletop, realistic food photography",1,"[0, 3, 0, 1, 0, 1]",0.9337522387504578,0.5728129148483276,0.03091229312121868,0.17581892139704042,0.47377282824155065,0.7918842456958912,0.07324904409739337,0.9267509559026066,0.9735173810125909,0.8754142213315815,0.8754142213315815,0.5,0.0,0.0,0.7594182255763763,0.16096353157632204,0.40877184982443626,0.16333192249080647,0.7431631913723862,0.4954676755270564,0.5097371051317605,0.43421100667948825,False,1,0.43421100667948825,917
1159_25.png,00868,"photorealistic citrus drink still life, single clear glass, pale creamy orange juice, orange slice on the rim, scattered pale citrus cubes on brown tabletop, soft depth of field",1,"[3, 0, 0, 1, 0, 2]",0.8481389284133911,0.4570170044898987,0.02400320954620838,0.1549296922678425,0.6648836367098878,0.8198055691189237,0.07120296753306553,0.9287970324669345,0.9808863246901757,0.8901687324049778,0.8901687324049778,0.5,0.0,0.0,0.0,0.47447842945372976,0.5929609499334836,0.6137297806571899,0.8331057734668836,0.5704205695289915,0.6666921339006799,0.433856210662142,False,1,0.433856210662142,918
1159_25.png,00691,"realistic orange juice still life, single clear glass, pale orange juice, small orange garnish on the rim, orange halves and tiny cubes on a smooth brown surface, soft depth of field",1,"[1, 0, 1, 0, 2, 2]",0.9244207143783569,0.5211941003799438,0.03182411193847656,0.1783931387090786,0.5877799591752026,0.6750301784939237,0.07447102611687506,0.9255289738831249,0.969711742876145,0.8216410697565883,0.8216410697565883,0.5,0.0,0.0,0.6766445347485918,0.30072034420049254,0.3860738954261712,0.4320167132660944,0.36674276268600753,0.4507034226269867,0.4286788056896173,0.4332082947098423,False,1,0.4332082947098423,919
1159_25.png,00914,"clean citrus drink still life, single clear glass, pale creamy orange juice, small orange garnish on the rim, scattered pale citrus cubes on brown tabletop, realistic food photography",1,"[5, 0, 0, 0, 0, 1]",0.9333077073097229,0.5791049003601074,0.029101133346557617,0.17059054295756731,0.6051191346783577,0.7260323983651621,0.07288210090705274,0.9271178990929473,0.9742165201264755,0.8460491479721496,0.8460491479721496,0.5,0.0,0.0,0.7554750854664252,0.1439281182437977,0.454872656792466,0.47288058471105193,0.5310355248258712,0.5089097209176564,0.5246284388879179,0.43291756450880187,False,1,0.43291756450880187,920
1159_25.png,00871,"photorealistic citrus drink still life, single clear glass, pale creamy orange juice, tiny orange garnish on the rim, scattered pale citrus cubes on brown tabletop, realistic food photography",1,"[3, 0, 0, 2, 0, 1]",0.9145298004150391,0.5688762068748474,0.029838429763913155,0.17273803797633328,0.5618660482895876,0.8038075764973959,0.06853298892629912,0.9314670110737009,0.9809023475202786,0.8839073328036792,0.8839073328036792,0.5,0.0,0.0,0.5889088742329699,0.17162208242201682,0.4359372919425353,0.37094444815907274,0.7815716558712266,0.6682285533500358,0.6670334126333992,0.4315279423335492,False,1,0.4315279423335492,921
1159_25.png,00898,"photorealistic citrus drink still life, straight clear glass, pale creamy orange juice, small orange garnish on the rim, scattered pale citrus cubes on brown tabletop, warm realistic product photo",1,"[3, 3, 0, 0, 0, 0]",0.8928794264793396,0.5195586681365967,0.026866542175412178,0.16391016495450236,0.6128880267253103,0.7537485758463541,0.07136974276377414,0.9286302572362258,0.9856847871302926,0.8613444065895969,0.8613444065895969,0.5,0.0,0.0,0.3968629354346495,0.305148241275366,0.513776353293786,0.4911898178010948,0.6203172730681985,0.5643111763579894,0.7688971232841761,0.43009488205816476,False,1,0.43009488205816476,922
1159_25.png,00447,"photorealistic citrus drink still life, single clear glass, pale creamy orange juice, tiny orange garnish on the rim, scattered pale citrus cubes on brown tabletop, warm realistic product photo",1,"[3, 0, 0, 2, 0, 0]",0.852202832698822,0.46962517499923706,0.0220594834536314,0.14852435306585718,0.6735811281374043,0.7709830955222801,0.06617933309539191,0.9338206669046081,0.9842076937336625,0.8706211651483714,0.8706211651483714,0.5,0.0,0.0,0.03604816785151207,0.4403420832095427,0.6494395138962784,0.6342274779971231,0.6758345985661905,0.7544488439719432,0.7374357298055313,0.4296073093066232,False,1,0.4296073093066232,923
1159_25.png,00780,"realistic orange juice still life, straight clear glass, pale creamy orange juice, small orange garnish on the rim, scattered tiny citrus pieces on brown tabletop, realistic food photography",1,"[1, 3, 0, 0, 1, 1]",0.9297900199890137,0.5657638311386108,0.030508005991578102,0.17466541154899015,0.49774529252319244,0.8063687924985533,0.08180230981575298,0.918197690184247,0.971127838767413,0.8784607159423181,0.8784607159423181,0.5,0.0,0.0,0.7242720417725415,0.1800487717418896,0.4189428302644149,0.2198287091139997,0.7898220663892257,0.18214019309768495,0.4588409810404224,0.4295744897528926,False,1,0.4295744897528926,924
1159_25.png,00864,"photorealistic citrus drink still life, single clear glass, pale creamy orange juice, small orange garnish on the rim, scattered pale citrus cubes on brown tabletop, soft realistic product photo",1,"[3, 0, 0, 0, 0, 3]",0.8718891143798828,0.4878041744232178,0.025279676541686058,0.15899583812693355,0.63573811273193,0.7675374348958334,0.06944091331756322,0.9305590866824368,0.9812444985698763,0.8673364257559533,0.8673364257559533,0.5,0.0,0.0,0.21067196225413531,0.3911228393668098,0.5571080353971938,0.5450414543400312,0.6647351385202419,0.6349690156344749,0.6743210687999504,0.4293251026422576,False,1,0.4293251026422576,925
1159_25.png,00647,"photorealistic orange juice still life, straight clear glass, pale orange juice, orange slice on the rim, scattered pale citrus cubes on brown tabletop, realistic food photography",1,"[0, 3, 1, 1, 0, 1]",0.9232683181762695,0.5509265661239624,0.032191429287195206,0.1794197015023579,0.45681847456167957,0.7971971299913193,0.07264327592273298,0.927356724077267,0.9705799405864274,0.8774295500404227,0.8774295500404227,0.5,0.0,0.0,0.666422401350121,0.22022034266739887,0.37702226044576626,0.12337497476393615,0.7602775138083321,0.5176584764856618,0.447171007904296,0.4263523638859559,False,1,0.4263523638859559,926
1159_25.png,00289,"photorealistic orange juice still life, single tall clear glass, pale orange juice, tiny orange garnish on the rim, scattered pale citrus cubes on brown tabletop, realistic food photography",1,"[0, 1, 1, 2, 0, 1]",0.919608473777771,0.5318571329116821,0.03340347111225128,0.18276616511885146,0.543078600885926,0.7593395091869213,0.07714183392812733,0.9228581660718727,0.9668983195168632,0.8580828011626427,0.8580828011626427,0.5,0.0,0.0,0.6339583776130309,0.2718504165415313,0.3475150862816383,0.3266673811588317,0.638327271138491,0.3528650629749408,0.36875421356137933,0.42596744666717,False,1,0.42596744666717,927
1159_25.png,00689,"realistic orange juice still life, single clear glass, pale orange juice, small orange garnish on the rim, scattered pale citrus cubes on brown tabletop, clean studio product photo",1,"[1, 0, 1, 0, 0, 4]",0.9391419291496277,0.572876513004303,0.03520309180021286,0.18762486988726432,0.42227340788558837,0.8241345440899884,0.07683043793320732,0.9231695620667927,0.9652742772754447,0.8870247470189612,0.8870247470189612,0.5,0.0,0.0,0.8072265523801064,0.16079134095824155,0.30467384721750135,0.04196134794803492,0.847050642082919,0.3642722758851454,0.33416287891742485,0.4258511447948154,False,1,0.4258511447948154,928
1159_25.png,00557,"photorealistic orange juice still life, single tall clear glass, pale creamy orange juice, tiny orange garnish on the rim, small pale citrus cubes in foreground, warm realistic product photo",1,"[0, 1, 0, 2, 3, 0]",0.9216670393943787,0.5492072701454163,0.03460823372006416,0.18603288343748306,0.5224751063029558,0.7701252124927662,0.07349404266013512,0.9265059573398648,0.9815288801375663,0.8671392067182109,0.8671392067182109,0.5,0.0,0.0,0.6522185318068338,0.2248752989734244,0.3187110598765913,0.27811036910239484,0.673071111548026,0.4864927663648276,0.6803782622174978,0.4251434892024049,False,1,0.4251434892024049,929
1159_25.png,00639,"photorealistic orange juice still life, straight clear glass, pale creamy orange juice, orange slice on the rim, scattered tiny citrus pieces on brown tabletop, realistic food photography",1,"[0, 3, 0, 1, 1, 1]",0.9310186505317688,0.5667566657066345,0.03193823620676994,0.17871271976770411,0.48546467695244405,0.7917960838035301,0.07796257240633181,0.9220374275936682,0.9713431465315342,0.8732899666756793,0.8732899666756793,0.5,0.0,0.0,0.7351703988503668,0.17736069383620523,0.3832560151091876,0.19088653156601343,0.7428791966590568,0.3227993629749154,0.46342693498312965,0.42486437999958643,False,1,0.42486437999958643,930
1159_25.png,00079,"orange juice still life, single clear glass, pale creamy orange juice, small orange garnish on the rim, scattered pale citrus cubes on brown tabletop, realistic food photography",1,"[2, 0, 0, 0, 0, 1]",0.9316232800483704,0.5738052129745483,0.031506333500146866,0.17750023521152547,0.4839967102306632,0.7881040219907408,0.07428936046360463,0.9257106395363954,0.9715674961444816,0.872959032962468,0.872959032962468,0.5,0.0,0.0,0.7405336615582435,0.15827690607510125,0.3939470003014801,0.18742692050241855,0.7309860077989319,0.4573582891607072,0.4682054760461537,0.42443971203665315,False,1,0.42443971203665315,931
1159_25.png,00023,"realistic orange juice still life, single clear glass, pale creamy orange juice, small orange garnish on the rim, scattered pale citrus cubes on brown tabletop, realistic food photography",1,"[1, 0, 0, 0, 0, 1]",0.9352169036865234,0.584068775177002,0.031641218811273575,0.17787978752875094,0.4660751392417141,0.8098223650896991,0.07506671039729901,0.9249332896027009,0.9686829535238749,0.8818833063560849,0.8818833063560849,0.5,0.0,0.0,0.7724102853674502,0.13048853560674434,0.39060032822843804,0.14519049623582986,0.8009470131402168,0.4288820198957033,0.40676607715650404,0.42403762793391875,False,1,0.42403762793391875,932
1159_25.png,00692,"realistic orange juice still life, single clear glass, pale orange juice, small orange garnish on the rim, small pale citrus cubes in foreground, realistic food photography",1,"[1, 0, 1, 0, 3, 1]",0.9315725564956665,0.5504850149154663,0.0356445237994194,0.18879757360575217,0.4634947506851995,0.7969083432798033,0.08014568526003368,0.9198543147399663,0.9683036359617665,0.874218491827253,0.874218491827253,0.5,0.0,0.0,0.7400837269600177,0.2214158329192636,0.2943336263665127,0.13910919979631542,0.7593472490742865,0.24282648748697447,0.39868679178289207,0.4239747358805062,False,1,0.4239747358805062,933
1159_25.png,00497,"photorealistic orange juice still life, single clear glass, pale orange juice, orange slice on the rim, small pale citrus cubes in foreground, realistic food photography",1,"[0, 0, 1, 1, 3, 1]",0.9249811172485352,0.5451496839523315,0.03370191156864166,0.18358080392198325,0.5080218577655873,0.7757630524811922,0.07446505746659178,0.9255349425334082,0.9589588038669492,0.8648223642766192,0.8648223642766192,0.5,0.0,0.0,0.6816154925541376,0.2358611249582635,0.34033207406348864,0.24404786768267156,0.6912322093696409,0.4509220691917408,0.19964627058250545,0.42265169243524336,False,1,0.42265169243524336,934
1159_25.png,00794,"orange juice still life, single clear glass, pale creamy orange juice, small orange garnish on the rim, scattered pale citrus cubes on brown tabletop, clean studio product photo",1,"[2, 0, 0, 0, 0, 4]",0.9378777742385864,0.5718685388565063,0.03191886469721794,0.1786585142029843,0.46920840824681437,0.7769040708188658,0.07917561420376189,0.9208243857962382,0.9672327512650578,0.8653419171501846,0.8653419171501846,0.5,0.0,0.0,0.7960130824696809,0.16352040894545594,0.3837339683225348,0.15257478632526283,0.694907756332536,0.2783626127340652,0.37587745224466446,0.4219244357791164,False,1,0.4219244357791164,935
1159_25.png,00379,"realistic orange juice still life, single tall clear glass, pale creamy orange juice, tiny orange garnish on the rim, scattered pale citrus cubes on brown tabletop, realistic food photography",1,"[1, 1, 0, 2, 0, 1]",0.926879346370697,0.5560458302497864,0.03269365057349205,0.18081385614352694,0.5304252823039731,0.7988422535083912,0.08182517916446772,0.9181748208355323,0.959384608632758,0.872717123097764,0.872717123097764,0.5,0.0,0.0,0.6984534092987894,0.20636004687070586,0.36472941387007085,0.29684684074207834,0.7655769279782124,0.18130243174505747,0.20871571149447135,0.4218010460939482,False,1,0.4218010460939482,936
1159_25.png,00880,"photorealistic citrus drink still life, single clear glass, light creamy orange juice, small orange garnish on the rim, scattered pale citrus cubes on brown tabletop, realistic food photography",1,"[3, 0, 2, 0, 0, 1]",0.8815368413925171,0.5262873768806458,0.02655891515314579,0.1629690619508678,0.6289336051097417,0.7975407353153936,0.06890433257975268,0.9310956674202473,0.9800815274924551,0.8807931199875046,0.8807931199875046,0.5,0.0,0.0,0.29625047451974373,0.28693040933115,0.5220744534427804,0.5290050214272469,0.761384364998744,0.6546253080067994,0.6495503327351195,0.41936454821863817,False,1,0.41936454821863817,937
1159_25.png,00608,"photorealistic orange juice still life, clear cylindrical glass, pale creamy orange juice, tiny orange garnish on the rim, scattered pale citrus cubes on brown tabletop, soft depth of field",1,"[0, 2, 0, 2, 0, 2]",0.8688293695449829,0.5063448548316956,0.024141041561961174,0.15537387670377917,0.6589104653229378,0.8038081416377315,0.07230677270896539,0.9276932272910346,0.9759620690863536,0.881598707106112,0.881598707106112,0.5,0.0,0.0,0.18353101905163727,0.3409243521590234,0.5890443893446937,0.5996525883690901,0.7815734763501582,0.5299854295198573,0.5618078093923512,0.41911552395563195,False,1,0.41911552395563195,938
1159_25.png,00451,"photorealistic citrus drink still life, single clear glass, light creamy orange juice, small orange garnish on the rim, scattered pale citrus cubes on brown tabletop, warm realistic product photo",1,"[3, 0, 2, 0, 0, 0]",0.8657892942428589,0.49766796827316284,0.023890459910035133,0.15456539040171682,0.6489374846990494,0.7866866500289351,0.07012615080155205,0.929873849198448,0.9802279238697231,0.8755104245064222,0.8755104245064222,0.5,0.0,0.0,0.15656455107524322,0.36441683298042593,0.5961731523788073,0.5761488988157157,0.7264202466384853,0.6098670554248672,0.6526685066025162,0.4191090548441667,False,1,0.4191090548441667,939
1159_25.png,00357,"realistic orange juice still life, single clear glass, pale orange juice, orange slice on the rim, scattered tiny citrus pieces on brown tabletop, realistic food photography",1,"[1, 0, 1, 1, 1, 1]",0.92189621925354,0.5524686574935913,0.031247343868017197,0.17676918246124576,0.5136848540594839,0.7819632071035879,0.07871222932763561,0.9212877706723643,0.9676049753836294,0.8678551580086681,0.8678551580086681,0.5,0.0,0.0,0.6542514325473489,0.21604516396920193,0.4003929992118973,0.257394058942167,0.7112046837281949,0.2953375579086095,0.38380565061271654,0.4186500356686602,False,1,0.4186500356686602,940
1159_25.png,00905,"warm orange juice still life, single clear glass, pale orange juice, small orange garnish on the rim, scattered pale citrus cubes on brown tabletop, realistic food photography",1,"[4, 0, 1, 0, 0, 1]",0.9240859746932983,0.5548644065856934,0.03178984671831131,0.17829707434030237,0.4919694137236141,0.774839613172743,0.07739620621417255,0.9226037937858275,0.9735665776718708,0.8663024692871482,0.8663024692871482,0.5,0.0,0.0,0.673675283627985,0.20955872563450306,0.3869209352823576,0.20621648350934627,0.6882575467954105,0.3435467709200987,0.5107849707975147,0.4184441186262266,False,1,0.4184441186262266,941
1159_25.png,00537,"photorealistic orange juice still life, single clear glass, muted orange juice, orange slice on the rim, scattered pale citrus cubes on brown tabletop, realistic food photography",1,"[0, 0, 4, 1, 0, 1]",0.9277729392051697,0.5576576590538025,0.031650036573410034,0.17790457153600645,0.48567812985974007,0.7665145308883101,0.07607104891048114,0.9239289510895189,0.9622546901848029,0.8607576098180316,0.8607576098180316,0.5,0.0,0.0,0.7063798716919761,0.20199605559223321,0.3903817972350131,0.1913895838686855,0.6614400716540504,0.3920905921294977,0.26984709643647203,0.4146223754906545,False,1,0.4146223754906545,942
1159_25.png,00506,"photorealistic orange juice still life, single clear glass, pale orange juice, paired orange slices on the rim, scattered pale citrus cubes on brown tabletop, realistic food photography",1,"[0, 0, 1, 4, 0, 1]",0.9171268939971924,0.5458216667175293,0.030689645558595657,0.17518460422821308,0.48920968943434767,0.7930800826461226,0.0797712330243198,0.9202287669756802,0.9679053415128169,0.8725471739348066,0.8725471739348066,0.5,0.0,0.0,0.6119459486323786,0.23404174630012065,0.4143648905148044,0.1997125399648802,0.7470153247916458,0.2565436079611424,0.39020330765971456,0.4145519884083396,False,1,0.4145519884083396,943
1159_25.png,00074,"realistic orange juice still life, single tall clear glass, pale creamy orange juice, small orange garnish on the rim, scattered pale citrus cubes on brown tabletop, realistic food photography",1,"[1, 1, 0, 0, 0, 1]",0.9308781623840332,0.5592719912528992,0.033844828605651855,0.18396964044551442,0.5288294554777672,0.7758438675491899,0.08183715769329239,0.9181628423067076,0.9582670135947243,0.8621401379234279,0.8621401379234279,0.5,0.0,0.0,0.733924222765739,0.19762528642626365,0.33690353924701566,0.29308589707652577,0.6914925378568595,0.18086362832149855,0.1849114636916076,0.41426244886708485,False,1,0.41426244886708485,944
1159_25.png,00267,"photorealistic orange juice still life, single tall clear glass, pale creamy orange juice, small orange garnish on the rim, scattered pale citrus cubes on brown tabletop, clean studio product photo",1,"[0, 1, 0, 0, 0, 4]",0.9344502687454224,0.5543778538703918,0.03676030784845352,0.19172977819956274,0.4826867684711179,0.7744163230613426,0.08089256158448128,0.9191074384155187,0.9624325954283287,0.8626614679087015,0.8626614679087015,0.5,0.0,0.0,0.7656099812518439,0.2108760564830413,0.2684791478632975,0.18433973266856218,0.6868940080756443,0.2154665426272061,0.2736363943111009,0.4135375865074351,False,1,0.4135375865074351,945
1159_25.png,00457,"warm orange juice still life, single clear glass, pale creamy orange juice, small orange garnish on the rim, scattered pale citrus cubes on brown tabletop, realistic food photography",1,"[4, 0, 0, 0, 0, 1]",0.9211333394050598,0.5646819472312927,0.030672267079353333,0.17513499672924693,0.47976026669050076,0.7940057825159142,0.07596688319234557,0.9240331168076544,0.9743517833502303,0.8755845496848864,0.8755845496848864,0.5,0.0,0.0,0.6474844373385443,0.18297794878854134,0.41480230065266654,0.17744273848767864,0.7499972692816022,0.3959064425068336,0.527509481830394,0.41337608052482266,False,1,0.41337608052482266,946
1159_25.png,00668,"realistic orange juice still life, single clear glass, pale creamy orange juice, small orange garnish on the rim, scattered pale citrus cubes on brown tabletop, natural product photo",1,"[1, 0, 0, 0, 0, 5]",0.9321179389953613,0.5844426155090332,0.03023010678589344,0.17386807293431833,0.4608757176025122,0.7998436821831597,0.07763500331686901,0.922364996683131,0.9699997436934593,0.8767573545602095,0.8767573545602095,0.5,0.0,0.0,0.7449214491383568,0.12947637107384813,0.42597329946029927,0.13293682838329463,0.7688028166450027,0.33479903672557815,0.4348130874191054,0.41328629016607066,False,1,0.41328629016607066,947
1159_25.png,00279,"photorealistic orange juice still life, single tall clear glass, pale creamy orange juice, small orange wedge on the rim, scattered pale citrus cubes on brown tabletop, realistic food photography",1,"[0, 1, 0, 3, 0, 1]",0.9324256777763367,0.5522555708885193,0.03462376818060875,0.18607463067438493,0.5150549750398408,0.7684970431857638,0.08289758431920684,0.9171024156807932,0.9545952091309313,0.8577285567480576,0.8577285567480576,0.5,0.0,0.0,0.7476511933576753,0.21662209129782184,0.3183429569681768,0.260623073354943,0.6678263117460939,0.14201755292299367,0.10670375842694119,0.41296872419047054,False,1,0.41296872419047054,948
1159_25.png,00806,"orange juice still life, single clear glass, pale creamy orange juice, small orange wedge on the rim, scattered pale citrus cubes on brown tabletop, realistic food photography",1,"[2, 0, 0, 3, 0, 1]",0.9289803504943848,0.576169490814209,0.029785191640257835,0.17258386842418916,0.5235059847679057,0.7512478298611112,0.07903009883469096,0.9209699011653091,0.9781095866960158,0.8560229061845613,0.8560229061845613,0.5,0.0,0.0,0.7170900070107318,0.151875675468937,0.43729666958629654,0.2805398782252145,0.6122616537958806,0.28369320408327425,0.6075489227667931,0.4119121298317134,False,1,0.4119121298317134,949
1159_25.png,00883,"photorealistic citrus drink still life, single clear glass, soft pale orange juice, small orange garnish on the rim, scattered pale citrus cubes on brown tabletop, warm realistic product photo",1,"[3, 0, 3, 0, 0, 0]",0.8545151948928833,0.4859970808029175,0.02319047786295414,0.15228420096304848,0.6559626019731066,0.7756381564670138,0.0676874619954514,0.9323125380045486,0.9838742054527612,0.8721213998023004,0.8721213998023004,0.5,0.0,0.0,0.0565595811748633,0.39601550587005396,0.616287357038437,0.5927052505938374,0.6908298835257577,0.6992023162719668,0.7303325865311189,0.4108540365689578,False,1,0.4108540365689578,950
1159_25.png,00677,"realistic orange juice still life, single clear glass, pale creamy orange juice, orange slice on the rim, small pale citrus cubes in foreground, realistic food photography",1,"[1, 0, 0, 1, 3, 1]",0.9270401000976562,0.5689930319786072,0.03346340358257294,0.18293005106480711,0.4711102548229104,0.8200259738498265,0.07975128101367138,0.9202487189863287,0.9616716297487305,0.883433065827383,0.883433065827383,0.5,0.0,0.0,0.699879347737585,0.17130578100548666,0.3460700351158249,0.15705693796964063,0.8338157602502067,0.25727449993523993,0.25742818383219607,0.40880459409024195,False,1,0.40880459409024195,951
1159_25.png,00340,"realistic orange juice still life, single clear glass, pale creamy orange juice, small orange garnish on the rim, small pale citrus cubes in foreground, realistic food photography",1,"[1, 0, 0, 0, 3, 1]",0.93492591381073,0.5768161416053772,0.036345649510622025,0.19064535008916955,0.4655378005643597,0.8045185230396412,0.07925959683323196,0.9207404031667681,0.9666775948258346,0.8776279954413742,0.8776279954413742,0.5,0.0,0.0,0.7698291094467232,0.15012488257713352,0.2780410056298481,0.14392413044872435,0.7838618183671759,0.27528611929563823,0.36405288162749705,0.4073775356256401,False,1,0.4073775356256401,952
1159_25.png,00576,"photorealistic orange juice still life, single tall clear glass, pale orange juice, small orange wedge on the rim, scattered pale citrus cubes on brown tabletop, realistic food photography",1,"[0, 1, 1, 3, 0, 1]",0.9395038485527039,0.5555926561355591,0.03679108992218971,0.19181003603093794,0.48719310894431317,0.739717271592882,0.0817739248324103,0.9182260751675897,0.9572018790531055,0.8456922743360744,0.8456922743360744,0.5,0.0,0.0,0.8104368965404206,0.2075870058859498,0.26777148088112834,0.19495999069353884,0.5751184221545006,0.18318000592034406,0.1622245997478535,0.40627807210305505,False,1,0.40627807210305505,953
1159_25.png,00175,"realistic orange juice still life, single tall clear glass, pale creamy orange juice, small orange garnish on the rim, scattered pale citrus cubes on brown tabletop, soft depth of field",1,"[1, 1, 0, 0, 0, 2]",0.9186180233955383,0.5315802693367004,0.03449322655797005,0.18572352182200844,0.5242837908611411,0.7331463849103009,0.07775299793279174,0.9222470020672082,0.9657240678913857,0.8458471375114355,0.8458471375114355,0.5,0.0,0.0,0.6251727569094833,0.27260001862305283,0.321438831074376,0.28237296239910115,0.5539517136168182,0.33047659928885226,0.3437432071372958,0.4055972584722142,False,1,0.4055972584722142,954
1159_25.png,00720,"realistic orange juice still life, single clear glass, muted orange juice, small orange garnish on the rim, scattered pale citrus cubes on brown tabletop, realistic food photography",1,"[1, 0, 4, 0, 0, 1]",0.9328023195266724,0.5720712542533875,0.03447844460606575,0.18568372197386002,0.4456980378009551,0.7746695059317129,0.07169043865703431,0.9283095613429657,0.962212884662633,0.8659522010718355,0.8659522010718355,0.5,0.0,0.0,0.7509921295811642,0.16297156143646674,0.3217897630388633,0.0971670332087372,0.6877095826369998,0.5525632849479349,0.268956658509142,0.4055023098034133,False,1,0.4055023098034133,955
1159_25.png,00874,"photorealistic citrus drink still life, single clear glass, pale orange juice, small orange garnish on the rim, scattered pale citrus cubes on brown tabletop, soft depth of field",1,"[3, 0, 1, 0, 0, 2]",0.8661040663719177,0.5122626423835754,0.02617054432630539,0.16177312609424777,0.6134084982052386,0.817087244104456,0.06667693102256086,0.9333230689774391,0.974770164653491,0.8893063669198071,0.8893063669198071,0.5,0.0,0.0,0.15935668340571413,0.32490207162903784,0.5326195218058389,0.4924164320448163,0.8243492698059003,0.7362205893010677,0.5364208064873329,0.4045749339615389,False,1,0.4045749339615389,956
1159_25.png,00736,"realistic orange juice still life, single tall clear glass, pale creamy orange juice, small orange wedge on the rim, scattered pale citrus cubes on brown tabletop, realistic food photography",1,"[1, 1, 0, 3, 0, 1]",0.9263972043991089,0.5562258958816528,0.03370872512459755,0.18359936035999022,0.5336674354293501,0.7522622567635996,0.08258965858767449,0.9174103414123255,0.9613517826135867,0.851881991560651,0.851881991560651,0.5,0.0,0.0,0.6941766514080151,0.20587252310573778,0.3401684541617396,0.3044877420350012,0.6155294134780979,0.15329764141938282,0.2506155905359724,0.40035140802250446,False,1,0.40035140802250446,957
1159_25.png,00726,"realistic orange juice still life, single tall clear glass, pale creamy orange juice, small orange garnish on the rim, orange halves and tiny cubes on a smooth brown surface, soft depth of field",1,"[1, 1, 0, 0, 2, 2]",0.9323157072067261,0.5280148983001709,0.03907012939453125,0.197661653829293,0.5115197484501987,0.6506342004846644,0.07092732925856081,0.9290726707414392,0.961023138688897,0.8101654527153821,0.8101654527153821,0.5,0.0,0.0,0.7466757182299119,0.28225318282334844,0.21617531092219955,0.25229147506979704,0.2881563281668141,0.5805178878464099,0.24361562976665554,0.3995123744770049,False,1,0.3995123744770049,958
1159_25.png,00582,"photorealistic orange juice still life, single tall clear glass, light creamy orange juice, small orange garnish on the rim, small pale citrus cubes in foreground, warm realistic product photo",1,"[0, 1, 2, 0, 3, 0]",0.9280284643173218,0.5503906011581421,0.036949362605810165,0.1922221699123443,0.5205582649752752,0.7154343216507523,0.07903970548578058,0.9209602945142195,0.9760195497341013,0.8394854577696356,0.8394854577696356,0.5,0.0,0.0,0.7086464634929094,0.2216714561048675,0.26413752348273944,0.273592878776487,0.49689608342162633,0.28334128846418766,0.5630321201098204,0.3983994183434847,False,1,0.3983994183434847,959
1159_25.png,00162,"realistic orange juice still life, single clear glass, pale creamy orange juice, tiny orange garnish on the rim, scattered pale citrus cubes on brown tabletop, realistic food photography",1,"[1, 0, 0, 2, 0, 1]",0.9352980852127075,0.6024861931800842,0.032587360590696335,0.18051969585254773,0.4446549884042652,0.8130775734230324,0.07858587758829647,0.9214141224117035,0.9707430214119707,0.8825284551668549,0.8825284551668549,0.5,0.0,0.0,0.773130392209734,0.08062377866905202,0.3673231486100256,0.09470884040427993,0.8114329717862174,0.2999661376454386,0.4506445526597899,0.396852582138795,False,1,0.396852582138795,960
1159_25.png,00755,"realistic orange juice still life, single tall clear glass, soft pale orange juice, small orange garnish on the rim, scattered pale citrus cubes on brown tabletop, realistic food photography",1,"[1, 1, 3, 0, 0, 1]",0.9272980093955994,0.550765872001648,0.03552808612585068,0.18848895491739212,0.510320954015863,0.7376793755425348,0.07863057580108058,0.9213694241989194,0.9586492397721155,0.8461648654181855,0.8461648654181855,0.5,0.0,0.0,0.7021670880507733,0.22065541849340153,0.29705484686413364,0.2494662322175801,0.5685537751271607,0.2983287304910385,0.1930527012004718,0.39653278614233534,False,1,0.39653278614233534,961
1159_25.png,00448,"photorealistic citrus drink still life, single clear glass, pale orange juice, small orange garnish on the rim, scattered pale citrus cubes on brown tabletop, realistic food photography",1,"[3, 0, 1, 0, 0, 1]",0.8782077431678772,0.5246158838272095,0.02871987409889698,0.16946938985815987,0.5744281438018792,0.8039251256872108,0.06962943083577548,0.9303705691642246,0.9777545128230261,0.8829469083313286,0.8829469083313286,0.5,0.0,0.0,0.2667202781452332,0.2914559402616361,0.46475833420004853,0.4005499998186748,0.781950315488999,0.6280631481775002,0.5999860165500286,0.39637535240227784,False,1,0.39637535240227784,962
1159_25.png,00902,"warm orange juice still life, single clear glass, pale creamy orange juice, orange slice on the rim, scattered pale citrus cubes on brown tabletop, realistic food photography",1,"[4, 0, 0, 1, 0, 1]",0.9207258224487305,0.574245035648346,0.03209312632679939,0.17914554509336644,0.4795385994444515,0.7927958170572916,0.07515171260877043,0.9248482873912296,0.9686477610019735,0.8741845704631063,0.8741845704631063,0.5,0.0,0.0,0.6438696278813526,0.157086095793175,0.37943961256292424,0.17692032715131106,0.7460996238890525,0.42576817662247546,0.40601649301945986,0.39594795785770603,False,1,0.39594795785770603,963
1159_25.png,00055,"photorealistic orange juice still life, single tall clear glass, pale orange juice, small orange garnish on the rim, scattered pale citrus cubes on brown tabletop, realistic food photography",1,"[0, 1, 1, 0, 0, 1]",0.9185705184936523,0.5411795973777771,0.03512311354279518,0.1874116152824984,0.5059339335487967,0.7439134385850695,0.07897379057171892,0.9210262094282811,0.9678205265867484,0.8506843259805293,0.8506843259805293,0.5,0.0,0.0,0.6247513728028018,0.24661004763725258,0.30655420256728516,0.23912718003139194,0.5886354782216107,0.28575591636860775,0.3883967896913921,0.3946025367927763,False,1,0.3946025367927763,964
1159_25.png,00130,"photorealistic orange juice still life, single tall clear glass, pale orange juice, small orange garnish on the rim, scattered pale citrus cubes on brown tabletop, soft depth of field",1,"[0, 1, 1, 0, 0, 2]",0.9210487604141235,0.5275168418884277,0.038439229130744934,0.19605924903137045,0.4677409960428338,0.7329299361617477,0.07433744087743677,0.9256625591225632,0.9599404849552389,0.8457884639567314,0.8457884639567314,0.5,0.0,0.0,0.6467341938662969,0.2836016596787184,0.230304386529266,0.14911648211412476,0.5532544701860166,0.4555969835359015,0.22055561528588485,0.3945770751258894,False,1,0.3945770751258894,965
1159_25.png,00779,"realistic orange juice still life, straight clear glass, pale creamy orange juice, small orange garnish on the rim, scattered pale citrus cubes on brown tabletop, soft depth of field",1,"[1, 3, 0, 0, 0, 2]",0.8620344400405884,0.489397794008255,0.030960746109485626,0.1759566597474663,0.5413951913437985,0.8298006410951967,0.06796034426616053,0.9320396557338395,0.972999192295028,0.894224006458688,0.894224006458688,0.5,0.0,0.0,0.12325775912478996,0.38680814915096473,0.40755735298213847,0.322700028091427,0.8653027638511135,0.6892059572558588,0.4986999295701913,0.3911538259201893,False,1,0.3911538259201893,966
1159_25.png,00920,"photorealistic orange juice still life, single clear glass, pale creamy orange juice, small orange garnish on the rim, small pale citrus cubes in foreground, clean studio product photo",1,"[0, 0, 0, 0, 3, 4]",0.9337618947029114,0.5766763091087341,0.038279395550489426,0.19565120891650384,0.469550432568296,0.7605986418547453,0.07630686230985988,0.9236931376901402,0.9709427271832677,0.859750532462838,0.859750532462838,0.5,0.0,0.0,0.7595038770510092,0.15050347600732716,0.23390224746998511,0.15338084759971793,0.6423832981980897,0.38345215843839303,0.4548981915055569,0.3904669859962389,False,1,0.3904669859962389,967
1159_25.png,00269,"photorealistic orange juice still life, single tall clear glass, pale creamy orange juice, small orange garnish on the rim, orange halves and tiny cubes on a smooth brown surface, soft depth of field",1,"[0, 1, 0, 0, 2, 2]",0.9261623024940491,0.525334894657135,0.038037560880184174,0.19503220472574312,0.5306661283824652,0.622018884729456,0.07248057795860474,0.9275194220413953,0.9711440878608371,0.7987691134149109,0.7987691134149109,0.5,0.0,0.0,0.6920929942380878,0.28950923414551255,0.2393602672061267,0.29741445153693596,0.19597819794431506,0.5236185092000987,0.45918707907528633,0.3880006975331769,False,1,0.3880006975331769,968
1159_25.png,00839,"orange juice still life, single tall clear glass, pale orange juice, small orange garnish on the rim, scattered pale citrus cubes on brown tabletop, soft depth of field",1,"[2, 1, 1, 0, 0, 2]",0.9132559299468994,0.5538339018821716,0.03438481688499451,0.18543143445757654,0.5360220728808086,0.7492212366174767,0.07414217813631685,0.9258578218636832,0.9673761089015749,0.8546750159104686,0.8546750159104686,0.5,0.0,0.0,0.5776092241351052,0.2123487946091911,0.32401428795098886,0.31003700255770444,0.6057334163471721,0.46274994535211594,0.3789309023656397,0.38709848169853456,False,1,0.38709848169853456,969
1159_25.png,00067,"realistic orange juice still life, single clear glass, pale creamy orange juice, orange slice on the rim, scattered pale citrus cubes on brown tabletop, realistic food photography",1,"[1, 0, 0, 1, 0, 1]",0.9156644344329834,0.5792678594589233,0.030917225405573845,0.17583294744038686,0.46171452469258806,0.8095968740957754,0.07478024130586089,0.9252197586941391,0.9683794605440705,0.8818214009948617,0.8818214009948617,0.5,0.0,0.0,0.5989734512151407,0.14348691004339298,0.4086481763137437,0.13491367584583636,0.8002206420465092,0.4393760980840468,0.400301819664449,0.3868401012035992,False,1,0.3868401012035992,970
1159_25.png,00701,"realistic orange juice still life, single clear glass, pale orange juice, small orange wedge on the rim, scattered pale citrus cubes on brown tabletop, realistic food photography",1,"[1, 0, 1, 3, 0, 1]",0.9305386543273926,0.5791589617729187,0.033988285809755325,0.18435912185122635,0.4388502435120798,0.7677487973813658,0.07708924473292271,0.9229107552670773,0.964198990821269,0.8613455213293455,0.8613455213293455,0.5,0.0,0.0,0.7309126746206221,0.14378174814951572,0.3334693182337082,0.08102858501947934,0.6654159976406594,0.35479153652072337,0.3112597840188512,0.38436757767685814,False,1,0.38436757767685814,971
1159_25.png,00205,"photorealistic citrus drink still life, single clear glass, pale creamy orange juice, small orange garnish on the rim, scattered pale citrus cubes on brown tabletop, realistic food photography",1,"[3, 0, 0, 0, 0, 1]",0.8846865296363831,0.5469366312026978,0.029408475384116173,0.17148899493587386,0.5623739777040511,0.7966348153573496,0.06907609147756846,0.9309239085224316,0.978221327811575,0.8799533004559734,0.8799533004559734,0.5,0.0,0.0,0.32418924534706295,0.23102300431154332,0.44695062863374524,0.3721415040566827,0.7584661372713933,0.6483333506644793,0.6099289558861422,0.382868127825236,False,1,0.382868127825236,972
1159_25.png,00724,"realistic orange juice still life, single tall clear glass, pale creamy orange juice, small orange garnish on the rim, scattered pale citrus cubes on brown tabletop, clean studio product photo",1,"[1, 1, 0, 0, 0, 4]",0.9296755194664001,0.5580324530601501,0.037291958928108215,0.19311126049018534,0.4675966700290645,0.7439467818648726,0.0794243730671517,0.9205756269328483,0.9547386216713167,0.847925245599953,0.847925245599953,0.5,0.0,0.0,0.7232563844714934,0.2009813090069572,0.25629803872075385,0.14877634369913734,0.5887428864785744,0.26924995436889604,0.10975837797444651,0.3805371353942175,False,1,0.3805371353942175,973
1159_25.png,00867,"photorealistic citrus drink still life, single clear glass, pale creamy orange juice, small orange garnish on the rim, small pale citrus cubes in foreground, warm realistic product photo",1,"[3, 0, 0, 0, 3, 0]",0.8733405470848083,0.5126731395721436,0.030504439026117325,0.17465520039814825,0.5915662955629027,0.7630417435257524,0.0718265740897446,0.9281734259102554,0.9837555420209988,0.8649805920593777,0.8649805920593777,0.5,0.0,0.0,0.22354664780219374,0.3237906594577916,0.41903286626684544,0.44094011123078936,0.6502532286193853,0.5475763040911388,0.7278051113377971,0.3797780451439437,False,1,0.3797780451439437,974
1159_25.png,00414,"orange juice still life, single clear glass, pale creamy orange juice, tiny orange garnish on the rim, scattered pale citrus cubes on brown tabletop, realistic food photography",1,"[2, 0, 0, 2, 0, 1]",0.9290879964828491,0.5976419448852539,0.03293563425540924,0.18148177389316328,0.45680577202184214,0.7853404857494213,0.07881593350971382,0.9211840664902862,0.970970176920809,0.8700116772430015,0.8700116772430015,0.5,0.0,0.0,0.7180448623390466,0.09373947511070957,0.358840102757081,0.12334503822197966,0.7220838658234207,0.29153861474960036,0.4554828579834134,0.3781619362415221,False,1,0.3781619362415221,975
1159_25.png,00402,"realistic orange juice still life, straight clear glass, pale creamy orange juice, small orange garnish on the rim, scattered pale citrus cubes on brown tabletop, realistic food photography",1,"[1, 3, 0, 0, 0, 1]",0.9324811697006226,0.6042196750640869,0.0354539230465889,0.18829212157333852,0.40446855605210624,0.8161965829354746,0.07617546342075593,0.9238245365792441,0.9690049466204557,0.8844280394477902,0.8844280394477902,0.5,0.0,0.0,0.7481434249804112,0.07593041433387648,0.29879040906647514,0.0,0.8214801950097032,0.3882656278748198,0.41362437842035515,0.37674263436204325,False,1,0.37674263436204325,976
1159_25.png,00797,"orange juice still life, single clear glass, pale creamy orange juice, small orange garnish on the rim, small pale citrus cubes in foreground, realistic food photography",1,"[2, 0, 0, 0, 3, 1]",0.9332478642463684,0.5839194655418396,0.03659411892294884,0.19129589363849095,0.4681227373366657,0.7758591263382524,0.08403745903130173,0.9159625409686982,0.9626085126296952,0.862245198717197,0.862245198717197,0.5,0.0,0.0,0.7549442578088238,0.13089278818246264,0.2723048901327104,0.15001614583536338,0.6915416907880125,0.10026109573039252,0.2773833478243171,0.3758522938391536,False,1,0.3758522938391536,977
1159_25.png,00859,"orange juice still life, straight clear glass, pale creamy orange juice, small orange garnish on the rim, scattered pale citrus cubes on brown tabletop, realistic food photography",1,"[2, 3, 0, 0, 0, 1]",0.9354923963546753,0.5964392423629761,0.03452765941619873,0.1858161979381742,0.43164171357441306,0.789735582139757,0.08666337485501839,0.9133366251449816,0.967584060674169,0.868565642898468,0.868565642898468,0.5,0.0,0.0,0.7748539959585193,0.09699576591823189,0.32062166686345195,0.0640399778837858,0.7362417304744533,0.004067241685790261,0.38336017715428333,0.37224227561350487,False,1,0.37224227561350487,978
1159_25.png,00452,"photorealistic citrus drink still life, single tall clear glass, pale creamy orange juice, small orange garnish on the rim, scattered pale citrus cubes on brown tabletop, realistic food photography",1,"[3, 1, 0, 0, 0, 1]",0.876010537147522,0.539055585861206,0.03111877292394638,0.17640513859847276,0.541911681338853,0.8286528410734953,0.07297102003630364,0.9270289799636964,0.9810945627074062,0.8935728340118478,0.8935728340118478,0.5,0.0,0.0,0.2472303379638001,0.2523607624219716,0.4036029267333805,0.32391725902358254,0.8616053711410395,0.5056523911648585,0.6711275055652277,0.37075575624322793,False,1,0.37075575624322793,979
1159_25.png,00595,"photorealistic orange juice still life, single tall clear glass, muted orange juice, small orange garnish on the rim, scattered pale citrus cubes on brown tabletop, realistic food photography",1,"[0, 1, 4, 0, 0, 1]",0.9267355799674988,0.5614445209503174,0.03777622431516647,0.194361066870828,0.4731811324916546,0.7269643147786459,0.07896827724256403,0.9210317227574359,0.9617219090552209,0.8418394264265374,0.8418394264265374,0.5,0.0,0.0,0.6971781540098108,0.19174320972672043,0.2452779713387866,0.16193745139534524,0.5340374945840752,0.28595788338340494,0.25849910937348947,0.3689882346429839,False,1,0.3689882346429839,980
1159_25.png,00785,"realistic orange juice still life, straight clear glass, pale orange juice, small orange garnish on the rim, scattered pale citrus cubes on brown tabletop, realistic food photography",1,"[1, 3, 1, 0, 0, 1]",0.9248114824295044,0.5828208327293396,0.03716515004634857,0.19278264975445422,0.4165085738918675,0.797079015661169,0.07543512288723986,0.9245648771127601,0.9644557705586471,0.8751744181487215,0.8751744181487215,0.5,0.0,0.0,0.6801107759071918,0.13386731252403528,0.2591955374903895,0.028375152042810606,0.7598970337116288,0.41538615039162524,0.3167290714541779,0.3688983653524081,False,1,0.3688983653524081,981
1159_25.png,00937,"photorealistic orange juice still life, single clear glass, pale creamy orange juice, small orange wedge on the rim, small pale citrus cubes in foreground, realistic food photography",1,"[0, 0, 0, 3, 3, 1]",0.9217020869255066,0.5795210599899292,0.03557874634861946,0.1886232921688609,0.4515600521501403,0.7888714825665509,0.07569121353184728,0.9243087864681527,0.9572314855731826,0.8699465395334379,0.8699465395334379,0.5,0.0,0.0,0.6525294149369827,0.14280137513654623,0.2958703389387276,0.11098225762526216,0.7334582181880408,0.4060049105715739,0.16285520467764625,0.36806470881182785,False,1,0.36806470881182785,982
1159_25.png,00890,"photorealistic citrus drink still life, single tall clear glass, pale orange juice, small orange garnish on the rim, scattered pale citrus cubes on brown tabletop, realistic food photography",1,"[3, 1, 1, 0, 0, 1]",0.892347514629364,0.5593665838241577,0.03335857763886452,0.1826433071285792,0.5103068308778367,0.8260006374782987,0.07656588802334506,0.9234341119766549,0.9770321898061702,0.8903086640182977,0.8903086640182977,0.5,0.0,0.0,0.3921447023505514,0.1973691791058385,0.34859837674341143,0.2494329476997205,0.8530618635150535,0.37396339971590975,0.5846008765826926,0.3657395069988503,False,1,0.3657395069988503,983
1159_25.png,00782,"realistic orange juice still life, straight clear glass, pale creamy orange juice, orange slice on the rim, scattered pale citrus cubes on brown tabletop, realistic food photography",1,"[1, 3, 0, 1, 0, 1]",0.9196860194206238,0.5855573415756226,0.032879333943128586,0.18132659469346626,0.45091406104161486,0.7964658383969908,0.08392709619611875,0.9160729038038813,0.9655765549329535,0.8721504545965951,0.8721504545965951,0.5,0.0,0.0,0.6346462329741258,0.12645827459836578,0.36020838288704915,0.10945982666488777,0.7579218140708458,0.10430396198058417,0.34060125061713137,0.3615091428648189,False,1,0.3615091428648189,984
1159_25.png,00566,"photorealistic orange juice still life, single tall clear glass, pale orange juice, small orange garnish on the rim, orange halves and tiny cubes on a smooth brown surface, soft depth of field",1,"[0, 1, 1, 0, 2, 2]",0.9210320711135864,0.5317381620407104,0.04074819013476372,0.2018618095003701,0.5238892881490225,0.5611803973162616,0.07385015562640937,0.9261498443735906,0.9734817624791371,0.7713799768189018,0.7713799768189018,0.5,0.0,0.0,0.6465861542805118,0.2721725275759159,0.17914077563184383,0.28144322337490313,0.0,0.47344745912695474,0.5089784471493481,0.33784825122282985,False,1,0.33784825122282985,985
1159_25.png,00552,"photorealistic orange juice still life, single tall clear glass, pale creamy orange juice, orange slice on the rim, small pale citrus cubes in foreground, realistic food photography",1,"[0, 1, 0, 1, 3, 1]",0.9004995822906494,0.5782660245895386,0.036163944751024246,0.19016820120888836,0.4859403933971486,0.77447509765625,0.07568902949840031,0.9243109705015997,0.9819222288188312,0.8684070793846386,0.8684070793846386,0.5,0.0,0.0,0.4644562241657705,0.14619935606841217,0.2822482275590763,0.1920076699752257,0.6870833378845305,0.40608491717069267,0.6887564038189781,0.3373323144787189,False,1,0.3373323144787189,986
1159_25.png,00884,"photorealistic citrus drink still life, single tall clear glass, pale creamy orange juice, small orange garnish on the rim, scattered pale citrus cubes on brown tabletop, soft depth of field",1,"[3, 1, 0, 0, 0, 2]",0.8672182559967041,0.5581507086753845,0.02930281311273575,0.1711806446790517,0.5721717783898638,0.8095465766059028,0.07383670794838104,0.926163292051619,0.9778397754073064,0.8840210667721842,0.8840210667721842,0.5,0.0,0.0,0.16923991189529794,0.2006611345118573,0.4496694822578401,0.3952323406189815,0.8000586194215973,0.4739400811545975,0.601802069427368,0.33314561117814906,False,1,0.33314561117814906,987
1159_25.png,00382,"realistic orange juice still life, single tall clear glass, pale orange juice, small orange garnish on the rim, scattered pale citrus cubes on brown tabletop, soft depth of field",1,"[1, 1, 1, 0, 0, 2]",0.9227756261825562,0.5753845572471619,0.040088996291160583,0.20022236711007235,0.480980462471454,0.6931892677589699,0.079897575250115,0.920102424749885,0.9595701064529047,0.8258850404445772,0.8258850404445772,0.5,0.0,0.0,0.6620520612926182,0.15400086595581686,0.1935964272349705,0.18031841867913176,0.4252383917160927,0.25191537672918546,0.21266672767420822,0.32609559573510033,False,1,0.32609559573510033,988
1159_25.png,00285,"photorealistic orange juice still life, single tall clear glass, pale orange juice, small orange garnish on the rim, small pale citrus cubes in foreground, warm realistic product photo",1,"[0, 1, 1, 0, 3, 0]",0.9272107481956482,0.6027149558067322,0.04115147888660431,0.20285827290649083,0.45578379644204786,0.7036856192129629,0.08158733679899167,0.9184126632010083,0.9753046911176895,0.8331638989897241,0.8331638989897241,0.5,0.0,0.0,0.701393052502239,0.0800044088544386,0.1703545395802495,0.12093651085543906,0.4590501469126495,0.19001519153103077,0.5478059683554068,0.31338812027264407,False,1,0.31338812027264407,989
1159_25.png,00746,"realistic orange juice still life, single tall clear glass, pale orange juice, tiny orange garnish on the rim, scattered pale citrus cubes on brown tabletop, realistic food photography",1,"[1, 1, 1, 2, 0, 1]",0.917120099067688,0.5902706980705261,0.03851078450679779,0.196241648247251,0.4600492751473991,0.7269174081307872,0.08130383404507135,0.9186961659549286,0.9586983577966718,0.8403961633024136,0.8403961633024136,0.5,0.0,0.0,0.6118856753724518,0.11369696484584102,0.22869609609280017,0.13098912110988628,0.533886394832753,0.20040060536857487,0.1940988919836582,0.30973034576172576,False,1,0.30973034576172576,990
1159_25.png,00572,"photorealistic orange juice still life, single tall clear glass, pale orange juice, orange slice on the rim, small pale citrus cubes in foreground, warm realistic product photo",1,"[0, 1, 1, 1, 3, 0]",0.9059246182441711,0.5825785398483276,0.03923738747835159,0.19808429387094675,0.46800964817105917,0.7368062337239584,0.08270714948102788,0.9172928505189721,0.9770918181349995,0.8480336664844215,0.8480336664844215,0.5,0.0,0.0,0.5125780776636816,0.13452331520678773,0.21244871629964124,0.14974962444717382,0.5657411351778426,0.1489936565982684,0.5858709318954101,0.305471539244229,False,1,0.305471539244229,991
1159_25.png,00123,"photorealistic orange juice still life, single tall clear glass, pale creamy orange juice, small orange garnish on the rim, small pale citrus cubes in foreground, warm realistic product photo",1,"[0, 1, 0, 0, 3, 0]",0.9192309379577637,0.6001479625701904,0.040805887430906296,0.20200467180465478,0.44373325234574323,0.7253361454716435,0.08447211601657882,0.9155278839834212,0.9692015553940648,0.8406763359352499,0.8406763359352499,0.5,0.0,0.0,0.6306095106974462,0.08695448696959196,0.17788109873793112,0.09253655119740442,0.5287926947821431,0.0843385249367771,0.4178120526743891,0.2970676748793187,False,1,0.2970676748793187,992
1159_25.png,00564,"photorealistic orange juice still life, single tall clear glass, pale orange juice, small orange garnish on the rim, scattered pale citrus cubes on brown tabletop, clean studio product photo",1,"[0, 1, 1, 0, 0, 4]",0.9139862060546875,0.5750192999839783,0.04189658910036087,0.20468656306743946,0.45709340772190354,0.6868806061921297,0.0814566040673614,0.9185433959326386,0.9567236738589928,0.8219311961346804,0.8219311961346804,0.5,0.0,0.0,0.5840870134388221,0.15498979201729457,0.15423373792689132,0.12402291983567872,0.4049163854026717,0.19480425795566986,0.1520390543992422,0.29119126882253754,False,1,0.29119126882253754,993
1159_25.png,00375,"realistic orange juice still life, single tall clear glass, pale creamy orange juice, small orange garnish on the rim, small pale citrus cubes in foreground, warm realistic product photo",1,"[1, 1, 0, 0, 3, 0]",0.8980526924133301,0.5811230540275574,0.038711875677108765,0.19675333714351267,0.4511392577158595,0.7475608543113426,0.07910258386682512,0.9208974161331749,0.965284224537728,0.851773324994261,0.851773324994261,0.5,0.0,0.0,0.44275150603842894,0.1384640112732407,0.22418432034677716,0.10999055593425185,0.6003848492461394,0.28103789634699416,0.334374750917831,0.28955522377527876,False,1,0.28955522377527876,994
1159_25.png,00181,"realistic orange juice still life, single tall clear glass, pale orange juice, small orange garnish on the rim, scattered pale citrus cubes on brown tabletop, realistic food photography",1,"[1, 1, 1, 0, 0, 1]",0.9075997471809387,0.586290717124939,0.03900127112865448,0.19748739486016437,0.4716385804035873,0.6869150797526041,0.0811703901733351,0.9188296098266648,0.9504854949136133,0.8207992483107271,0.8207992483107271,0.5,0.0,0.0,0.5274370223740685,0.12447267631827086,0.21771182538672174,0.1583020622609274,0.40502743461749896,0.20528898762553915,0.01916878171470269,0.272848918205938,False,1,0.272848918205938,995
1159_25.png,00546,"photorealistic orange juice still life, single tall clear glass, pale creamy orange juice, small orange garnish on the rim, small pale citrus cubes in foreground, soft depth of field",1,"[0, 1, 0, 0, 3, 2]",0.9248788356781006,0.6322643756866455,0.04433441907167435,0.2105574008950394,0.46754462096039734,0.682094997829861,0.08278359817495223,0.9172164018250477,0.9857098827596016,0.8251104662141245,0.8251104662141245,0.5,0.0,0.0,0.6807082213783966,0.0,0.1024680969037699,0.14865367774824145,0.38950056980990533,0.14619315003257885,0.7694316483657214,0.2700362650223743,False,1,0.2700362650223743,996
1159_25.png,00727,"realistic orange juice still life, single tall clear glass, pale creamy orange juice, small orange garnish on the rim, small pale citrus cubes in foreground, realistic food photography",1,"[1, 1, 0, 0, 3, 1]",0.9142683744430542,0.6100835800170898,0.043193552643060684,0.20783058639926097,0.4524451676059987,0.695541946976273,0.081382776855625,0.918617223144375,0.9576177418364891,0.8260334526071519,0.8260334526071519,0.5,0.0,0.0,0.5865899398642054,0.060054019763351674,0.12651156471368152,0.11306824171346529,0.43281704550833183,0.19750873308246308,0.17108228111790355,0.25746464240141237,False,1,0.25746464240141237,997
1159_25.png,00742,"realistic orange juice still life, single tall clear glass, pale orange juice, small orange garnish on the rim, small pale citrus cubes in foreground, warm realistic product photo",1,"[1, 1, 1, 0, 3, 0]",0.904471755027771,0.584108293056488,0.04142821207642555,0.20353921508256229,0.43055999189388255,0.7057178638599538,0.08677440309489586,0.9132255969051042,0.9570974146173276,0.8286214805772313,0.8286214805772313,0.5,0.0,0.0,0.4996907030082701,0.13038154181125483,0.16435038663323687,0.06149064468830724,0.4655965891506741,0.0,0.15999955647974842,0.25717290616764565,False,1,0.25717290616764565,998
1159_25.png,00270,"photorealistic orange juice still life, single tall clear glass, pale creamy orange juice, small orange garnish on the rim, small pale citrus cubes in foreground, realistic food photography",1,"[0, 1, 0, 0, 3, 1]",0.9106895327568054,0.5993866324424744,0.044685084372758865,0.2113884679275548,0.44737183986902224,0.6741915102358217,0.08111776632083895,0.9188822336791611,0.9565859260463013,0.8163121466030865,0.8163121466030865,0.5,0.0,0.0,0.5548444368309801,0.08901577166007091,0.09514023009247874,0.10111174398932495,0.3640411719515167,0.20721673075445868,0.14910509088292245,0.246709316726462,False,1,0.246709316726462,999
1159_25.png,00567,"photorealistic orange juice still life, single tall clear glass, pale orange juice, small orange garnish on the rim, small pale citrus cubes in foreground, realistic food photography",1,"[0, 1, 1, 0, 3, 1]",0.9034819602966309,0.60477215051651,0.049363285303115845,0.22217849874170056,0.4100991182388674,0.6373760082103588,0.08094114658525223,0.9190588534147478,0.949585532204986,0.7984069088308204,0.7984069088308204,0.5,0.0,0.0,0.4909108981455927,0.07443459911458195,0.0,0.013269752608524053,0.2454478924315408,0.21368675272278506,0.0,0.1885869776270259,False,1,0.1885869776270259,1000
