target_name,id,prompt,seed_index,combo,clip_iisim,lpips_alex,pixel_mse_01,pixel_rmse_01,pixel_ssim_01,color_hist_sim,edge_rmse,edge_sim,layout_sim,visual_specific_score,region_score,heuristic_score,saliency_component_count,largest_component_fraction,clip_norm,lpips_norm,rmse_norm,ssim_norm,color_norm,edge_norm,layout_norm,combined_score,is_pareto,pareto_rank,selection_score,rank
7836.png,00648,"small space explorer at bottom edge, broad pale pink cosmic dust stripe in empty sky, empty dark blue starfield, tiny rim-lit grey ground below the explorer, realistic sci fi landscape",1,"[0, 3, 1, 1, 1, 0]",0.8996080756187439,0.4131477475166321,0.005907539743930101,0.0768605213612951,0.7918453639572072,0.7570049144603588,0.04132776891874068,0.9586722310812593,0.9888575959550594,0.873959011576614,0.873959011576614,0.5,0.0,0.0,0.9012197965965778,0.8698374164307099,1.0,0.9252504968897318,0.7317573989315204,0.8353857430736846,0.9225636026248898,0.9008434267197387,True,0,0.9308434267197387,1
7836.png,00906,"small space traveler at bottom edge, sloping pink white cosmic dust stripe in empty sky, empty dark blue starfield, small rim-lit grey ground below the figure, realistic sci fi landscape",1,"[4, 0, 1, 0, 1, 0]",0.8954305052757263,0.4166620671749115,0.006460892967879772,0.0803796800682845,0.8144978448408178,0.7288377549913195,0.040394108719345526,0.9596058912806544,0.9892662887112662,0.8616923094365762,0.8616923094365762,0.5,0.0,0.0,0.8832974654865736,0.8573778605120589,0.9643338500773482,0.9696445746313294,0.6613713425475458,0.8632019206590085,0.9274632713515968,0.8957742303409356,True,0,0.9257742303409356,2
7836.png,00502,"small space explorer at bottom edge, sloping pink white cosmic dust stripe in empty sky, empty dark blue starfield, small grey ground below the figure, dark sci fi concept art",1,"[0, 0, 1, 2, 3, 0]",0.8632678985595703,0.4123121500015259,0.0069112712517380714,0.08313405590814195,0.829986976001062,0.8228409378616898,0.03983446362443966,0.9601655363755603,0.9721461585564628,0.9007655914804991,0.9007655914804991,0.5,0.0,0.0,0.7453156148897934,0.8727999169933504,0.9364186607303671,1.0,0.8962730314118306,0.8798752107432852,0.7222162611153855,0.8950881876926376,True,0,0.9250881876926377,3
7836.png,00222,"small space explorer at bottom edge, sloping pink white cosmic dust stripe in empty sky, moody blue black cosmic background, small grey ground below the figure, dark high contrast digital painting, centered crop",1,"[0, 0, 0, 2, 0, 3]",0.9168519973754883,0.39081907272338867,0.007917605340480804,0.08898092683536626,0.8083614219390215,0.7108544243706597,0.04122665165562086,0.9587733483443791,0.9828724649747721,0.852029655882284,0.852029655882284,0.5,0.0,0.0,0.9751985090977157,0.9490007820967674,0.8771614937675345,0.9576184819151552,0.6164333457137248,0.8383982906254643,0.8508100453523458,0.895032590278068,True,0,0.9250325902780681,4
7836.png,00306,"small space explorer at bottom edge, diagonal pink white cosmic dust stripe in empty sky, moody blue black cosmic background, tiny rim-lit grey ground below the explorer, dark high contrast digital painting, tight square crop",1,"[0, 2, 0, 1, 0, 2]",0.8932011127471924,0.4019714295864105,0.00746401771903038,0.08639454681303896,0.8199141550895186,0.7448007089120369,0.04186937064570188,0.9581306293542982,0.9882749568349989,0.8681610306514207,0.8681610306514207,0.5,0.0,0.0,0.8737330757121831,0.909461574662347,0.9033740704978954,0.9802593986538676,0.701260681618225,0.8192500120792287,0.9155785542427941,0.893142613107382,True,0,0.923142613107382,5
7836.png,00500,"small space explorer at bottom edge, sloping pink white cosmic dust stripe in empty sky, empty dark blue starfield, small grey ground below the figure, realistic sci fi landscape, tight square crop",1,"[0, 0, 1, 2, 1, 2]",0.8932114839553833,0.4053715467453003,0.0062135932967066765,0.0788263490002339,0.8079187047420218,0.7555355495876737,0.04411200063656016,0.9558879993634398,0.97555992236991,0.8696637815656391,0.8696637815656391,0.5,0.0,0.0,0.873777569571519,0.8974069086130176,0.980076629350864,0.9567508497223667,0.7280856478310543,0.7524362032392422,0.7631426331713835,0.8916892296766142,True,0,0.9216892296766143,6
7836.png,00622,"small space explorer at bottom edge, diagonal pink white cosmic dust stripe in empty sky, empty dark blue starfield, small grey ground below the figure, realistic sci fi landscape",1,"[0, 2, 1, 2, 1, 0]",0.8979737758636475,0.434931218624115,0.006392000243067741,0.07994998588535049,0.8207220992640402,0.7574513753255209,0.04363117926374583,0.9563688207362542,0.9877491713998043,0.8731320404341343,0.8731320404341343,0.5,0.0,0.0,0.894208433785466,0.7926069983819197,0.9686887366924297,0.9818427985772079,0.7328730463812776,0.7667611286261102,0.9092751039989215,0.8899065432035151,True,0,0.9199065432035152,7
7836.png,00513,"small space explorer at bottom edge, sloping pink white cosmic dust stripe in empty sky, deep blue black cosmic background, small rim-lit grey ground below the figure, cinematic sci fi painting",1,"[0, 0, 2, 0, 4, 0]",0.8887249231338501,0.39170655608177185,0.006765696220099926,0.08225385231160864,0.8218268101106299,0.6865776909722222,0.04293878279755516,0.9570612172024449,0.988427988737961,0.8416169847059478,0.8416169847059478,0.5,0.0,0.0,0.8545296283075048,0.9458543271336861,0.9453393932264786,0.9840077984929998,0.5557689564742151,0.7873894290243584,0.9174131980375388,0.888235917014938,True,0,0.918235917014938,8
7836.png,00242,"small space explorer at bottom edge, sloping pink white cosmic dust stripe in empty sky, empty dark blue starfield, small grey ground below the figure, realistic sci fi landscape, square crop",1,"[0, 0, 1, 2, 1, 1]",0.8955340385437012,0.4032648503780365,0.00658627413213253,0.08115586320243615,0.8014887472671455,0.7648275869864004,0.04504012011488072,0.9549598798851193,0.9742938973078524,0.8732671515652424,0.8732671515652424,0.5,0.0,0.0,0.8837416369444276,0.9048759221757716,0.9564673494915393,0.9441494912450551,0.7513052369056175,0.724785098216144,0.74796471942179,0.8859830674059789,True,0,0.9159830674059789,9
7836.png,00554,"small space explorer at bottom edge, sloping pink white cosmic dust stripe across empty sky, moody blue black cosmic background, small grey ground below the figure, dark high contrast digital painting, centered crop",1,"[0, 1, 0, 2, 0, 3]",0.9072389602661133,0.3843801021575928,0.008381905034184456,0.09155274454752547,0.8018380892888926,0.6818361635561342,0.039010309580554924,0.960989690419445,0.9850145992827709,0.8401755851036203,0.8401755851036203,0.5,0.0,0.0,0.9339573043062895,0.9718293013050513,0.8510965038841787,0.9448341278176023,0.5439204981154029,0.9044289137470243,0.8764913140264519,0.8826080463795872,True,0,0.9126080463795873,10
7836.png,00520,"small space explorer at bottom edge, sloping pink white cosmic dust stripe in empty sky, deep blue black cosmic background, small grey ground below the figure, moody high contrast digital painting",1,"[0, 0, 2, 2, 2, 0]",0.8956741094589233,0.38980793952941895,0.008358101360499859,0.09142265233791819,0.8131311758275684,0.7072200068721065,0.039622869551164015,0.960377130448836,0.984722385041431,0.8513254757578267,0.8513254757578267,0.5,0.0,0.0,0.8843425597572988,0.9525856212111574,0.852414969073716,0.9669661920412299,0.607351410587918,0.8861791512154725,0.8729880638267656,0.8823517084095163,True,0,0.9123517084095163,11
7836.png,00953,"small space explorer at bottom edge, sloping pink white cosmic dust stripe in empty sky, empty dark blue starfield, tiny rim-lit grey ground below the explorer, moody high contrast digital painting, centered crop",1,"[0, 0, 1, 1, 2, 3]",0.9104548692703247,0.4223323464393616,0.007504717446863651,0.08662977228911346,0.7831530002587223,0.8247460259331598,0.044901996339911696,0.9550980036600883,0.9752726997066897,0.9004745528922908,0.9004745528922908,0.5,0.0,0.0,0.9477539806661396,0.837274634727421,0.9009900952942088,0.9082153000928999,0.9010335979347815,0.7289001664773623,0.7596992251852887,0.8807419176650443,True,0,0.9107419176650443,12
7836.png,00958,"small space explorer at bottom edge, sloping pink white cosmic dust stripe in empty sky, empty dark blue starfield, small grey ground below the figure, realistic sci fi landscape, centered crop",1,"[0, 0, 1, 2, 1, 3]",0.8801743984222412,0.4155092239379883,0.006385383196175098,0.07990859275556728,0.8128844071865103,0.7404903835720485,0.04265341958499639,0.9573465804150036,0.9782273365670303,0.8639374430660791,0.8639374430660791,0.5,0.0,0.0,0.8178467426915,0.8614651138562569,0.9691082499044038,0.9664825776286802,0.690489740986204,0.795891144961266,0.7951212912814664,0.8783221345587592,True,0,0.9083221345587592,13
7836.png,00316,"small space explorer at bottom edge, diagonal pink white cosmic dust stripe in empty sky, empty dark blue starfield, tiny rim-lit grey ground below the explorer, realistic sci fi landscape",1,"[0, 2, 1, 1, 1, 0]",0.8778033256530762,0.42763981223106384,0.006035739555954933,0.0776900222419516,0.7987069415304169,0.7646597403067128,0.04231482581567202,0.957685174184328,0.9857224555595167,0.8764311852144389,0.8764311852144389,0.5,0.0,0.0,0.8076745258846862,0.8184577161633262,0.9915931319858615,0.9386977395904404,0.750885809952987,0.8059787383093721,0.8849775453322483,0.8775271792917073,True,0,0.9075271792917073,14
7836.png,00647,"small space explorer at bottom edge, broad pale pink cosmic dust stripe in empty sky, empty dark blue starfield, tiny rim-lit grey ground below the explorer, dark high contrast digital painting, square crop",1,"[0, 3, 1, 1, 0, 1]",0.903161883354187,0.4652186930179596,0.006365620065480471,0.07978483606225227,0.803579253430631,0.8260842782479746,0.044211161007731606,0.9557888389922684,0.9745774514427533,0.9011795091474332,0.9011795091474332,0.5,0.0,0.0,0.916466103350541,0.6852267605154612,0.970362505578903,0.9482464417564761,0.904377715860129,0.7494819566132024,0.7513641467568791,0.8773383281763691,True,0,0.9073383281763692,15
7836.png,00574,"small space explorer at bottom edge, sloping pink white cosmic dust stripe across empty sky, empty dark blue starfield, small grey ground below the figure, realistic sci fi landscape, square crop",1,"[0, 1, 1, 2, 1, 1]",0.9009507894515991,0.40856054425239563,0.0072036199271678925,0.08487414168737079,0.7874517605940621,0.7678448712384259,0.042387715838299575,0.9576122841617004,0.9691893090423429,0.8745323533223555,0.8745323533223555,0.5,0.0,0.0,0.9069802171095767,0.8861007393889164,0.9187831502440146,0.9166399623407179,0.7588450365692287,0.8038071540275102,0.6867676683182549,0.8766357560090026,True,0,0.9066357560090026,16
7836.png,00290,"small space explorer at bottom edge, sloping pink white cosmic dust stripe across empty sky, empty dark blue starfield, small grey ground below the figure, realistic sci fi landscape",1,"[0, 1, 1, 2, 1, 0]",0.8957501649856567,0.4159884452819824,0.006979295052587986,0.08354217529241136,0.7923668213042135,0.7521526195384838,0.041372286839786915,0.9586277131602131,0.9762343551237586,0.869235249423144,0.869235249423144,0.5,0.0,0.0,0.8846688480590961,0.859766097911922,0.9322824314899003,0.9262724431445757,0.7196321470282118,0.8340594378521994,0.7712281620243264,0.8759340090829029,True,0,0.9059340090829029,17
7836.png,00507,"small space explorer at bottom edge, sloping pink white cosmic dust stripe in empty sky, empty dark blue starfield, faint grey ground below the figure, realistic sci fi landscape",1,"[0, 0, 1, 4, 1, 0]",0.8981194496154785,0.43246757984161377,0.007226080168038607,0.08500635369217178,0.7953510558260284,0.7761546947337964,0.04403901441885134,0.9559609855811486,0.9793415294586456,0.8797242634753395,0.8797242634753395,0.5,0.0,0.0,0.8948333935108519,0.8013415041066948,0.9174432012455676,0.9321209124597605,0.7796102012543269,0.7546106534239927,0.8084789443929011,0.8678970912825268,True,0,0.8978970912825268,18
7836.png,00245,"small space explorer at bottom edge, sloping pink white cosmic dust stripe in empty sky, empty dark blue starfield, thin grey ground below the figure, realistic sci fi landscape",1,"[0, 0, 1, 3, 1, 0]",0.8960037231445312,0.4222900867462158,0.00725236302241683,0.08516080684456219,0.7995295750325759,0.7494433367693866,0.044377708398578554,0.9556222916014214,0.9810347842493711,0.8679242604565957,0.8679242604565957,0.5,0.0,0.0,0.8857566462063103,0.8374244608847012,0.9158778415252908,0.9403099274931842,0.7128620028837368,0.744520074546072,0.8287787598862452,0.8673640832353572,True,0,0.8973640832353572,19
7836.png,00532,"small space explorer at bottom edge, sloping pink white cosmic dust stripe in empty sky, dark cosmic background, small grey ground below the figure, realistic sci fi landscape",1,"[0, 0, 3, 2, 1, 0]",0.8922325968742371,0.37832051515579224,0.007057505659759045,0.0840089617824137,0.7839871884908132,0.6907591643156827,0.0429170497979227,0.9570829502020773,0.9681741335063762,0.8394554832140595,0.8394554832140595,0.5,0.0,0.0,0.8695780141009735,0.9933127662240702,0.9275516198611929,0.9098501328256521,0.5662179127789645,0.7880369118855006,0.6745970982502663,0.8667825115176623,True,0,0.8967825115176623,20
7836.png,00990,"small space explorer at bottom edge, sloping pink white cosmic dust stripe in empty sky, deep blue black cosmic background, faint grey ground below the figure, realistic sci fi landscape",1,"[0, 0, 2, 4, 1, 0]",0.9011417031288147,0.3786020874977112,0.008015752770006657,0.08953073645406172,0.7850272507719409,0.6944495307074652,0.042967109486300885,0.9570328905136991,0.974395822877734,0.8423429650737008,0.8423429650737008,0.5,0.0,0.0,0.9077992621179282,0.9923144886965779,0.8715892550815207,0.9118884352085886,0.5754396568889815,0.7865455029310469,0.7491866679873468,0.8658621169437339,True,0,0.895862116943734,21
7836.png,00927,"small space explorer at bottom edge, sloping pink white cosmic dust stripe in empty sky, moody blue black cosmic background, tiny rim-lit grey ground below the explorer, moody space painting, square crop",1,"[0, 0, 0, 1, 5, 1]",0.9151890277862549,0.39100322127342224,0.00746760331094265,0.08641529558441984,0.7444734623723382,0.6591389973958333,0.03593732980242108,0.964062670197579,0.9810108051507282,0.8302366444274232,0.8302366444274232,0.5,0.0,0.0,0.9680641488938417,0.948347907748506,0.9031637847869067,0.8324115759551355,0.4872032413088943,0.9959810129797654,0.8284912831988546,0.8652241522657171,True,0,0.8952241522657172,22
7836.png,00933,"small space explorer at bottom edge, sloping pink white cosmic dust stripe in empty sky, moody blue black cosmic background, small grey ground below the figure, moody space painting",1,"[0, 0, 0, 2, 5, 0]",0.9084703922271729,0.41905438899993896,0.006944060325622559,0.08333102858853092,0.793751149426536,0.6510201913339121,0.04056825210502378,0.9594317478949762,0.9846101720729932,0.8256822322781008,0.8256822322781008,0.5,0.0,0.0,0.93924031082285,0.8488961996352187,0.9344223719197867,0.9289854338583976,0.4669154042668573,0.8580137340527106,0.8716427833836072,0.8647208793466787,True,0,0.8947208793466788,23
7836.png,00467,"small space explorer at bottom edge, sloping pink white cosmic dust stripe in empty sky, moody blue black cosmic background, small rim-lit grey ground below the figure, moody space painting, square crop",1,"[0, 0, 0, 0, 5, 1]",0.9115960597991943,0.39954254031181335,0.006913072429597378,0.08314488817478426,0.7794462028635915,0.6126352945963541,0.040336709178426855,0.9596632908215732,0.9872920789344574,0.8090264501428015,0.8090264501428015,0.5,0.0,0.0,0.9526498394641099,0.9180728805991186,0.9363088773195481,0.9009507601699969,0.3709965556150252,0.8649120030043274,0.9037951887724801,0.8632690316709732,True,0,0.8932690316709733,24
7836.png,00254,"small space explorer at bottom edge, sloping pink white cosmic dust stripe in empty sky, deep blue black cosmic background, small grey ground below the figure, dark high contrast digital painting, square crop",1,"[0, 0, 2, 2, 0, 1]",0.9174021482467651,0.40369221568107605,0.008308428339660168,0.09115058057774601,0.7914664130313586,0.6383056640625,0.038494341271862846,0.9615056587281372,0.9795715988998277,0.8196788491629385,0.8196788491629385,0.5,0.0,0.0,0.9775587293372051,0.903360754971682,0.8551723758848234,0.9245078331193125,0.4351434595521311,0.9198009582148925,0.8112371631986204,0.8619015384177571,True,0,0.8919015384177571,25
7836.png,00630,"small space explorer at bottom edge, diagonal pink white cosmic dust stripe in empty sky, dark cosmic background, small rim-lit grey ground below the figure, dark high contrast digital painting, square crop",1,"[0, 2, 3, 0, 0, 1]",0.903448224067688,0.43000686168670654,0.007695567794144154,0.08772438540191749,0.805592507845707,0.6948632134331597,0.040036390378222014,0.959963609621778,0.9789816274922761,0.8444720349109994,0.8444720349109994,0.5,0.0,0.0,0.9176945430071507,0.8100656551323067,0.8898963542500694,0.9521919951585834,0.5764733960449592,0.8738592849856296,0.8041642106900886,0.8617134721245087,True,0,0.8917134721245087,26
7836.png,00259,"small space explorer at bottom edge, sloping pink white cosmic dust stripe in empty sky, dark cosmic background, small rim-lit grey ground below the figure, moody high contrast digital painting",1,"[0, 0, 3, 0, 2, 0]",0.9226330518722534,0.42302557826042175,0.00790339894592762,0.08890106268165539,0.7880784047955047,0.6934254964192709,0.04207733028024719,0.9579226697197528,0.9724524597804927,0.8418048997466839,0.8418048997466839,0.5,0.0,0.0,1.0,0.8348168729188904,0.8779709050833812,0.9178680526120706,0.5728807288143493,0.813054351035907,0.7258883950241445,0.8591785311281103,True,0,0.8891785311281103,27
7836.png,00939,"small space explorer at bottom edge, sloping pink white cosmic dust stripe in empty sky, moody blue black cosmic background, faint grey ground below the figure, dark high contrast digital painting, centered crop",1,"[0, 0, 0, 4, 0, 3]",0.907011866569519,0.4007395803928375,0.008299954235553741,0.0911040846260679,0.8081501858213427,0.7614593505859375,0.04302645190159248,0.9569735480984075,0.9846464964688357,0.8745267488918816,0.8745267488918816,0.5,0.0,0.0,0.9329830422139326,0.9138289331849301,0.8556436054375158,0.9572045037430402,0.7428884536137798,0.7847775372802003,0.872078263346546,0.8874459870021676,False,1,0.8874459870021676,28
7836.png,00276,"small space explorer at bottom edge, sloping pink white cosmic dust stripe across empty sky, moody blue black cosmic background, small grey ground below the figure, dark high contrast digital painting, tight square crop",1,"[0, 1, 0, 2, 0, 2]",0.9076180458068848,0.38721925020217896,0.009057271294295788,0.09516969735317954,0.7854842503539364,0.6484674524377895,0.04004772168240073,0.9599522783175993,0.984246542393316,0.8246429594868282,0.8246429594868282,0.5,0.0,0.0,0.9355836315785705,0.9617634771164318,0.8144392253211512,0.9127840578591596,0.4605364428357784,0.8735216958182749,0.8672833594825015,0.854413951827152,True,0,0.884413951827152,29
7836.png,00499,"small space explorer at bottom edge, sloping pink white cosmic dust stripe in empty sky, empty dark blue starfield, small grey ground below the figure, dark high contrast digital painting, centered crop",1,"[0, 0, 1, 2, 0, 3]",0.9140282869338989,0.4500313997268677,0.00786194484680891,0.08866760878025814,0.7883477820418301,0.7504628499348959,0.0441302909822912,0.9558697090177088,0.9854792606714706,0.8693585327611953,0.8693585327611953,0.5,0.0,0.0,0.9630844166139048,0.7390713018244768,0.8803369256412847,0.9183959751154216,0.7154096332626757,0.7518912860356607,0.882061970320561,0.8541699986303505,True,0,0.8841699986303505,30
7836.png,00504,"small space explorer at bottom edge, sloping pink white cosmic dust stripe in empty sky, empty dark blue starfield, thin grey ground below the figure, realistic sci fi landscape, square crop",1,"[0, 0, 1, 3, 1, 1]",0.8930432796478271,0.41022440791130066,0.007182845380157232,0.08475166889305032,0.7988564509260364,0.7663291648582176,0.04126229504162326,0.9587377049583767,0.9774726213122842,0.8759008451840866,0.8759008451840866,0.5,0.0,0.0,0.8730559507724032,0.8802017306717389,0.9200243937932199,0.9389907464256005,0.7550574840879016,0.8373363809977149,0.7860732847408828,0.8825992921386056,False,1,0.8825992921386056,31
7836.png,00496,"small space explorer at bottom edge, sloping pink white cosmic dust stripe in empty sky, empty dark blue starfield, tiny rim-lit grey ground below the explorer, moody high contrast digital painting, tight square crop",1,"[0, 0, 1, 1, 2, 2]",0.9073506593704224,0.42806631326675415,0.007290358189493418,0.085383594381435,0.7798352884328275,0.8537840666594328,0.04409876759874277,0.9559012324012572,0.9694937331344258,0.91266700796407,0.91266700796407,0.5,0.0,0.0,0.9344365082855749,0.8169456131049073,0.9136199229849241,0.9017132857007564,0.9735958729517631,0.7528304500221308,0.6904172979752087,0.8825932935176138,False,1,0.8825932935176138,32
7836.png,00591,"small space explorer at bottom edge, sloping pink white cosmic dust stripe across empty sky, dark cosmic background, small rim-lit grey ground below the figure, moody high contrast digital painting",1,"[0, 1, 3, 0, 2, 0]",0.9096616506576538,0.420072078704834,0.007915647700428963,0.08896992582007114,0.7879136413035416,0.6975210684317129,0.042665776208200154,0.9573342237917999,0.9728990607586504,0.8435312712731309,0.8435312712731309,0.5,0.0,0.0,0.9443509675624423,0.8452881152778091,0.8772729874208437,0.9175451509701369,0.5831150289009176,0.7955230088603448,0.7312425316286332,0.8515616348549093,True,0,0.8815616348549093,33
7836.png,00255,"small space explorer at bottom edge, sloping pink white cosmic dust stripe in empty sky, deep blue black cosmic background, small grey ground below the figure, realistic sci fi landscape",1,"[0, 0, 2, 2, 1, 0]",0.8990341424942017,0.39580291509628296,0.007667383179068565,0.08756359505564265,0.7853458335189998,0.6781401457609953,0.04383271946344234,0.9561672805365576,0.9696810111977889,0.8337578160198008,0.8337578160198008,0.5,0.0,0.0,0.8987575473348178,0.9313312275960763,0.8915259404875311,0.9125127900999019,0.5346846318857689,0.7607567193249828,0.692662506524475,0.8504082185079783,True,0,0.8804082185079783,34
7836.png,00108,"small space explorer at bottom edge, sloping pink white cosmic dust stripe in empty sky, empty dark blue starfield, small grey ground below the figure, realistic sci fi landscape",1,"[0, 0, 1, 2, 1, 0]",0.8886866569519043,0.4209752678871155,0.006667832378298044,0.08165679627745656,0.8011688241867986,0.7646959092881945,0.042308236248029915,0.9576917637519701,0.9798217146082725,0.8752696194145316,0.8752696194145316,0.5,0.0,0.0,0.854365461309265,0.8420859773916767,0.9513904673039276,0.9435225095836104,0.7509761915185377,0.8061750587521433,0.8142357094075114,0.8791872283730007,False,1,0.8791872283730007,35
7836.png,00483,"small space explorer at bottom edge, sloping pink white cosmic dust stripe in empty sky, moody blue black cosmic background, faint grey ground below the figure, dark high contrast digital painting, tight square crop",1,"[0, 0, 0, 4, 0, 2]",0.9098488092422485,0.3995237946510315,0.008830438368022442,0.09397041219459688,0.8041279147865307,0.7304020634403935,0.04235703249001406,0.9576429675099859,0.9832772940205369,0.8605114259807796,0.8605114259807796,0.5,0.0,0.0,0.9451539027251722,0.9181393408621153,0.8265938019763804,0.9493217021225602,0.6652803452575803,0.8047212911679542,0.8556633934606069,0.8754015954787265,False,1,0.8754015954787265,36
7836.png,00817,"tiny space explorer at bottom edge, sloping pink white cosmic dust stripe in empty sky, empty dark blue starfield, small grey ground below the figure, realistic sci fi landscape",1,"[2, 0, 1, 2, 1, 0]",0.8902202844619751,0.43785396218299866,0.006624001078307629,0.08138796642199403,0.810273407803353,0.7626241048177084,0.04377491020436339,0.9562250897956366,0.9799333633603848,0.8738463012685185,0.8738463012685185,0.5,0.0,0.0,0.8609449268306154,0.7822447973448016,0.9541150178931262,0.9613655703483422,0.7457990224668802,0.7624790082451464,0.8155742256664683,0.8718895996702195,False,1,0.8718895996702195,37
7836.png,00094,"small space explorer at bottom edge, sloping pink white cosmic dust stripe in empty sky, moody blue black cosmic background, small grey ground below the figure, dark high contrast digital painting, tight square crop",1,"[0, 0, 0, 2, 0, 2]",0.9077367782592773,0.39289551973342896,0.008330704644322395,0.09127269385923917,0.8050585268576993,0.6630780255353009,0.04070629258790183,0.9592937074120982,0.9829961836472881,0.8307371458145775,0.8307371458145775,0.5,0.0,0.0,0.936093009554417,0.9416390136324897,0.8539347759446355,0.951145505212694,0.4970463586820673,0.8539011472805782,0.8522932634946556,0.8706303684445718,False,1,0.8706303684445718,38
7836.png,00963,"small space explorer at bottom edge, sloping pink white cosmic dust stripe in empty sky, empty dark blue starfield, thin grey ground below the figure, realistic sci fi landscape, tight square crop",1,"[0, 0, 1, 3, 1, 2]",0.8825051784515381,0.4176222085952759,0.00666390173137188,0.08163272463523363,0.8099697219586162,0.7414562084056714,0.04470712445500609,0.9552928755449939,0.9812224020254501,0.86425228062839,0.86425228062839,0.5,0.0,0.0,0.8278460982976752,0.8539738059922433,0.951634429816531,0.9607704102389688,0.69290321122878,0.7347059092523363,0.8310280411276368,0.8705262928199955,False,1,0.8705262928199955,39
7836.png,00964,"small space explorer at bottom edge, sloping pink white cosmic dust stripe in empty sky, empty dark blue starfield, thin grey ground below the figure, moody high contrast digital painting, square crop",1,"[0, 0, 1, 3, 2, 1]",0.8913262486457825,0.4348841905593872,0.008489836938679218,0.09214031114924248,0.8045022040375435,0.807313707139757,0.04267821926948129,0.9573217807305188,0.9870069915327112,0.8957551897751145,0.8957551897751145,0.5,0.0,0.0,0.8656896599339445,0.7927737301704869,0.8451416037926425,0.9500552299949676,0.8574725077636355,0.7951522975431814,0.9003773796591545,0.8667713527401134,False,1,0.8667713527401134,40
7836.png,00586,"small space explorer at bottom edge, sloping pink white cosmic dust stripe across empty sky, deep blue black cosmic background, small grey ground below the figure, dark high contrast digital painting, square crop",1,"[0, 1, 2, 2, 0, 1]",0.9084231853485107,0.39594927430152893,0.008287085220217705,0.09103342913577245,0.7966203248953282,0.6473394323278356,0.038719971747303863,0.9612800282526961,0.9807606106876632,0.8239028765735023,0.8239028765735023,0.5,0.0,0.0,0.9390377870493207,0.9308123303757636,0.8563596883196918,0.934608411733108,0.4577176677601894,0.9130788366361885,0.8254917928294807,0.8652838889226531,False,1,0.8652838889226531,41
7836.png,00029,"small space explorer at bottom edge, sloping pink white cosmic dust stripe in empty sky, moody blue black cosmic background, small rim-lit grey ground below the figure, dark high contrast digital painting, centered crop",1,"[0, 0, 0, 0, 0, 3]",0.9015010595321655,0.4086727201938629,0.008096577599644661,0.08998098465589639,0.7989084856168168,0.7038596824363426,0.042264515506122216,0.9577354844938778,0.9835638694687232,0.848657050562956,0.848657050562956,0.5,0.0,0.0,0.9093409487727366,0.8857030344128918,0.8670260565428627,0.9390927234284567,0.598954398263544,0.8074776139235594,0.8590990422211886,0.8636339673387585,False,1,0.8636339673387585,42
7836.png,00503,"small space explorer at bottom edge, sloping pink white cosmic dust stripe in empty sky, empty dark blue starfield, thin grey ground below the figure, dark high contrast digital painting, tight square crop",1,"[0, 0, 1, 3, 0, 2]",0.9157034158706665,0.4426283836364746,0.008195866830646992,0.09053102689491041,0.7996608967164759,0.7535298665364584,0.04408796785949721,0.9559120321405028,0.987476855479838,0.8711530222865498,0.8711530222865498,0.5,0.0,0.0,0.9702709420321727,0.7653177170381926,0.8614514602845291,0.9405672902550894,0.723073707578918,0.7531522024808136,0.9060104075329817,0.8633319362321638,False,1,0.8633319362321638,43
7836.png,00576,"small space explorer at bottom edge, sloping pink white cosmic dust stripe across empty sky, empty dark blue starfield, thin grey ground below the figure, dark high contrast digital painting, square crop",1,"[0, 1, 1, 3, 0, 1]",0.9130662083625793,0.4423249363899231,0.0084231561049819,0.09177775386760072,0.7968963137519754,0.7443248607494214,0.04083273193349748,0.9591672680665025,0.9875071332982108,0.8681561578201578,0.8681561578201578,0.5,0.0,0.0,0.9589569718809038,0.7663935491492135,0.8488160679016075,0.9351492915961467,0.7000715991464593,0.850134188709206,0.9063733972790472,0.8632309436626828,False,1,0.8632309436626828,44
7836.png,00281,"small space explorer at bottom edge, sloping pink white cosmic dust stripe across empty sky, moody blue black cosmic background, faint grey ground below the figure, dark high contrast digital painting",1,"[0, 1, 0, 4, 0, 0]",0.8956581950187683,0.4058431088924408,0.009143941104412079,0.095623956749405,0.8019997290977591,0.7452353018301504,0.041964537089101854,0.9580354629108981,0.9839962383323992,0.8674675455088618,0.8674675455088618,0.5,0.0,0.0,0.8842742846972832,0.8957350473389374,0.8098353739241191,0.9451509077004694,0.7023466726167863,0.816414755000161,0.8642825551843676,0.8626269537818074,False,1,0.8626269537818074,45
7836.png,00036,"small space explorer at bottom edge, sloping pink white cosmic dust stripe in empty sky, moody blue black cosmic background, small grey ground below the figure, dark high contrast digital painting, square crop",1,"[0, 0, 0, 2, 0, 1]",0.8876367211341858,0.3945484757423401,0.0087139792740345,0.093348697227302,0.8023214170437192,0.7093093306929977,0.04189816611422767,0.9581018338857723,0.9894922695788627,0.8524232945876419,0.8524232945876419,0.5,0.0,0.0,0.8498610973310844,0.9357786765468811,0.8328947906725298,0.9457813481257307,0.6125723582103886,0.8183921198110493,0.9301724737364722,0.8621199768230521,False,1,0.8621199768230521,46
7836.png,00474,"small space explorer at bottom edge, sloping pink white cosmic dust stripe in empty sky, moody blue black cosmic background, small grey ground below the figure, dark high contrast digital painting, balanced crop",1,"[0, 0, 0, 2, 0, 4]",0.9021523594856262,0.4026605188846588,0.008909975178539753,0.09439266485559009,0.8013321249220103,0.6866082085503472,0.04018940843311878,0.9598105915668812,0.9866564892672531,0.8422386987495153,0.8422386987495153,0.5,0.0,0.0,0.9121351119966696,0.9070184996209969,0.8223143340790358,0.9438425445312834,0.5558452159201478,0.8693004771971787,0.8961753355499218,0.8619020794425534,False,1,0.8619020794425534,47
7836.png,00912,"small space traveler at bottom edge, sloping pink white cosmic dust stripe across empty sky, empty dark blue starfield, small rim-lit grey ground below the figure, dark high contrast digital painting",1,"[4, 1, 1, 0, 0, 0]",0.9004325270652771,0.4485763907432556,0.007798583246767521,0.08830958751329054,0.7875035446374236,0.7962946008752892,0.04289508731442705,0.957104912685573,0.9879013851280776,0.8908995668594463,0.8908995668594463,0.5,0.0,0.0,0.9047568027019536,0.7442298438912875,0.8839654179163854,0.9167414481275761,0.8299371989340621,0.7886912316707123,0.9110999389950634,0.8615167395382313,False,1,0.8615167395382313,48
7836.png,00905,"small space traveler at bottom edge, sloping pink white cosmic dust stripe in empty sky, empty dark blue starfield, small rim-lit grey ground below the figure, dark high contrast digital painting, square crop",1,"[4, 0, 1, 0, 0, 1]",0.9064812660217285,0.43275582790374756,0.007902340032160282,0.08889510690786238,0.7781747622414157,0.7880322491681134,0.04510799237881756,0.9548920076211824,0.9877958640552168,0.8863858876041083,0.8863858876041083,0.5,0.0,0.0,0.9307066954564098,0.8003195586954008,0.8780312659646864,0.8984590051117005,0.8092906600537488,0.7227630060802579,0.9098348852527287,0.8613132970881738,False,1,0.8613132970881738,49
7836.png,00054,"small space explorer at bottom edge, sloping pink white cosmic dust stripe across empty sky, moody blue black cosmic background, small grey ground below the figure, dark high contrast digital painting",1,"[0, 1, 0, 2, 0, 0]",0.8951709270477295,0.39744648337364197,0.008596193976700306,0.0927156619816755,0.8063116854182841,0.6876655861183449,0.041541580323609356,0.9584584196763907,0.9826044749993016,0.8414308556398523,0.8414308556398523,0.5,0.0,0.0,0.8821838404439976,0.9255041734720637,0.8393105087053642,0.9536014312919168,0.5584874645005219,0.8290157424980502,0.8475972110607114,0.8611024503958656,False,1,0.8611024503958656,50
7836.png,00133,"small space explorer at bottom edge, sloping pink white cosmic dust stripe across empty sky, empty dark blue starfield, tiny rim-lit grey ground below the explorer, dark high contrast digital painting, square crop",1,"[0, 1, 1, 1, 0, 1]",0.9047159552574158,0.43854308128356934,0.0073738363571465015,0.08587104492869818,0.7756919436696905,0.803070068359375,0.04454669339525315,0.9554533066047468,0.9758376390610844,0.890957715885597,0.890957715885597,0.5,0.0,0.0,0.9231332780313871,0.7798016166432559,0.9086796842102312,0.8935932051466646,0.8468682081430966,0.7394855698303288,0.7664720775179421,0.8610443028295756,False,1,0.8610443028295756,51
7836.png,00959,"small space explorer at bottom edge, sloping pink white cosmic dust stripe in empty sky, empty dark blue starfield, small grey ground below the figure, moody high contrast digital painting, tight square crop",1,"[0, 0, 1, 2, 2, 2]",0.8873627185821533,0.4361140727996826,0.00791290495544672,0.08895451059640945,0.8041911023258249,0.7737291124131945,0.04315377896134723,0.9568462210386528,0.9888038178887842,0.8808350415272229,0.8808350415272229,0.5,0.0,0.0,0.8486855900243745,0.7884133452208097,0.8774292184192118,0.9494455363527331,0.7735489875146343,0.7809841313838701,0.921918876958703,0.8609878971153035,False,1,0.8609878971153035,52
7836.png,00145,"small space explorer at bottom edge, diagonal pink white cosmic dust stripe in empty sky, moody blue black cosmic background, small grey ground below the figure, dark high contrast digital painting",1,"[0, 2, 0, 2, 0, 0]",0.9059683084487915,0.41885924339294434,0.009444236755371094,0.09718146302341354,0.8067659140106359,0.7394081398292824,0.0404418897528031,0.959558110247197,0.9763283580969201,0.8638446731290801,0.8638446731290801,0.5,0.0,0.0,0.9285060394021253,0.8495880625956357,0.7940502795593973,0.9544916233880907,0.6877853550795147,0.8617783987902122,0.7723551294609207,0.8600879469020302,False,1,0.8600879469020302,53
7836.png,00006,"small space explorer at bottom edge, sloping pink white cosmic dust stripe across empty sky, moody blue black cosmic background, small rim-lit grey ground below the figure, dark high contrast digital painting",1,"[0, 1, 0, 0, 0, 0]",0.9160866737365723,0.41562962532043457,0.008634049445390701,0.09291958590841169,0.7894463716100291,0.7061100712528936,0.04207074640408027,0.9579292535959197,0.983529090531197,0.8497305889286134,0.8497305889286134,0.5,0.0,0.0,0.9719151691329221,0.8610382466662623,0.8372437700472457,0.9205489786185398,0.6045778262951045,0.8132505019147572,0.858682090195596,0.8599291413686537,False,1,0.8599291413686537,54
7836.png,00922,"small space explorer at bottom edge, sloping pink white cosmic dust stripe in empty sky, moody blue black cosmic background, small rim-lit grey ground below the figure, moody space painting, tight square crop",1,"[0, 0, 0, 0, 5, 2]",0.9064737558364868,0.4005335867404938,0.006996836978942156,0.08364709785128326,0.7731347582207199,0.6145731608072916,0.038967940499047254,0.9610320595009527,0.988411159080646,0.8106013750047439,0.8106013750047439,0.5,0.0,0.0,0.9306744757651665,0.9145592564565247,0.9312190569658809,0.8885816618104369,0.3758390304317554,0.9056911994223783,0.9172114334004734,0.859240096952345,False,1,0.859240096952345,55
7836.png,00460,"small space traveler at bottom edge, sloping pink white cosmic dust stripe in empty sky, empty dark blue starfield, small rim-lit grey ground below the figure, dark high contrast digital painting",1,"[4, 0, 1, 0, 0, 0]",0.8978962302207947,0.4469122290611267,0.007809265982359648,0.088370051388237,0.7886530039185509,0.8006201850043403,0.04441712147487758,0.9555828785251225,0.9872441325986971,0.8921819172554855,0.8921819172554855,0.5,0.0,0.0,0.8938757526877871,0.7501299092104203,0.8833526255394852,0.9189941455230338,0.8407462692890502,0.7433458559917994,0.9032203776012108,0.8583210193598964,False,1,0.8583210193598964,56
7836.png,00569,"small space explorer at bottom edge, sloping pink white cosmic dust stripe across empty sky, empty dark blue starfield, tiny rim-lit grey ground below the explorer, dark high contrast digital painting, centered crop",1,"[0, 1, 1, 1, 0, 3]",0.9049763679504395,0.4400060176849365,0.007367732468992472,0.08583549655586827,0.7793334588771723,0.7749662046079283,0.043892798571359144,0.9561072014286408,0.9788750903854485,0.8791473306506817,0.8791473306506817,0.5,0.0,0.0,0.9242504830396568,0.7746149689644308,0.9090399616800537,0.9007298057710634,0.7766403194988344,0.7589668056753861,0.8028869760862705,0.8583130696045065,False,1,0.8583130696045065,57
7836.png,00653,"small space explorer at bottom edge, broad pale pink cosmic dust stripe in empty sky, dark cosmic background, small rim-lit grey ground below the figure, dark high contrast digital painting",1,"[0, 3, 3, 0, 0, 0]",0.897441029548645,0.41366657614707947,0.007228345610201359,0.08501967778227203,0.7901676476091353,0.6791986536096642,0.040857444306376604,0.9591425556936234,0.9781693842380027,0.8369731654647177,0.8369731654647177,0.5,0.0,0.0,0.8919228814018737,0.8679979780864981,0.9173081635747303,0.9219625272246281,0.537329704890066,0.8493979425320565,0.7944265218981971,0.858221094078988,False,1,0.858221094078988,58
7836.png,00229,"small space explorer at bottom edge, sloping pink white cosmic dust stripe in empty sky, moody blue black cosmic background, faint grey ground below the figure, dark high contrast digital painting, square crop",1,"[0, 0, 0, 4, 0, 1]",0.9029850959777832,0.4044332504272461,0.009229110553860664,0.09606825986693349,0.798512315430794,0.7455523455584491,0.04527063881959863,0.9547293611804014,0.9837964992397128,0.8664131317623851,0.8664131317623851,0.5,0.0,0.0,0.9157076620471472,0.9007335142095001,0.8053324279304077,0.9383163135452495,0.70313892352731,0.7179173435112456,0.8618879558892398,0.8578821133781103,False,1,0.8578821133781103,59
7836.png,00561,"small space explorer at bottom edge, sloping pink white cosmic dust stripe across empty sky, moody blue black cosmic background, faint grey ground below the figure, dark high contrast digital painting, square crop",1,"[0, 1, 0, 4, 0, 1]",0.8926674723625183,0.39654749631881714,0.009430897422134876,0.09711280771419842,0.7942036607998603,0.7448368778935185,0.0428163034949276,0.9571836965050724,0.9857654361256386,0.8673439760539863,0.8673439760539863,0.5,0.0,0.0,0.8714436876510617,0.9286914132706248,0.7947460909039069,0.9298722605679987,0.7013510631837753,0.791038407565611,0.8854928236984185,0.8575755139474941,False,1,0.8575755139474941,60
7836.png,00518,"small space explorer at bottom edge, sloping pink white cosmic dust stripe in empty sky, deep blue black cosmic background, small grey ground below the figure, dark high contrast digital painting, tight square crop",1,"[0, 0, 2, 2, 0, 2]",0.9147736430168152,0.4038941562175751,0.008263454772531986,0.09090354653440089,0.7915822639282817,0.619844224717882,0.03750573725323669,0.9624942627467633,0.9776836768041054,0.8113396284452352,0.8113396284452352,0.5,0.0,0.0,0.9662820931138848,0.9026448014866812,0.8576760291609451,0.9247348764065738,0.38901073139869724,0.9492540557781005,0.7886035522270842,0.85738011652519,False,1,0.85738011652519,61
7836.png,00970,"small space explorer at bottom edge, sloping pink white cosmic dust stripe in empty sky, empty dark blue starfield, narrow rim-lit ground below the character, realistic sci fi landscape",1,"[0, 0, 1, 5, 1, 0]",0.8918622732162476,0.4113079011440277,0.0073633622378110886,0.08581003576395414,0.7810294822843712,0.7185007731119791,0.04251616036392768,0.9574838396360723,0.9815000224802736,0.8547446962690706,0.8547446962690706,0.5,0.0,0.0,0.8679892764684763,0.87636034860257,0.9092980030181028,0.9040536534051312,0.635540573555766,0.7999804559021658,0.8343563317316046,0.8569362375973362,False,1,0.8569362375973362,62
7836.png,00563,"small space explorer at bottom edge, sloping pink white cosmic dust stripe across empty sky, moody blue black cosmic background, narrow rim-lit ground below the character, dark high contrast digital painting",1,"[0, 1, 0, 5, 0, 0]",0.9068703651428223,0.40954238176345825,0.009724300354719162,0.09861186721038782,0.7902053821214835,0.7229925084997108,0.0389911969418665,0.9610088030581335,0.9819586233107827,0.8580914345573731,0.8580914345573731,0.5,0.0,0.0,0.9323759823170151,0.8826197642467453,0.7795533459367993,0.922036478898325,0.6467648342274991,0.9049983292069821,0.8398543301990651,0.8567099961183972,False,1,0.8567099961183972,63
7836.png,00104,"small space explorer at bottom edge, sloping pink white cosmic dust stripe in empty sky, empty dark blue starfield, tiny rim-lit grey ground below the explorer, dark high contrast digital painting, tight square crop",1,"[0, 0, 1, 1, 0, 2]",0.9024888277053833,0.440045565366745,0.007348010316491127,0.08572053614211199,0.7729239494062042,0.7917977792245371,0.04438183463210751,0.9556181653678925,0.9788325541888957,0.8865418693675832,0.8865418693675832,0.5,0.0,0.0,0.9135786053067366,0.7744747578849449,0.9102050683699163,0.8881685210622643,0.8187002283546744,0.7443971432647829,0.8023770251051539,0.8565702425616971,False,1,0.8565702425616971,64
7836.png,00292,"small space explorer at bottom edge, sloping pink white cosmic dust stripe across empty sky, deep blue black cosmic background, small rim-lit grey ground below the figure, dark high contrast digital painting, tight square crop",1,"[0, 1, 2, 0, 0, 2]",0.8837761282920837,0.405941903591156,0.007535104174166918,0.08680497781905666,0.7951253415579278,0.684444851345486,0.04037304598531611,0.9596269540146839,0.9796454089417952,0.8397986987989672,0.8397986987989672,0.5,0.0,0.0,0.8332986417610158,0.8953847837907116,0.8992144133149276,0.9316785601709789,0.5504392685306921,0.8638294345560082,0.8121220449315427,0.8553038198105282,False,1,0.8553038198105282,65
7836.png,00013,"small space explorer at bottom edge, sloping pink white cosmic dust stripe in empty sky, moody blue black cosmic background, small grey ground below the figure, dark high contrast digital painting",1,"[0, 0, 0, 2, 0, 0]",0.8916671276092529,0.4052630066871643,0.008713142946362495,0.09334421753039926,0.8064140524642432,0.6940081561053241,0.04097303523736588,0.9590269647626342,0.980958506623465,0.8441548092390108,0.8441548092390108,0.5,0.0,0.0,0.867152075919821,0.897791723045186,0.8329401917341597,0.9538020490794269,0.5743367193468801,0.8459541865855865,0.8278642951874616,0.8551921576109174,False,1,0.8551921576109174,66
7836.png,00608,"small space explorer at bottom edge, diagonal pink white cosmic dust stripe in empty sky, moody blue black cosmic background, small grey ground below the figure, dark high contrast digital painting, tight square crop",1,"[0, 2, 0, 2, 0, 2]",0.9012335538864136,0.40970346331596375,0.00904267281293869,0.09509296931392294,0.8010762919794993,0.7066175672743055,0.041163184761670295,0.9588368152383298,0.9797039949243098,0.8495115895917148,0.8495115895917148,0.5,0.0,0.0,0.9081933140560704,0.8820486708898343,0.8152168525835879,0.9433411660025008,0.6058459926367266,0.8402891352754386,0.8128244109558748,0.8550714977926553,False,1,0.8550714977926553,67
7836.png,00619,"small space explorer at bottom edge, diagonal pink white cosmic dust stripe in empty sky, empty dark blue starfield, tiny rim-lit grey ground below the explorer, realistic sci fi landscape, square crop",1,"[0, 2, 1, 1, 1, 1]",0.8719019889831543,0.41467827558517456,0.006615104619413614,0.08133329342534713,0.770786045247287,0.7458123101128473,0.04085348358039969,0.9591465164196004,0.9786507958681664,0.8670469794712747,0.8670469794712747,0.5,0.0,0.0,0.7823570084988386,0.8644111314283927,0.9546691205800144,0.8839786804914804,0.7037885410297005,0.8495159429107956,0.8001979907416343,0.8545992325976439,False,1,0.8545992325976439,68
7836.png,00962,"small space explorer at bottom edge, sloping pink white cosmic dust stripe in empty sky, empty dark blue starfield, thin grey ground below the figure, dark high contrast digital painting, centered crop",1,"[0, 0, 1, 3, 0, 3]",0.8939392566680908,0.4531818628311157,0.007964042946696281,0.08924148669030722,0.8017910499350676,0.7610795762803818,0.041623403520010684,0.9583765964799893,0.9885300527007309,0.8756236286343142,0.8756236286343142,0.5,0.0,0.0,0.8768998110800961,0.727901751233213,0.8745207584032295,0.9447419406200344,0.7419394471755051,0.8265780156214263,0.9186368057450718,0.8543709644090517,False,1,0.8543709644090517,69
7836.png,00284,"small space explorer at bottom edge, sloping pink white cosmic dust stripe across empty sky, empty dark blue starfield, small rim-lit grey ground below the figure, moody high contrast digital painting, square crop",1,"[0, 1, 1, 0, 2, 1]",0.8898712396621704,0.44104498624801636,0.007951452396810055,0.0891709167655579,0.7898897346704289,0.8094844111689815,0.04546670571545889,0.9545332942845411,0.985077229346279,0.8953700838948869,0.8953700838948869,0.5,0.0,0.0,0.8594474783233077,0.7709314432274034,0.8752359740913258,0.9214178765671696,0.8628968139085933,0.7120759982366095,0.8772421630661318,0.8538219179462765,False,1,0.8538219179462765,70
7836.png,00256,"small space explorer at bottom edge, sloping pink white cosmic dust stripe in empty sky, deep blue black cosmic background, thin grey ground below the figure, dark high contrast digital painting",1,"[0, 0, 2, 3, 0, 0]",0.9145000576972961,0.41003304719924927,0.008978557772934437,0.09475525195436102,0.7949024456092546,0.6548908374927662,0.03848427686715557,0.9615157231328444,0.9765629104326592,0.8265439620547721,0.8265439620547721,0.5,0.0,0.0,0.9651083757900217,0.8808801747873218,0.8186395677779027,0.9312417311929732,0.4765876439926622,0.9201008031357825,0.775167092058113,0.8534824440905818,False,1,0.8534824440905818,71
7836.png,00945,"small space explorer at bottom edge, sloping pink white cosmic dust stripe in empty sky, moody blue black cosmic background, narrow rim-lit ground below the character, moody high contrast digital painting",1,"[0, 0, 0, 5, 2, 0]",0.9092525243759155,0.3982170820236206,0.010553203523159027,0.10272878624396876,0.7818023147529931,0.7598277904369213,0.042479717861861624,0.9575202821381383,0.9823799981313465,0.8735306040712323,0.8735306040712323,0.5,0.0,0.0,0.9425957615251881,0.922772117795903,0.7378289840376075,0.9055682418014095,0.7388113976803006,0.8010661732860479,0.8449060395802158,0.853235075581385,False,1,0.853235075581385,72
7836.png,00231,"small space explorer at bottom edge, sloping pink white cosmic dust stripe in empty sky, moody blue black cosmic background, narrow rim-lit ground below the character, dark high contrast digital painting",1,"[0, 0, 0, 5, 0, 0]",0.9035093784332275,0.41038066148757935,0.009551827795803547,0.09773345279792149,0.7928930637810305,0.7361201533564815,0.0418969393751649,0.9581030606248351,0.9814195660017675,0.8628740534294626,0.8628740534294626,0.5,0.0,0.0,0.9179569033501319,0.8796477542665059,0.7884559453185829,0.927303767243105,0.6795691058862408,0.8184286675739755,0.8333917682897273,0.8531737884917172,False,1,0.8531737884917172,73
7836.png,00241,"small space explorer at bottom edge, sloping pink white cosmic dust stripe in empty sky, empty dark blue starfield, small grey ground below the figure, dark high contrast digital painting, tight square crop",1,"[0, 0, 1, 2, 0, 2]",0.9107340574264526,0.4435158967971802,0.00797641184180975,0.0893107599441957,0.7922810427549531,0.7268207691333911,0.043198759656471276,0.9568012403435288,0.9866274913514319,0.8592752785005475,0.8592752785005475,0.5,0.0,0.0,0.9489517349025175,0.7621711564149157,0.873818684281392,0.9261043353066751,0.6563311580561747,0.7796440389130845,0.895827690089778,0.8531682731690586,False,1,0.8531682731690586,74
7836.png,00216,"small space explorer at bottom edge, sloping pink white cosmic dust stripe in empty sky, moody blue black cosmic background, small rim-lit grey ground below the figure, moody space painting",1,"[0, 0, 0, 0, 5, 0]",0.9071290493011475,0.4223942160606384,0.007064041215926409,0.08404785075138096,0.7760455631902596,0.6496734619140625,0.04038917013163808,0.9596108298683619,0.9876780647001913,0.8257524612552931,0.8257524612552931,0.5,0.0,0.0,0.9334857716820623,0.8370552841614733,0.9271574859465249,0.8942862247133846,0.4635501031620838,0.8633490540944705,0.9084226316537125,0.8529923244596652,False,1,0.8529923244596652,75
7836.png,00967,"small space explorer at bottom edge, sloping pink white cosmic dust stripe in empty sky, empty dark blue starfield, faint grey ground below the figure, realistic sci fi landscape, square crop",1,"[0, 0, 1, 4, 1, 1]",0.8976654410362244,0.42208653688430786,0.007805151399224997,0.08834676790480225,0.776435441785444,0.7646857367621527,0.04332678140088468,0.9566732185991154,0.9727389410613566,0.8734919962649305,0.8734919962649305,0.5,0.0,0.0,0.8928856364616438,0.8381461200202613,0.883588600180031,0.8950503044074953,0.7509507717032262,0.7758299365451211,0.7293229148469664,0.8527302689068708,False,1,0.8527302689068708,76
7836.png,00982,"small space explorer at bottom edge, sloping pink white cosmic dust stripe in empty sky, deep blue black cosmic background, small grey ground below the figure, dark high contrast digital painting, centered crop",1,"[0, 0, 2, 2, 0, 3]",0.8942899703979492,0.41490939259529114,0.00782016757875681,0.08843171138656544,0.7976844480798682,0.6573638916015626,0.03907665949730917,0.9609233405026908,0.9816569768313301,0.8284683157629109,0.8284683157629109,0.5,0.0,0.0,0.8784044195187912,0.8635917366119551,0.8827277106300653,0.936693868404447,0.4827674835371393,0.9024521763125665,0.8362380003291349,0.8527277753639733,False,1,0.8527277753639733,77
7836.png,00621,"small space explorer at bottom edge, diagonal pink white cosmic dust stripe in empty sky, empty dark blue starfield, small grey ground below the figure, dark high contrast digital painting, square crop",1,"[0, 2, 1, 2, 0, 1]",0.9000943899154663,0.4503391981124878,0.00854332372546196,0.09243010183626306,0.8016804734970205,0.7829832854094331,0.04346151677031388,0.9565384832296862,0.9840665527487518,0.8839442581143854,0.8839442581143854,0.5,0.0,0.0,0.9033061494604991,0.7379800433249066,0.8422046182941094,0.944525234158068,0.7966739583877629,0.7718158177409833,0.8651255291338857,0.8526409578089951,False,1,0.8526409578089951,78
7836.png,00289,"small space explorer at bottom edge, sloping pink white cosmic dust stripe across empty sky, empty dark blue starfield, small grey ground below the figure, dark high contrast digital painting, square crop",1,"[0, 1, 1, 2, 0, 1]",0.9116454124450684,0.4427470564842224,0.008053261786699295,0.08973996761030893,0.7902643332989038,0.7338081642433449,0.0431252549991463,0.9568747450008537,0.9831406611824712,0.8617479668962982,0.8617479668962982,0.5,0.0,0.0,0.9528615688637087,0.7648969781395395,0.8694687284419061,0.9221520107540542,0.6737917467508534,0.7818339347690104,0.8540253520871193,0.852581539545046,False,1,0.852581539545046,79
7836.png,00604,"small space explorer at bottom edge, diagonal pink white cosmic dust stripe in empty sky, moody blue black cosmic background, tiny rim-lit grey ground below the explorer, dark high contrast digital painting, centered crop",1,"[0, 2, 0, 1, 0, 3]",0.8881410360336304,0.421934574842453,0.007819547317922115,0.08842820431243707,0.8093255188639816,0.6971927218967013,0.04281009432592932,0.9571899056740707,0.9823728741653635,0.8452277666725131,0.8452277666725131,0.5,0.0,0.0,0.8520246751692556,0.8386848813573362,0.8827632543045816,0.9595079082458527,0.5822945337511596,0.7912233949385608,0.8448206329445292,0.8518583863370747,False,1,0.8518583863370747,80
7836.png,00107,"small space explorer at bottom edge, sloping pink white cosmic dust stripe in empty sky, empty dark blue starfield, small grey ground below the figure, dark high contrast digital painting, square crop",1,"[0, 0, 1, 2, 0, 1]",0.8995826244354248,0.4414673447608948,0.008317263796925545,0.09119903396925619,0.7877618105133467,0.7364784523292824,0.039172821422642626,0.9608271785773573,0.9848989440077145,0.864684604851795,0.864684604851795,0.5,0.0,0.0,0.90111060764292,0.769434026936165,0.8546813079706567,0.9172475946919477,0.6804644482699698,0.8995872612248771,0.875104765021933,0.8517253940725558,False,1,0.8517253940725558,81
7836.png,00501,"small space explorer at bottom edge, sloping pink white cosmic dust stripe in empty sky, empty dark blue starfield, small grey ground below the figure, moody high contrast digital painting, square crop",1,"[0, 0, 1, 2, 2, 1]",0.8846332430839539,0.4367114305496216,0.008163096383213997,0.09034985546869456,0.7982639933104576,0.7822265625,0.04488799123377063,0.9551120087662294,0.9884588183907747,0.8839829198713351,0.8839829198713351,0.5,0.0,0.0,0.8369757779521164,0.7862954922613417,0.8632876057349408,0.9378296546414492,0.7947830065710223,0.7293174151935146,0.917782803525897,0.8507516406015376,False,1,0.8507516406015376,82
7836.png,00423,"tiny space explorer at bottom edge, sloping pink white cosmic dust stripe in empty sky, deep blue black cosmic background, small rim-lit grey ground below the figure, dark high contrast digital painting, square crop",1,"[2, 0, 2, 0, 0, 1]",0.8903417587280273,0.4149492084980011,0.008405002765357494,0.09167880215926413,0.7986017420620298,0.6963303177445024,0.041103943468850324,0.9588960565311497,0.9849527365178875,0.845952810074506,0.845952810074506,0.5,0.0,0.0,0.8614660675508841,0.8634505745907094,0.8498189287437814,0.9384915708532524,0.5801394982975786,0.8420540882235585,0.875749663850755,0.8503665203549295,False,1,0.8503665203549295,83
7836.png,00244,"small space explorer at bottom edge, sloping pink white cosmic dust stripe in empty sky, empty dark blue starfield, thin grey ground below the figure, dark high contrast digital painting, square crop",1,"[0, 0, 1, 3, 0, 1]",0.9006489515304565,0.44254589080810547,0.008536593057215214,0.09239368515875537,0.7930859492054325,0.7560311776620371,0.042806896259341545,0.9571931037406585,0.9871371072208097,0.8726590377013091,0.8726590377013091,0.5,0.0,0.0,0.9056852923757982,0.7656101844594562,0.8425736959026566,0.9276817819325389,0.7293241577214808,0.7913186737007837,0.9019372892933434,0.8494346800165766,False,1,0.8494346800165766,84
7836.png,00638,"small space explorer at bottom edge, broad pale pink cosmic dust stripe in empty sky, moody blue black cosmic background, tiny rim-lit grey ground below the explorer, dark high contrast digital painting, tight square crop",1,"[0, 3, 0, 1, 0, 2]",0.8870207071304321,0.4297540783882141,0.008167208172380924,0.09037260742271921,0.7795080478360081,0.7596017343026621,0.04002272458645037,0.9599772754135496,0.9815050621311157,0.8741138392571633,0.8741138392571633,0.5,0.0,0.0,0.8472183155136279,0.8109618649109042,0.8630570180658865,0.9010719632526746,0.7382465128956137,0.8742664246398747,0.8344167502715701,0.8493415781984119,False,1,0.8493415781984119,85
7836.png,00311,"small space explorer at bottom edge, diagonal pink white cosmic dust stripe in empty sky, moody blue black cosmic background, thin grey ground below the figure, dark high contrast digital painting",1,"[0, 2, 0, 3, 0, 0]",0.8985914587974548,0.41215354204177856,0.010284571908414364,0.10141287841499404,0.7968935125528136,0.7514981870298033,0.04077884756060245,0.9592211524393975,0.980188056896537,0.8699391988965081,0.8699391988965081,0.5,0.0,0.0,0.8968583755343099,0.8733622405540313,0.7511655141063964,0.9351438018374753,0.7179968055765428,0.8517395450117368,0.8186276537858246,0.8492897401831837,False,1,0.8492897401831837,86
7836.png,00575,"small space explorer at bottom edge, sloping pink white cosmic dust stripe across empty sky, empty dark blue starfield, small grey ground below the figure, moody high contrast digital painting",1,"[0, 1, 1, 2, 2, 0]",0.9057042002677917,0.4524325430393219,0.008444778621196747,0.09189547660900806,0.7941656124386224,0.7750125461154515,0.04502607782059809,0.9549739221794019,0.9883078380862238,0.8806580861319885,0.8806580861319885,0.5,0.0,0.0,0.9273729802600692,0.7305583655297558,0.8476229654319744,0.9297976938167711,0.7767561208796953,0.7252034548642297,0.9159727555979074,0.8488718075061517,False,1,0.8488718075061517,87
7836.png,00649,"small space explorer at bottom edge, broad pale pink cosmic dust stripe in empty sky, empty dark blue starfield, small grey ground below the figure, dark high contrast digital painting",1,"[0, 3, 1, 2, 0, 0]",0.8868557214736938,0.4571516513824463,0.00767437694594264,0.08760352131017703,0.8021509643966493,0.7656402587890625,0.04352918806450561,0.9564708119354944,0.991483969662684,0.8775996945650381,0.8775996945650381,0.5,0.0,0.0,0.8465105051536164,0.7138273905460751,0.8911212938379655,0.9454472969414847,0.7533359977065678,0.7697997130190674,0.9540502412414607,0.8487742057461704,False,1,0.8487742057461704,88
7836.png,00099,"small space explorer at bottom edge, sloping pink white cosmic dust stripe in empty sky, moody blue black cosmic background, faint grey ground below the figure, dark high contrast digital painting",1,"[0, 0, 0, 4, 0, 0]",0.8985135555267334,0.4165652096271515,0.009330801665782928,0.09659607479490524,0.8004264579962094,0.7438088876229744,0.043998831372936704,0.9560011686270633,0.9802375863660655,0.8653619257230237,0.8653619257230237,0.5,0.0,0.0,0.8965241601656194,0.8577212561475743,0.799983102162557,0.9420676286570098,0.6987822496254104,0.7558078113855362,0.8192214445717236,0.8487251781496978,False,1,0.8487251781496978,89
7836.png,00113,"small space explorer at bottom edge, sloping pink white cosmic dust stripe in empty sky, deep blue black cosmic background, tiny rim-lit grey ground below the explorer, dark high contrast digital painting, square crop",1,"[0, 0, 2, 1, 0, 1]",0.9075229167938232,0.3971188962459564,0.008120053447782993,0.0901113391742848,0.7659888074700757,0.6829415780526621,0.04194194815751816,0.9580580518424818,0.9743132054800411,0.8375066693645749,0.8375066693645749,0.5,0.0,0.0,0.9351755154894887,0.9266655903414748,0.8657049328928546,0.8745771077489323,0.5466827847125232,0.817087738311222,0.7481961980717192,0.8483887569852663,False,1,0.8483887569852663,90
7836.png,00115,"small space explorer at bottom edge, sloping pink white cosmic dust stripe in empty sky, deep blue black cosmic background, small grey ground below the figure, dark high contrast digital painting",1,"[0, 0, 2, 2, 0, 0]",0.9146522283554077,0.4154124855995178,0.00852537713944912,0.09233296886513029,0.7919034321761556,0.6351985224971065,0.039285751976441755,0.9607142480235582,0.9791504222353213,0.8179194063790075,0.8179194063790075,0.5,0.0,0.0,0.9657612081054515,0.8618080868509902,0.8431890465053103,0.9253642983333599,0.4273791181866069,0.8962227648681504,0.8061878294383314,0.8483268602464124,False,1,0.8483268602464124,91
7836.png,00315,"small space explorer at bottom edge, diagonal pink white cosmic dust stripe in empty sky, empty dark blue starfield, tiny rim-lit grey ground below the explorer, dark high contrast digital painting, square crop",1,"[0, 2, 1, 1, 0, 1]",0.9012590646743774,0.45939627289772034,0.008166677318513393,0.09036967034638001,0.791548087381682,0.7675233063874422,0.04151266089836876,0.9584873391016312,0.9845055770022272,0.8777571719603653,0.8777571719603653,0.5,0.0,0.0,0.9083027587215635,0.7058693815983471,0.8630867848976127,0.9246678975942098,0.7580414879630114,0.8298773277607369,0.8703888311434053,0.8483084410680992,False,1,0.8483084410680992,92
7836.png,00001,"small space explorer at bottom edge, sloping pink white cosmic dust stripe in empty sky, moody blue black cosmic background, small rim-lit grey ground below the figure, dark high contrast digital painting",1,"[0, 0, 0, 0, 0, 0]",0.9026603102684021,0.42187273502349854,0.008639814332127571,0.09295060156947652,0.7850861538822362,0.7235649956597222,0.042525744152916656,0.9574742558470833,0.9817475239913669,0.8570697423916275,0.8570697423916275,0.5,0.0,0.0,0.914314288256792,0.8389041262630884,0.8369294309367955,0.912003872862906,0.648195404944719,0.7996949297796749,0.8373235372797818,0.8473099158229327,False,1,0.8473099158229327,93
7836.png,00845,"tiny space explorer at bottom edge, sloping pink white cosmic dust stripe across empty sky, deep blue black cosmic background, small rim-lit grey ground below the figure, dark high contrast digital painting, square crop",1,"[2, 1, 2, 0, 0, 1]",0.8917537927627563,0.41414156556129456,0.008494152687489986,0.09216372761281949,0.7961141245585641,0.690733167860243,0.04111981215445274,0.9588801878455473,0.983026225570236,0.8430432363970981,0.8430432363970981,0.5,0.0,0.0,0.8675238809282954,0.8663139658899304,0.8449042814181393,0.9336163659956637,0.5661529510287255,0.8415813186045376,0.8526534251763158,0.8471831045317049,False,1,0.8471831045317049,94
7836.png,00136,"small space explorer at bottom edge, sloping pink white cosmic dust stripe across empty sky, deep blue black cosmic background, small rim-lit grey ground below the figure, dark high contrast digital painting, square crop",1,"[0, 1, 2, 0, 0, 1]",0.8846081495285034,0.40700024366378784,0.007579559460282326,0.08706066540224883,0.7984334120728005,0.6836027922453703,0.04429461942292186,0.9557053805770781,0.9794735324569497,0.8380128462037839,0.8380128462037839,0.5,0.0,0.0,0.8368681232694701,0.8916325789265812,0.8966230576999108,0.9381616796300136,0.5483350727077327,0.7469955122949941,0.8100614803023332,0.84680236806162,False,1,0.84680236806162,95
7836.png,00971,"small space explorer at bottom edge, sloping pink white cosmic dust stripe in empty sky, deep blue black cosmic background, small rim-lit grey ground below the figure, dark high contrast digital painting, clean centered framing",1,"[0, 0, 2, 0, 0, 5]",0.8847993612289429,0.4192548394203186,0.0076062786392867565,0.08721398190248371,0.7964493786975773,0.6622676142939815,0.038665226523782396,0.9613347734762177,0.979178504078606,0.8303232979646891,0.8303232979646891,0.5,0.0,0.0,0.8376884468369981,0.8481855291599951,0.8950692177801216,0.9342733932937778,0.4950212467289641,0.9147098399288324,0.806524492438202,0.8466046535366566,False,1,0.8466046535366566,96
7836.png,00965,"small space explorer at bottom edge, sloping pink white cosmic dust stripe in empty sky, empty dark blue starfield, thin grey ground below the figure, dark sci fi concept art",1,"[0, 0, 1, 3, 3, 0]",0.871330976486206,0.41862934827804565,0.008334171026945114,0.09129168103910189,0.8086233925750702,0.7381716127748842,0.04398984242399178,0.9560101575760083,0.9885812425140053,0.8644970294031018,0.8644970294031018,0.5,0.0,0.0,0.7799072891170066,0.850403125344056,0.8537423437015976,0.9581318890268318,0.684695435307276,0.7560756156684226,0.9192505017879234,0.8464380390567842,False,1,0.8464380390567842,97
7836.png,00624,"small space explorer at bottom edge, diagonal pink white cosmic dust stripe in empty sky, deep blue black cosmic background, small rim-lit grey ground below the figure, dark high contrast digital painting, tight square crop",1,"[0, 2, 2, 0, 0, 2]",0.8808847665786743,0.4292730987071991,0.007657512556761503,0.08750721431265826,0.8119851343440527,0.6878571686921298,0.04034090821897174,0.9596590917810283,0.9756036461580795,0.8405371372664342,0.8405371372664342,0.5,0.0,0.0,0.82089431634418,0.812667114806776,0.8920973509294751,0.9647201928071636,0.5589662043555444,0.8647869026117417,0.7636668217562161,0.8462427948146529,False,1,0.8462427948146529,98
7836.png,00626,"small space explorer at bottom edge, diagonal pink white cosmic dust stripe in empty sky, deep blue black cosmic background, small rim-lit grey ground below the figure, moody high contrast digital painting",1,"[0, 2, 2, 0, 2, 0]",0.8948025703430176,0.414552241563797,0.009268039837479591,0.09627065927622803,0.7889405083315894,0.7318200005425347,0.042065720991652546,0.9579342790083475,0.9850527009534088,0.861606538087744,0.861606538087744,0.5,0.0,0.0,0.8806035413020642,0.864857968395345,0.8032811400297459,0.9195575934442157,0.6688235850695302,0.813400222085565,0.8769481010901435,0.8460473441704348,False,1,0.8460473441704348,99
7836.png,00523,"small space explorer at bottom edge, sloping pink white cosmic dust stripe in empty sky, deep blue black cosmic background, faint grey ground below the figure, dark high contrast digital painting",1,"[0, 0, 2, 4, 0, 0]",0.9082436561584473,0.42769569158554077,0.0089392876252532,0.09454780603088155,0.792810810268464,0.6962500678168403,0.040339595163916046,0.959660404836084,0.9796914305659247,0.8451319583233924,0.8451319583233924,0.5,0.0,0.0,0.9382675830015046,0.8182596032966827,0.8207420013490193,0.9271425677325456,0.5799389641990146,0.8648260219536948,0.8126737814354933,0.8459367471215925,False,1,0.8459367471215925,100
7836.png,00058,"small space explorer at bottom edge, sloping pink white cosmic dust stripe across empty sky, deep blue black cosmic background, small rim-lit grey ground below the figure, dark high contrast digital painting",1,"[0, 1, 2, 0, 0, 0]",0.8863237500190735,0.4249308705329895,0.007726776413619518,0.08790208423933711,0.7938942217299436,0.6937329327618634,0.040648816937708915,0.9593511830622911,0.9813590159758498,0.8442245370098105,0.8442245370098105,0.5,0.0,0.0,0.8442282770238825,0.8280619109576174,0.8880954029704633,0.9292658253525028,0.5736489721215237,0.8556134971200944,0.8326658560637716,0.8459152364870942,False,1,0.8459152364870942,101
7836.png,00237,"small space explorer at bottom edge, sloping pink white cosmic dust stripe in empty sky, empty dark blue starfield, tiny rim-lit grey ground below the explorer, dark high contrast digital painting, centered crop",1,"[0, 0, 1, 1, 0, 3]",0.9090851545333862,0.4446691870689392,0.007721927482634783,0.08787449847728739,0.7702205243819674,0.7720076949508101,0.04571132616895909,0.9542886738310409,0.9813712073502423,0.8776787400387773,0.8776787400387773,0.5,0.0,0.0,0.941877722691766,0.7580823181677846,0.8883749805646883,0.8828703790480983,0.7692473898792416,0.7047881155786851,0.8328120140147975,0.8458351699977822,False,1,0.8458351699977822,102
7836.png,00579,"small space explorer at bottom edge, sloping pink white cosmic dust stripe across empty sky, deep blue black cosmic background, small rim-lit grey ground below the figure, dark high contrast digital painting, centered crop",1,"[0, 1, 2, 0, 0, 3]",0.8846313953399658,0.41903504729270935,0.007496232632547617,0.08658078674017473,0.796999144421993,0.6907512523509838,0.0433366184186282,0.9566633815813718,0.9825140048677453,0.842173048084972,0.842173048084972,0.5,0.0,0.0,0.8369678508852232,0.8489647731021263,0.9014865565447407,0.9353508179888821,0.5661981418115007,0.7755368660761828,0.8465125975764854,0.8457610111943374,False,1,0.8457610111943374,103
7836.png,00577,"small space explorer at bottom edge, sloping pink white cosmic dust stripe across empty sky, empty dark blue starfield, thin grey ground below the figure, realistic sci fi landscape",1,"[0, 1, 1, 3, 1, 0]",0.8691376447677612,0.42193174362182617,0.007441382389515638,0.08626344758653945,0.7979097260312379,0.7424870243778935,0.043766666594796465,0.9562333334052036,0.9800168572736483,0.864804199116603,0.864804199116603,0.5,0.0,0.0,0.770497605002951,0.8386949190759129,0.9047027416538136,0.9371353656045974,0.6954790858469528,0.7627246069199185,0.8165752038082984,0.8452954325311969,False,1,0.8452954325311969,104
7836.png,00961,"small space explorer at bottom edge, sloping pink white cosmic dust stripe in empty sky, empty dark blue starfield, small grey ground below the figure, cinematic sci fi painting",1,"[0, 0, 1, 2, 4, 0]",0.8645939826965332,0.4377827048301697,0.007144564297050238,0.08452552452987344,0.8129018594263602,0.7441835756655092,0.045406418308108897,0.9545935816918911,0.9876599423650321,0.8665223511146475,0.8665223511146475,0.5,0.0,0.0,0.7510046918007535,0.7824974308723454,0.922316333268757,0.966516780332421,0.6997185461560295,0.7138721176707379,0.9082053695723914,0.8445278079800342,False,1,0.8445278079800342,105
7836.png,00112,"small space explorer at bottom edge, sloping pink white cosmic dust stripe in empty sky, deep blue black cosmic background, small rim-lit grey ground below the figure, moody high contrast digital painting",1,"[0, 0, 2, 0, 2, 0]",0.8939931392669678,0.4194130003452301,0.008653818629682064,0.09302590300385191,0.797598372969968,0.6863476788556134,0.0413664068867927,0.9586335931132073,0.9860689875856845,0.8415920105917856,0.8415920105917856,0.5,0.0,0.0,0.877130974579175,0.8476247905022473,0.8361662621025825,0.9365251793703339,0.555194186205796,0.8342346170199364,0.889131991687441,0.8445141891195032,False,1,0.8445141891195032,106
7836.png,00989,"small space explorer at bottom edge, sloping pink white cosmic dust stripe in empty sky, deep blue black cosmic background, faint grey ground below the figure, dark high contrast digital painting, square crop",1,"[0, 0, 2, 4, 0, 1]",0.9038583040237427,0.4177325665950775,0.00885081198066473,0.09407875414069178,0.7919729104911784,0.6888992874710649,0.04167412185779968,0.9583258781422003,0.9795252640614993,0.8413237895240492,0.8413237895240492,0.5,0.0,0.0,0.9194538404337691,0.8535825462881468,0.825495772471585,0.925500461155186,0.5615703232129519,0.8250669837795571,0.8106816716836209,0.8440047541611766,False,1,0.8440047541611766,107
7836.png,00045,"small space explorer at bottom edge, sloping pink white cosmic dust stripe in empty sky, deep blue black cosmic background, small rim-lit grey ground below the figure, dark high contrast digital painting, square crop",1,"[0, 0, 2, 0, 0, 1]",0.8945136070251465,0.41018229722976685,0.007829095236957073,0.0884821746848317,0.7923788318697007,0.6452359799985533,0.04089161028438398,0.9591083897156161,0.9785676045959811,0.8217576483190109,0.8217576483190109,0.5,0.0,0.0,0.8793638503247029,0.8803510285280415,0.8822162726099552,0.9262959813159882,0.4524614148386761,0.8483800487498824,0.7992006408535565,0.8439191612985876,False,1,0.8439191612985876,108
7836.png,00038,"small space explorer at bottom edge, sloping pink white cosmic dust stripe in empty sky, moody blue black cosmic background, thin grey ground below the figure, dark high contrast digital painting",1,"[0, 0, 0, 3, 0, 0]",0.8870254755020142,0.40202826261520386,0.00967902410775423,0.09838203142725926,0.8000383641648728,0.7107097484447338,0.041564767755938314,0.9584352322440617,0.9823736955460223,0.8517464571947563,0.8517464571947563,0.5,0.0,0.0,0.8472387724604491,0.9092600806694461,0.7818826974043454,0.9413070467230523,0.6160718194515251,0.8283249282855255,0.8448304801783392,0.8438225835447739,False,1,0.8438225835447739,109
7836.png,00548,"small space explorer at bottom edge, sloping pink white cosmic dust stripe across empty sky, moody blue black cosmic background, small rim-lit grey ground below the figure, moody space painting",1,"[0, 1, 0, 0, 5, 0]",0.9036529660224915,0.4326590895652771,0.007251520175486803,0.08515585813957137,0.7762619206786662,0.6467737268518517,0.03934929588693999,0.96065070411306,0.9863129212592574,0.8245385077747558,0.8245385077747558,0.5,0.0,0.0,0.9185729131612836,0.8006625316901341,0.9159279959141153,0.8947102396903598,0.45630404358650967,0.8943296256939307,0.8920564237299582,0.8437469640419072,False,1,0.8437469640419072,110
7836.png,00824,"tiny space explorer at bottom edge, sloping pink white cosmic dust stripe in empty sky, deep blue black cosmic background, small grey ground below the figure, dark high contrast digital painting",1,"[2, 0, 2, 2, 0, 0]",0.8976225852966309,0.4225214421749115,0.009005543775856495,0.0948975435712458,0.7937553216539259,0.6906919126157408,0.03929054333430992,0.9607094566656901,0.9818868898208026,0.8434370484742354,0.8434370484742354,0.5,0.0,0.0,0.8927017796520887,0.8366042207866993,0.817197463410609,0.9289936105427994,0.5660498595555206,0.8960800177944066,0.8389943434922422,0.84351795261225,False,1,0.84351795261225,111
7836.png,00816,"tiny space explorer at bottom edge, sloping pink white cosmic dust stripe in empty sky, empty dark blue starfield, small grey ground below the figure, dark high contrast digital painting, square crop",1,"[2, 0, 1, 2, 0, 1]",0.901516854763031,0.4586009681224823,0.008479070849716663,0.092081870363914,0.788839588944991,0.8072052001953126,0.04636661445228213,0.9536333855477179,0.9856932564174287,0.8941526763130777,0.8941526763130777,0.5,0.0,0.0,0.9094087124090816,0.7086890295766133,0.845733892457255,0.9193598127632694,0.8572013630669858,0.6852653649352473,0.8846274874436205,0.8430024335268755,False,1,0.8430024335268755,112
7836.png,00291,"small space explorer at bottom edge, sloping pink white cosmic dust stripe across empty sky, empty dark blue starfield, thin grey ground below the figure, dark high contrast digital painting",1,"[0, 1, 1, 3, 0, 0]",0.8956647515296936,0.4556291699409485,0.008766896091401577,0.09363170452043248,0.79367483310372,0.7593847204137733,0.04034269736805618,0.9596573026319438,0.9866197327560028,0.8749271266585789,0.8749271266585789,0.5,0.0,0.0,0.8843024129991622,0.7192251472955956,0.8300265538618545,0.9288358699856609,0.7377042235023141,0.8647335991843367,0.8957346751126102,0.8428455439052869,False,1,0.8428455439052869,113
7836.png,00288,"small space explorer at bottom edge, sloping pink white cosmic dust stripe across empty sky, empty dark blue starfield, tiny rim-lit grey ground below the explorer, moody high contrast digital painting",1,"[0, 1, 1, 1, 2, 0]",0.9027883410453796,0.44656017422676086,0.00835680402815342,0.09141555681695222,0.7638047256621546,0.8489950674551504,0.04550191366250704,0.954498086337493,0.9669005191742692,0.9095022144077941,0.9095022144077941,0.5,0.0,0.0,0.9148635572789396,0.7513780731003723,0.85248688112305,0.8702967687400156,0.9616287887881667,0.7110270614733841,0.659328199503863,0.842791368734546,False,1,0.842791368734546,114
7836.png,00966,"small space explorer at bottom edge, sloping pink white cosmic dust stripe in empty sky, empty dark blue starfield, faint grey ground below the figure, dark high contrast digital painting, tight square crop",1,"[0, 0, 1, 4, 0, 2]",0.9179758429527283,0.4604407250881195,0.008668174035847187,0.0931030291443151,0.785809056297019,0.7765689425998263,0.04631877742146782,0.9536812225785322,0.9858120124616605,0.8804068545647402,0.8804068545647402,0.5,0.0,0.0,0.980019955751624,0.7021664143853398,0.8353846001436455,0.9134206089001793,0.7806453526222656,0.6866905551116578,0.886051210441382,0.8421579256535044,False,1,0.8421579256535044,115
7836.png,00234,"small space explorer at bottom edge, sloping pink white cosmic dust stripe in empty sky, empty dark blue starfield, small rim-lit grey ground below the figure, moody high contrast digital painting, tight square crop",1,"[0, 0, 1, 0, 2, 2]",0.8883062601089478,0.4482305943965912,0.008019874803721905,0.08955375371095231,0.7882075590804218,0.7835359926576967,0.04565950098823171,0.9543404990117683,0.9892640208586992,0.8844631755218223,0.8844631755218223,0.5,0.0,0.0,0.8527335083766083,0.7454558191401754,0.8713559786073914,0.9181211677297803,0.7980551016863221,0.7063321231645712,0.9274360828924662,0.8421025150714032,False,1,0.8421025150714032,116
7836.png,00042,"small space explorer at bottom edge, sloping pink white cosmic dust stripe in empty sky, empty dark blue starfield, tiny rim-lit grey ground below the explorer, dark high contrast digital painting, square crop",1,"[0, 0, 1, 1, 0, 1]",0.9048619866371155,0.4457051157951355,0.007739949971437454,0.0879769854645944,0.7642666735500421,0.7888403998480903,0.04532621942612082,0.9546737805738792,0.9767303412080999,0.8844600713741184,0.8844600713741184,0.5,0.0,0.0,0.9237597720277846,0.7544095697707026,0.8873362901961201,0.8712020890249245,0.8113101231590052,0.7162614519756272,0.7771743586951069,0.8420057986952173,False,1,0.8420057986952173,117
7836.png,00297,"small space explorer at bottom edge, sloping pink white cosmic dust stripe across empty sky, deep blue black cosmic background, small grey ground below the figure, dark high contrast digital painting",1,"[0, 1, 2, 2, 0, 0]",0.893022894859314,0.41531190276145935,0.00836891308426857,0.09148176367051834,0.7952597451259331,0.6441819932725695,0.03823524180909926,0.9617647581909008,0.9796282030866451,0.8224252029568007,0.8224252029568007,0.5,0.0,0.0,0.8729684973247428,0.8621646900109485,0.8518158845122673,0.931941962774757,0.44982763953007254,0.9275202084015913,0.8119157701955343,0.8419504086305569,False,1,0.8419504086305569,118
7836.png,00473,"small space explorer at bottom edge, sloping pink white cosmic dust stripe in empty sky, moody blue black cosmic background, tiny rim-lit grey ground below the explorer, moody space painting",1,"[0, 0, 0, 1, 5, 0]",0.884343683719635,0.3996858596801758,0.007215752732008696,0.0849455868895418,0.7573481270440074,0.6419157805266203,0.03696027403808298,0.963039725961917,0.981050289185821,0.8221360631608143,0.8221360631608143,0.5,0.0,0.0,0.8357335298564025,0.9175647607187514,0.9180590637494712,0.8576431992491922,0.444164669563584,0.9655048305983261,0.8289646429269396,0.841942210168011,False,1,0.841942210168011,119
7836.png,00957,"small space explorer at bottom edge, sloping pink white cosmic dust stripe in empty sky, empty dark blue starfield, small grey ground below the figure, dark high contrast digital painting, balanced crop",1,"[0, 0, 1, 2, 0, 4]",0.9010559916496277,0.4531964957714081,0.008115939795970917,0.09008851089884279,0.79230364520638,0.7397489194516783,0.043355324487251094,0.9566446755127489,0.9857252030430952,0.8648576907913363,0.8648576907913363,0.5,0.0,0.0,0.9074315484988181,0.7278498720772013,0.8659362940681187,0.9261486313372489,0.6886369188924306,0.7749795634011046,0.885010483913034,0.8418934065713243,False,1,0.8418934065713243,120
7836.png,00143,"small space explorer at bottom edge, diagonal pink white cosmic dust stripe in empty sky, moody blue black cosmic background, tiny rim-lit grey ground below the explorer, dark high contrast digital painting, square crop",1,"[0, 2, 0, 1, 0, 1]",0.8632391691207886,0.4347855746746063,0.008575355634093285,0.09260321611096066,0.80225244988834,0.7860237404152199,0.0424447032391315,0.9575552967608685,0.9890628152469021,0.8866676001025334,0.8866676001025334,0.5,0.0,0.0,0.7451923617851959,0.7931233597575394,0.8404501308756098,0.9456461870688357,0.804271658741804,0.8021093504125613,0.9250239020334015,0.8416854202483782,False,1,0.8416854202483782,121
7836.png,00239,"small space explorer at bottom edge, sloping pink white cosmic dust stripe in empty sky, empty dark blue starfield, tiny rim-lit grey ground below the explorer, moody high contrast digital painting, square crop",1,"[0, 0, 1, 1, 2, 1]",0.8942972421646118,0.4548422694206238,0.007927987724542618,0.08903924822539001,0.7698111448370902,0.8441162109375,0.04471970239027643,0.9552802976097235,0.9687668540341435,0.907953769892107,0.907953769892107,0.5,0.0,0.0,0.8784356163626935,0.7220149990987186,0.8765704151565717,0.8820680816116949,0.9494371629226575,0.7343311796865235,0.6817030089606326,0.8416822137497939,False,1,0.8416822137497939,122
7836.png,00102,"small space explorer at bottom edge, sloping pink white cosmic dust stripe in empty sky, empty dark blue starfield, small rim-lit grey ground below the figure, moody high contrast digital painting, square crop",1,"[0, 0, 1, 0, 2, 1]",0.8913265466690063,0.44889891147613525,0.008191223256289959,0.09050537694684199,0.7845652100805351,0.7946879069010416,0.045793720770731926,0.954206279229268,0.987485292221986,0.8890788142801097,0.8890788142801097,0.5,0.0,0.0,0.8656909384931208,0.7430863892551189,0.8617114186920598,0.9109829330483864,0.8259222803268987,0.7023333650426012,0.9061115525643778,0.8416255781093839,False,1,0.8416255781093839,123
7836.png,00090,"small space explorer at bottom edge, sloping pink white cosmic dust stripe in empty sky, moody blue black cosmic background, tiny rim-lit grey ground below the explorer, dark high contrast digital painting, centered crop",1,"[0, 0, 0, 1, 0, 3]",0.89251708984375,0.44538018107414246,0.008340458385646343,0.09132611009807844,0.784005066558655,0.7721908004195601,0.04168648112058519,0.9583135188794148,0.9753638862543408,0.8779683690474654,0.8779683690474654,0.5,0.0,0.0,0.8707985266906899,0.7555615828827102,0.8533934103111499,0.9098851700623114,0.7697049465548381,0.8246987690385992,0.7607924275213638,0.8408445370896013,False,1,0.8408445370896013,124
7836.png,00061,"small space explorer at bottom edge, diagonal pink white cosmic dust stripe in empty sky, moody blue black cosmic background, tiny rim-lit grey ground below the explorer, dark high contrast digital painting",1,"[0, 2, 0, 1, 0, 0]",0.8962777256965637,0.42857274413108826,0.00858400110155344,0.09264988451991421,0.7987757315835988,0.7101191767939815,0.043247905112413505,0.9567520948875865,0.9796470630311662,0.8503462753741802,0.8503462753741802,0.5,0.0,0.0,0.8869321535130203,0.8151501294020415,0.8399771534940887,0.9388325535644373,0.6145960579515302,0.7781798673323669,0.8121418752070719,0.8406247300820067,False,1,0.8406247300820067,125
7836.png,00652,"small space explorer at bottom edge, broad pale pink cosmic dust stripe in empty sky, deep blue black cosmic background, tiny rim-lit grey ground below the explorer, dark high contrast digital painting",1,"[0, 3, 2, 1, 0, 0]",0.8444375991821289,0.4196782410144806,0.006900440901517868,0.08306889250205439,0.7962535650020223,0.7226262975622108,0.039374384936758926,0.9606256150632411,0.9788851011283093,0.8571778194007911,0.8571778194007911,0.5,0.0,0.0,0.6645311318930961,0.8466844147619127,0.9370790821561964,0.9338896398114108,0.645849720876306,0.8935821573262506,0.803006991239417,0.8402134345703147,False,1,0.8402134345703147,126
7836.png,00435,"tiny space explorer at bottom edge, sloping pink white cosmic dust stripe across empty sky, empty dark blue starfield, tiny rim-lit grey ground below the explorer, dark high contrast digital painting",1,"[2, 1, 1, 1, 0, 0]",0.9064165949821472,0.4580908417701721,0.008433761075139046,0.0918355109700983,0.7715846445660041,0.8522581877531828,0.048423018809586806,0.9515769811904132,0.9747264076967219,0.9115134094449213,0.9115134094449213,0.5,0.0,0.0,0.930429248115148,0.7104976151437263,0.848230708260769,0.8855437664713195,0.9697829006551251,0.6239997044443321,0.7531499290790108,0.8394600826403363,False,1,0.8394600826403363,127
7836.png,00313,"small space explorer at bottom edge, diagonal pink white cosmic dust stripe in empty sky, empty dark blue starfield, small rim-lit grey ground below the figure, realistic sci fi landscape, square crop",1,"[0, 2, 1, 0, 1, 1]",0.8878389000892639,0.45288151502609253,0.0069959331303834915,0.08364169492773023,0.7898530531163638,0.7397783067491318,0.045526184519767046,0.9544738154802329,0.9850768719284927,0.8639814478408894,0.8639814478408894,0.5,0.0,0.0,0.850728471876301,0.7289665946838975,0.9312738147922558,0.9213459884692956,0.6887103539144394,0.7103039692004864,0.8772378781143604,0.8393407986621569,False,1,0.8393407986621569,128
7836.png,00629,"small space explorer at bottom edge, diagonal pink white cosmic dust stripe in empty sky, deep blue black cosmic background, small grey ground below the figure, dark high contrast digital painting",1,"[0, 2, 2, 2, 0, 0]",0.8916409015655518,0.43495434522628784,0.008819390088319778,0.09391160784652651,0.8025296049113196,0.7116281014901621,0.039822909395377463,0.9601770906046225,0.9746657907378916,0.8512277855297692,0.8512277855297692,0.5,0.0,0.0,0.8670395627123048,0.7925250060701783,0.8271897752952923,0.9461893523715614,0.6183666638893166,0.8802194414255649,0.752423214418723,0.8393286679605875,False,1,0.8393286679605875,129
7836.png,00330,"small space explorer at bottom edge, broad pale pink cosmic dust stripe in empty sky, empty dark blue starfield, tiny rim-lit grey ground below the explorer, dark high contrast digital painting",1,"[0, 3, 1, 1, 0, 0]",0.8896164894104004,0.4560396075248718,0.007425784133374691,0.08617298958127594,0.7795595483998261,0.7638521547670717,0.044202041413633764,0.9557979585863663,0.988233206766671,0.8759093965037447,0.8759093965037447,0.5,0.0,0.0,0.8583545659393881,0.7177699950825744,0.9056195200790165,0.9011728934795058,0.7488677590596926,0.7497536531566528,0.9150780278668866,0.8390789753571657,False,1,0.8390789753571657,130
7836.png,00022,"small space explorer at bottom edge, diagonal pink white cosmic dust stripe in empty sky, moody blue black cosmic background, small rim-lit grey ground below the figure, dark high contrast digital painting",1,"[0, 2, 0, 0, 0, 0]",0.9038190245628357,0.42854276299476624,0.009465338662266731,0.09728997205399297,0.7855617357907384,0.7437388102213541,0.043004093210734076,0.9569959067892659,0.980369435152826,0.8657049190064177,0.8657049190064177,0.5,0.0,0.0,0.9192853263343299,0.8152564235587579,0.7929505566782097,0.9129359129483616,0.6986071353421577,0.7854436611182908,0.8208021316950793,0.8390084203765921,False,1,0.8390084203765921,131
7836.png,00564,"small space explorer at bottom edge, sloping pink white cosmic dust stripe across empty sky, empty dark blue starfield, small rim-lit grey ground below the figure, dark high contrast digital painting, balanced crop",1,"[0, 1, 1, 0, 0, 4]",0.8892940282821655,0.45912185311317444,0.0078744450584054,0.08873806994974254,0.7844031299988643,0.7801626699942131,0.04324699123186261,0.9567530087681374,0.9841131788260379,0.8827593903314517,0.8827593903314517,0.5,0.0,0.0,0.8569711649106082,0.7068423006789091,0.8796228121716181,0.9106652903238199,0.7896256084868294,0.7782070942225268,0.8656845122067646,0.8387542012875954,False,1,0.8387542012875954,132
7836.png,00566,"small space explorer at bottom edge, sloping pink white cosmic dust stripe across empty sky, empty dark blue starfield, small rim-lit grey ground below the figure, moody high contrast digital painting, tight square crop",1,"[0, 1, 1, 0, 2, 2]",0.8924640417098999,0.45420771837234497,0.008168238215148449,0.09037830610909041,0.7831799229521317,0.799234460901331,0.04661020850230138,0.9533897914976986,0.9887293803218878,0.891087810494171,0.891087810494171,0.5,0.0,0.0,0.8705709431573048,0.7242647159822246,0.8629992627273525,0.9082680628852127,0.8372835255589182,0.6780080615196638,0.9210264720577708,0.8387333107177263,False,1,0.8387333107177263,133
7836.png,00951,"small space explorer at bottom edge, sloping pink white cosmic dust stripe in empty sky, empty dark blue starfield, tiny rim-lit grey ground below the explorer, dark high contrast digital painting, clean centered framing",1,"[0, 0, 1, 1, 0, 5]",0.907219648361206,0.4575507342815399,0.007661205716431141,0.08752831379862827,0.772014516819171,0.7750882749204283,0.046699251580157,0.953300748419843,0.9839524830997457,0.879235482281087,0.879235482281087,0.5,0.0,0.0,0.933874453671664,0.712412494867556,0.8918835107783041,0.8863862252873804,0.7769453572825654,0.6753552355043956,0.863757989623059,0.8385163066501855,False,1,0.8385163066501855,134
7836.png,00247,"small space explorer at bottom edge, sloping pink white cosmic dust stripe in empty sky, deep blue black cosmic background, small rim-lit grey ground below the figure, dark high contrast digital painting, centered crop",1,"[0, 0, 2, 0, 0, 3]",0.8861327171325684,0.4220582842826843,0.007634875830262899,0.0873777765239131,0.7916616882357996,0.6770403826678241,0.042656517263769914,0.95734348273623,0.9807289713184622,0.8358841854218937,0.8358841854218937,0.5,0.0,0.0,0.8434087205918603,0.8382462858856363,0.893409183660938,0.9248905312728395,0.5319364674082662,0.7957988570144041,0.8251124799460182,0.8380802303993451,False,1,0.8380802303993451,135
7836.png,00135,"small space explorer at bottom edge, sloping pink white cosmic dust stripe across empty sky, empty dark blue starfield, small grey ground below the figure, dark high contrast digital painting",1,"[0, 1, 1, 2, 0, 0]",0.9150581359863281,0.4559324085712433,0.008707290515303612,0.09331286361109925,0.7833767048393534,0.7283178258825233,0.0427616912137451,0.9572383087862549,0.9870032895387815,0.8601770876300809,0.8601770876300809,0.5,0.0,0.0,0.9675026057036014,0.7181500548059434,0.8332579590414981,0.9086537138187394,0.6600721075427656,0.7926654501585126,0.9003329978011242,0.8380397497617016,False,1,0.8380397497617016,136
7836.png,00521,"small space explorer at bottom edge, sloping pink white cosmic dust stripe in empty sky, deep blue black cosmic background, thin grey ground below the figure, dark high contrast digital painting, square crop",1,"[0, 0, 2, 3, 0, 1]",0.9099085330963135,0.4046701490879059,0.009284477680921555,0.09635599452510235,0.7859791254492823,0.6394608109085648,0.04000464710653646,0.9599953528934635,0.9759770894755321,0.8189511563166728,0.8189511563166728,0.5,0.0,0.0,0.945410125984107,0.8998936213151271,0.8024162799783953,0.9137539085156083,0.438030020801882,0.8748050000144122,0.7681438977893287,0.8378210297705291,False,1,0.8378210297705291,137
7836.png,00573,"small space explorer at bottom edge, sloping pink white cosmic dust stripe across empty sky, empty dark blue starfield, small grey ground below the figure, dark high contrast digital painting, tight square crop",1,"[0, 1, 1, 2, 0, 2]",0.9012156128883362,0.44411176443099976,0.008200807496905327,0.09055830992739058,0.7884296589876326,0.7019376401548033,0.042206250489783714,0.9577937495102162,0.9862388686693111,0.8483475241320995,0.8483475241320995,0.5,0.0,0.0,0.9081163447936559,0.7600585864652248,0.8611749508094521,0.9185564366346644,0.5941514653817422,0.8092134810436655,0.8911686341775836,0.8377666230770949,False,1,0.8377666230770949,138
7836.png,00627,"small space explorer at bottom edge, diagonal pink white cosmic dust stripe in empty sky, deep blue black cosmic background, tiny rim-lit grey ground below the explorer, dark high contrast digital painting, square crop",1,"[0, 2, 2, 1, 0, 1]",0.8696788549423218,0.4270017743110657,0.00738589558750391,0.08594123333711187,0.8027959912374169,0.70721435546875,0.04264460975775673,0.9573553902422433,0.9757760869037845,0.8484760639264796,0.8484760639264796,0.5,0.0,0.0,0.7728194684671508,0.8207197952897107,0.9079683351334353,0.946711413303025,0.6073372884683008,0.7961536127403913,0.7657341511035297,0.8377603005967741,False,1,0.8377603005967741,139
7836.png,00318,"small space explorer at bottom edge, diagonal pink white cosmic dust stripe in empty sky, deep blue black cosmic background, small rim-lit grey ground below the figure, dark high contrast digital painting, square crop",1,"[0, 2, 2, 0, 0, 1]",0.8820801377296448,0.4299042224884033,0.0081401988863945,0.09022305074865569,0.8073111617136952,0.6834185564959491,0.039912366453219744,0.9600876335467803,0.9733482234586682,0.8382386668562838,0.8382386668562838,0.5,0.0,0.0,0.8260226172004055,0.8104295488457575,0.8645727527068077,0.9555601937156593,0.5478746916082128,0.8775542818645033,0.7366273797842657,0.8376494543761712,False,1,0.8376494543761712,140
7836.png,00506,"small space explorer at bottom edge, sloping pink white cosmic dust stripe in empty sky, empty dark blue starfield, faint grey ground below the figure, dark high contrast digital painting, square crop",1,"[0, 0, 1, 4, 0, 1]",0.8841603398323059,0.451966792345047,0.008433343842625618,0.09183323931249304,0.7951052952538092,0.7935983163339121,0.044986595303065806,0.9550134046969342,0.9840383721384286,0.8881816084218731,0.8881816084218731,0.5,0.0,0.0,0.8349469602511295,0.7322096230657051,0.848253731172626,0.9316392736492048,0.8231995356647072,0.7263797422543368,0.8647876820519323,0.8376438509429069,False,1,0.8376438509429069,141
7836.png,00298,"small space explorer at bottom edge, sloping pink white cosmic dust stripe across empty sky, dark cosmic background, small rim-lit grey ground below the figure, dark high contrast digital painting, square crop",1,"[0, 1, 3, 0, 0, 1]",0.8834583759307861,0.4177788496017456,0.007746749557554722,0.08801562109963618,0.7836193803786328,0.6673340974030673,0.038212925164908776,0.9617870748350912,0.9720681414855026,0.8313394483207627,0.8313394483207627,0.5,0.0,0.0,0.8319354419672218,0.8534184560044682,0.8869447237830965,0.9091293066163718,0.5076817269657641,0.9281850795595464,0.72128094284285,0.8372934049274005,False,1,0.8372934049274005,142
7836.png,00588,"small space explorer at bottom edge, sloping pink white cosmic dust stripe across empty sky, deep blue black cosmic background, thin grey ground below the figure, dark high contrast digital painting",1,"[0, 1, 2, 3, 0, 0]",0.8916214108467102,0.4076477289199829,0.008827075362205505,0.09395251652939109,0.7979860654220691,0.6653425428602431,0.0419025795770721,0.9580974204229279,0.9765973773380515,0.8300577169027444,0.8300577169027444,0.5,0.0,0.0,0.8669559449421733,0.8893370055182094,0.8267751718807635,0.9372849746857713,0.5027050920126704,0.8182606312177411,0.7755803032440036,0.8368105716965611,False,1,0.8368105716965611,143
7836.png,00488,"small space explorer at bottom edge, sloping pink white cosmic dust stripe in empty sky, empty dark blue starfield, small rim-lit grey ground below the figure, dark high contrast digital painting, clean centered framing",1,"[0, 0, 1, 0, 0, 5]",0.8966503143310547,0.44957223534584045,0.007945557124912739,0.08913785461246383,0.7718078360524079,0.7779625786675348,0.04536431572707817,0.9546356842729218,0.9846558928350493,0.8811368284629231,0.8811368284629231,0.5,0.0,0.0,0.8885306081952574,0.740699208457211,0.8755710540940198,0.8859811746408522,0.7841278673198621,0.7151264636003469,0.872190912961647,0.8366566272283003,False,1,0.8366566272283003,144
7836.png,00106,"small space explorer at bottom edge, sloping pink white cosmic dust stripe in empty sky, empty dark blue starfield, tiny rim-lit grey ground below the explorer, moody high contrast digital painting",1,"[0, 0, 1, 1, 2, 0]",0.8980324268341064,0.4360138475894928,0.008510495536029339,0.09225234704889268,0.7578391427374472,0.8173104745370371,0.04592859768649234,0.9540714023135076,0.9764302010881631,0.8970007445690269,0.8970007445690269,0.5,0.0,0.0,0.894460054231366,0.7887686804584215,0.8440061366181422,0.8586054862931106,0.8824531251544608,0.6983150292033063,0.7735760880212319,0.8364088096827631,False,1,0.8364088096827631,145
7836.png,00637,"small space explorer at bottom edge, broad pale pink cosmic dust stripe in empty sky, moody blue black cosmic background, small rim-lit grey ground below the figure, dark sci fi concept art",1,"[0, 3, 0, 0, 3, 0]",0.9211509227752686,0.4424019753932953,0.009781541302800179,0.09890167492413958,0.7429032407070717,0.7694261338975695,0.038518982282969835,0.9614810177170302,0.9827912688326912,0.8793183702214051,0.8793183702214051,0.5,0.0,0.0,0.993641469504318,0.7661204175437344,0.7766161878748788,0.8293342731626709,0.7627964056381152,0.9190668380914491,0.8498366143530409,0.8363105027102078,False,1,0.8363105027102078,146
7836.png,00147,"small space explorer at bottom edge, diagonal pink white cosmic dust stripe in empty sky, empty dark blue starfield, small rim-lit grey ground below the figure, realistic sci fi landscape",1,"[0, 2, 1, 0, 1, 0]",0.8831825852394104,0.44901198148727417,0.007107198238372803,0.08430420059743644,0.7895118144309692,0.7336815728081598,0.04525163628355593,0.9547483637164441,0.9852453500445353,0.8613677050733345,0.8613677050733345,0.5,0.0,0.0,0.8307522633054539,0.742685514473228,0.9245594183959185,0.9206772327243649,0.6734754112714287,0.7184834787256177,0.8792577009366926,0.8360345360947676,False,1,0.8360345360947676,147
7836.png,00243,"small space explorer at bottom edge, sloping pink white cosmic dust stripe in empty sky, empty dark blue starfield, small grey ground below the figure, moody high contrast digital painting",1,"[0, 0, 1, 2, 2, 0]",0.8902866244316101,0.4625158905982971,0.008590234443545341,0.09268351764766668,0.7913232908795699,0.7814082392939815,0.04323155598088894,0.9567684440191111,0.987938718902643,0.8840904068695091,0.8840904068695091,0.5,0.0,0.0,0.8612295341032646,0.6948091893094706,0.8396362867481802,0.9242273439329096,0.792738123650455,0.7786669506911184,0.9115475200321869,0.8352216317398526,False,1,0.8352216317398526,148
7836.png,00127,"small space explorer at bottom edge, sloping pink white cosmic dust stripe across empty sky, moody blue black cosmic background, small grey ground below the figure, dark high contrast digital painting, square crop",1,"[0, 1, 0, 2, 0, 1]",0.8979332447052002,0.405190646648407,0.009840683080255985,0.09920021713814937,0.7822593327234757,0.6870484528718172,0.04124039838723502,0.958759601612765,0.9855631109823553,0.8418502865532566,0.8418502865532566,0.5,0.0,0.0,0.8940345497374862,0.8980482659999649,0.773590506952343,0.906463900489531,0.556945329038326,0.8379887395617643,0.8830672211837749,0.8351882869518635,False,1,0.8351882869518635,149
7836.png,00969,"small space explorer at bottom edge, sloping pink white cosmic dust stripe in empty sky, empty dark blue starfield, narrow rim-lit ground below the character, dark high contrast digital painting, square crop",1,"[0, 0, 1, 5, 0, 1]",0.8879827857017517,0.44200628995895386,0.00856393575668335,0.09254153530541488,0.7911576944974215,0.7621663411458334,0.04467230904579446,0.9553276909542056,0.983148558095383,0.8739692569686736,0.8739692569686736,0.5,0.0,0.0,0.851345760246629,0.7675232679599615,0.8410752566630819,0.9239028100021408,0.7446551307778888,0.7357431512874635,0.854120025302252,0.8349385926391035,False,1,0.8349385926391035,150
7836.png,00986,"small space explorer at bottom edge, sloping pink white cosmic dust stripe in empty sky, deep blue black cosmic background, thin grey ground below the figure, dark high contrast digital painting, tight square crop",1,"[0, 0, 2, 3, 0, 2]",0.8991372585296631,0.4027274549007416,0.00893289502710104,0.09451399381626532,0.7894237947576099,0.634060329861111,0.04009534932536554,0.9599046506746345,0.9747894209673823,0.8162516603670985,0.8162516603670985,0.5,0.0,0.0,0.899199928809825,0.9067811868218069,0.8210846831136479,0.9205047327566139,0.4245349232957071,0.8721027438531608,0.7539053722497872,0.8348830723683254,False,1,0.8348830723683254,151
7836.png,00509,"small space explorer at bottom edge, sloping pink white cosmic dust stripe in empty sky, deep blue black cosmic background, small rim-lit grey ground below the figure, dark high contrast digital painting, balanced crop",1,"[0, 0, 2, 0, 0, 4]",0.8857536315917969,0.42103111743927,0.0077101062051951885,0.08780721043966258,0.7953826251267005,0.685739587854456,0.045480440466417485,0.9545195595335825,0.9797920949232545,0.83862307935591,0.83862307935591,0.5,0.0,0.0,0.8417823933195795,0.8418879701852287,0.8890569348150497,0.9321827816208246,0.5536746461349876,0.7116668041079488,0.8138806097827355,0.8344222016786378,False,1,0.8344222016786378,152
7836.png,00309,"small space explorer at bottom edge, diagonal pink white cosmic dust stripe in empty sky, moody blue black cosmic background, small grey ground below the figure, dark high contrast digital painting, square crop",1,"[0, 2, 0, 2, 0, 1]",0.8956836462020874,0.4107294976711273,0.010017400607466698,0.1000869652225838,0.7860223835032687,0.7124345567491318,0.042077613865973695,0.9579223861340262,0.9842575720701352,0.8527199000980454,0.8527199000980454,0.5,0.0,0.0,0.884383473650941,0.8784110016776726,0.7646034470450281,0.9138386851642011,0.6203818903586874,0.8130459022759234,0.8674155902640752,0.8343443484327818,False,1,0.8343443484327818,153
7836.png,00294,"small space explorer at bottom edge, sloping pink white cosmic dust stripe across empty sky, deep blue black cosmic background, small rim-lit grey ground below the figure, moody high contrast digital painting",1,"[0, 1, 2, 0, 2, 0]",0.8944768905639648,0.4282188415527344,0.008795185014605522,0.09378264772656784,0.79350974938227,0.6876944082754631,0.042298677487344456,0.9577013225126555,0.9854297035624875,0.8417438873158853,0.8417438873158853,0.5,0.0,0.0,0.8792063318341801,0.8164048442241171,0.8284967669246706,0.9285123407615739,0.5585594873105698,0.8064598392160569,0.8814678481752989,0.8340417999476245,False,1,0.8340417999476245,154
7836.png,00014,"small space explorer at bottom edge, sloping pink white cosmic dust stripe in empty sky, empty dark blue starfield, small rim-lit grey ground below the figure, dark high contrast digital painting, square crop",1,"[0, 0, 1, 0, 0, 1]",0.8862166404724121,0.44703054428100586,0.007933462038636208,0.08906998393755446,0.7839380286680032,0.7658199734157987,0.045555448874272174,0.9544445511257278,0.983987059692967,0.8754719928697074,0.8754719928697074,0.5,0.0,0.0,0.8437687628559125,0.7497104382341138,0.8762589132865768,0.9097537899567716,0.7537850811103941,0.7094321075934888,0.8641725158164143,0.8334444175716552,False,1,0.8334444175716552,155
7836.png,00055,"small space explorer at bottom edge, sloping pink white cosmic dust stripe across empty sky, empty dark blue starfield, small rim-lit grey ground below the figure, dark high contrast digital painting, square crop",1,"[0, 1, 1, 0, 0, 1]",0.9063417911529541,0.4519280195236206,0.008313518948853016,0.09117850047490919,0.7729481727504869,0.7603584572120949,0.04555333801188194,0.954446661988118,0.98398842387804,0.873015322216892,0.873015322216892,0.5,0.0,0.0,0.9301083297618914,0.732347086980107,0.8548894118809354,0.888215993700461,0.7401374647123536,0.7094949957011135,0.8641888705348139,0.8332478083657437,False,1,0.8332478083657437,156
7836.png,00578,"small space explorer at bottom edge, sloping pink white cosmic dust stripe across empty sky, empty dark blue starfield, faint grey ground below the figure, dark high contrast digital painting",1,"[0, 1, 1, 4, 0, 0]",0.9148933291435242,0.4593092203140259,0.009218273684382439,0.0960118413758555,0.7803527972156672,0.7856027108651621,0.04671066754494878,0.9532893324550512,0.9853363340810483,0.8842397530648005,0.8842397530648005,0.5,0.0,0.0,0.9667955624790956,0.7061780150295289,0.8059042209436642,0.9027274936038726,0.8032195608303243,0.6750151240761022,0.8803484754404292,0.8331028699538573,False,1,0.8331028699538573,157
7836.png,00436,"tiny space explorer at bottom edge, sloping pink white cosmic dust stripe across empty sky, deep blue black cosmic background, small rim-lit grey ground below the figure, dark high contrast digital painting",1,"[2, 1, 2, 0, 0, 0]",0.8868309259414673,0.4353405237197876,0.008513455279171467,0.09226838721453555,0.7915030791853782,0.7073612919560185,0.041351219824641884,0.9586487801753582,0.9824055954315406,0.8503207735278918,0.8503207735278918,0.5,0.0,0.0,0.8464041290301464,0.7911558612563293,0.8438435719257722,0.9245796910363503,0.6077044635783473,0.8346870792948213,0.8452129162971251,0.832522961853747,False,1,0.832522961853747,158
7836.png,00295,"small space explorer at bottom edge, sloping pink white cosmic dust stripe across empty sky, deep blue black cosmic background, tiny rim-lit grey ground below the explorer, dark high contrast digital painting, square crop",1,"[0, 1, 2, 1, 0, 1]",0.8954634666442871,0.404289573431015,0.008372914046049118,0.09150362859498588,0.7578127414916797,0.7003518563729744,0.04134715717394684,0.9586528428260531,0.9691601504608212,0.8445188604491213,0.8445188604491213,0.5,0.0,0.0,0.8834388741314747,0.9012429020122139,0.8515942867558042,0.8585537454280326,0.5901887986171616,0.8348081162773034,0.6864180966954954,0.8323521683771599,False,1,0.8323521683771599,159
7836.png,00044,"small space explorer at bottom edge, sloping pink white cosmic dust stripe in empty sky, empty dark blue starfield, small grey ground below the figure, dark high contrast digital painting",1,"[0, 0, 1, 2, 0, 0]",0.907610297203064,0.4568319618701935,0.008753052912652493,0.09355775175073679,0.7823939123592932,0.7525323938440392,0.04501617940477232,0.9549838205952277,0.9874998949364413,0.8703838934254355,0.8703838934254355,0.5,0.0,0.0,0.9355503890399862,0.7149608074636671,0.8307760541801901,0.906727648149031,0.7205811534664859,0.7254983545425081,0.906286619193906,0.8323356392731761,False,1,0.8323356392731761,160
7836.png,00813,"tiny space explorer at bottom edge, sloping pink white cosmic dust stripe in empty sky, empty dark blue starfield, tiny rim-lit grey ground below the explorer, dark high contrast digital painting, tight square crop",1,"[2, 0, 1, 1, 0, 2]",0.8847298622131348,0.475797176361084,0.007480259984731674,0.08648849625662175,0.7857806815563383,0.8494997377748842,0.04739681757483126,0.9526031824251687,0.9701495917441786,0.9097159141963428,0.9097159141963428,0.5,0.0,0.0,0.8373902868370798,0.6477221458064208,0.9024219068647752,0.9133650004019247,0.9628898940699806,0.6545729213413689,0.6982801481739074,0.8321632997416795,False,1,0.8321632997416795,161
7836.png,00286,"small space explorer at bottom edge, sloping pink white cosmic dust stripe across empty sky, empty dark blue starfield, tiny rim-lit grey ground below the explorer, dark high contrast digital painting, tight square crop",1,"[0, 1, 1, 1, 0, 2]",0.8871505260467529,0.44272270798683167,0.007529563270509243,0.08677305613212688,0.7677195893383177,0.770206027560764,0.04502389042699469,0.9549761095730053,0.9765997279413385,0.8761542963411633,0.8761542963411633,0.5,0.0,0.0,0.8477752558908336,0.7649833025192982,0.8995379348627226,0.877969074624758,0.7647452581452857,0.7252686230367184,0.7756084837714032,0.8317412707289248,False,1,0.8317412707289248,162
7836.png,00943,"small space explorer at bottom edge, sloping pink white cosmic dust stripe in empty sky, moody blue black cosmic background, narrow rim-lit ground below the character, dark high contrast digital painting, tight square crop",1,"[0, 0, 0, 5, 0, 2]",0.9024070501327515,0.40375572443008423,0.00998471025377512,0.0999235220244719,0.7816959572129997,0.6545783148871528,0.039414728124081116,0.9605852718759189,0.9809114776466348,0.8269473823851173,0.8269473823851173,0.5,0.0,0.0,0.913227768668754,0.9031355930949794,0.766259919541173,0.9053598034884877,0.4758066907778322,0.8923802283336277,0.8273004818985683,0.831326777317855,False,1,0.831326777317855,163
7836.png,00485,"small space explorer at bottom edge, sloping pink white cosmic dust stripe in empty sky, moody blue black cosmic background, faint grey ground below the figure, moody high contrast digital painting",1,"[0, 0, 0, 4, 2, 0]",0.8780598640441895,0.40762805938720703,0.010559456422924995,0.10275921575666581,0.7828252680738919,0.7809408682364006,0.04339262926478389,0.9566073707352161,0.9834795036456431,0.8829318711928344,0.8829318711928344,0.5,0.0,0.0,0.8087751096236637,0.8894067412472679,0.7375205854536588,0.9075730142361524,0.7915702243581147,0.7738681565773945,0.8580876110698631,0.830572176336278,False,1,0.830572176336278,164
7836.png,00120,"small space explorer at bottom edge, sloping pink white cosmic dust stripe across empty sky, moody blue black cosmic background, small rim-lit grey ground below the figure, dark high contrast digital painting, centered crop",1,"[0, 1, 0, 0, 0, 3]",0.9022677540779114,0.4237139821052551,0.009017753414809704,0.09496185241879869,0.7849547991102497,0.6783119484230324,0.042967839664872984,0.9570321603351271,0.9838955840294419,0.8369807497135473,0.8369807497135473,0.5,0.0,0.0,0.9126301701097413,0.8323762280620377,0.8165457028083892,0.9117464452553401,0.5351139443221312,0.7865237490029665,0.8630758473753377,0.830520568283015,False,1,0.830520568283015,165
7836.png,00981,"small space explorer at bottom edge, sloping pink white cosmic dust stripe in empty sky, deep blue black cosmic background, tiny rim-lit grey ground below the explorer, cinematic sci fi painting",1,"[0, 0, 2, 1, 4, 0]",0.8421776294708252,0.4286651909351349,0.007412472274154425,0.08609571577119517,0.7809747194758152,0.7644037317346642,0.036786589197299345,0.9632134108027006,0.9667169200306975,0.8744497570676836,0.8744497570676836,0.5,0.0,0.0,0.6548355619472149,0.8148223714754664,0.9064026786475576,0.9039463298676841,0.7502460779343291,0.9706793559537453,0.6571270961851803,0.8304158909598782,False,1,0.8304158909598782,166
7836.png,00819,"tiny space explorer at bottom edge, sloping pink white cosmic dust stripe in empty sky, deep blue black cosmic background, small rim-lit grey ground below the figure, dark high contrast digital painting, tight square crop",1,"[2, 0, 2, 0, 0, 2]",0.890842854976654,0.42567816376686096,0.008452392183244228,0.09193689239496965,0.7935064543644565,0.6608948884186922,0.04127505967002956,0.9587249403299705,0.9809873911325944,0.82915390713042,0.82915390713042,0.5,0.0,0.0,0.863615836949951,0.8254124815543713,0.8472032226030031,0.9285058832226524,0.4915909838739516,0.8369560893554349,0.8282105810560471,0.8303407138972536,False,1,0.8303407138972536,167
7836.png,00613,"small space explorer at bottom edge, diagonal pink white cosmic dust stripe in empty sky, moody blue black cosmic background, faint grey ground below the figure, dark high contrast digital painting",1,"[0, 2, 0, 4, 0, 0]",0.8941497802734375,0.42810478806495667,0.010125051252543926,0.10062331366310655,0.7948388465313674,0.7713419596354166,0.04560795640389192,0.9543920435961081,0.9780036576508636,0.876741828624748,0.876741828624748,0.5,0.0,0.0,0.8778029852822496,0.816809205792461,0.7591676353970704,0.9311170904340855,0.7675838041883382,0.7078677710506921,0.7924396861545795,0.8301473107133024,False,1,0.8301473107133024,168
7836.png,00628,"small space explorer at bottom edge, diagonal pink white cosmic dust stripe in empty sky, deep blue black cosmic background, tiny rim-lit grey ground below the explorer, realistic sci fi landscape",1,"[0, 2, 2, 1, 1, 0]",0.8904248476028442,0.39311572909355164,0.007507689762860537,0.08664692587080361,0.7588331396248935,0.6358139603226273,0.042962485637057506,0.9570375143629425,0.9786019619442166,0.8167998045610554,0.8167998045610554,0.5,0.0,0.0,0.8618225298492426,0.9408582904476209,0.9008162462958513,0.860553510234635,0.42891701701291735,0.7866832594850532,0.7996125385985621,0.830146957171712,False,1,0.830146957171712,169
7836.png,00417,"tiny space explorer at bottom edge, sloping pink white cosmic dust stripe in empty sky, empty dark blue starfield, small rim-lit grey ground below the figure, dark high contrast digital painting, tight square crop",1,"[2, 0, 1, 0, 0, 2]",0.8942869901657104,0.47189968824386597,0.008504985831677914,0.09222248007767907,0.7747117754199684,0.7982725920500578,0.04292015014865481,0.9570798498513452,0.9880839114403446,0.8918173961585657,0.8918173961585657,0.5,0.0,0.0,0.878391633927028,0.6615401748591708,0.8443088339278499,0.8916722824141133,0.8348799408000745,0.7879445443340103,0.9132881805296484,0.8301407344669454,False,1,0.8301407344669454,170
7836.png,00282,"small space explorer at bottom edge, sloping pink white cosmic dust stripe across empty sky, empty dark blue starfield, small rim-lit grey ground below the figure, dark high contrast digital painting, centered crop",1,"[0, 1, 1, 0, 0, 3]",0.8947060108184814,0.46207454800605774,0.008260023780167103,0.09088467296616687,0.7753217729689716,0.7469194200303818,0.04102420007666725,0.9589757999233327,0.9867900985498903,0.8691132886968163,0.8691132886968163,0.5,0.0,0.0,0.880189288128936,0.6963739111452698,0.8578673099670289,0.8928677487628888,0.706555064262705,0.8444298522966708,0.8977771286176801,0.8300901683103411,False,1,0.8300901683103411,171
7836.png,00808,"tiny space explorer at bottom edge, sloping pink white cosmic dust stripe in empty sky, moody blue black cosmic background, faint grey ground below the figure, dark high contrast digital painting",1,"[2, 0, 0, 4, 0, 0]",0.8969352841377258,0.4235348105430603,0.01097075454890728,0.1047413698063343,0.7805454229721183,0.8021709300853588,0.045589204273179286,0.9544107957268207,0.9835937008136123,0.8917394372055213,0.8917394372055213,0.5,0.0,0.0,0.8897531664796561,0.8330114571576435,0.7174317490607849,0.9031049993989712,0.8446213789120036,0.7084264460358151,0.8594566793591337,0.8294505101862883,False,1,0.8294505101862883,172
7836.png,00109,"small space explorer at bottom edge, sloping pink white cosmic dust stripe in empty sky, empty dark blue starfield, thin grey ground below the figure, dark high contrast digital painting",1,"[0, 0, 1, 3, 0, 0]",0.8946613073348999,0.46242111921310425,0.008945468813180923,0.09458048854378436,0.791448833432861,0.7665563512731483,0.0433991078308691,0.9566008921691309,0.9855504835615205,0.8768707670444167,0.8768707670444167,0.5,0.0,0.0,0.8799975042524878,0.6951451887312978,0.8204107689431817,0.9244733808195235,0.7556251932965126,0.7736751431611221,0.8829158356306342,0.8292412278868846,False,1,0.8292412278868846,173
7836.png,00976,"small space explorer at bottom edge, sloping pink white cosmic dust stripe in empty sky, deep blue black cosmic background, small rim-lit grey ground below the figure, moody space painting",1,"[0, 0, 2, 0, 5, 0]",0.9001559019088745,0.42511361837387085,0.007376394234597683,0.0858859373506378,0.7673534997054912,0.6278816505714699,0.04115206300579059,0.9588479369942094,0.9834159985477164,0.814826720414678,0.814826720414678,0.5,0.0,0.0,0.9035700440744919,0.8274140026385464,0.9085287517295348,0.877251616272024,0.4090952099182471,0.8406204814512858,0.8573262715609726,0.8292008284210859,False,1,0.8292008284210859,174
7836.png,00493,"small space explorer at bottom edge, sloping pink white cosmic dust stripe in empty sky, empty dark blue starfield, small rim-lit grey ground below the figure, moody space painting",1,"[0, 0, 1, 0, 5, 0]",0.9093706607818604,0.44220006465911865,0.007441223599016666,0.08626252720049805,0.7423468927899045,0.7060009991681134,0.04341643156753081,0.9565835684324692,0.9886404947430247,0.8502327975256202,0.8502327975256202,0.5,0.0,0.0,0.943102582382682,0.7668362653685397,0.9047120696294101,0.8282439487601034,0.6043052693864928,0.7731590237680744,0.9199608551991484,0.8289577392917656,False,1,0.8289577392917656,175
7836.png,00312,"small space explorer at bottom edge, diagonal pink white cosmic dust stripe in empty sky, empty dark blue starfield, small rim-lit grey ground below the figure, dark high contrast digital painting, tight square crop",1,"[0, 2, 1, 0, 0, 2]",0.8980317115783691,0.4708743095397949,0.00851057656109333,0.09225278619691293,0.7907366013387327,0.7593525074146411,0.04304076927079242,0.9569592307292076,0.9828953647532971,0.8732234320424707,0.8732234320424707,0.5,0.0,0.0,0.8944569856893428,0.6651755195470306,0.8440016859182924,0.923077556356885,0.7376237274204958,0.7843509854313837,0.8510845824636193,0.8288955375493734,False,1,0.8288955375493734,176
7836.png,00110,"small space explorer at bottom edge, sloping pink white cosmic dust stripe in empty sky, deep blue black cosmic background, small rim-lit grey ground below the figure, dark high contrast digital painting, tight square crop",1,"[0, 0, 2, 0, 0, 2]",0.8919216394424438,0.4099123775959015,0.0079689621925354,0.08926904386479896,0.7839501915002802,0.6207184968171295,0.041238631247350215,0.9587613687526498,0.9768137207619756,0.8102525467835309,0.8102525467835309,0.5,0.0,0.0,0.8682439654563996,0.8813079929190764,0.8742414705396515,0.9097776265389295,0.3911954233034742,0.83804138727759,0.778173965823854,0.8286086022936369,False,1,0.8286086022936369,177
7836.png,00508,"small space explorer at bottom edge, sloping pink white cosmic dust stripe in empty sky, empty dark blue starfield, narrow rim-lit ground below the character, dark high contrast digital painting",1,"[0, 0, 1, 5, 0, 0]",0.891285240650177,0.4482337236404419,0.009038068354129791,0.09506875593027286,0.7891554165589403,0.7674328839337384,0.04469378761426751,0.9553062123857325,0.9817444411692633,0.8760508603390413,0.8760508603390413,0.5,0.0,0.0,0.8655137301912826,0.7454447248196434,0.8154622516244676,0.9199787681756434,0.7578155340491365,0.7351032485955518,0.8372865784474521,0.8281215592827649,False,1,0.8281215592827649,178
7836.png,00589,"small space explorer at bottom edge, sloping pink white cosmic dust stripe across empty sky, dark cosmic background, small rim-lit grey ground below the figure, dark high contrast digital painting, tight square crop",1,"[0, 1, 3, 0, 0, 2]",0.8695693016052246,0.4216202199459076,0.007450160104781389,0.08631430996527395,0.7858602336604251,0.6898939344618055,0.041600285150054005,0.958399714849946,0.972186493728515,0.8403294694509966,0.8403294694509966,0.5,0.0,0.0,0.772349470113935,0.839799385099926,0.9041872590125322,0.9135209057224715,0.5640558162655747,0.8272667722853774,0.7226998248147388,0.827791620526544,False,1,0.827791620526544,179
7836.png,00046,"small space explorer at bottom edge, sloping pink white cosmic dust stripe in empty sky, deep blue black cosmic background, small rim-lit grey ground below the figure, realistic sci fi landscape",1,"[0, 0, 2, 0, 1, 0]",0.8967346549034119,0.4015035927295685,0.00807023886591196,0.08983450821322483,0.7600867667256592,0.6831201623987267,0.043776162767346784,0.9562238372326533,0.9661034737287016,0.8353031108565959,0.8353031108565959,0.5,0.0,0.0,0.8888924404421564,0.9111202284119844,0.8685105734968963,0.8630103545536444,0.5471290436924257,0.7624416911201326,0.6497727117099087,0.827785982027239,False,1,0.827785982027239,180
7836.png,00008,"small space explorer at bottom edge, sloping pink white cosmic dust stripe in empty sky, moody blue black cosmic background, small rim-lit grey ground below the figure, dark high contrast digital painting, tight square crop",1,"[0, 0, 0, 0, 0, 2]",0.9153923392295837,0.42197829484939575,0.00949495192617178,0.09744204393469884,0.7720554417690655,0.6831269440827547,0.04384536901808311,0.9561546309819169,0.982380836440514,0.8385374129690133,0.8385374129690133,0.5,0.0,0.0,0.9689363819639283,0.8385298778504744,0.7914093307921752,0.886466429544765,0.5471459902359666,0.7603798560309382,0.8449160897637561,0.8272993705070003,False,1,0.8272993705070003,181
7836.png,00825,"tiny space explorer at bottom edge, sloping pink white cosmic dust stripe in empty sky, dark cosmic background, small rim-lit grey ground below the figure, dark high contrast digital painting, square crop",1,"[2, 0, 3, 0, 0, 1]",0.8609552383422852,0.4442664384841919,0.007788226939737797,0.08825093166498468,0.7973556988903788,0.7761145697699653,0.04441025666057675,0.9555897433394233,0.9749670558237589,0.8787013777300343,0.8787013777300343,0.5,0.0,0.0,0.7353939956815385,0.7595102100503556,0.8845598862122772,0.9360495894333858,0.7795099342050448,0.7435503767519268,0.7560349718997524,0.8271459658488876,False,1,0.8271459658488876,182
7836.png,00196,"tiny space explorer at bottom edge, sloping pink white cosmic dust stripe in empty sky, empty dark blue starfield, small rim-lit grey ground below the figure, dark high contrast digital painting, square crop",1,"[2, 0, 1, 0, 0, 1]",0.8872023820877075,0.4658437967300415,0.008244292810559273,0.09079808814374493,0.7797540483864366,0.8362777144820602,0.048690112093311234,0.9513098879066888,0.9822058304161049,0.9057245983674891,0.9057245983674891,0.5,0.0,0.0,0.8479977251875135,0.6830105379139423,0.858744834260376,0.9015540723698309,0.9298497830136322,0.6160422974382935,0.8428180062235898,0.8270954301098344,False,1,0.8270954301098344,183
7836.png,00146,"small space explorer at bottom edge, diagonal pink white cosmic dust stripe in empty sky, empty dark blue starfield, small rim-lit grey ground below the figure, dark high contrast digital painting, square crop",1,"[0, 2, 1, 0, 0, 1]",0.8953701853752136,0.46434614062309265,0.008511045016348362,0.09225532513816403,0.7897190932425289,0.7775652850115741,0.04683422510629376,0.9531657748937062,0.9848727160089663,0.8804869426697988,0.8804869426697988,0.5,0.0,0.0,0.8830386851092861,0.6883202797205753,0.8439759541264505,0.9210834554123718,0.7831350823107742,0.6713340213894847,0.8747903270895769,0.8267061666311039,False,1,0.8267061666311039,184
7836.png,00991,"small space explorer at bottom edge, sloping pink white cosmic dust stripe in empty sky, deep blue black cosmic background, narrow rim-lit ground below the character, dark high contrast digital painting",1,"[0, 0, 2, 5, 0, 0]",0.8813937306404114,0.4181382954120636,0.008770675398409367,0.09365188411564054,0.7950691631070405,0.6887461344401041,0.04353568240849351,0.9564643175915065,0.9793756742268004,0.8405734065004343,0.8405734065004343,0.5,0.0,0.0,0.8230778397055017,0.8521440883860215,0.8298220366666965,0.9315684622735827,0.5611876137713261,0.7696062295378339,0.8088882935926799,0.826250507502981,False,1,0.826250507502981,185
7836.png,00839,"tiny space explorer at bottom edge, sloping pink white cosmic dust stripe across empty sky, empty dark blue starfield, small rim-lit grey ground below the figure, dark high contrast digital painting, tight square crop",1,"[2, 1, 1, 0, 0, 2]",0.8898816704750061,0.4701695442199707,0.008242923766374588,0.09079054888243923,0.7783863966779724,0.7940696433738426,0.0442963934254918,0.9557036065745081,0.9832765715388659,0.8884829161270802,0.8884829161270802,0.5,0.0,0.0,0.859492227894479,0.6676741718512363,0.8588212435520346,0.8988737639046809,0.8243773204407795,0.746942660121843,0.8556547318907726,0.8262373854143947,False,1,0.8262373854143947,186
7836.png,00195,"tiny space explorer at bottom edge, sloping pink white cosmic dust stripe in empty sky, moody blue black cosmic background, small grey ground below the figure, dark high contrast digital painting",1,"[2, 0, 0, 2, 0, 0]",0.875913143157959,0.41417860984802246,0.01018562912940979,0.10092387789522254,0.7936967878720139,0.7394132260923033,0.04377247013003179,0.9562275298699682,0.9889398992694658,0.8652035670499185,0.8652035670499185,0.5,0.0,0.0,0.7995653921647848,0.8661826302668701,0.7561214616218596,0.9288788966941016,0.6877980649871702,0.7625517044369439,0.9235503071102937,0.8259784441919874,False,1,0.8259784441919874,187
7836.png,00618,"small space explorer at bottom edge, diagonal pink white cosmic dust stripe in empty sky, empty dark blue starfield, tiny rim-lit grey ground below the explorer, dark high contrast digital painting, tight square crop",1,"[0, 2, 1, 1, 0, 2]",0.8973498344421387,0.4664635956287384,0.008098199032247066,0.08998999406737988,0.7948678115325887,0.7276249638310185,0.044917575485302,0.955082424514698,0.9841771091464112,0.8585455041333849,0.8585455041333849,0.5,0.0,0.0,0.8915316422939192,0.6808131228272302,0.8669347474978779,0.9311738557183213,0.6583407356776992,0.7284360230180129,0.8664509495528256,0.825834307797047,False,1,0.825834307797047,188
7836.png,00620,"small space explorer at bottom edge, diagonal pink white cosmic dust stripe in empty sky, empty dark blue starfield, tiny rim-lit grey ground below the explorer, moody high contrast digital painting",1,"[0, 2, 1, 1, 2, 0]",0.8897942900657654,0.46011534333229065,0.008684637024998665,0.09319139995191973,0.780305948368876,0.788814968532986,0.04462457840383752,0.9553754215961625,0.9827894457935079,0.8859060225572022,0.8859060225572022,0.5,0.0,0.0,0.8591173543439815,0.7033200124002805,0.8344889751561868,0.9026356797598509,0.8112465736207277,0.7371651718617542,0.849814758599695,0.8256635119028815,False,1,0.8256635119028815,189
7836.png,00615,"small space explorer at bottom edge, diagonal pink white cosmic dust stripe in empty sky, empty dark blue starfield, small rim-lit grey ground below the figure, realistic sci fi landscape, tight square crop",1,"[0, 2, 1, 0, 1, 2]",0.8709746599197388,0.44979169964790344,0.007283539045602083,0.08534365263803796,0.7796796021100912,0.7254853425202547,0.04257493914925616,0.9574250608507439,0.9869478965106526,0.8589567547340055,0.8589567547340055,0.5,0.0,0.0,0.7783786437657966,0.739921126777231,0.9140247266118084,0.9014081733931745,0.652994101190636,0.7982292822610434,0.8996689109449745,0.8252435428292176,False,1,0.8252435428292176,190
7836.png,00486,"small space explorer at bottom edge, sloping pink white cosmic dust stripe in empty sky, moody blue black cosmic background, narrow rim-lit ground below the character, dark high contrast digital painting, square crop",1,"[0, 0, 0, 5, 0, 1]",0.8953030705451965,0.4041774272918701,0.01041973102837801,0.10207708375721757,0.7760250978951126,0.6870088930483217,0.041038518147876936,0.958961481852123,0.9844231079487532,0.8416751421097384,0.8416751421097384,0.5,0.0,0.0,0.8827507535827785,0.901640501328043,0.7444338917819696,0.8942461170576965,0.5568464742010055,0.8440032795331479,0.8694001396726343,0.8248742849467844,False,1,0.8248742849467844,191
7836.png,00907,"small space traveler at bottom edge, sloping pink white cosmic dust stripe in empty sky, empty dark blue starfield, tiny rim-lit grey ground below the explorer, dark high contrast digital painting",1,"[4, 0, 1, 1, 0, 0]",0.85823655128479,0.4587492048740387,0.007849106565117836,0.0885951836451499,0.7800197034079069,0.8152482774522568,0.04194202865070557,0.9580579713492944,0.9772592810773398,0.8976338710412366,0.8976338710412366,0.5,0.0,0.0,0.7237304674514633,0.7081634757639813,0.8810709436103547,0.9020747000986963,0.8772999637061523,0.8170853402087881,0.7835156263008193,0.8242940903015542,False,1,0.8242940903015542,192
7836.png,00152,"small space explorer at bottom edge, broad pale pink cosmic dust stripe in empty sky, moody blue black cosmic background, tiny rim-lit grey ground below the explorer, dark high contrast digital painting",1,"[0, 3, 0, 1, 0, 0]",0.8637366890907288,0.42840203642845154,0.008442431688308716,0.09188270614380442,0.7797287751700905,0.7703303584346065,0.043775253266578704,0.9562247467334213,0.980092996153218,0.8773459218829139,0.8773459218829139,0.5,0.0,0.0,0.747326788474147,0.8157553510021129,0.8477523921968515,0.90150454220415,0.7650559447768636,0.7624687875251137,0.8174880051277458,0.8242374194134562,False,1,0.8242374194134562,193
7836.png,00968,"small space explorer at bottom edge, sloping pink white cosmic dust stripe in empty sky, empty dark blue starfield, faint grey ground below the figure, moody high contrast digital painting",1,"[0, 0, 1, 4, 2, 0]",0.87310391664505,0.4576551020145416,0.009083319455385208,0.09530645022969436,0.7938230045466043,0.8354153103298612,0.04759336410724195,0.9524066358927581,0.9855061564967803,0.9063804435102589,0.9063804435102589,0.5,0.0,0.0,0.7875134376569431,0.7120424728627637,0.8130532552634653,0.9291262547160701,0.927694747560051,0.6487172864403034,0.882384414582534,0.8240746572165553,False,1,0.8240746572165553,194
7836.png,00057,"small space explorer at bottom edge, sloping pink white cosmic dust stripe across empty sky, empty dark blue starfield, tiny rim-lit grey ground below the explorer, dark high contrast digital painting",1,"[0, 1, 1, 1, 0, 0]",0.9052151441574097,0.44809240102767944,0.008405840024352074,0.09168336830828192,0.7529852598127146,0.782114099573206,0.046448608571033084,0.9535513914289669,0.9774169578870284,0.8811777233854868,0.8811777233854868,0.5,0.0,0.0,0.9252748646517256,0.7459457654669093,0.8497726515028278,0.8490929010263419,0.7945019763906404,0.6828225458351002,0.7854059561919788,0.8236062249399472,False,1,0.8236062249399472,195
7836.png,00479,"small space explorer at bottom edge, sloping pink white cosmic dust stripe in empty sky, moody blue black cosmic background, thin grey ground below the figure, dark high contrast digital painting, centered crop",1,"[0, 0, 0, 3, 0, 3]",0.886742115020752,0.4057098925113678,0.010734425857663155,0.10360707436108384,0.7786608113239151,0.7087351481119791,0.04155610532568698,0.958443894674313,0.9898920074945697,0.8523645812853141,0.8523645812853141,0.5,0.0,0.0,0.8460231183956026,0.8962073484130155,0.728927664640419,0.8994115586472526,0.6111375508572832,0.8285830047231283,0.9349647861391849,0.8231883997748946,False,1,0.8231883997748946,196
7836.png,00505,"small space explorer at bottom edge, sloping pink white cosmic dust stripe in empty sky, empty dark blue starfield, thin grey ground below the figure, moody high contrast digital painting",1,"[0, 0, 1, 3, 2, 0]",0.8827080726623535,0.4617232084274292,0.009403131902217865,0.09696974735564626,0.7898530077689102,0.8041986536096642,0.04418121440232112,0.9558187855976789,0.9849725703568549,0.8934204831549075,0.8934204831549075,0.5,0.0,0.0,0.8287165413849148,0.6976195391905288,0.7961959863536279,0.9213458995978652,0.8496883954306468,0.7503741442578233,0.8759874445283994,0.8230411729230681,False,1,0.8230411729230681,197
7836.png,00251,"small space explorer at bottom edge, sloping pink white cosmic dust stripe in empty sky, deep blue black cosmic background, tiny rim-lit grey ground below the explorer, dark high contrast digital painting, tight square crop",1,"[0, 0, 2, 1, 0, 2]",0.8901444673538208,0.4110700190067291,0.008183449506759644,0.09046242041179113,0.7579561976718286,0.6755399350766783,0.04048748382918487,0.9595125161708151,0.9693377939556289,0.8336899102354164,0.8336899102354164,0.5,0.0,0.0,0.8606196613761593,0.8772037282833959,0.8621467767838216,0.8588348892394664,0.5281870446499057,0.8604200320886034,0.6885477999084685,0.822972387932972,False,1,0.822972387932972,198
7836.png,00198,"tiny space explorer at bottom edge, sloping pink white cosmic dust stripe in empty sky, empty dark blue starfield, tiny rim-lit grey ground below the explorer, dark high contrast digital painting",1,"[2, 0, 1, 1, 0, 0]",0.8889620900154114,0.4568381905555725,0.008778637275099754,0.09369438230278139,0.7662596921708008,0.8390836362485533,0.048217331606615184,0.9517826683933848,0.9822537184325287,0.9071623139360394,0.9071623139360394,0.5,0.0,0.0,0.8555471057000213,0.7149387244827986,0.8293913238628108,0.8751079845444933,0.9368614154035609,0.6301276638117674,0.8433921182255586,0.8225161129577014,False,1,0.8225161129577014,199
7836.png,00947,"small space explorer at bottom edge, sloping pink white cosmic dust stripe in empty sky, empty dark blue starfield, small rim-lit grey ground below the figure, moody high contrast digital painting, balanced crop",1,"[0, 0, 1, 0, 2, 4]",0.8877136707305908,0.4678242802619934,0.008447141386568546,0.09190833143175077,0.7838215775367625,0.7821372703269676,0.045616179889082765,0.9543838201109173,0.987514799462461,0.8834990685784487,0.8834990685784487,0.5,0.0,0.0,0.8501912213104107,0.6759889952793138,0.8474926837159892,0.9095255703370329,0.7945598770810708,0.7076227719336836,0.9064653041324474,0.822488441313282,False,1,0.822488441313282,200
7836.png,00818,"tiny space explorer at bottom edge, sloping pink white cosmic dust stripe in empty sky, empty dark blue starfield, thin grey ground below the figure, dark high contrast digital painting",1,"[2, 0, 1, 3, 0, 0]",0.8922145366668701,0.4665118455886841,0.010014945641160011,0.10007470030512212,0.7820851811491129,0.8039324725115741,0.0426105366061707,0.9573894633938294,0.9889156622478201,0.8946390572676126,0.8946390572676126,0.5,0.0,0.0,0.8695005334148883,0.6806420589706457,0.7647277501587548,0.9061226001890998,0.8490232435966779,0.7971687409808632,0.9232597382778829,0.8221664540318545,False,1,0.8221664540318545,201
7836.png,00856,"tiny space explorer at bottom edge, diagonal pink white cosmic dust stripe in empty sky, empty dark blue starfield, small rim-lit grey ground below the figure, realistic sci fi landscape",1,"[2, 2, 1, 0, 1, 0]",0.8794615864753723,0.4778640866279602,0.0073703862726688385,0.08585095382503818,0.7806170187725269,0.7849268030237267,0.0460147677011405,0.9539852322988595,0.9883260544228211,0.8847771035498421,0.8847771035498421,0.5,0.0,0.0,0.8147886848535743,0.640394188604717,0.9088833045567151,0.9032453120448859,0.8015305553241094,0.6957477992501218,0.9161911446282616,0.8219102270538912,False,1,0.8219102270538912,202
7836.png,00908,"small space traveler at bottom edge, sloping pink white cosmic dust stripe in empty sky, deep blue black cosmic background, small rim-lit grey ground below the figure, dark high contrast digital painting",1,"[4, 0, 2, 0, 0, 0]",0.865902841091156,0.42692136764526367,0.00878098700195551,0.0937069207793934,0.7785696951455917,0.7467724835431134,0.04266118791971122,0.9573388120802888,0.9855656473020711,0.8682293312829164,0.8682293312829164,0.5,0.0,0.0,0.7566198679913222,0.8210048664972863,0.8292642482677951,0.8992329901838341,0.7061878891526587,0.7956597059665332,0.8830976281978552,0.821668855140036,False,1,0.821668855140036,203
7836.png,00900,"small space traveler at bottom edge, sloping pink white cosmic dust stripe in empty sky, moody blue black cosmic background, small rim-lit grey ground below the figure, realistic sci fi landscape, square crop",1,"[4, 0, 0, 0, 1, 1]",0.9096701145172119,0.43468421697616577,0.009348980151116848,0.09669012437222763,0.7591678255450137,0.7598430492259838,0.04308472501098364,0.9569152749890164,0.9599405965102419,0.8688378376998969,0.8688378376998969,0.5,0.0,0.0,0.9443872786430498,0.7934827100825819,0.7990299236888837,0.8612094239437416,0.7388495274032669,0.7830414290469029,0.5758882194715814,0.8213434290021928,False,1,0.8213434290021928,204
7836.png,00422,"tiny space explorer at bottom edge, sloping pink white cosmic dust stripe in empty sky, empty dark blue starfield, small grey ground below the figure, dark high contrast digital painting",1,"[2, 0, 1, 2, 0, 0]",0.8947330713272095,0.4721725881099701,0.009314930997788906,0.09651389018057922,0.7822467160583315,0.7917960838035301,0.04378782902910659,0.9562121709708934,0.9867436130945709,0.8883312201703154,0.8883312201703154,0.5,0.0,0.0,0.8803053813021461,0.6605726444485815,0.8008160310015052,0.9064391744908146,0.818695991718789,0.7620941226909768,0.8972198314103867,0.8211037979316017,False,1,0.8211037979316017,205
7836.png,00531,"small space explorer at bottom edge, sloping pink white cosmic dust stripe in empty sky, dark cosmic background, small grey ground below the figure, dark high contrast digital painting, square crop",1,"[0, 0, 3, 2, 0, 1]",0.8855735063552856,0.4217028319835663,0.008654856123030186,0.09303147920478415,0.7777983951448072,0.6502289948640047,0.03802900154465769,0.9619709984553423,0.9752889219700046,0.8243506815421728,0.8243506815421728,0.5,0.0,0.0,0.8410096321534107,0.8395064950378802,0.8361097481357491,0.8977214051008202,0.4649383075204524,0.9336646449157165,0.7598937079967238,0.8210948459691412,False,1,0.8210948459691412,206
7836.png,00809,"tiny space explorer at bottom edge, sloping pink white cosmic dust stripe in empty sky, empty dark blue starfield, small rim-lit grey ground below the figure, dark high contrast digital painting, centered crop",1,"[2, 0, 1, 0, 0, 3]",0.8979905843734741,0.47465980052948,0.008503858000040054,0.09221636514220269,0.7726267431115815,0.8071571632667824,0.04725787388874367,0.9527421261112563,0.9856666825844438,0.8938138041258806,0.8938138041258806,0.5,0.0,0.0,0.8942805445230105,0.6517545615091319,0.8443708078891363,0.8875860595024658,0.8570813250502396,0.6587124168977561,0.8843089034304533,0.8207896360076739,False,1,0.8207896360076739,207
7836.png,00996,"small space explorer at bottom edge, sloping pink white cosmic dust stripe in empty sky, dark cosmic background, small rim-lit grey ground below the figure, cinematic sci fi painting",1,"[0, 0, 3, 0, 4, 0]",0.860216498374939,0.42455118894577026,0.0074497549794614315,0.08631196313061956,0.7901896102535346,0.6748391610604746,0.0413022823900687,0.9586977176099313,0.976151893294661,0.8344522022996217,0.8344522022996217,0.5,0.0,0.0,0.7322247031952728,0.8294080218488379,0.9042110438325975,0.9220055693685719,0.5264359018173757,0.8361450533752611,0.7702395571639754,0.8207696695477236,False,1,0.8207696695477236,208
7836.png,00432,"tiny space explorer at bottom edge, sloping pink white cosmic dust stripe across empty sky, moody blue black cosmic background, small grey ground below the figure, dark high contrast digital painting",1,"[2, 1, 0, 2, 0, 0]",0.8962357640266418,0.42295554280281067,0.010712962597608566,0.10350344244327608,0.782051158195321,0.7228382251880787,0.04391907730058956,0.9560809226994105,0.9910119782327487,0.8581079199259789,0.8581079199259789,0.5,0.0,0.0,0.8867521323809943,0.835065174378417,0.7299779587092721,0.9060559223861964,0.6463793003619499,0.758183893648654,0.9483917077504539,0.8202892104818768,False,1,0.8202892104818768,209
7836.png,00625,"small space explorer at bottom edge, diagonal pink white cosmic dust stripe in empty sky, deep blue black cosmic background, small rim-lit grey ground below the figure, realistic sci fi landscape, square crop",1,"[0, 2, 2, 0, 1, 1]",0.8757832050323486,0.4257645010948181,0.007586145773530006,0.08709848318730934,0.7964371430756724,0.6616459599247685,0.04476661388110535,0.9552333861188946,0.974508914268447,0.8269741499614484,0.8269741499614484,0.5,0.0,0.0,0.7990079403639087,0.8251063839678827,0.8962397800747692,0.9342494140593243,0.4934678135710744,0.7329335637652978,0.7505424795154964,0.8200142612024159,False,1,0.8200142612024159,210
7836.png,00130,"small space explorer at bottom edge, sloping pink white cosmic dust stripe across empty sky, empty dark blue starfield, small rim-lit grey ground below the figure, dark high contrast digital painting, tight square crop",1,"[0, 1, 1, 0, 0, 2]",0.9012268781661987,0.46112173795700073,0.008268101140856743,0.09092909952736111,0.7760891437245339,0.7334622983579283,0.04594810061451103,0.954051899385489,0.985884251302368,0.8611530493064624,0.8611530493064624,0.5,0.0,0.0,0.9081646743305208,0.6997519732569819,0.8574170533790113,0.8943716333552252,0.6729274730302822,0.6977339860041291,0.8869172556141744,0.8198748553700869,False,1,0.8198748553700869,211
7836.png,00132,"small space explorer at bottom edge, sloping pink white cosmic dust stripe across empty sky, empty dark blue starfield, small rim-lit grey ground below the figure, moody high contrast digital painting",1,"[0, 1, 1, 0, 2, 0]",0.8857957124710083,0.4664722979068756,0.008590780198574066,0.0926864617868978,0.7802457121049244,0.7837038393373842,0.04504668736575873,0.9549533126342413,0.9866477600200289,0.8842299391278131,0.8842299391278131,0.5,0.0,0.0,0.841962925875276,0.6807822700501316,0.8396064483350955,0.9025176294059639,0.7984745286389523,0.7245894426481031,0.8960706837816118,0.8198725402876429,False,1,0.8198725402876429,212
7836.png,00826,"tiny space explorer at bottom edge, sloping pink white cosmic dust stripe in empty sky, dark cosmic background, small rim-lit grey ground below the figure, realistic sci fi landscape",1,"[2, 0, 3, 0, 1, 0]",0.8752401471138,0.4268343448638916,0.007118077017366886,0.08436869690452073,0.7816815190925327,0.6910479510271991,0.04263298291341295,0.957367017086587,0.9543509124405306,0.8369202164306512,0.8369202164306512,0.5,0.0,0.0,0.7966781498328156,0.8213133942682725,0.9239057579192378,0.9053315078220772,0.5669395530914025,0.7965000068216985,0.5088755313027751,0.8198149677807489,False,1,0.8198149677807489,213
7836.png,00100,"small space explorer at bottom edge, sloping pink white cosmic dust stripe in empty sky, empty dark blue starfield, small rim-lit grey ground below the figure, dark high contrast digital painting, centered crop",1,"[0, 0, 1, 0, 0, 3]",0.8991504907608032,0.4659339189529419,0.00837009958922863,0.09148824836681829,0.7711530014347854,0.7467170997902199,0.04461240943502424,0.9553875905649758,0.9878247570592555,0.8679733030151917,0.8679733030151917,0.5,0.0,0.0,0.8992566968372537,0.6826910214826196,0.8517501630800461,0.8846978371083325,0.7060494923804105,0.7375277172479235,0.9101812729636907,0.819497522731778,False,1,0.819497522731778,214
7836.png,00149,"small space explorer at bottom edge, diagonal pink white cosmic dust stripe in empty sky, deep blue black cosmic background, small rim-lit grey ground below the figure, dark high contrast digital painting",1,"[0, 2, 2, 0, 0, 0]",0.8820801377296448,0.4452759027481079,0.008643155917525291,0.09296857489240809,0.7950043249960651,0.6984224672670717,0.040537993628907344,0.9594620063710927,0.9735645910167017,0.8448147307034051,0.8448147307034051,0.5,0.0,0.0,0.8260226172004055,0.7559312879069159,0.8367472739829154,0.9314413932715583,0.5853675069798574,0.8589152131407801,0.7392213316991707,0.8194556628815747,False,1,0.8194556628815747,215
7836.png,00984,"small space explorer at bottom edge, sloping pink white cosmic dust stripe in empty sky, deep blue black cosmic background, small grey ground below the figure, moody high contrast digital painting, square crop",1,"[0, 0, 2, 2, 2, 1]",0.8823027610778809,0.41091102361679077,0.010562391020357609,0.10277349376350699,0.7720722531945187,0.7453522858796297,0.04345023444954615,0.9565497655504539,0.9878650593461067,0.8677739584577135,0.8677739584577135,0.5,0.0,0.0,0.8269777009051176,0.8777674254266189,0.7373758799785741,0.886499376387645,0.702639000492862,0.7721519475645032,0.9106644424143364,0.8191868676206002,False,1,0.8191868676206002,216
7836.png,00329,"small space explorer at bottom edge, broad pale pink cosmic dust stripe in empty sky, empty dark blue starfield, small rim-lit grey ground below the figure, realistic sci fi landscape",1,"[0, 3, 1, 0, 1, 0]",0.8674311637878418,0.45802080631256104,0.006867304909974337,0.08286920362821364,0.7726288477293075,0.7531506573712384,0.04487129919905547,0.9551287008009446,0.9826144214619182,0.8697357253897715,0.8697357253897715,0.5,0.0,0.0,0.763176575159334,0.7107459166032529,0.9391028991833014,0.887590184108659,0.7221261133526053,0.7298147145345378,0.8477164555814034,0.8189280731082054,False,1,0.8189280731082054,217
7836.png,00232,"small space explorer at bottom edge, sloping pink white cosmic dust stripe in empty sky, empty dark blue starfield, small rim-lit grey ground below the figure, dark high contrast digital painting, balanced crop",1,"[0, 0, 1, 0, 0, 4]",0.8984082937240601,0.46595489978790283,0.008256773464381695,0.09086678966697181,0.7793405113997954,0.7573490849247685,0.047341147392958124,0.9526588526070419,0.9839388426920124,0.8710254551670129,0.8710254551670129,0.5,0.0,0.0,0.8960725730645427,0.6826166367049572,0.8580485545437329,0.9007436272257294,0.7326174360162064,0.6562314815608081,0.8635944597386275,0.8186973680665867,False,1,0.8186973680665867,218
7836.png,00468,"small space explorer at bottom edge, sloping pink white cosmic dust stripe in empty sky, moody blue black cosmic background, tiny rim-lit grey ground below the explorer, dark high contrast digital painting, clean centered framing",1,"[0, 0, 0, 1, 0, 5]",0.841160774230957,0.42526522278785706,0.008123786188662052,0.09013204862124266,0.7944176868216484,0.7673565899884259,0.04385920406518208,0.9561407959348179,0.9760021597257951,0.8751601760171369,0.8751601760171369,0.5,0.0,0.0,0.650473118037606,0.8268765092238181,0.8654950457290425,0.9302917063628678,0.7576248854343046,0.7599676738181211,0.7684444558964123,0.8186484738467186,False,1,0.8186484738467186,219
7836.png,00551,"small space explorer at bottom edge, sloping pink white cosmic dust stripe across empty sky, moody blue black cosmic background, tiny rim-lit grey ground below the explorer, moody high contrast digital painting, tight square crop",1,"[0, 1, 0, 1, 2, 2]",0.8697932362556458,0.41548895835876465,0.009541969746351242,0.09768300643587523,0.7636209630002804,0.8071984185112848,0.042738301944056485,0.9572616980559435,0.9608816630865042,0.8904572152669592,0.8904572152669592,0.5,0.0,0.0,0.7733101794790229,0.8615369627892263,0.7889672116926231,0.8699366327381726,0.8571844165234451,0.7933622776335088,0.5871703241906793,0.8182267464440219,False,1,0.8182267464440219,220
7836.png,00325,"small space explorer at bottom edge, broad pale pink cosmic dust stripe in empty sky, moody blue black cosmic background, tiny rim-lit grey ground below the explorer, dark high contrast digital painting, square crop",1,"[0, 3, 0, 1, 0, 1]",0.8663716316223145,0.4408477246761322,0.008603467606008053,0.09275487914933668,0.7752125320488232,0.7739958586516203,0.042415827316566686,0.9575841726834333,0.9782171488400916,0.879096026600449,0.879096026600449,0.5,0.0,0.0,0.7586310415756758,0.7716308080617038,0.8389130485457619,0.8926536596339077,0.7742155515605648,0.8029696396168392,0.7949991543306156,0.8181735496545773,False,1,0.8181735496545773,221
7836.png,00017,"small space explorer at bottom edge, sloping pink white cosmic dust stripe in empty sky, deep blue black cosmic background, small rim-lit grey ground below the figure, dark high contrast digital painting",1,"[0, 0, 2, 0, 0, 0]",0.8783347606658936,0.42892494797706604,0.0082523999735713,0.09084272108194084,0.7829352051260005,0.6500464545355902,0.039068446600798085,0.9609315533992019,0.978442877737444,0.824535523778225,0.824535523778225,0.5,0.0,0.0,0.8099544526079028,0.8139014372111119,0.8582924860721507,0.9077884676367344,0.4644821630568172,0.9026968599651315,0.7977053359359287,0.8180726197113528,False,1,0.8180726197113528,222
7836.png,00525,"small space explorer at bottom edge, sloping pink white cosmic dust stripe in empty sky, dark cosmic background, small rim-lit grey ground below the figure, realistic sci fi landscape, tight square crop",1,"[0, 0, 3, 0, 1, 2]",0.8921849727630615,0.4130634069442749,0.00756818987429142,0.08699534398053392,0.7518796374306761,0.7014211018880209,0.044214270667305176,0.9557857293326948,0.9542395505513614,0.8410124112263249,0.8410124112263249,0.5,0.0,0.0,0.8693737003445973,0.8701364347840972,0.897285080590614,0.8469261146936106,0.5928607036487321,0.7493893117269946,0.5075404541392518,0.8175182610276556,False,1,0.8175182610276556,223
7836.png,00033,"small space explorer at bottom edge, sloping pink white cosmic dust stripe in empty sky, moody blue black cosmic background, tiny rim-lit grey ground below the explorer, dark high contrast digital painting, tight square crop",1,"[0, 0, 0, 1, 0, 2]",0.8497323393821716,0.4243701994419098,0.008188661187887192,0.09049122160677903,0.7765732930191043,0.7702325891565395,0.041345256628573454,0.9586547433714265,0.9657443772861389,0.8752827007576699,0.8752827007576699,0.5,0.0,0.0,0.687246269931459,0.8300496962163718,0.8618548809575975,0.8953204637077209,0.7648116321074866,0.834864738491306,0.6454676351388771,0.8170106990347882,False,1,0.8170106990347882,224
7836.png,00994,"small space explorer at bottom edge, sloping pink white cosmic dust stripe in empty sky, dark cosmic background, small rim-lit grey ground below the figure, moody high contrast digital painting, tight square crop",1,"[0, 0, 3, 0, 2, 2]",0.9013383388519287,0.43470752239227295,0.009098385460674763,0.09538545728083901,0.7621965700755615,0.7449465151186342,0.044149081350605746,0.9558509186493942,0.9668664396120583,0.8631470412530851,0.8631470412530851,0.5,0.0,0.0,0.908642855462465,0.7934000838096671,0.8122525305546094,0.8671451234743771,0.7016250323043485,0.7513314718524359,0.6589196320344163,0.8168609147578074,False,1,0.8168609147578074,225
7836.png,00233,"small space explorer at bottom edge, sloping pink white cosmic dust stripe in empty sky, empty dark blue starfield, small rim-lit grey ground below the figure, realistic sci fi landscape, centered crop",1,"[0, 0, 1, 0, 1, 3]",0.8875325322151184,0.43389517068862915,0.0075132171623408794,0.0866788161106327,0.7481698023549729,0.7478157326027199,0.04369127704974713,0.9563087229502528,0.959748851492993,0.8631749030024111,0.8631749030024111,0.5,0.0,0.0,0.8494141130430425,0.796280169419784,0.9004930434597431,0.8396556215584223,0.7087948324339898,0.764970658507558,0.5735894582377498,0.8167408697447043,False,1,0.8167408697447043,226
7836.png,00855,"tiny space explorer at bottom edge, diagonal pink white cosmic dust stripe in empty sky, empty dark blue starfield, small rim-lit grey ground below the figure, dark high contrast digital painting, square crop",1,"[2, 2, 1, 0, 0, 1]",0.8916645646095276,0.4802760183811188,0.009447210468351841,0.09719676161453035,0.771950901755914,0.8269065574363426,0.0439874235353621,0.9560125764646379,0.9879535077423143,0.9043030541574402,0.9043030541574402,0.5,0.0,0.0,0.8671410803109046,0.6318430033192094,0.7938952306145193,0.8862615532005446,0.9064324842644281,0.7561476806827867,0.911724818049197,0.8166485589388973,False,1,0.8166485589388973,227
7836.png,00140,"small space explorer at bottom edge, diagonal pink white cosmic dust stripe in empty sky, moody blue black cosmic background, small rim-lit grey ground below the figure, dark high contrast digital painting, tight square crop",1,"[0, 2, 0, 0, 0, 2]",0.9040917158126831,0.4280543923377991,0.010240620002150536,0.10119594854612775,0.7701288757785282,0.6995894820601852,0.042777524604794746,0.9572224753952052,0.9873081725177911,0.8473047678189634,0.8473047678189634,0.5,0.0,0.0,0.920455207980664,0.8169878771831245,0.7533640660530079,0.8826907671439146,0.5882837246808049,0.7921937320564644,0.9039881288864497,0.8165267024822812,False,1,0.8165267024822812,228
7836.png,00041,"small space explorer at bottom edge, sloping pink white cosmic dust stripe in empty sky, empty dark blue starfield, small rim-lit grey ground below the figure, moody high contrast digital painting",1,"[0, 0, 1, 0, 2, 0]",0.8846127390861511,0.47065436840057373,0.008599461987614632,0.0927332841412113,0.780166530985457,0.7841350414134838,0.04548554929847587,0.9545144507015242,0.986669945149295,0.8842748154114601,0.8842748154114601,0.5,0.0,0.0,0.8368878130807855,0.6659552917901395,0.8391319107402548,0.9023624511369095,0.7995520463657431,0.7115145986483191,0.8963366532229887,0.8156253548803549,False,1,0.8156253548803549,229
7836.png,00246,"small space explorer at bottom edge, sloping pink white cosmic dust stripe in empty sky, empty dark blue starfield, faint grey ground below the figure, dark high contrast digital painting",1,"[0, 0, 1, 4, 0, 0]",0.8956204652786255,0.4637606143951416,0.009500151500105858,0.09746872062413592,0.7752615809846668,0.7818044026692709,0.0447644918275049,0.9552355081724951,0.9849325457415287,0.8831309182098509,0.8831309182098509,0.5,0.0,0.0,0.8841124191055609,0.6903961855824128,0.7911389665136296,0.8927497851877564,0.7937280842356192,0.7329967852883267,0.875507603980618,0.8152969696074711,False,1,0.8152969696074711,230
7836.png,00039,"small space explorer at bottom edge, sloping pink white cosmic dust stripe in empty sky, empty dark blue starfield, small rim-lit grey ground below the figure, dark high contrast digital painting, tight square crop",1,"[0, 0, 1, 0, 0, 2]",0.8975673913955688,0.45416468381881714,0.008480845019221306,0.09209150351265477,0.7659631776462773,0.7355391890914351,0.04554922333792844,0.9544507766620716,0.9858072287979799,0.8622118526824669,0.8622118526824669,0.5,0.0,0.0,0.892464990492634,0.724417289304589,0.8456362619279661,0.8745268787079695,0.6781173519895947,0.7096175825924387,0.8859938608383391,0.815226301857109,False,1,0.815226301857109,231
7836.png,00494,"small space explorer at bottom edge, sloping pink white cosmic dust stripe in empty sky, empty dark blue starfield, tiny rim-lit grey ground below the explorer, dark high contrast digital painting, balanced crop",1,"[0, 0, 1, 1, 0, 4]",0.9045462012290955,0.45810675621032715,0.008383914828300476,0.0915637200440244,0.7542212241329677,0.7560289171006945,0.04491750291612147,0.9550824970838785,0.9763480529964517,0.8697614972739605,0.8697614972739605,0.5,0.0,0.0,0.9224050107245544,0.7104411925993064,0.8509852688600723,0.8515151300263829,0.729318508873634,0.7284381850435675,0.7725912444442302,0.8149569355793097,False,1,0.8149569355793097,232
7836.png,00319,"small space explorer at bottom edge, diagonal pink white cosmic dust stripe in empty sky, deep blue black cosmic background, small rim-lit grey ground below the figure, realistic sci fi landscape",1,"[0, 2, 2, 0, 1, 0]",0.884989321231842,0.4187830984592438,0.008110971190035343,0.09006093043065536,0.7768662571387296,0.6456338387948496,0.043797185052610516,0.9562028149473895,0.9792815521397494,0.8210625231172185,0.8210625231172185,0.5,0.0,0.0,0.8385034004559854,0.8498580243952486,0.8662158180098369,0.8958946115005817,0.45345561205972534,0.7618153822975804,0.8077598981430121,0.8149147782838155,False,1,0.8149147782838155,233
7836.png,00956,"small space explorer at bottom edge, sloping pink white cosmic dust stripe in empty sky, empty dark blue starfield, tiny rim-lit grey ground below the explorer, moody space painting",1,"[0, 0, 1, 1, 5, 0]",0.8849213123321533,0.4467601478099823,0.007243368308991194,0.08510798028969548,0.7435204164116632,0.7100807472511574,0.04220601052149291,0.9577939894785071,0.984830134623458,0.8517302595051899,0.8517302595051899,0.5,0.0,0.0,0.8382116332519488,0.7506690931882773,0.9164132307994464,0.8305438071801872,0.6145000275381334,0.8092206303262407,0.8742798343545181,0.8146037988112674,False,1,0.8146037988112674,234
7836.png,00129,"small space explorer at bottom edge, sloping pink white cosmic dust stripe across empty sky, moody blue black cosmic background, thin grey ground below the figure, dark high contrast digital painting",1,"[0, 1, 0, 3, 0, 0]",0.8787789344787598,0.4117223024368286,0.010218520648777485,0.1010866986738487,0.7883065654341287,0.6944681803385416,0.04431614181789357,0.9556838581821064,0.9899353259232775,0.8449870967007365,0.8449870967007365,0.5,0.0,0.0,0.8118600172042922,0.8748911435835416,0.7544712972546005,0.9183151992703412,0.5754862598837184,0.7463543038971411,0.9354841150169447,0.8142127318880832,False,1,0.8142127318880832,235
7836.png,00116,"small space explorer at bottom edge, sloping pink white cosmic dust stripe in empty sky, dark cosmic background, small rim-lit grey ground below the figure, dark high contrast digital painting, square crop",1,"[0, 0, 3, 0, 0, 1]",0.8716716170310974,0.41896510124206543,0.007912609726190567,0.08895285114143653,0.7771561724610295,0.656099107530382,0.040685179730294715,0.9593148202697053,0.9708507081535778,0.8251749271137843,0.8251749271137843,0.5,0.0,0.0,0.781368682255542,0.8492127575810662,0.8774460367484724,0.8964627842946695,0.4796069531668149,0.85453015448996,0.7066855776627922,0.8140530924225559,False,1,0.8140530924225559,236
7836.png,00257,"small space explorer at bottom edge, sloping pink white cosmic dust stripe in empty sky, dark cosmic background, small rim-lit grey ground below the figure, dark high contrast digital painting, tight square crop",1,"[0, 0, 3, 0, 0, 2]",0.8843272924423218,0.42152145504951477,0.007940857671201229,0.08911149011884623,0.7735406713007499,0.6329187463831019,0.04058818673683508,0.9594118132631649,0.9714039610589763,0.8148883627262988,0.8148883627262988,0.5,0.0,0.0,0.8356632091017048,0.8401495429879562,0.875838254314383,0.8893771657079469,0.4216822551330374,0.8574198292692364,0.7133183254112483,0.8138302991525812,False,1,0.8138302991525812,237
7836.png,00640,"small space explorer at bottom edge, broad pale pink cosmic dust stripe in empty sky, moody blue black cosmic background, tiny rim-lit grey ground below the explorer, moody high contrast digital painting",1,"[0, 3, 0, 1, 2, 0]",0.8675633072853088,0.43897783756256104,0.009145151823759079,0.09563028716760752,0.7607232886652767,0.7787051730685763,0.040294323455570165,0.9597056765444298,0.9789929439118643,0.8821129034537827,0.8821129034537827,0.5,0.0,0.0,0.763743488298115,0.7782602457106715,0.8097712160774623,0.8642578031053858,0.7859835138375588,0.8661747844689615,0.8042998791263709,0.8134461987706264,False,1,0.8134461987706264,238
7836.png,00985,"small space explorer at bottom edge, sloping pink white cosmic dust stripe in empty sky, deep blue black cosmic background, small grey ground below the figure, dark sci fi concept art",1,"[0, 0, 2, 2, 3, 0]",0.8396222591400146,0.4108378291130066,0.008844771422445774,0.09404664492923591,0.7878666630215188,0.7359556975188081,0.040982288198303504,0.9590177118016965,0.975851031950191,0.8620064694040956,0.8620064694040956,0.5,0.0,0.0,0.6438726841457639,0.878026926866873,0.8258211945525524,0.9174530834604013,0.6791581522053813,0.8456785166954067,0.7666326399916313,0.8134413805280728,False,1,0.8134413805280728,239
7836.png,00960,"small space explorer at bottom edge, sloping pink white cosmic dust stripe in empty sky, empty dark blue starfield, small grey ground below the figure, dark sci fi concept art, square crop",1,"[0, 0, 1, 2, 3, 1]",0.795493483543396,0.4242279529571533,0.008454002439975739,0.09194564938035805,0.8024571799552813,0.787302087854456,0.03591945197593669,0.9640805480240633,0.9774938860291186,0.8872129085487511,0.8872129085487511,0.5,0.0,0.0,0.45455438121315833,0.8305540123296995,0.8471144718589366,0.9460474147557516,0.8074660821992093,0.9965136401568152,0.7863282196925633,0.8129333933953087,False,1,0.8129333933953087,240
7836.png,00458,"small space traveler at bottom edge, sloping pink white cosmic dust stripe in empty sky, moody blue black cosmic background, small rim-lit grey ground below the figure, realistic sci fi landscape",1,"[4, 0, 0, 0, 1, 0]",0.8377583622932434,0.420685350894928,0.008220849558711052,0.09066890072517175,0.7856315808883526,0.7631072998046875,0.04206748521225017,0.9579325147877499,0.967603789621606,0.872195423012143,0.872195423012143,0.5,0.0,0.0,0.635876319345214,0.843113839773921,0.8600541295273954,0.9130727945865931,0.7470064636941488,0.8133476613429365,0.6677594529697051,0.8125270153526928,False,1,0.8125270153526928,241
7836.png,00844,"tiny space explorer at bottom edge, sloping pink white cosmic dust stripe across empty sky, empty dark blue starfield, small grey ground below the figure, dark high contrast digital painting",1,"[2, 1, 1, 2, 0, 0]",0.8924867510795593,0.46902114152908325,0.00929232221096754,0.09639669190883855,0.7823993362324366,0.766164709020544,0.044783004396283736,0.9552169956037163,0.9856806561635203,0.8762361987532497,0.8762361987532497,0.5,0.0,0.0,0.8706683693665405,0.6717456818262985,0.802003818049096,0.9067382777947296,0.7546465304070419,0.73244524747934,0.8844764275848739,0.8123782939697494,False,1,0.8123782939697494,242
7836.png,00950,"small space explorer at bottom edge, sloping pink white cosmic dust stripe in empty sky, empty dark blue starfield, small rim-lit grey ground below the figure, moody space painting, square crop",1,"[0, 0, 1, 0, 5, 1]",0.9033676385879517,0.45039278268814087,0.007442055270075798,0.08626734764715904,0.7408148485192727,0.6597889087818287,0.04209200506126538,0.9579079949387346,0.9904045998687334,0.8302537271541267,0.8302537271541267,0.5,0.0,0.0,0.9173488206058734,0.7377900662933199,0.9046632151196765,0.8252414655970691,0.48882728506486994,0.8126171509548779,0.9411100695754476,0.8118541493489394,False,1,0.8118541493489394,243
7836.png,00540,"small space explorer at bottom edge, sloping pink white cosmic dust stripe in empty sky, near black starfield background, small rim-lit grey ground below the figure, dark high contrast digital painting, square crop",1,"[0, 0, 5, 0, 0, 1]",0.869066059589386,0.4606209993362427,0.008004297502338886,0.08946673964294713,0.7887537165818073,0.7361868399160879,0.04333097547015057,0.9566690245298495,0.9801976724425712,0.8621577710362012,0.8621577710362012,0.5,0.0,0.0,0.7701904950887984,0.7015272758624989,0.8722378532408624,0.9191915210698951,0.6797357468977232,0.7757049842599316,0.8187429310680333,0.811691900151841,False,1,0.811691900151841,244
7836.png,00124,"small space explorer at bottom edge, sloping pink white cosmic dust stripe across empty sky, moody blue black cosmic background, tiny rim-lit grey ground below the explorer, dark high contrast digital painting, tight square crop",1,"[0, 1, 0, 1, 0, 2]",0.8913248777389526,0.4315717816352844,0.009057880379259586,0.09517289729360763,0.7600947135112894,0.7607794867621527,0.04540282620982099,0.954597173790179,0.9659059502097164,0.8696409699114747,0.8696409699114747,0.5,0.0,0.0,0.8656837785617334,0.8045174382643326,0.8144067944009925,0.8630259285749128,0.7411895626238331,0.7139791356671629,0.6474046741216145,0.8116337690824673,False,1,0.8116337690824673,245
7836.png,00199,"tiny space explorer at bottom edge, sloping pink white cosmic dust stripe in empty sky, deep blue black cosmic background, small rim-lit grey ground below the figure, dark high contrast digital painting",1,"[2, 0, 2, 0, 0, 0]",0.8812780380249023,0.4434601664543152,0.008883568458259106,0.0942526840904762,0.7823372712077391,0.7062976978443286,0.04266489351603958,0.9573351064839604,0.9812007961198644,0.8491414105233068,0.8491414105233068,0.5,0.0,0.0,0.8225815030332538,0.7623687409805815,0.823733018307435,0.9066166434560621,0.6050466806663943,0.7955493065668389,0.8307690157881796,0.8114383432257906,False,1,0.8114383432257906,246
7836.png,00424,"tiny space explorer at bottom edge, sloping pink white cosmic dust stripe in empty sky, deep blue black cosmic background, small rim-lit grey ground below the figure, realistic sci fi landscape",1,"[2, 0, 2, 0, 1, 0]",0.891365110874176,0.4325863718986511,0.007810588460415602,0.08837753368597474,0.7713161045539754,0.6842351842809608,0.045661362188005296,0.9543386378119947,0.9669090070841029,0.8353061575774511,0.8353061575774511,0.5,0.0,0.0,0.8658563840505369,0.8009203425672595,0.883276793565113,0.8850174847703445,0.5499153378928953,0.7062766731588209,0.6594299579660219,0.8113150469727957,False,1,0.8113150469727957,247
7836.png,00148,"small space explorer at bottom edge, diagonal pink white cosmic dust stripe in empty sky, empty dark blue starfield, tiny rim-lit grey ground below the explorer, dark high contrast digital painting",1,"[0, 2, 1, 1, 0, 0]",0.8919162750244141,0.4668765962123871,0.009114605374634266,0.09547044241352538,0.7741331450856956,0.7642488832826967,0.04392353551432064,0.9560764644856794,0.9825689169317485,0.875052543433551,0.875052543433551,0.5,0.0,0.0,0.8682209513912258,0.6793488838373923,0.811391218878734,0.8905382891806422,0.7498591318568185,0.7580510718094696,0.8471709183287606,0.8109462082628826,False,1,0.8109462082628826,248
7836.png,00117,"small space explorer at bottom edge, sloping pink white cosmic dust stripe in empty sky, dark cosmic background, small rim-lit grey ground below the figure, realistic sci fi landscape",1,"[0, 0, 3, 0, 1, 0]",0.8899250030517578,0.4156063497066498,0.007690848782658577,0.08769748447166872,0.7532024595063778,0.6894599066840277,0.045739431102717706,0.9542605688972823,0.9621410538925184,0.8366763679003649,0.8366763679003649,0.5,0.0,0.0,0.8596781303987161,0.8611207672789816,0.8901689911758794,0.8495185665477246,0.5629712374789754,0.703950796146027,0.6022687022588417,0.8109403846959494,False,1,0.8109403846959494,249
7836.png,00904,"small space traveler at bottom edge, sloping pink white cosmic dust stripe in empty sky, moody blue black cosmic background, small grey ground below the figure, dark high contrast digital painting",1,"[4, 0, 0, 2, 0, 0]",0.8554037809371948,0.4277552366256714,0.009927719831466675,0.0996379437336333,0.7730522958982666,0.7708423755787036,0.040682926339614595,0.9593170736603854,0.9872734290348262,0.8800947305985167,0.8800947305985167,0.5,0.0,0.0,0.7115775067686922,0.8180484942259874,0.7691542130311128,0.8884200530766054,0.7663354088141795,0.8545972888878588,0.9035716019126903,0.8107044046342429,False,1,0.8107044046342429,250
7836.png,00082,"tiny space explorer at bottom edge, sloping pink white cosmic dust stripe in empty sky, empty dark blue starfield, small rim-lit grey ground below the figure, dark high contrast digital painting",1,"[2, 0, 1, 0, 0, 0]",0.8989778757095337,0.47810855507850647,0.009296291507780552,0.09641727805627243,0.7664228498457364,0.8134319164134838,0.04683363102283618,0.9531663689771638,0.9855721881861167,0.8967670291652984,0.8967670291652984,0.5,0.0,0.0,0.8985161553623283,0.639527458020676,0.8017951805076154,0.8754277391242431,0.8727611144611916,0.6713517206884011,0.8831760444763838,0.8103685172953535,False,1,0.8103685172953535,251
7836.png,00118,"small space explorer at bottom edge, sloping pink white cosmic dust stripe in empty sky, dark cosmic background, tiny rim-lit grey ground below the explorer, dark high contrast digital painting",1,"[0, 0, 3, 1, 0, 0]",0.8867683410644531,0.4189906120300293,0.008351813070476055,0.09138825455427002,0.7586371362174112,0.6684101246021411,0.04156621995435505,0.958433780045645,0.9693882761896991,0.8301140343248791,0.8301140343248791,0.5,0.0,0.0,0.8461356316031189,0.8491223124536812,0.8527635854933636,0.8601693849569626,0.5103705785408741,0.8282816634991768,0.6891530130417374,0.8103037396922621,False,1,0.8103037396922621,252
7836.png,00210,"small space traveler at bottom edge, sloping pink white cosmic dust stripe in empty sky, moody blue black cosmic background, small rim-lit grey ground below the figure, dark high contrast digital painting",1,"[4, 0, 0, 0, 0, 0]",0.867618203163147,0.4316282272338867,0.009747359901666641,0.09872871872797014,0.7645898410999102,0.7769215901692709,0.04202439353947157,0.9579756064605285,0.9813677277366216,0.8811797233846812,0.8811797233846812,0.5,0.0,0.0,0.7639789988983934,0.8043173178539738,0.778369073191014,0.871835429161315,0.7815265728863777,0.81463147490084,0.832770298193366,0.809912424108963,False,1,0.809912424108963,253
7836.png,00317,"small space explorer at bottom edge, diagonal pink white cosmic dust stripe in empty sky, empty dark blue starfield, small grey ground below the figure, dark high contrast digital painting",1,"[0, 2, 1, 2, 0, 0]",0.8880913257598877,0.47615954279899597,0.009412135928869247,0.09701616323514987,0.7876836752885884,0.7791352448640047,0.044050101011446074,0.955949898988554,0.9813891198842308,0.8814711488116422,0.8814711488116422,0.5,0.0,0.0,0.8518114114986453,0.6464374234888108,0.7957255683205111,0.9170944661556033,0.7870582071404262,0.7542803548543116,0.8330267608662324,0.8096788079995889,False,1,0.8096788079995889,254
7836.png,00002,"small space explorer at bottom edge, sloping pink white cosmic dust stripe in empty sky, moody blue black cosmic background, small rim-lit grey ground below the figure, dark high contrast digital painting, square crop",1,"[0, 0, 0, 0, 0, 1]",0.9064732193946838,0.41659143567085266,0.010679520666599274,0.10334176632223427,0.7469645469938408,0.7379026059751158,0.0446308807503875,0.9553691192496125,0.9788264991018887,0.8622006642465442,0.8622006642465442,0.5,0.0,0.0,0.9306721743586491,0.8576282751754963,0.7316165221422134,0.8372935756317316,0.6840232224134987,0.7369774084860081,0.8023044328705347,0.8096003982532082,False,1,0.8096003982532082,255
7836.png,00605,"small space explorer at bottom edge, diagonal pink white cosmic dust stripe in empty sky, moody blue black cosmic background, tiny rim-lit grey ground below the explorer, realistic sci fi landscape, tight square crop",1,"[0, 2, 0, 1, 1, 2]",0.893413782119751,0.4260016679763794,0.0077888378873467445,0.08825439302010266,0.7502516944128956,0.6870750144675926,0.04033836287337153,0.9596616371266284,0.9461834362271059,0.8343020167501578,0.8343020167501578,0.5,0.0,0.0,0.8746454555404061,0.8242655401317498,0.8845248058931294,0.8437356902424624,0.5570117030005266,0.864862735109771,0.41095863120780335,0.8094305343063575,False,1,0.8094305343063575,256
7836.png,00003,"small space explorer at bottom edge, sloping pink white cosmic dust stripe in empty sky, moody blue black cosmic background, small rim-lit grey ground below the figure, realistic sci fi landscape",1,"[0, 0, 0, 0, 1, 0]",0.894883930683136,0.42222756147384644,0.008389930240809917,0.09159656238533145,0.7578284013527247,0.6942924216941552,0.043329836314044405,0.9566701636859556,0.9564112216719564,0.8385483913868457,0.8385483913868457,0.5,0.0,0.0,0.8809525879572,0.837646135974951,0.8506524166171365,0.8585844354479129,0.5750470619636244,0.775738922697669,0.5335758289108254,0.8092450855376379,False,1,0.8092450855376379,257
7836.png,00433,"tiny space explorer at bottom edge, sloping pink white cosmic dust stripe across empty sky, empty dark blue starfield, small rim-lit grey ground below the figure, dark high contrast digital painting, square crop",1,"[2, 1, 1, 0, 0, 1]",0.883874773979187,0.4724707007408142,0.008313427679240704,0.09117799997390107,0.7784791416103546,0.8110594572844328,0.04970868291527756,0.9502913170847225,0.9784465310595849,0.8932680229695646,0.8932680229695646,0.5,0.0,0.0,0.8337218448483782,0.6595157255125629,0.8548944843841894,0.8990555243820197,0.8668326486459005,0.5856964104813467,0.797749134285595,0.8091002875484352,False,1,0.8091002875484352,258
7836.png,00021,"small space explorer at bottom edge, sloping pink white cosmic dust stripe across empty sky, empty dark blue starfield, small rim-lit grey ground below the figure, dark high contrast digital painting",1,"[0, 1, 1, 0, 0, 0]",0.9040967226028442,0.46597447991371155,0.008878774009644985,0.09422724664153667,0.7624899707338111,0.7610219319661459,0.04750180878614743,0.9524981912138526,0.9866424255134627,0.8731627214123066,0.8731627214123066,0.5,0.0,0.0,0.9204766877748263,0.6825472179564853,0.8239908230679094,0.8677201267907331,0.7417954015554103,0.6514449587477403,0.8960067303236716,0.8090246285644895,False,1,0.8090246285644895,259
7836.png,00928,"small space explorer at bottom edge, sloping pink white cosmic dust stripe in empty sky, moody blue black cosmic background, small grey ground below the figure, dark high contrast digital painting, clean centered framing",1,"[0, 0, 0, 2, 0, 5]",0.9072999954223633,0.41054990887641907,0.011004350148141384,0.10490162128461783,0.7569419118514233,0.6996855559172453,0.04415947070848701,0.955840529291513,0.9823642640508008,0.84587553822495,0.84587553822495,0.5,0.0,0.0,0.9342191532256002,0.879047710016016,0.7158076241702436,0.8568471032748901,0.5885238007142968,0.751021945727183,0.844717409414346,0.8087873019103571,False,1,0.8087873019103571,260
7836.png,00260,"small space explorer at bottom edge, sloping pink white cosmic dust stripe in empty sky, dark cosmic background, tiny rim-lit grey ground below the explorer, dark high contrast digital painting, square crop",1,"[0, 0, 3, 1, 0, 1]",0.8703213930130005,0.4442051947116852,0.007913840003311634,0.0889597662053562,0.7555128834090933,0.7706519232855903,0.042178703148154376,0.9578212968518456,0.9623478813672685,0.8745003956501153,0.8745003956501153,0.5,0.0,0.0,0.7755760420512999,0.7597273417521968,0.8773759536044545,0.8540465093757179,0.7658594933830809,0.810034188349452,0.604748281586996,0.8087544402368811,False,1,0.8087544402368811,261
7836.png,00490,"small space explorer at bottom edge, sloping pink white cosmic dust stripe in empty sky, empty dark blue starfield, small rim-lit grey ground below the figure, moody high contrast digital painting, centered crop",1,"[0, 0, 1, 0, 2, 3]",0.8614180684089661,0.4668375849723816,0.008260941132903099,0.09088971962165522,0.7840136508868134,0.7795788800274884,0.04503614725155325,0.9549638527484468,0.9892293736294457,0.8828937192002153,0.8828937192002153,0.5,0.0,0.0,0.7373795980823658,0.6794871930333584,0.8578161628644847,0.9099019935322696,0.7881667935303746,0.7249034601982758,0.9270207098694255,0.8087262220334795,False,1,0.8087262220334795,262
7836.png,00592,"small space explorer at bottom edge, sloping pink white cosmic dust stripe across empty sky, dark cosmic background, tiny rim-lit grey ground below the explorer, dark high contrast digital painting, square crop",1,"[0, 1, 3, 1, 0, 1]",0.8723210692405701,0.44594573974609375,0.00794866494834423,0.08915528558837232,0.7538038602993133,0.7610637523509839,0.04100022566174636,0.9589997743382537,0.961865279200104,0.8705016654163523,0.8705016654163523,0.5,0.0,0.0,0.7841549184125819,0.7535564693518867,0.8753943937465295,0.8506971850704648,0.7418999052405776,0.8451441127774946,0.5989625398287053,0.8080539900493472,False,1,0.8080539900493472,263
7836.png,00514,"small space explorer at bottom edge, sloping pink white cosmic dust stripe in empty sky, deep blue black cosmic background, tiny rim-lit grey ground below the explorer, dark high contrast digital painting, centered crop",1,"[0, 0, 2, 1, 0, 3]",0.885129988193512,0.42649829387664795,0.007984848693013191,0.08935798057819565,0.7657314865471953,0.6659263328269676,0.04411664650115686,0.9558833534988431,0.9734896187737812,0.8289239472514868,0.8289239472514868,0.5,0.0,0.0,0.839106880387209,0.8225048186332178,0.8733401101811845,0.8740728130929257,0.5041639069691247,0.7522977907903204,0.7383225167619594,0.8079179399142824,False,1,0.8079179399142824,264
7836.png,00248,"small space explorer at bottom edge, sloping pink white cosmic dust stripe in empty sky, deep blue black cosmic background, small rim-lit grey ground below the figure, realistic sci fi landscape, tight square crop",1,"[0, 0, 2, 0, 1, 2]",0.8987149000167847,0.416683167219162,0.00803071353584528,0.08961424850906959,0.7574672976309319,0.6638375741464121,0.04561343889208393,0.9543865611079161,0.9607640776704962,0.8249150202877553,0.8249150202877553,0.5,0.0,0.0,0.8973879547451422,0.8573030530936143,0.8707428728287557,0.8578767484276516,0.4989443715586161,0.7077044333982394,0.5857606354286894,0.8078883076560099,False,1,0.8078883076560099,265
7836.png,00037,"small space explorer at bottom edge, sloping pink white cosmic dust stripe in empty sky, moody blue black cosmic background, small grey ground below the figure, realistic sci fi landscape",1,"[0, 0, 0, 2, 1, 0]",0.887494683265686,0.42161160707473755,0.00888943299651146,0.0942837896804719,0.7664640033345852,0.6831422028718173,0.042413016732716656,0.9575869832672833,0.966547750656169,0.8358789855671007,0.8358789855671007,0.5,0.0,0.0,0.8492517360276496,0.839829920896438,0.8234177677806498,0.8755083912697047,0.5471841199589332,0.8030533742555658,0.6550989861164166,0.8077354417751026,False,1,0.8077354417751026,266
7836.png,00226,"small space explorer at bottom edge, sloping pink white cosmic dust stripe in empty sky, moody blue black cosmic background, thin grey ground below the figure, dark high contrast digital painting, tight square crop",1,"[0, 0, 0, 3, 0, 2]",0.8960761427879333,0.4092918336391449,0.011380426585674286,0.10667908223112105,0.7663767209807525,0.6944789180049189,0.043056843413881,0.956943156586119,0.9893879637106314,0.8453232106494815,0.8453232106494815,0.5,0.0,0.0,0.8860673360861565,0.8835080495106771,0.6977933219241603,0.8753373362924849,0.5755130919109909,0.7838720946968569,0.9289219886402149,0.8076963898288277,False,1,0.8076963898288277,267
7836.png,00997,"small space explorer at bottom edge, sloping pink white cosmic dust stripe in empty sky, dark cosmic background, tiny rim-lit grey ground below the explorer, dark high contrast digital painting, centered crop",1,"[0, 0, 3, 1, 0, 3]",0.8861972093582153,0.42479264736175537,0.008009024895727634,0.08949315558034387,0.7652560180793473,0.6642060456452547,0.04435420804686637,0.9556457919531336,0.9724956547019502,0.8278678786643514,0.8278678786643514,0.5,0.0,0.0,0.8436854007976163,0.8285519629445468,0.8719701316454515,0.8731409953271908,0.49986513375765596,0.7452202114448782,0.7264062432184271,0.807629043332999,False,1,0.807629043332999,268
7836.png,00910,"small space traveler at bottom edge, sloping pink white cosmic dust stripe across empty sky, moody blue black cosmic background, small rim-lit grey ground below the figure, realistic sci fi landscape",1,"[4, 1, 0, 0, 1, 0]",0.886890172958374,0.43233418464660645,0.009301243349909782,0.09644295386346159,0.7595357264219508,0.7345315438729746,0.04167890819019421,0.9583210918098057,0.964977231848934,0.8589470232460573,0.8589470232460573,0.5,0.0,0.0,0.8466583065943991,0.8018144391419462,0.8015349600217433,0.8619304319523505,0.6755993780618522,0.8249243864278064,0.6362706076642651,0.8071692566567554,False,1,0.8071692566567554,269
7836.png,00487,"small space explorer at bottom edge, sloping pink white cosmic dust stripe in empty sky, moody blue black cosmic background, narrow rim-lit ground below the character, realistic sci fi landscape",1,"[0, 0, 0, 5, 1, 0]",0.902714192867279,0.41789504885673523,0.009261064231395721,0.09623442331824783,0.7533884710435984,0.7170585349754052,0.04613257102838511,0.9538674289716149,0.9621164575561187,0.8489532323902212,0.8489532323902212,0.5,0.0,0.0,0.9145454517558709,0.8530064869020452,0.8036483860727692,0.8498831098702259,0.6319366086294625,0.6922381302368138,0.6019738257326039,0.8071592602772746,False,1,0.8071592602772746,270
7836.png,00419,"tiny space explorer at bottom edge, sloping pink white cosmic dust stripe in empty sky, empty dark blue starfield, small rim-lit grey ground below the figure, moody high contrast digital painting",1,"[2, 0, 1, 0, 2, 0]",0.8754212856292725,0.47188800573349,0.00904853269457817,0.09512377565350405,0.7771178980022183,0.8391090675636574,0.04986865012868492,0.9501313498713151,0.989418630138105,0.9080287788862272,0.9080287788862272,0.5,0.0,0.0,0.7974552581001838,0.6615815936558238,0.8149046349152328,0.896387774439956,0.9369249649418382,0.5809305690983124,0.929289637279371,0.80682617213162,False,1,0.80682617213162,271
7836.png,00320,"small space explorer at bottom edge, diagonal pink white cosmic dust stripe in empty sky, deep blue black cosmic background, tiny rim-lit grey ground below the explorer, dark high contrast digital painting",1,"[0, 2, 2, 1, 0, 0]",0.8722345232963562,0.4435710608959198,0.008044533431529999,0.0896913230559679,0.7916228404462039,0.67974853515625,0.043625863949072294,0.9563741360509277,0.9738593114863191,0.8353896507354011,0.8353896507354011,0.5,0.0,0.0,0.7837836248277781,0.7619755793929652,0.8699617337629227,0.9248143978108906,0.5387037871288177,0.7669194857425174,0.7427546281576335,0.8066996855573236,False,1,0.8066996855573236,272
7836.png,00011,"small space explorer at bottom edge, sloping pink white cosmic dust stripe in empty sky, moody blue black cosmic background, tiny rim-lit grey ground below the explorer, dark high contrast digital painting, square crop",1,"[0, 0, 0, 1, 0, 1]",0.8476786613464355,0.4247756600379944,0.008658765815198421,0.09305248957012607,0.768728880123903,0.7856377495659723,0.042333848638437935,0.9576661513615621,0.9624475104171402,0.8812096423646624,0.8812096423646624,0.5,0.0,0.0,0.6784357186474276,0.8286121892560064,0.8358968112088847,0.8799470713761676,0.8033071179719509,0.8054119987004941,0.605942698009882,0.8060946456777598,False,1,0.8060946456777598,273
7836.png,00899,"small space traveler at bottom edge, sloping pink white cosmic dust stripe in empty sky, moody blue black cosmic background, small rim-lit grey ground below the figure, dark high contrast digital painting, tight square crop",1,"[4, 0, 0, 0, 0, 2]",0.8579330444335938,0.42661628127098083,0.009325027465820312,0.096566181791662,0.7694068917551771,0.7495388454861112,0.04218299618716446,0.9578170038128355,0.9820433476607241,0.8689371013353874,0.8689371013353874,0.5,0.0,0.0,0.7224283827862975,0.8220865099190622,0.800286063303012,0.8812758309598593,0.7131006667052673,0.8099062874969127,0.8408700595984593,0.8060486835972415,False,1,0.8060486835972415,274
7836.png,00979,"small space explorer at bottom edge, sloping pink white cosmic dust stripe in empty sky, deep blue black cosmic background, tiny rim-lit grey ground below the explorer, moody high contrast digital painting, tight square crop",1,"[0, 0, 2, 1, 2, 2]",0.8336561322212219,0.42212894558906555,0.008324366062879562,0.09123796393431609,0.7763543850123164,0.765054773401331,0.04153986242873618,0.9584601375712638,0.9696142561463189,0.873658547409805,0.873658547409805,0.5,0.0,0.0,0.618277207994984,0.8379957655620034,0.8542867585666891,0.8948914502534536,0.7518729461142281,0.829066923076268,0.691862204505244,0.8057199411860878,False,1,0.8057199411860878,275
7836.png,00841,"tiny space explorer at bottom edge, sloping pink white cosmic dust stripe across empty sky, empty dark blue starfield, small rim-lit grey ground below the figure, moody high contrast digital painting",1,"[2, 1, 1, 0, 2, 0]",0.8914135694503784,0.48698049783706665,0.009249784983694553,0.0961758024853162,0.7658737475391814,0.8295768455222801,0.046086802403517216,0.9539131975964827,0.9845103300803885,0.9040812656598728,0.9040812656598728,0.5,0.0,0.0,0.8660642777726067,0.608073157428831,0.8042424994930529,0.8743516145880149,0.9131051857835446,0.6936016971940262,0.8704458140677873,0.8056583962403127,False,1,0.8056583962403127,276
7836.png,00565,"small space explorer at bottom edge, sloping pink white cosmic dust stripe across empty sky, empty dark blue starfield, small rim-lit grey ground below the figure, realistic sci fi landscape, centered crop",1,"[0, 1, 1, 0, 1, 3]",0.875687837600708,0.43898147344589233,0.007644992787390947,0.08743564940795572,0.7505427102629546,0.7383174189814815,0.042877114455390865,0.9571228855446091,0.9611825749645501,0.8594723634751898,0.8594723634751898,0.5,0.0,0.0,0.7985988014274857,0.7782473551668152,0.8928226505913663,0.8443060198384981,0.6850597859933993,0.7892266901158612,0.5907778471916735,0.8056547080276467,False,1,0.8056547080276467,277
7836.png,00302,"small space explorer at bottom edge, diagonal pink white cosmic dust stripe in empty sky, moody blue black cosmic background, small rim-lit grey ground below the figure, dark high contrast digital painting, centered crop",1,"[0, 2, 0, 0, 0, 3]",0.8921391367912292,0.42837268114089966,0.010775498114526272,0.1038050967656515,0.7573960169017651,0.7152274802879051,0.040986485007192375,0.9590135149928076,0.9891950325772937,0.8553461028924987,0.8553461028924987,0.5,0.0,0.0,0.869177057943279,0.8158594262947231,0.7269207370314632,0.8577370532548195,0.6273610418734967,0.8455534827896883,0.9266090074922332,0.8054463618408402,False,1,0.8054463618408402,278
7836.png,00946,"small space explorer at bottom edge, sloping pink white cosmic dust stripe in empty sky, empty dark blue starfield, small rim-lit grey ground below the figure, realistic sci fi landscape, clean centered framing",1,"[0, 0, 1, 0, 1, 5]",0.8744522929191589,0.44795045256614685,0.007481833454221487,0.08649759218742153,0.7462926360841158,0.7920051857277199,0.04646197037553412,0.9535380296244659,0.9633298328578201,0.8828066105176011,0.8828066105176011,0.5,0.0,0.0,0.7932981507942921,0.7464490249782816,0.9023297209593919,0.8359767721736456,0.8192185101446248,0.6824244627561569,0.616520540665072,0.805356082742196,False,1,0.805356082742196,279
7836.png,00272,"small space explorer at bottom edge, sloping pink white cosmic dust stripe across empty sky, moody blue black cosmic background, tiny rim-lit grey ground below the explorer, dark high contrast digital painting, centered crop",1,"[0, 1, 0, 1, 0, 3]",0.8893477320671082,0.4367713928222656,0.009220774285495281,0.09602486285069758,0.7685006172922423,0.7405762849030673,0.045688809899861786,0.9543111901001382,0.9682832577326564,0.86092489628796,0.86092489628796,0.5,0.0,0.0,0.8572015612741813,0.7860829039479087,0.805772250233446,0.8794997244411309,0.6907043972043855,0.7054589340843641,0.6759053488877232,0.8052932612396143,False,1,0.8052932612396143,280
7836.png,00249,"small space explorer at bottom edge, sloping pink white cosmic dust stripe in empty sky, deep blue black cosmic background, small rim-lit grey ground below the figure, moody high contrast digital painting, square crop",1,"[0, 0, 2, 0, 2, 1]",0.9095596075057983,0.43108388781547546,0.011080097407102585,0.10526204162518693,0.7470127087012663,0.7489104094328706,0.04379337988173806,0.956206620118262,0.9803385977100664,0.8677497208281968,0.8677497208281968,0.5,0.0,0.0,0.9439131889004698,0.8062472013255706,0.7121548176411205,0.8373879624052863,0.7115302870038375,0.7619287482831935,0.8204324328158932,0.80510212206544,False,1,0.80510212206544,281
7836.png,00616,"small space explorer at bottom edge, diagonal pink white cosmic dust stripe in empty sky, empty dark blue starfield, small rim-lit grey ground below the figure, moody high contrast digital painting, square crop",1,"[0, 2, 1, 0, 2, 1]",0.8737714886665344,0.4732844829559326,0.008715260773897171,0.09335556102288267,0.7788476691713104,0.8051797372323496,0.04764374545466514,0.9523562545453349,0.986873712076138,0.8930303132606521,0.8930303132606521,0.5,0.0,0.0,0.7903774102119033,0.65663056821306,0.8328252271255001,0.8997777605589338,0.8521399953961891,0.6472162944222016,0.8987795407560506,0.804971024442054,False,1,0.804971024442054,282
7836.png,00321,"small space explorer at bottom edge, diagonal pink white cosmic dust stripe in empty sky, dark cosmic background, small rim-lit grey ground below the figure, dark high contrast digital painting",1,"[0, 2, 3, 0, 0, 0]",0.8903664946556091,0.45501047372817993,0.008649419993162155,0.09300225800034188,0.7867511655445414,0.65771484375,0.041246908769233176,0.9587530912307668,0.9766010760476734,0.826855476827803,0.826855476827803,0.5,0.0,0.0,0.8615721879625188,0.7214186529550726,0.8364059006953051,0.9152669440274653,0.48364446716536574,0.8377947782662879,0.7756246457276627,0.8049421349399628,False,1,0.8049421349399628,283
7836.png,00016,"small space explorer at bottom edge, sloping pink white cosmic dust stripe in empty sky, empty dark blue starfield, tiny rim-lit grey ground below the explorer, dark high contrast digital painting",1,"[0, 0, 1, 1, 0, 0]",0.9026380181312561,0.4561907649040222,0.008764419704675674,0.09361847950418589,0.7435319110566239,0.7760908338758682,0.04752543309662547,0.9524745669033745,0.9784239039157184,0.8782917544434654,0.8782917544434654,0.5,0.0,0.0,0.9142186520304031,0.7172340865707794,0.8301605874339248,0.8305663342563434,0.7794506213026529,0.6507411287933147,0.797477865692028,0.804915269631035,False,1,0.804915269631035,284
7836.png,00926,"small space explorer at bottom edge, sloping pink white cosmic dust stripe in empty sky, moody blue black cosmic background, tiny rim-lit grey ground below the explorer, cinematic sci fi painting, tight square crop",1,"[0, 0, 0, 1, 4, 2]",0.8171011805534363,0.41671356558799744,0.00787143874913454,0.08872112910200444,0.7680335189769814,0.7766474971064815,0.038387722963392414,0.9616122770366076,0.9613305718367184,0.8783217850280729,0.8783217850280729,0.5,0.0,0.0,0.547254268597666,0.8571952796941602,0.8797945051430216,0.8785843104064736,0.7808416500849447,0.9229773962853809,0.592552127834531,0.8047271912856858,False,1,0.8047271912856858,285
7836.png,00103,"small space explorer at bottom edge, sloping pink white cosmic dust stripe in empty sky, empty dark blue starfield, small rim-lit grey ground below the figure, dark sci fi concept art",1,"[0, 0, 1, 0, 3, 0]",0.8629905581474304,0.44764283299446106,0.008823789656162262,0.09393502890914689,0.7821873600971725,0.7660816333912037,0.04516631461379606,0.954833685386204,0.9780954069534649,0.874547606301906,0.874547606301906,0.5,0.0,0.0,0.7441257877203086,0.7475396495166786,0.8269524063101689,0.9063228493444583,0.7544389352486693,0.7210254342673162,0.7935396351549602,0.8045684057219616,False,1,0.8045684057219616,286
7836.png,00472,"small space explorer at bottom edge, sloping pink white cosmic dust stripe in empty sky, moody blue black cosmic background, tiny rim-lit grey ground below the explorer, cinematic sci fi painting, square crop",1,"[0, 0, 0, 1, 4, 1]",0.8260220289230347,0.42458227276802063,0.008076680824160576,0.0898703556472354,0.7746185656393695,0.7708649811921297,0.039254501959958936,0.9607454980400411,0.9619968384208971,0.875549533534652,0.875549533534652,0.5,0.0,0.0,0.5855258918461679,0.8292978182648862,0.8681472650865014,0.8914896109324577,0.7663918972926486,0.8971537845352568,0.6005397554510535,0.8042216281876355,False,1,0.8042216281876355,287
7836.png,00015,"small space explorer at bottom edge, sloping pink white cosmic dust stripe in empty sky, empty dark blue starfield, small rim-lit grey ground below the figure, realistic sci fi landscape",1,"[0, 0, 1, 0, 1, 0]",0.8848559856414795,0.4422447383403778,0.007910436950623989,0.08894063722856942,0.7346710328438439,0.7797066017433449,0.046634254531689415,0.9533657454683105,0.9691884952639345,0.8783836807512008,0.8783836807512008,0.5,0.0,0.0,0.8379313730804991,0.7666778807354203,0.8775698229382215,0.8132008846061204,0.7884859534337229,0.6772916674566901,0.6867579122250583,0.8041859204246927,False,1,0.8041859204246927,288
7836.png,00594,"small space explorer at bottom edge, sloping pink white cosmic dust stripe across empty sky, dark cosmic background, small grey ground below the figure, dark high contrast digital painting",1,"[0, 1, 3, 2, 0, 0]",0.8711804151535034,0.42836976051330566,0.008681227453052998,0.09317310477306741,0.7823145805762827,0.6398117630570024,0.03954690013492453,0.9604530998650754,0.977061264953674,0.8194861313191623,0.8194861313191623,0.5,0.0,0.0,0.779261361021129,0.8158697809938863,0.8346743940719387,0.9065721746112562,0.43890700443010905,0.8884424786814379,0.7811416830542732,0.8040763929954137,False,1,0.8040763929954137,289
7836.png,00992,"small space explorer at bottom edge, sloping pink white cosmic dust stripe in empty sky, dark cosmic background, small rim-lit grey ground below the figure, dark high contrast digital painting, balanced crop",1,"[0, 0, 3, 0, 0, 4]",0.863046407699585,0.4333352744579315,0.007969211786985397,0.08927044184378946,0.7817131607972764,0.6698710123697916,0.041421745826303216,0.9585782541736968,0.972285977634462,0.8314015400540925,0.8314015400540925,0.5,0.0,0.0,0.7443653897099511,0.7982652075134542,0.874227302230571,0.9053935188798278,0.5140211464619147,0.8325859253762266,0.7238925011599314,0.8040333596333012,False,1,0.8040333596333012,290
7836.png,00219,"small space explorer at bottom edge, sloping pink white cosmic dust stripe in empty sky, moody blue black cosmic background, tiny rim-lit grey ground below the explorer, moody high contrast digital painting, tight square crop",1,"[0, 0, 0, 1, 2, 2]",0.8374977111816406,0.42276108264923096,0.008776198141276836,0.09368136496271197,0.7713624625770517,0.7949925175419561,0.04228058188982647,0.9577194181101736,0.9645181713619662,0.8858520635048343,0.8858520635048343,0.5,0.0,0.0,0.6347580914896033,0.8357546071543364,0.8295232526677232,0.8851083367035596,0.826683462574265,0.8069989543613761,0.630767098542794,0.8037737964075489,False,1,0.8037737964075489,291
7836.png,00858,"tiny space explorer at bottom edge, diagonal pink white cosmic dust stripe in empty sky, deep blue black cosmic background, small rim-lit grey ground below the figure, dark high contrast digital painting",1,"[2, 2, 2, 0, 0, 0]",0.8813610672950745,0.45557674765586853,0.00959717482328415,0.09796517148091025,0.7900049027782763,0.737106888382523,0.04319330488206262,0.9568066951179374,0.9734374669698342,0.8612679364573803,0.8612679364573803,0.5,0.0,0.0,0.822937709619777,0.7194110035795561,0.7861075109410874,0.9216435817320652,0.6820348279713996,0.7798065508994967,0.7376972877630125,0.8037205259300679,False,1,0.8037205259300679,292
7836.png,00988,"small space explorer at bottom edge, sloping pink white cosmic dust stripe in empty sky, deep blue black cosmic background, thin grey ground below the figure, moody high contrast digital painting",1,"[0, 0, 2, 3, 2, 0]",0.8869493007659912,0.41785773634910583,0.01139480248093605,0.10674644013238123,0.7683895736795973,0.7252801965784142,0.04381600668210521,0.9561839933178948,0.9897261390893876,0.858985713939427,0.858985713939427,0.5,0.0,0.0,0.8469119727349813,0.8531387734668653,0.6971106596162486,0.8792821024156318,0.6524814682485321,0.7612546367620988,0.9329762501906577,0.8035111657170568,False,1,0.8035111657170568,293
7836.png,00052,"small space explorer at bottom edge, sloping pink white cosmic dust stripe across empty sky, moody blue black cosmic background, tiny rim-lit grey ground below the explorer, dark high contrast digital painting, square crop",1,"[0, 1, 0, 1, 0, 1]",0.8479878902435303,0.4216964542865753,0.009084688499569893,0.09531363228610004,0.7596123936167595,0.8004110830801504,0.041920163520703387,0.9580798364792966,0.9623280235752042,0.8879785348688622,0.8879785348688622,0.5,0.0,0.0,0.6797623516487787,0.8395291063197265,0.8129804661903244,0.8620806834600797,0.8402237508632144,0.8177367595789857,0.6045102137443904,0.8034454286150624,False,1,0.8034454286150624,294
7836.png,00434,"tiny space explorer at bottom edge, sloping pink white cosmic dust stripe across empty sky, empty dark blue starfield, small rim-lit grey ground below the figure, realistic sci fi landscape",1,"[2, 1, 1, 0, 1, 0]",0.8815813064575195,0.46735891699790955,0.007652247324585915,0.08747712457886299,0.7628663787235651,0.7790889033564815,0.04684701720099032,0.9531529827990097,0.9668026151728538,0.8775540735246408,0.8775540735246408,0.5,0.0,0.0,0.8238825648510786,0.677638879232721,0.8924023059048057,0.8684578069435409,0.7869424057595653,0.6709529114546315,0.658154464059157,0.803219574094383,False,1,0.803219574094383,295
7836.png,00614,"small space explorer at bottom edge, diagonal pink white cosmic dust stripe in empty sky, empty dark blue starfield, small rim-lit grey ground below the figure, dark high contrast digital painting, centered crop",1,"[0, 2, 1, 0, 0, 3]",0.8808346390724182,0.4734903573989868,0.00869289692491293,0.0932357062766885,0.7867108488152406,0.7582781756365741,0.04623454128372777,0.9537654587162723,0.9812531605910793,0.8712937217053693,0.8712937217053693,0.5,0.0,0.0,0.8206792626907227,0.6559006675822474,0.8340399371464529,0.9151879317539725,0.7349391124812705,0.6892001698173064,0.8313967943776097,0.8028954351376147,False,1,0.8028954351376147,296
7836.png,00470,"small space explorer at bottom edge, sloping pink white cosmic dust stripe in empty sky, moody blue black cosmic background, tiny rim-lit grey ground below the explorer, moody high contrast digital painting, centered crop",1,"[0, 0, 0, 1, 2, 3]",0.844457745552063,0.42006558179855347,0.00927047524601221,0.09628330720333723,0.7675551764756791,0.7908522994429976,0.04214142738429872,0.9578585726157013,0.9639318672004125,0.8839204086049268,0.8839204086049268,0.5,0.0,0.0,0.6646175624934154,0.8453111492004376,0.803152955170225,0.8776468601422384,0.8163375977427203,0.8111447307798894,0.6237381113119824,0.801882231231186,False,1,0.801882231231186,297
7836.png,00197,"tiny space explorer at bottom edge, sloping pink white cosmic dust stripe in empty sky, empty dark blue starfield, small rim-lit grey ground below the figure, realistic sci fi landscape",1,"[2, 0, 1, 0, 1, 0]",0.8722341060638428,0.4667883813381195,0.007457564119249582,0.08635718915787835,0.767875859297554,0.7710192645037616,0.0470974580754748,0.9529025419245252,0.9715962832739059,0.8747938153550577,0.8747938153550577,0.5,0.0,0.0,0.7837818348449312,0.6796616380162002,0.9037526847749585,0.8782753307366009,0.7667774311581974,0.6634916232431393,0.7156240064580264,0.801635111837881,False,1,0.801635111837881,298
7836.png,00533,"small space explorer at bottom edge, sloping pink white cosmic dust stripe in empty sky, dark cosmic background, thin grey ground below the figure, dark high contrast digital painting",1,"[0, 0, 3, 3, 0, 0]",0.8823176622390747,0.4332600235939026,0.008979791775345802,0.09476176325578689,0.7804481602439088,0.640350341796875,0.04063059969969744,0.9593694003003026,0.9753518557561884,0.8190073150649374,0.8190073150649374,0.5,0.0,0.0,0.8270416288639337,0.7985319995072009,0.8185735767066886,0.9029143849960864,0.4402528424296259,0.8561562362536373,0.760648198257036,0.8015079470532367,False,1,0.8015079470532367,299
7836.png,00236,"small space explorer at bottom edge, sloping pink white cosmic dust stripe in empty sky, empty dark blue starfield, small rim-lit grey ground below the figure, cinematic sci fi painting",1,"[0, 0, 1, 0, 4, 0]",0.8321855068206787,0.4563690423965454,0.007387561723589897,0.08595092625207652,0.7935042595934558,0.7446136474609375,0.04365410614509624,0.9563458938549038,0.98386418016415,0.8665700402394683,0.8665700402394683,0.5,0.0,0.0,0.611968029883508,0.7166020272810398,0.9078700988823591,0.9285015819350835,0.7007932394588968,0.7660780769082218,0.8626993578625398,0.8014291846389702,False,1,0.8014291846389702,300
7836.png,00203,"tiny space explorer at bottom edge, sloping pink white cosmic dust stripe across empty sky, empty dark blue starfield, small rim-lit grey ground below the figure, dark high contrast digital painting",1,"[2, 1, 1, 0, 0, 0]",0.8879790306091309,0.48426389694213867,0.009031929075717926,0.0950364618223865,0.7660794652049572,0.8092611807364004,0.04576922806065326,0.9542307719393467,0.9809432832700838,0.8943369581641682,0.8943369581641682,0.5,0.0,0.0,0.8513296504010073,0.6177045068933769,0.8157895476032496,0.8747547777600398,0.8623389901837145,0.7030630668908057,0.8276817879437088,0.8012258327927461,False,1,0.8012258327927461,301
7836.png,00253,"small space explorer at bottom edge, sloping pink white cosmic dust stripe in empty sky, deep blue black cosmic background, tiny rim-lit grey ground below the explorer, moody high contrast digital painting",1,"[0, 0, 2, 1, 2, 0]",0.86904376745224,0.4517568349838257,0.009009571745991707,0.09491876392996122,0.760995094735839,0.7695029929832176,0.04098317162322827,0.9590168283767717,0.9710203073066414,0.8761362982356462,0.8761362982356462,0.5,0.0,0.0,0.7700948588624097,0.7329539991433072,0.8169823982321465,0.8647904855912106,0.7629884664649086,0.845652197157949,0.7087188401900123,0.801029599207786,False,1,0.801029599207786,302
7836.png,00977,"small space explorer at bottom edge, sloping pink white cosmic dust stripe in empty sky, deep blue black cosmic background, tiny rim-lit grey ground below the explorer, dark high contrast digital painting, balanced crop",1,"[0, 0, 2, 1, 0, 4]",0.8876298666000366,0.4174054265022278,0.008603041991591454,0.09275258482431341,0.7558126979274921,0.6522657606336805,0.04305282949675856,0.9569471705032414,0.970775197885147,0.8226061415383201,0.8226061415383201,0.5,0.0,0.0,0.849831690470029,0.8547423782546246,0.8389363011885281,0.8546340825031931,0.4700279194304829,0.7839916797788422,0.7057803125335312,0.8006773115111774,False,1,0.8006773115111774,303
7836.png,00510,"small space explorer at bottom edge, sloping pink white cosmic dust stripe in empty sky, deep blue black cosmic background, small rim-lit grey ground below the figure, realistic sci fi landscape, centered crop",1,"[0, 0, 2, 0, 1, 3]",0.8722453117370605,0.4171292781829834,0.007933499291539192,0.08907019305884091,0.7700674712315148,0.6550213849103009,0.043892937815036934,0.9561070621849631,0.9641567512819816,0.8222284452307689,0.8222284452307689,0.5,0.0,0.0,0.7838299086699609,0.855721425626528,0.8762567938734511,0.8825704272019979,0.47691386495581894,0.7589626572422956,0.6264341647283076,0.8005136489987458,False,1,0.8005136489987458,304
7836.png,00258,"small space explorer at bottom edge, sloping pink white cosmic dust stripe in empty sky, dark cosmic background, small rim-lit grey ground below the figure, realistic sci fi landscape, square crop",1,"[0, 0, 3, 0, 1, 1]",0.8978043794631958,0.42454034090042114,0.00796732772141695,0.08925988864779605,0.7443576108305401,0.7073336000795717,0.04681584480022189,0.9531841551997781,0.9513479368087286,0.8421841617174752,0.8421841617174752,0.5,0.0,0.0,0.8934817007496448,0.8294464821600156,0.874334257301883,0.8321845314040553,0.607635265192223,0.6718816187467433,0.47287394926651816,0.8003323528805991,False,1,0.8003323528805991,305
7836.png,00857,"tiny space explorer at bottom edge, diagonal pink white cosmic dust stripe in empty sky, empty dark blue starfield, tiny rim-lit grey ground below the explorer, dark high contrast digital painting",1,"[2, 2, 1, 1, 0, 0]",0.8856036067008972,0.4856513738632202,0.00944492593407631,0.09718500879290133,0.7780705513458119,0.8244566740813077,0.04773740873514108,0.9522625912648589,0.9823135729428059,0.9007601248678503,0.9007601248678503,0.5,0.0,0.0,0.8411387666302192,0.6127853908296671,0.7940143437131705,0.8982547737683556,0.9003105454103815,0.6444258204953573,0.8441096921676051,0.8003264829833593,False,1,0.8003264829833593,306
7836.png,00048,"small space explorer at bottom edge, sloping pink white cosmic dust stripe in empty sky, dark cosmic background, small rim-lit grey ground below the figure, dark high contrast digital painting",1,"[0, 0, 3, 0, 0, 0]",0.8872663974761963,0.4359021484851837,0.00823209434747696,0.09073088970949728,0.772182723280445,0.6340591995804399,0.0419230765682542,0.9580769234317458,0.970294817553538,0.8147125265230165,0.8147125265230165,0.5,0.0,0.0,0.8482723596985874,0.7891646948713176,0.8594258803938408,0.8867158744219192,0.424532098871784,0.8176499722788081,0.700021207553166,0.8002872881312617,False,1,0.8002872881312617,307
7836.png,00056,"small space explorer at bottom edge, sloping pink white cosmic dust stripe across empty sky, empty dark blue starfield, small rim-lit grey ground below the figure, realistic sci fi landscape",1,"[0, 1, 1, 0, 1, 0]",0.8907124996185303,0.44412779808044434,0.008167771622538567,0.09037572474142913,0.7268852641664539,0.7757641827618634,0.04562379460669423,0.9543762053933058,0.9661976308672221,0.87636508030394,0.87636508030394,0.5,0.0,0.0,0.863056595166228,0.7600017412800225,0.8630254245045493,0.7979424225543006,0.7786343627887797,0.7073959095939591,0.6509015273788887,0.8002506187379784,False,1,0.8002506187379784,308
7836.png,00092,"small space explorer at bottom edge, sloping pink white cosmic dust stripe in empty sky, moody blue black cosmic background, tiny rim-lit grey ground below the explorer, moody high contrast digital painting, square crop",1,"[0, 0, 0, 1, 2, 1]",0.8497188091278076,0.41762199997901917,0.009361724369227886,0.09675600430582014,0.7613029060594647,0.787634955512153,0.042513216758430394,0.9574867832415697,0.9612372171450195,0.8818035475440221,0.8818035475440221,0.5,0.0,0.0,0.687188223344854,0.8539745456136121,0.7983622403633951,0.8653937307677984,0.8082978750446618,0.8000681536034372,0.5914329324084759,0.7997534181947412,False,1,0.7997534181947412,309
7836.png,00599,"small space explorer at bottom edge, diagonal pink white cosmic dust stripe in empty sky, moody blue black cosmic background, small rim-lit grey ground below the figure, dark high contrast digital painting, balanced crop",1,"[0, 2, 0, 0, 0, 4]",0.8936266899108887,0.44275546073913574,0.010326195508241653,0.10161788970570906,0.7748636943553947,0.7038308602792246,0.043859822511853094,0.956140177488147,0.9844324848217061,0.8482594462108438,0.8482594462108438,0.5,0.0,0.0,0.8755588582159701,0.7648671819643963,0.7490877551761281,0.8919700114383377,0.5988823754534967,0.7599492486753997,0.8695125555901269,0.7996626001010388,False,1,0.7996626001010388,310
7836.png,00137,"small space explorer at bottom edge, sloping pink white cosmic dust stripe across empty sky, deep blue black cosmic background, small rim-lit grey ground below the figure, realistic sci fi landscape",1,"[0, 1, 2, 0, 1, 0]",0.890365481376648,0.4129665791988373,0.008660823106765747,0.093063543381744,0.7527592000743307,0.6739015932436342,0.04571566307854571,0.9542843369214543,0.9658746943533338,0.830430173752811,0.830430173752811,0.5,0.0,0.0,0.8615678408613193,0.870479724759417,0.8357847824726988,0.8486498716887775,0.5240930421728857,0.7046589077070101,0.6470299590337688,0.7995967488281398,False,1,0.7995967488281398,311
7836.png,00266,"small space explorer at bottom edge, sloping pink white cosmic dust stripe in empty sky, near black starfield background, small rim-lit grey ground below the figure, dark high contrast digital painting",1,"[0, 0, 5, 0, 0, 0]",0.8762664794921875,0.4671790599822998,0.008498500101268291,0.09218730987108958,0.7755850919187182,0.7296029550057871,0.04319116617456717,0.9568088338254328,0.9806209844352503,0.8593286184785557,0.8593286184785557,0.5,0.0,0.0,0.8010812519242315,0.6782765385128242,0.8446652787390884,0.8933837982846142,0.6632834775437116,0.7798702685855828,0.8238178645007174,0.7995807735929927,False,1,0.7995807735929927,312
7836.png,00101,"small space explorer at bottom edge, sloping pink white cosmic dust stripe in empty sky, empty dark blue starfield, small rim-lit grey ground below the figure, realistic sci fi landscape, tight square crop",1,"[0, 0, 1, 0, 1, 2]",0.8921500444412231,0.44389861822128296,0.007967286743223667,0.08925965910322349,0.7219445414775721,0.7754720052083334,0.04434214340586698,0.955657856594133,0.9558910016007196,0.8746208524718404,0.8746208524718404,0.5,0.0,0.0,0.8692238532091324,0.7608142681837499,0.8743365837019748,0.7882596496926054,0.7779042492045717,0.7455796486327988,0.5273390997901503,0.7991512858860206,False,1,0.7991512858860206,313
7836.png,00803,"tiny space explorer at bottom edge, sloping pink white cosmic dust stripe in empty sky, moody blue black cosmic background, small grey ground below the figure, dark high contrast digital painting, tight square crop",1,"[2, 0, 0, 2, 0, 2]",0.8899166584014893,0.4248981177806854,0.011837149038910866,0.10879866285442513,0.7578218341925153,0.7679692021122686,0.04583496920328624,0.9541650307967138,0.992038943282752,0.8779516903859211,0.8779516903859211,0.5,0.0,0.0,0.8596423307417791,0.8281780315125193,0.6763116876535127,0.8585715652010567,0.7591557232008068,0.7011044664285347,0.9607036180119027,0.7989742767985046,False,1,0.7989742767985046,314
7836.png,00457,"small space traveler at bottom edge, sloping pink white cosmic dust stripe in empty sky, moody blue black cosmic background, small rim-lit grey ground below the figure, dark high contrast digital painting, square crop",1,"[4, 0, 0, 0, 0, 1]",0.8552862405776978,0.4279274642467499,0.009795283898711205,0.0989711265910983,0.7620845726453834,0.7721715856481483,0.042946130857101,0.957053869142899,0.9824615491213907,0.8789383775659595,0.8789383775659595,0.5,0.0,0.0,0.7110732430295511,0.8174378839559431,0.7759123055631183,0.8669256321679841,0.7696569313481402,0.7871705111253553,0.8458837247226206,0.798919588807726,False,1,0.798919588807726,315
7836.png,00846,"tiny space explorer at bottom edge, sloping pink white cosmic dust stripe across empty sky, deep blue black cosmic background, small rim-lit grey ground below the figure, realistic sci fi landscape",1,"[2, 1, 2, 0, 1, 0]",0.8874749541282654,0.44532904028892517,0.008116264827549458,0.09009031483766419,0.7662836531960996,0.7008209228515625,0.04505416061641649,0.9549458393835835,0.9624899272228785,0.8420984445120331,0.8420984445120331,0.5,0.0,0.0,0.8491670954101771,0.7557428957782624,0.8659180114165498,0.8751549430928902,0.5913609345453877,0.724366794978669,0.6064512176579715,0.7988529718367628,False,1,0.7988529718367628,316
7836.png,00516,"small space explorer at bottom edge, sloping pink white cosmic dust stripe in empty sky, deep blue black cosmic background, tiny rim-lit grey ground below the explorer, moody high contrast digital painting, square crop",1,"[0, 0, 2, 1, 2, 1]",0.8383817076683044,0.4233490228652954,0.00877787359058857,0.09369030681233022,0.7642012068297617,0.7803276909722223,0.0417083473398072,0.9582916526601928,0.9654934704032734,0.8796482334492222,0.8796482334492222,0.5,0.0,0.0,0.6385505537184081,0.83367014281666,0.8294326283521909,0.8710737880814406,0.7900379743796508,0.8240473172176962,0.642459603827772,0.7985469889857153,False,1,0.7985469889857153,317
7836.png,00144,"small space explorer at bottom edge, diagonal pink white cosmic dust stripe in empty sky, moody blue black cosmic background, tiny rim-lit grey ground below the explorer, realistic sci fi landscape",1,"[0, 2, 0, 1, 1, 0]",0.8892912864685059,0.4223478436470032,0.00821610912680626,0.09064275551198926,0.7503514136168531,0.6592848036024305,0.043504629963330974,0.9564953700366691,0.9652056661450754,0.8244926743629429,0.8244926743629429,0.5,0.0,0.0,0.856959402166186,0.8372196914257385,0.8603191073731726,0.8439311188189421,0.4875675919950175,0.7705313630389294,0.6390092233111374,0.798514204517329,False,1,0.798514204517329,318
7836.png,00139,"small space explorer at bottom edge, sloping pink white cosmic dust stripe across empty sky, dark cosmic background, small rim-lit grey ground below the figure, dark high contrast digital painting",1,"[0, 1, 3, 0, 0, 0]",0.8788738250732422,0.43857717514038086,0.008241262286901474,0.09078139835286453,0.7713842766575421,0.6440401430483217,0.04090039637254846,0.9590996036274515,0.9723077707156492,0.8199644797844826,0.8199644797844826,0.5,0.0,0.0,0.8122671104460331,0.7796807413795545,0.8589139828078785,0.8851510876936224,0.44947317432768097,0.8481182882198476,0.7241537704795608,0.7983966669635498,False,1,0.7983966669635498,319
7836.png,00526,"small space explorer at bottom edge, sloping pink white cosmic dust stripe in empty sky, dark cosmic background, small rim-lit grey ground below the figure, moody high contrast digital painting, square crop",1,"[0, 0, 3, 0, 2, 1]",0.8524339199066162,0.43488773703575134,0.008969607762992382,0.09470801319314212,0.7648913995440969,0.8024026376229746,0.04352635442451098,0.956473645575489,0.9593122199223212,0.8877094068662239,0.8877094068662239,0.5,0.0,0.0,0.6988364088648134,0.7927611566072172,0.8191183255947774,0.8724264200149722,0.8452003858163081,0.7698841345606003,0.5683548412316404,0.7981551077941176,False,1,0.7981551077941176,320
7836.png,00598,"small space explorer at bottom edge, sloping pink white cosmic dust stripe across empty sky, near black starfield background, small rim-lit grey ground below the figure, dark high contrast digital painting",1,"[0, 1, 5, 0, 0, 0]",0.8774805068969727,0.46751222014427185,0.008519773371517658,0.09230261844345293,0.7719771402402036,0.7301692256221065,0.04350530429233378,0.9564946957076662,0.9808133509393511,0.8595119652155014,0.8595119652155014,0.5,0.0,0.0,0.8062895905848948,0.6770953631868468,0.8434966435135415,0.8863129750875052,0.6646985139293528,0.7705112730154856,0.826124076514252,0.7976380111236825,False,1,0.7976380111236825,321
7836.png,00848,"tiny space explorer at bottom edge, sloping pink white cosmic dust stripe across empty sky, dark cosmic background, small rim-lit grey ground below the figure, dark high contrast digital painting",1,"[2, 1, 3, 0, 0, 0]",0.8852237462997437,0.45803552865982056,0.008621235378086567,0.09285060784984968,0.7765064129938398,0.6971503363715278,0.043676709142565065,0.956323290857435,0.9734835890920096,0.8431275209856915,0.8431275209856915,0.5,0.0,0.0,0.8395091151040799,0.7106937204666546,0.837942852408368,0.895189392984995,0.582188617854031,0.7654046745376801,0.7382502291014629,0.7973515112615659,False,1,0.7973515112615659,322
7836.png,00519,"small space explorer at bottom edge, sloping pink white cosmic dust stripe in empty sky, deep blue black cosmic background, small grey ground below the figure, realistic sci fi landscape, square crop",1,"[0, 0, 2, 2, 1, 1]",0.8772821426391602,0.41017600893974304,0.00862190779298544,0.0928542287296892,0.763384023992809,0.656820226598669,0.04350762154963151,0.9564923784503685,0.9622123648234969,0.8227839073917294,0.8227839073917294,0.5,0.0,0.0,0.8054385815971352,0.8803733228293011,0.837906155329901,0.8694722823311799,0.4814089356299666,0.770442235864126,0.6031236230595696,0.7972751465348263,False,1,0.7972751465348263,323
7836.png,00049,"small space explorer at bottom edge, sloping pink white cosmic dust stripe across empty sky, moody blue black cosmic background, small rim-lit grey ground below the figure, dark high contrast digital painting, tight square crop",1,"[0, 1, 0, 0, 0, 2]",0.9046334624290466,0.42941048741340637,0.010089063085615635,0.10044432828993201,0.7648543072479297,0.6514287877965855,0.04401753504286756,0.9559824649571325,0.9812252800706341,0.8239818732575868,0.8239818732575868,0.5,0.0,0.0,0.9227793728513813,0.8121800213053219,0.7609816255251445,0.8723537269493374,0.46793643351517883,0.7552505801737628,0.8310625449639986,0.7970579887409079,False,1,0.7970579887409079,324
7836.png,00418,"tiny space explorer at bottom edge, sloping pink white cosmic dust stripe in empty sky, empty dark blue starfield, small rim-lit grey ground below the figure, realistic sci fi landscape, square crop",1,"[2, 0, 1, 0, 1, 1]",0.8807523250579834,0.46935781836509705,0.007749428506940603,0.08803083838599178,0.754497579945456,0.7781925907841435,0.04487434754754045,0.9551256524524595,0.959216344395295,0.8763239130902845,0.8763239130902845,0.5,0.0,0.0,0.8203261246462227,0.6705520385972468,0.8867904988498768,0.8520567290453595,0.7847026375882808,0.7297238962659023,0.5672054244282043,0.7969697478779524,False,1,0.7969697478779524,325
7836.png,00085,"small space explorer at bottom edge, sloping pink white cosmic dust stripe in empty sky, moody blue black cosmic background, small rim-lit grey ground below the figure, dark high contrast digital painting, balanced crop",1,"[0, 0, 0, 0, 0, 4]",0.8960349559783936,0.43997472524642944,0.009851131588220596,0.09925286690177064,0.7699595190904527,0.6768640588831017,0.04418761291676639,0.9558123870832336,0.9827785985747155,0.8356788816914706,0.8356788816914706,0.5,0.0,0.0,0.8858906392079888,0.7747259121697512,0.7730569094311575,0.8823588638078026,0.5314958572762101,0.7501835157891282,0.8496847152410063,0.7968749902970901,False,1,0.7968749902970901,326
7836.png,00005,"small space explorer at bottom edge, sloping pink white cosmic dust stripe in empty sky, empty dark blue starfield, small rim-lit grey ground below the figure, dark high contrast digital painting",1,"[0, 0, 1, 0, 0, 0]",0.8952013850212097,0.46356430649757385,0.009186149574816227,0.09584440293943214,0.7554042064561795,0.7515886094835068,0.046660798133468497,0.9533392018665315,0.9862436301907853,0.8691323209590212,0.8691323209590212,0.5,0.0,0.0,0.8823145091918176,0.6910921692904559,0.807601184585693,0.8538335255033921,0.7182227594904171,0.6765008641844533,0.8912257183257719,0.7968533959220132,False,1,0.7968533959220132,327
7836.png,00524,"small space explorer at bottom edge, sloping pink white cosmic dust stripe in empty sky, dark cosmic background, small rim-lit grey ground below the figure, dark high contrast digital painting, centered crop",1,"[0, 0, 3, 0, 0, 3]",0.8546491861343384,0.42878878116607666,0.0077670603059232235,0.08813092706832956,0.7804556661003818,0.6563946759259259,0.04241382506912409,0.9575861749308759,0.9718518907924643,0.8249031435509662,0.8249031435509662,0.5,0.0,0.0,0.7083401949342463,0.8143841986445488,0.8857761149453572,0.9029290948893421,0.48034554002279306,0.8030292918012955,0.7186883919798432,0.7965771236584843,False,1,0.7965771236584843,328
7836.png,00047,"small space explorer at bottom edge, sloping pink white cosmic dust stripe in empty sky, deep blue black cosmic background, tiny rim-lit grey ground below the explorer, dark high contrast digital painting",1,"[0, 0, 2, 1, 0, 0]",0.8827100396156311,0.42746037244796753,0.008386538363993168,0.09157804520731576,0.7567009677077334,0.6753285725911459,0.0446425335736129,0.9553574664263871,0.9702204155460827,0.8323170540244675,0.8323170540244675,0.5,0.0,0.0,0.8287249798754786,0.8190938962006918,0.8508400854613807,0.8563749036468974,0.5276588773762232,0.7366302404259154,0.6991292289614335,0.7961379883428098,False,1,0.7961379883428098,329
7836.png,00810,"tiny space explorer at bottom edge, sloping pink white cosmic dust stripe in empty sky, empty dark blue starfield, small rim-lit grey ground below the figure, realistic sci fi landscape, tight square crop",1,"[2, 0, 1, 0, 1, 2]",0.8763523697853088,0.4695643186569214,0.007555849384516478,0.08692438889354631,0.7548714562018237,0.771755642361111,0.04470420011836226,0.9552957998816377,0.9608458388226306,0.8738127367855992,0.8738127367855992,0.5,0.0,0.0,0.8014497326788474,0.669819919102328,0.8980041998406918,0.8527894475354978,0.7686175433443155,0.7347930328840997,0.586740840127913,0.795844071182632,False,1,0.795844071182632,330
7836.png,00515,"small space explorer at bottom edge, sloping pink white cosmic dust stripe in empty sky, deep blue black cosmic background, tiny rim-lit grey ground below the explorer, realistic sci fi landscape, tight square crop",1,"[0, 0, 2, 1, 1, 2]",0.9107345938682556,0.376434326171875,0.009980483911931515,0.09990237190343138,0.6721141741215523,0.5592187952112267,0.036880452128818776,0.9631195478711813,0.9531992223465487,0.7793801440692751,0.7793801440692751,0.5,0.0,0.0,0.948954036309035,1.0,0.7664742728712503,0.6906026551381569,0.23751569320542426,0.9678829339005046,0.4950683378777814,0.7656691282673106,True,0,0.7956691282673106,331
7836.png,00262,"small space explorer at bottom edge, sloping pink white cosmic dust stripe in empty sky, dark cosmic background, small grey ground below the figure, dark high contrast digital painting",1,"[0, 0, 3, 2, 0, 0]",0.8851617574691772,0.43804362416267395,0.008999977260828018,0.0948682099590164,0.7761534321292813,0.6227400037977432,0.04006076579247766,0.9599392342075224,0.9751583775263973,0.8112434091868967,0.8112434091868967,0.5,0.0,0.0,0.839243174795405,0.7815723758603645,0.8174947552063637,0.8944976250491552,0.3962469054905392,0.8731330776865622,0.7583286581687689,0.7952073047497059,False,1,0.7952073047497059,332
7836.png,00230,"small space explorer at bottom edge, sloping pink white cosmic dust stripe in empty sky, moody blue black cosmic background, faint grey ground below the figure, realistic sci fi landscape",1,"[0, 0, 0, 4, 1, 0]",0.8888866305351257,0.4184718132019043,0.009824536740779877,0.09911880114680502,0.7565375845210351,0.700857091833044,0.04444333378441748,0.9555566662155826,0.9659378131141674,0.8430180871231572,0.8430180871231572,0.5,0.0,0.0,0.8552233745165768,0.8509616451376975,0.7744156459117261,0.8560547071117266,0.5914513161109378,0.7425649227812413,0.6477866668878421,0.7949087482851849,False,1,0.7949087482851849,333
7836.png,00940,"small space explorer at bottom edge, sloping pink white cosmic dust stripe in empty sky, moody blue black cosmic background, faint grey ground below the figure, realistic sci fi landscape, tight square crop",1,"[0, 0, 0, 4, 1, 2]",0.8928942680358887,0.4249644875526428,0.009575898759067059,0.09785652129044368,0.7560644116327669,0.6990876374421298,0.04422441174601509,0.9557755882539849,0.9627435140077046,0.841659595539394,0.841659595539394,0.5,0.0,0.0,0.8724166711842424,0.8279427262570447,0.7872086644567299,0.8551273881970821,0.5870296804587998,0.7490871824871664,0.6094913773384382,0.7948419551515841,False,1,0.7948419551515841,334
7836.png,00580,"small space explorer at bottom edge, sloping pink white cosmic dust stripe across empty sky, deep blue black cosmic background, small rim-lit grey ground below the figure, realistic sci fi landscape, tight square crop",1,"[0, 1, 2, 0, 1, 2]",0.8985210061073303,0.4306943416595459,0.008627974428236485,0.0928868905079532,0.7492894364614963,0.6716042977792244,0.04470330689458898,0.955296693105411,0.9643585095939468,0.8294474785063342,0.8294474785063342,0.5,0.0,0.0,0.8965561241450275,0.8076282857415158,0.8375751330665429,0.8418498679115052,0.5183524005485026,0.734819644354865,0.6288529717085528,0.7948404283237284,False,1,0.7948404283237284,335
7836.png,00522,"small space explorer at bottom edge, sloping pink white cosmic dust stripe in empty sky, deep blue black cosmic background, thin grey ground below the figure, realistic sci fi landscape",1,"[0, 0, 2, 3, 1, 0]",0.8825356364250183,0.4101857542991638,0.009370739571750164,0.09680258039820097,0.7600172361227829,0.6564376265914352,0.04404585383749815,0.9559541461625018,0.9727113021212664,0.8245231435472747,0.8245231435472747,0.5,0.0,0.0,0.8279767670454953,0.8803387719453585,0.7978901985966038,0.8628740892586698,0.4804528681318837,0.7544068892667736,0.7289915616523173,0.7948132895857344,False,1,0.7948132895857344,336
7836.png,00583,"small space explorer at bottom edge, sloping pink white cosmic dust stripe across empty sky, deep blue black cosmic background, tiny rim-lit grey ground below the explorer, dark high contrast digital painting, tight square crop",1,"[0, 1, 2, 1, 0, 2]",0.8850604891777039,0.41457873582839966,0.008756906725466251,0.09357834538752142,0.7436868496851908,0.6707028989438658,0.042687492596805765,0.9573125074031943,0.9636251894309282,0.8296007200020433,0.8296007200020433,0.5,0.0,0.0,0.8388087203872909,0.864764036481507,0.8305673407352537,0.8308699812412861,0.5160999224695635,0.7948760208851086,0.6200614631367998,0.7947138368120299,False,1,0.7947138368120299,337
7836.png,00820,"tiny space explorer at bottom edge, sloping pink white cosmic dust stripe in empty sky, deep blue black cosmic background, small rim-lit grey ground below the figure, realistic sci fi landscape, square crop",1,"[2, 0, 2, 0, 1, 1]",0.8911206126213074,0.44650939106941223,0.008236374706029892,0.0907544748540252,0.760278737943255,0.6912067554615162,0.043773645637860924,0.9562263543621391,0.9576840399125466,0.8372590719669402,0.8372590719669402,0.5,0.0,0.0,0.8648074541022827,0.751558118073578,0.8591868484629962,0.863386577590842,0.5673363846526454,0.7625166829863693,0.5488351836057407,0.7946247518627597,False,1,0.7946247518627597,338
7836.png,00114,"small space explorer at bottom edge, sloping pink white cosmic dust stripe in empty sky, deep blue black cosmic background, tiny rim-lit grey ground below the explorer, realistic sci fi landscape",1,"[0, 0, 2, 1, 1, 0]",0.9032029509544373,0.38345158100128174,0.010146981105208397,0.10073222476054224,0.6745066637434276,0.5920195402922453,0.03659174060639045,0.9634082593936095,0.9525301407724117,0.7941077120737561,0.7941077120737561,0.5,0.0,0.0,0.9166422888050382,0.9751212503573956,0.758063837628113,0.6952914294412993,0.31948047546352315,0.9764844047396779,0.4870469623710517,0.7646193838667183,True,0,0.7946193838667184,339
7836.png,00267,"small space explorer at bottom edge, sloping pink white cosmic dust stripe across empty sky, moody blue black cosmic background, small rim-lit grey ground below the figure, dark high contrast digital painting, balanced crop",1,"[0, 1, 0, 0, 0, 4]",0.8919168710708618,0.4396057724952698,0.00982594396919012,0.09912589958830195,0.7696072823888053,0.6897690384476273,0.044861491192091964,0.9551385088079081,0.9799430667948779,0.8406831587431757,0.8406831587431757,0.5,0.0,0.0,0.8682235085095784,0.7760339853905761,0.7743437042632452,0.881668554274082,0.5637437174220352,0.7301069206965132,0.8156905566114265,0.7945943116503166,False,1,0.7945943116503166,340
7836.png,00901,"small space traveler at bottom edge, sloping pink white cosmic dust stripe in empty sky, moody blue black cosmic background, small rim-lit grey ground below the figure, moody high contrast digital painting",1,"[4, 0, 0, 0, 2, 0]",0.8633868098258972,0.4400552809238434,0.010500778444111347,0.1024733060075225,0.751689172743483,0.7877072934751158,0.03998319869045937,0.9600168013095406,0.9778691241559747,0.8860479873533362,0.8860479873533362,0.5,0.0,0.0,0.7458257600011456,0.7744403126611978,0.7404182382242033,0.8465528441377839,0.8084786381757613,0.8754440043876424,0.7908268130424654,0.7939464154369256,False,1,0.7939464154369256,341
7836.png,00096,"small space explorer at bottom edge, sloping pink white cosmic dust stripe in empty sky, moody blue black cosmic background, small grey ground below the figure, moody high contrast digital painting",1,"[0, 0, 0, 2, 2, 0]",0.8931816220283508,0.4144934117794037,0.012358175590634346,0.11116733149012054,0.7479837405262609,0.7240204987702547,0.04236726503164621,0.9576327349683538,0.9903008777315986,0.8590408572318581,0.8590408572318581,0.5,0.0,0.0,0.8736494579420516,0.8650665416213472,0.6523055834360452,0.8392909796752209,0.6493336477858636,0.8044164370086221,0.9398665826188802,0.7937526743769416,False,1,0.7937526743769416,342
7836.png,00040,"small space explorer at bottom edge, sloping pink white cosmic dust stripe in empty sky, empty dark blue starfield, small rim-lit grey ground below the figure, realistic sci fi landscape, square crop",1,"[0, 0, 1, 0, 1, 1]",0.8919088840484619,0.442334920167923,0.008071362972259521,0.08984076453514586,0.7239586809950146,0.7837936966507524,0.04782395150140262,0.9521760484985974,0.9558388046755045,0.8771365414024486,0.8771365414024486,0.5,0.0,0.0,0.8681892431236531,0.7663581529837066,0.8684471666050284,0.7922069377083943,0.7986990703408657,0.641847485297375,0.5267133298487394,0.7934770595541919,False,1,0.7934770595541919,343
7836.png,00498,"small space explorer at bottom edge, sloping pink white cosmic dust stripe in empty sky, empty dark blue starfield, tiny rim-lit grey ground below the explorer, cinematic sci fi painting",1,"[0, 0, 1, 1, 4, 0]",0.7935327887535095,0.44575345516204834,0.007337349001318216,0.08565832709852683,0.7722995799057254,0.8207538746021412,0.03866475833327188,0.9613352416667281,0.9656206017809121,0.8989306985105008,0.8989306985105008,0.5,0.0,0.0,0.4461427403921392,0.7542381889335315,0.9108355477713274,0.8869448887243249,0.891057732637207,0.9147237885478176,0.64398373564988,0.7928767550882386,False,1,0.7928767550882386,344
7836.png,00585,"small space explorer at bottom edge, sloping pink white cosmic dust stripe across empty sky, deep blue black cosmic background, tiny rim-lit grey ground below the explorer, moody high contrast digital painting",1,"[0, 1, 2, 1, 2, 0]",0.9023809432983398,0.439873069524765,0.009952361695468426,0.09976152412362406,0.7417392934027028,0.745065759729456,0.045534535265115535,0.9544654647348845,0.9680356167311559,0.8629496278816959,0.8629496278816959,0.5,0.0,0.0,0.9131157668849081,0.775086319096749,0.7679017441645748,0.8270531823019053,0.701923009028271,0.7100551786707707,0.6729364710398159,0.792640684026557,False,1,0.792640684026557,345
7836.png,00314,"small space explorer at bottom edge, diagonal pink white cosmic dust stripe in empty sky, empty dark blue starfield, small rim-lit grey ground below the figure, moody high contrast digital painting",1,"[0, 2, 1, 0, 2, 0]",0.884344756603241,0.48001402616500854,0.00967792421579361,0.0983764413657742,0.7716681011672472,0.7876767758969908,0.045879248402222204,0.9541207515977778,0.9816039300772048,0.8847175982283091,0.8847175982283091,0.5,0.0,0.0,0.8357381326694372,0.6327718620982297,0.7819393518458194,0.8857073237815617,0.8084023787298285,0.6997852733626442,0.8356020420981805,0.7918805151411182,False,1,0.7918805151411182,346
7836.png,00461,"small space traveler at bottom edge, sloping pink white cosmic dust stripe across empty sky, moody blue black cosmic background, small rim-lit grey ground below the figure, dark high contrast digital painting",1,"[4, 1, 0, 0, 0, 0]",0.8587266802787781,0.43866848945617676,0.01014562789350748,0.10072550766070867,0.7551336740418568,0.7797670717592592,0.040897911465986446,0.9591020885340136,0.9753052035595361,0.8816419539904786,0.8816419539904786,0.5,0.0,0.0,0.7258331858728416,0.7793569985404101,0.7581319144355708,0.8533033391147679,0.7886370601136264,0.8481923200809661,0.7600889020485806,0.7914383282628572,False,1,0.7914383282628572,347
7836.png,00030,"small space explorer at bottom edge, sloping pink white cosmic dust stripe in empty sky, moody blue black cosmic background, small rim-lit grey ground below the figure, realistic sci fi landscape, tight square crop",1,"[0, 0, 0, 0, 1, 2]",0.8897737860679626,0.42687588930130005,0.008327897638082504,0.09125731553186574,0.7560679292128286,0.6767894603587963,0.04505203660280821,0.9549479633971918,0.9499928456381275,0.8287856134781009,0.8287856134781009,0.5,0.0,0.0,0.8590293894726506,0.8211661039556852,0.8540906330046115,0.855134281910999,0.5313094452972635,0.7244300748954536,0.4566282543536589,0.7913347995418247,False,1,0.7913347995418247,348
7836.png,00111,"small space explorer at bottom edge, sloping pink white cosmic dust stripe in empty sky, deep blue black cosmic background, small rim-lit grey ground below the figure, realistic sci fi landscape, square crop",1,"[0, 0, 2, 0, 1, 1]",0.8968828916549683,0.4253307282924652,0.00863452348858118,0.09292213669831953,0.7452746878309088,0.6723474573206017,0.045046320389983116,0.9549536796100169,0.9573181569425575,0.8282537750462883,0.8282537750462883,0.5,0.0,0.0,0.8895283957764588,0.8266442681140141,0.8372179181710306,0.8339818086143787,0.5202094592781616,0.7246003758155968,0.5444487458270808,0.7906334059225674,False,1,0.7906334059225674,349
7836.png,00823,"tiny space explorer at bottom edge, sloping pink white cosmic dust stripe in empty sky, deep blue black cosmic background, tiny rim-lit grey ground below the explorer, realistic sci fi landscape",1,"[2, 0, 2, 1, 1, 0]",0.9075453281402588,0.417353093624115,0.00872080959379673,0.09338527503732444,0.72344135011853,0.6305259422019676,0.03977329743157778,0.9602267025684222,0.9531922746769586,0.8104544748252249,0.8104544748252249,0.5,0.0,0.0,0.9352716631395481,0.8549279175579985,0.8325240800099185,0.7911930784641557,0.4157029496871243,0.8816975114946366,0.49498504479539224,0.7905524469943707,False,1,0.7905524469943707,350
7836.png,00528,"small space explorer at bottom edge, sloping pink white cosmic dust stripe in empty sky, dark cosmic background, tiny rim-lit grey ground below the explorer, dark high contrast digital painting, tight square crop",1,"[0, 0, 3, 1, 0, 2]",0.8876678943634033,0.4205838441848755,0.008942298591136932,0.09456372767153869,0.7265848149458047,0.6988870126229746,0.04252995562782292,0.9574700443721771,0.9649113305203717,0.8425959373146749,0.8425959373146749,0.5,0.0,0.0,0.8499948346209276,0.8434737183999412,0.8205806378897459,0.7973536055444801,0.5865283452123897,0.7995694589349667,0.6354805406182961,0.7904206463636212,False,1,0.7904206463636212,351
7836.png,00426,"tiny space explorer at bottom edge, sloping pink white cosmic dust stripe in empty sky, dark cosmic background, small rim-lit grey ground below the figure, dark high contrast digital painting",1,"[2, 0, 3, 0, 0, 0]",0.8861029148101807,0.45757856965065,0.008912365883588791,0.09440532762290903,0.7722470624130717,0.6841668023003473,0.043262244720792174,0.9567377552792078,0.972993740640315,0.837332023510942,0.837332023510942,0.5,0.0,0.0,0.8432808646742282,0.7123138082449186,0.8221859988161969,0.8868419655317774,0.5497444602455274,0.7777526529202877,0.7323776142749363,0.7904010212977383,False,1,0.7904010212977383,352
7836.png,00300,"small space explorer at bottom edge, sloping pink white cosmic dust stripe across empty sky, dark cosmic background, tiny rim-lit grey ground below the explorer, dark high contrast digital painting",1,"[0, 1, 3, 1, 0, 0]",0.8853617906570435,0.43162456154823303,0.00858151726424694,0.09263647912268115,0.748717592829682,0.6829444037543402,0.04458920248608976,0.9554107975139102,0.9679569089719818,0.835310142613718,0.835310142613718,0.5,0.0,0.0,0.8401013437145519,0.8043303140580256,0.8401130152006204,0.8407291751813253,0.5466898457723314,0.7382191129111336,0.6719928723576332,0.7903274823353102,False,1,0.7903274823353102,353
7836.png,00283,"small space explorer at bottom edge, sloping pink white cosmic dust stripe across empty sky, empty dark blue starfield, small rim-lit grey ground below the figure, realistic sci fi landscape, tight square crop",1,"[0, 1, 1, 0, 1, 2]",0.8898561000823975,0.44711220264434814,0.008059070445597172,0.08977232561094299,0.7250321310909728,0.7688282154224536,0.046435468555308175,0.9535645314446918,0.9571038061091631,0.8711410441675789,0.8711410441675789,0.5,0.0,0.0,0.8593825275171506,0.7494209292983254,0.869140784919632,0.7943106731560279,0.7613022853826175,0.683214021246725,0.5418789716899669,0.7902199942005683,False,1,0.7902199942005683,354
7836.png,00623,"small space explorer at bottom edge, diagonal pink white cosmic dust stripe in empty sky, empty dark blue starfield, thin grey ground below the figure, dark high contrast digital painting",1,"[0, 2, 1, 3, 0, 0]",0.8844954371452332,0.47426509857177734,0.010022682137787342,0.10011334645184598,0.7862265780595328,0.7773188838252315,0.04693619885558711,0.9530638011444129,0.9734837908563043,0.8780625862931596,0.8780625862931596,0.5,0.0,0.0,0.8363845721889853,0.6531539251389062,0.7643360772113971,0.9142388633633033,0.7825193578954653,0.6682959568760545,0.7382526479801681,0.7901411977480386,False,1,0.7901411977480386,355
7836.png,00004,"small space explorer at bottom edge, sloping pink white cosmic dust stripe in empty sky, moody blue black cosmic background, tiny rim-lit grey ground below the explorer, dark high contrast digital painting",1,"[0, 0, 0, 1, 0, 0]",0.8630824089050293,0.44695377349853516,0.009354167617857456,0.09671694586708916,0.7552862558747102,0.7773183186848959,0.0426293605657715,0.9573706394342285,0.9683505848125459,0.8785430841726924,0.8785430841726924,0.5,0.0,0.0,0.7445198396584508,0.7499826188978331,0.798758091828905,0.8536023672779282,0.7825179456835036,0.7966079260254273,0.6767125087475077,0.7898575562273327,False,1,0.7898575562273327,356
7836.png,00645,"small space explorer at bottom edge, broad pale pink cosmic dust stripe in empty sky, empty dark blue starfield, small rim-lit grey ground below the figure, realistic sci fi landscape, square crop",1,"[0, 3, 1, 0, 1, 1]",0.8635315895080566,0.4633004367351532,0.007916221395134926,0.08897314985508227,0.7410737469438353,0.7835399486400463,0.043010997052313774,0.9569890029476862,0.9664726632299591,0.8808336605657028,0.8808336605657028,0.5,0.0,0.0,0.7464468840490026,0.6920276846617954,0.8772403123056707,0.8257488518231635,0.7980649871700543,0.78523797763352,0.6541987902886642,0.7890921834681179,False,1,0.7890921834681179,357
7836.png,00983,"small space explorer at bottom edge, sloping pink white cosmic dust stripe in empty sky, deep blue black cosmic background, small grey ground below the figure, realistic sci fi landscape, tight square crop",1,"[0, 0, 2, 2, 1, 2]",0.8691849708557129,0.4102088510990143,0.00842744205147028,0.09180110049160783,0.7627598732087458,0.6385204173900463,0.04409512573805641,0.9559048742619436,0.9651972500092033,0.8149403438190417,0.8149403438190417,0.5,0.0,0.0,0.7707006402001507,0.8802568852938125,0.8485794533407547,0.8682490786312166,0.4356801000975838,0.7529389505704654,0.6389083253208843,0.7889733142595323,False,1,0.7889733142595323,358
7836.png,00331,"small space explorer at bottom edge, broad pale pink cosmic dust stripe in empty sky, deep blue black cosmic background, small rim-lit grey ground below the figure, dark high contrast digital painting",1,"[0, 3, 2, 0, 0, 0]",0.892014741897583,0.43989098072052,0.009710274636745453,0.09854072577744419,0.7420005840055157,0.6964619954427084,0.041410190298075265,0.9585898097019248,0.9738735119912105,0.8436890337431345,0.8436890337431345,0.5,0.0,0.0,0.8686433873430824,0.7750228173192275,0.7802743537754172,0.8275652566920801,0.5804685436846588,0.8329301947640503,0.7429248728430685,0.7886066951043065,False,1,0.7886066951043065,359
7836.png,00942,"small space explorer at bottom edge, sloping pink white cosmic dust stripe in empty sky, moody blue black cosmic background, faint grey ground below the figure, dark sci fi concept art",1,"[0, 0, 0, 4, 3, 0]",0.8338527083396912,0.4162670373916626,0.010901473462581635,0.10441012145659842,0.7604232335740605,0.7925748471860533,0.03873645040140514,0.9612635495985948,0.9693792134781185,0.8869767662888559,0.8869767662888559,0.5,0.0,0.0,0.6191205456276856,0.8587783864039842,0.7207889018029578,0.8636697585060037,0.8206420198020363,0.9125878944613537,0.6890443634906102,0.7878087547739558,False,1,0.7878087547739558,360
7836.png,00993,"small space explorer at bottom edge, sloping pink white cosmic dust stripe in empty sky, dark cosmic background, small rim-lit grey ground below the figure, realistic sci fi landscape, centered crop",1,"[0, 0, 3, 0, 1, 3]",0.8935142755508423,0.42299818992614746,0.008101443760097027,0.09000802053204496,0.7473861263227994,0.6472800925925927,0.04599706472599008,0.9540029352740099,0.9556858148110992,0.81631423197479,0.81631423197479,0.5,0.0,0.0,0.8750765856946616,0.8349139746385946,0.8667520519604351,0.8381197820680243,0.4575693855042093,0.6962752171489388,0.5248791900389532,0.7873141669069886,False,1,0.7873141669069886,361
7836.png,00274,"small space explorer at bottom edge, sloping pink white cosmic dust stripe across empty sky, moody blue black cosmic background, tiny rim-lit grey ground below the explorer, moody high contrast digital painting, square crop",1,"[0, 1, 0, 1, 2, 1]",0.852781355381012,0.41738903522491455,0.010162590071558952,0.10080967250992809,0.7484193970153932,0.7984087908709491,0.04341009637932694,0.9565899036206731,0.957001632963183,0.8854907487517992,0.8854907487517992,0.5,0.0,0.0,0.700326953152569,0.8548004913621734,0.7572789162105931,0.8401447743719935,0.8352202838828485,0.7733477655825278,0.5406540550246592,0.7857298275370692,False,1,0.7857298275370692,362
7836.png,00420,"tiny space explorer at bottom edge, sloping pink white cosmic dust stripe in empty sky, empty dark blue starfield, tiny rim-lit grey ground below the explorer, dark high contrast digital painting, square crop",1,"[2, 0, 1, 1, 0, 1]",0.8411284685134888,0.477974534034729,0.008268941193819046,0.0909337186846499,0.7731091805627008,0.8570048014322916,0.04739329036285143,0.9526067096371486,0.9657242656453682,0.9122093621466068,0.9122093621466068,0.5,0.0,0.0,0.6503345222228928,0.6400026119200338,0.8573702389071174,0.888531535003383,0.9816440689215925,0.6546780062050864,0.6452265239965074,0.7852938966935978,False,1,0.7852938966935978,363
7836.png,00131,"small space explorer at bottom edge, sloping pink white cosmic dust stripe across empty sky, empty dark blue starfield, small rim-lit grey ground below the figure, realistic sci fi landscape, square crop",1,"[0, 1, 1, 0, 1, 1]",0.8902639746665955,0.4470580518245697,0.008557724766433239,0.09250797136697593,0.7133630789461692,0.7800349482783564,0.044528098266731944,0.955471901733268,0.9544504791319511,0.8763209881582944,0.8763209881582944,0.5,0.0,0.0,0.8611323636058642,0.7496129138736274,0.8414154221855917,0.7714417957580573,0.7893064485834806,0.7400395673098217,0.5100692001328827,0.7851137739793811,False,1,0.7851137739793811,364
7836.png,00097,"small space explorer at bottom edge, sloping pink white cosmic dust stripe in empty sky, moody blue black cosmic background, thin grey ground below the figure, dark high contrast digital painting, square crop",1,"[0, 0, 0, 3, 0, 1]",0.8886072039604187,0.41470086574554443,0.012716191820800304,0.11276609340045572,0.7439565928012933,0.7250558358651622,0.04245685052372591,0.9575431494762741,0.9898143118993594,0.8593780908358908,0.8593780908358908,0.5,0.0,0.0,0.8540245974328577,0.864331041000171,0.6361023693350758,0.8313986207721191,0.6519208200997308,0.8017474510559465,0.9340333219224268,0.7850142283883965,False,1,0.7850142283883965,365
7836.png,00138,"small space explorer at bottom edge, sloping pink white cosmic dust stripe across empty sky, deep blue black cosmic background, tiny rim-lit grey ground below the explorer, dark high contrast digital painting",1,"[0, 1, 2, 1, 0, 0]",0.8706697225570679,0.42971765995025635,0.008493244647979736,0.0921588012507744,0.7519163051505731,0.6833473488136574,0.04403402064197561,0.9559659793580244,0.9661892770849158,0.8353322551584375,0.8353322551584375,0.5,0.0,0.0,0.7770704220165845,0.8110909816698579,0.844954209364533,0.846997975679437,0.5476967529010365,0.7547594310890239,0.6508013769228445,0.7844986249935303,False,1,0.7844986249935303,366
7836.png,00194,"tiny space explorer at bottom edge, sloping pink white cosmic dust stripe in empty sky, moody blue black cosmic background, tiny rim-lit grey ground below the explorer, realistic sci fi landscape",1,"[2, 0, 0, 1, 1, 0]",0.8824707269668579,0.4378525912761688,0.008336103521287441,0.09130226460108994,0.7388389954685272,0.7037862141927084,0.041693187105420956,0.9583068128945791,0.9461763897643444,0.8413464588526903,0.8413464588526903,0.5,0.0,0.0,0.8276982968568924,0.7822496577137965,0.8536350808754478,0.8213692109689134,0.5987708107085209,0.8244989802233568,0.4108741537300352,0.7841466493962392,False,1,0.7841466493962392,367
7836.png,00324,"small space explorer at bottom edge, broad pale pink cosmic dust stripe in empty sky, moody blue black cosmic background, small rim-lit grey ground below the figure, moody high contrast digital painting",1,"[0, 3, 0, 0, 2, 0]",0.9102420806884766,0.44609540700912476,0.011909602209925652,0.1091311239286284,0.7061443777368149,0.7540740966796875,0.03994114171525798,0.960058858284742,0.9901870066905373,0.8733913452436265,0.8733913452436265,0.5,0.0,0.0,0.946841089414246,0.7530258438498687,0.6729422441292894,0.7572946661642607,0.7244336676980522,0.8766969916004018,0.9385014241464278,0.7835829544145186,False,1,0.7835829544145186,368
7836.png,00854,"tiny space explorer at bottom edge, diagonal pink white cosmic dust stripe in empty sky, moody blue black cosmic background, small grey ground below the figure, dark high contrast digital painting",1,"[2, 2, 0, 2, 0, 0]",0.8982459306716919,0.43604499101638794,0.012573761865496635,0.11213278675524227,0.7634779942090995,0.7378336588541666,0.044938328051929426,0.9550616719480706,0.979717512832241,0.8622402342326478,0.8622402342326478,0.5,0.0,0.0,0.8953760140252828,0.7886582655540789,0.6425208379623455,0.8696564441061672,0.6838509325541688,0.727817749818582,0.8129864722347568,0.7831902999230641,False,1,0.7831902999230641,369
7836.png,00861,"tiny space explorer at bottom edge, broad pale pink cosmic dust stripe in empty sky, moody blue black cosmic background, tiny rim-lit grey ground below the explorer, dark high contrast digital painting",1,"[2, 3, 0, 1, 0, 0]",0.875623345375061,0.4421674609184265,0.01054814551025629,0.102704165009294,0.7329071394546604,0.7636566162109375,0.04099706104785771,0.9590029389521423,0.9778604791261187,0.8748686017533954,0.8748686017533954,0.5,0.0,0.0,0.7983221212217297,0.7669518576224639,0.7380785165879433,0.8097440261432595,0.7483791337209384,0.8452383948963762,0.7907231709255365,0.7826788985307326,False,1,0.7826788985307326,370
7836.png,00557,"small space explorer at bottom edge, sloping pink white cosmic dust stripe across empty sky, moody blue black cosmic background, small grey ground below the figure, dark sci fi concept art",1,"[0, 1, 0, 2, 3, 0]",0.8821617960929871,0.4261295199394226,0.012377671897411346,0.11125498594405263,0.7311428579776045,0.747634322554977,0.037297649618414176,0.9627023503815858,0.9761298336700138,0.8686072345172975,0.8686072345172975,0.5,0.0,0.0,0.8263729424147176,0.8238122578928695,0.6514172185864802,0.806286407110143,0.7083415123942786,0.9554535302842244,0.7699750923518023,0.782016978971385,False,1,0.782016978971385,371
7836.png,00631,"small space explorer at bottom edge, diagonal pink white cosmic dust stripe in empty sky, dark cosmic background, small rim-lit grey ground below the figure, realistic sci fi landscape",1,"[0, 2, 3, 0, 1, 0]",0.874899685382843,0.42661088705062866,0.008317820727825165,0.09120208729971681,0.7560674671433039,0.6399151837384259,0.04456104350602258,0.9554389564939774,0.9663372296802855,0.8156329133912408,0.8156329133912408,0.5,0.0,0.0,0.7952175238297859,0.8221056344144555,0.8546503629207061,0.8551333763523316,0.4391654392191032,0.7390580425245803,0.6525751267472755,0.781180648148594,False,1,0.781180648148594,372
7836.png,00553,"small space explorer at bottom edge, sloping pink white cosmic dust stripe across empty sky, moody blue black cosmic background, tiny rim-lit grey ground below the explorer, cinematic sci fi painting",1,"[0, 1, 0, 1, 4, 0]",0.8184754848480225,0.4287289083003998,0.008562103845179081,0.09253163699610573,0.7580867614027086,0.7790380407262733,0.039985760821662095,0.960014239178338,0.9577131427837338,0.878114730595988,0.878114730595988,0.5,0.0,0.0,0.553150216383355,0.8145964699773951,0.8411755745552815,0.8590907665735517,0.7868153066830109,0.8753676718026443,0.5491840873375725,0.7811164919439153,False,1,0.7811164919439153,373
7836.png,00225,"small space explorer at bottom edge, sloping pink white cosmic dust stripe in empty sky, moody blue black cosmic background, small grey ground below the figure, dark sci fi concept art",1,"[0, 0, 0, 2, 3, 0]",0.8200675249099731,0.4121111035346985,0.010716968216001987,0.10352279080474013,0.7644973254357672,0.7495399757667824,0.03681761463924323,0.9631823853607567,0.9750065793873125,0.8694081398487795,0.8694081398487795,0.5,0.0,0.0,0.5599802795032645,0.8735127006724849,0.7297818659444406,0.8716541180012974,0.7131034911291907,0.9697550269491102,0.7565088055201696,0.7810964241870001,False,1,0.7810964241870001,374
7836.png,00511,"small space explorer at bottom edge, sloping pink white cosmic dust stripe in empty sky, deep blue black cosmic background, small rim-lit grey ground below the figure, moody high contrast digital painting, tight square crop",1,"[0, 0, 2, 0, 2, 2]",0.9072531461715698,0.43620187044143677,0.011435012333095074,0.10693461709425565,0.7398480604867289,0.6764560275607638,0.04137015107411468,0.9586298489258853,0.9793693625069284,0.8357995320277892,0.8357995320277892,0.5,0.0,0.0,0.9340181637230824,0.7881020702847394,0.6952035141042054,0.8233467652639392,0.53047624023985,0.8341230678936826,0.8088126246800339,0.7807800736733979,False,1,0.7807800736733979,375
7836.png,00223,"small space explorer at bottom edge, sloping pink white cosmic dust stripe in empty sky, moody blue black cosmic background, small grey ground below the figure, realistic sci fi landscape, tight square crop",1,"[0, 0, 0, 2, 1, 2]",0.8719154596328735,0.4111575484275818,0.009459475986659527,0.09725983748012089,0.7494984483109326,0.6466414840133102,0.040958192612841476,0.9590418073871585,0.961908583270002,0.8190350170454954,0.8190350170454954,0.5,0.0,0.0,0.7824147993736082,0.8768934042890855,0.7932559661010476,0.8422594869876879,0.4559735859874681,0.8463963871633434,0.5994816965639196,0.7804163098574105,False,1,0.7804163098574105,376
7836.png,00475,"small space explorer at bottom edge, sloping pink white cosmic dust stripe in empty sky, moody blue black cosmic background, small grey ground below the figure, realistic sci fi landscape, centered crop",1,"[0, 0, 0, 2, 1, 3]",0.9121509790420532,0.4267544746398926,0.010502771474421024,0.10248303017778614,0.7394545261618908,0.6409669099030672,0.04257583190928885,0.9574241680907112,0.9661230497459213,0.8167581782373134,0.8167581782373134,0.5,0.0,0.0,0.9550305166504205,0.8215965635923284,0.740319685205322,0.8225755211118918,0.44179356567986006,0.7982026846063226,0.6500074014564435,0.7802297727637455,False,1,0.7802297727637455,377
7836.png,00059,"small space explorer at bottom edge, diagonal pink white cosmic dust stripe in empty sky, moody blue black cosmic background, small rim-lit grey ground below the figure, dark high contrast digital painting, square crop",1,"[0, 2, 0, 0, 0, 1]",0.9017014503479004,0.43346431851387024,0.012617873027920723,0.11232930618463163,0.7293208191208742,0.7391979076244213,0.042601773930103136,0.9573982260698969,0.9900510229878525,0.865738642153024,0.865738642153024,0.5,0.0,0.0,0.9102006519628952,0.7978076988667522,0.6405291427832125,0.8027155958127182,0.6872600122297555,0.7974298040033365,0.9368711650207947,0.7800884517447672,False,1,0.7800884517447672,378
7836.png,00975,"small space explorer at bottom edge, sloping pink white cosmic dust stripe in empty sky, deep blue black cosmic background, small rim-lit grey ground below the figure, cinematic sci fi painting, square crop",1,"[0, 0, 2, 0, 4, 1]",0.8958166837692261,0.43585205078125,0.010658364742994308,0.10323935656034625,0.7323815405229196,0.6953486689814815,0.04148146780112979,0.9585185321988702,0.9768523240398356,0.8437588521192384,0.8437588521192384,0.5,0.0,0.0,0.884954222467251,0.7893423096600256,0.7326544298426496,0.8087139632571461,0.5776864861200748,0.8308066516548023,0.7786367664739914,0.7800626129591034,False,1,0.7800626129591034,379
7836.png,00431,"tiny space explorer at bottom edge, sloping pink white cosmic dust stripe across empty sky, moody blue black cosmic background, tiny rim-lit grey ground below the explorer, realistic sci fi landscape",1,"[2, 1, 0, 1, 1, 0]",0.8904775977134705,0.4458794891834259,0.008423247374594212,0.0917782510979274,0.7369761795206318,0.7129770914713541,0.04306634742923102,0.956933652570769,0.9410005191375322,0.8439665733893851,0.8439665733893851,0.5,0.0,0.0,0.8620488348234514,0.7537913519665793,0.8488110285462234,0.8177184851859821,0.6217376138419367,0.7835889452395718,0.34882252433722033,0.7797172197208532,False,1,0.7797172197208532,380
7836.png,00217,"small space explorer at bottom edge, sloping pink white cosmic dust stripe in empty sky, moody blue black cosmic background, tiny rim-lit grey ground below the explorer, dark high contrast digital painting, balanced crop",1,"[0, 0, 0, 1, 0, 4]",0.9075928926467896,0.4324854612350464,0.01049144845455885,0.1024277718910201,0.7382305121318143,0.6960132740162037,0.046325914786946774,0.9536740852130532,0.9689918278860874,0.8407902687090778,0.8407902687090778,0.5,0.0,0.0,0.935475721184089,0.8012781079893689,0.7408797197204895,0.8201767121563864,0.5793472473870548,0.6864779143395835,0.6844001386013115,0.7795314652024362,False,1,0.7795314652024362,381
7836.png,00310,"small space explorer at bottom edge, diagonal pink white cosmic dust stripe in empty sky, moody blue black cosmic background, small grey ground below the figure, realistic sci fi landscape",1,"[0, 2, 0, 2, 1, 0]",0.8427513241767883,0.43769973516464233,0.008879940956830978,0.09423343863422887,0.7867850303824901,0.6548162389684608,0.04178618200725773,0.9582138179927423,0.9803978052795639,0.8261217048891798,0.8261217048891798,0.5,0.0,0.0,0.6572967883616339,0.7827915888567376,0.823928068143205,0.9153333119567146,0.47640123201371565,0.8217284190430713,0.8211422508203613,0.779410501849958,False,1,0.779410501849958,382
7836.png,00224,"small space explorer at bottom edge, sloping pink white cosmic dust stripe in empty sky, moody blue black cosmic background, small grey ground below the figure, moody high contrast digital painting, square crop",1,"[0, 0, 0, 2, 2, 1]",0.8896705508232117,0.42158520221710205,0.013165019452571869,0.11473891864825932,0.7305417335393556,0.7611705638744213,0.04241847304759198,0.9575815269524081,0.9881262592877533,0.875305540034383,0.875305540034383,0.5,0.0,0.0,0.8585864965739728,0.8399235358296893,0.6161080789611839,0.8051083301842155,0.742166813301342,0.802890816374626,0.913795873461419,0.7793111684032799,False,1,0.7793111684032799,383
7836.png,00440,"tiny space explorer at bottom edge, diagonal pink white cosmic dust stripe in empty sky, empty dark blue starfield, small rim-lit grey ground below the figure, dark high contrast digital painting",1,"[2, 2, 1, 0, 0, 0]",0.8838271498680115,0.49710601568222046,0.010065853595733643,0.10032872766926551,0.7698764935749915,0.812623765733507,0.048043096401529796,0.9519569035984702,0.9837118347150848,0.8956079777825597,0.8956079777825597,0.5,0.0,0.0,0.833517531092002,0.5721744720318519,0.7621532206167936,0.8821961513346366,0.8707416513559355,0.6353185859581877,0.860872943713758,0.7790469337309798,False,1,0.7790469337309798,384
7836.png,00293,"small space explorer at bottom edge, sloping pink white cosmic dust stripe across empty sky, deep blue black cosmic background, small rim-lit grey ground below the figure, realistic sci fi landscape, square crop",1,"[0, 1, 2, 0, 1, 1]",0.8960753679275513,0.43378588557243347,0.009202340617775917,0.0959288310039058,0.7382298061643581,0.6807669180410879,0.04537903067637504,0.954620969323625,0.961431269523902,0.8327487062865386,0.8327487062865386,0.5,0.0,0.0,0.886064011832298,0.7966676253568409,0.8067455187132739,0.8201753286092907,0.541248593083833,0.7146880668013135,0.5937593557612609,0.7788820300142714,False,1,0.7788820300142714,385
7836.png,00240,"small space explorer at bottom edge, sloping pink white cosmic dust stripe in empty sky, empty dark blue starfield, tiny rim-lit grey ground below the explorer, dark sci fi concept art",1,"[0, 0, 1, 1, 3, 0]",0.8204483985900879,0.44118016958236694,0.008813781663775444,0.09388174297367644,0.7487865772826622,0.8396340829354746,0.04229825639538705,0.9577017436046129,0.9603534819690134,0.9051016439763807,0.9051016439763807,0.5,0.0,0.0,0.5616142781306033,0.7704521685804193,0.8274924513383977,0.8408643701378645,0.938236909854274,0.8064723846460483,0.5808381529835693,0.778828865853742,False,1,0.778828865853742,386
7836.png,00018,"small space explorer at bottom edge, sloping pink white cosmic dust stripe across empty sky, moody blue black cosmic background, small rim-lit grey ground below the figure, dark high contrast digital painting, square crop",1,"[0, 1, 0, 0, 0, 1]",0.9188857674598694,0.4294905960559845,0.012154958210885525,0.11024952703247994,0.726961824667549,0.6874423556857638,0.04215029542918499,0.957849704570815,0.9764903046925404,0.839894517596887,0.839894517596887,0.5,0.0,0.0,0.9839236526287688,0.8118960066997016,0.6616073950653059,0.7980924649648874,0.5579296407756431,0.8108805285449091,0.7742966482617969,0.778791937688116,False,1,0.778791937688116,387
7836.png,00587,"small space explorer at bottom edge, sloping pink white cosmic dust stripe across empty sky, deep blue black cosmic background, small grey ground below the figure, realistic sci fi landscape",1,"[0, 1, 2, 2, 1, 0]",0.8765268921852112,0.4296094477176666,0.009127553552389145,0.09553823084184229,0.7554420320670027,0.6631062825520834,0.04445956330613097,0.955540436693869,0.968385493160346,0.8265140786233608,0.8265140786233608,0.5,0.0,0.0,0.8021984569325012,0.8114746338398754,0.8107041932431553,0.8539076557108576,0.49711696928015325,0.7420814029113774,0.6771310122257793,0.7785079733069911,False,1,0.7785079733069911,388
7836.png,00703,"small astronaut at bottom edge, sloping pink white cosmic dust stripe in empty sky, empty dark blue starfield, faint grey ground below the figure, dark high contrast digital painting",1,"[1, 0, 1, 4, 0, 0]",0.8662275075912476,0.48070603609085083,0.009062353521585464,0.09519639447786594,0.7506234145032109,0.8287415681061922,0.0485811568161024,0.9514188431838976,0.9803656200633295,0.9020034247748165,0.9020034247748165,0.5,0.0,0.0,0.7580127303580068,0.6303184323577165,0.8141686539343939,0.844464183102576,0.9110179365041259,0.6192883599154785,0.8207563939754553,0.7780025226307333,False,1,0.7780025226307333,389
7836.png,00571,"small space explorer at bottom edge, sloping pink white cosmic dust stripe across empty sky, empty dark blue starfield, tiny rim-lit grey ground below the explorer, moody high contrast digital painting, square crop",1,"[0, 1, 1, 1, 2, 1]",0.8180598020553589,0.4605771005153656,0.00831540022045374,0.09118881631238415,0.7583729861739378,0.8643504955150463,0.04340513752774362,0.9565948624722563,0.9559049951418592,0.9149469238754323,0.9149469238754323,0.5,0.0,0.0,0.5513668820442218,0.701682913330534,0.8547848624028943,0.8596517066670808,1.0,0.7734955027318121,0.5275068632624811,0.777934298223025,False,1,0.777934298223025,390
7836.png,00307,"small space explorer at bottom edge, diagonal pink white cosmic dust stripe in empty sky, moody blue black cosmic background, tiny rim-lit grey ground below the explorer, realistic sci fi landscape, square crop",1,"[0, 2, 0, 1, 1, 1]",0.9031840562820435,0.4260491728782654,0.009303427301347256,0.09645427570277668,0.7233316503345671,0.6604354293258102,0.04246499338756168,0.9575350066124383,0.9533710453950585,0.8230074045899797,0.8230074045899797,0.5,0.0,0.0,0.9165612281532594,0.8240971177800539,0.8014202148647233,0.7909780900590223,0.49044285554907513,0.8015048538598192,0.497128261878207,0.777493486076442,False,1,0.777493486076442,391
7836.png,00915,"tiny astronaut near the lower edge, sloping pink white cosmic dust stripe in empty sky, moody blue black cosmic background, small rim-lit grey ground below the figure, realistic sci fi landscape",1,"[5, 0, 0, 0, 1, 0]",0.8509626984596252,0.42915260791778564,0.009526674635708332,0.09760468552128188,0.7431019479167768,0.7558339436848959,0.040505138886522865,0.9594948611134771,0.9561016758130313,0.8671688112105265,0.8671688112105265,0.5,0.0,0.0,0.6925246736349846,0.8130942989773573,0.7897609825096135,0.829723697321587,0.7288312957468414,0.8598940417866603,0.5298647962550636,0.7774486381913296,False,1,0.7774486381913296,392
7836.png,00934,"small space explorer at bottom edge, sloping pink white cosmic dust stripe in empty sky, moody blue black cosmic background, thin grey ground below the figure, dark high contrast digital painting, balanced crop",1,"[0, 0, 0, 3, 0, 4]",0.8953206539154053,0.4252399802207947,0.012746877036988735,0.11290206834681434,0.7472834696174832,0.704562717013889,0.043334430368963305,0.9566655696310367,0.9888006688802223,0.8496463058031574,0.8496463058031574,0.5,0.0,0.0,0.8828261885741815,0.8269660034094432,0.6347242834837844,0.8379185966093576,0.6007111899439213,0.7756020537944593,0.9218811246410106,0.7773649708161591,False,1,0.7773649708161591,393
7836.png,00098,"small space explorer at bottom edge, sloping pink white cosmic dust stripe in empty sky, moody blue black cosmic background, thin grey ground below the figure, realistic sci fi landscape",1,"[0, 0, 0, 3, 1, 0]",0.8954195976257324,0.4327482581138611,0.010783652774989605,0.10384436804656093,0.7513889149570315,0.6571677879050927,0.04187073999058485,0.9581292600094151,0.9711608298564636,0.8253029115318797,0.8253029115318797,0.5,0.0,0.0,0.8832506702207202,0.8003463963850689,0.7265227284421409,0.8459644022985551,0.48227744598642314,0.8192092157161975,0.7104035139022439,0.7768114433550066,False,1,0.7768114433550066,394
7836.png,00174,"small astronaut at bottom edge, sloping pink white cosmic dust stripe in empty sky, dark cosmic background, small rim-lit grey ground below the figure, dark high contrast digital painting",1,"[1, 0, 3, 0, 0, 0]",0.8716815710067749,0.45287537574768066,0.00829989928752184,0.09110378305823441,0.7422513286470817,0.7260487874348959,0.04646104579827603,0.953538954201724,0.971357363264165,0.8547320609691396,0.8547320609691396,0.5,0.0,0.0,0.7814113861320312,0.7289883606841794,0.8556466617826415,0.8280566632257911,0.6544020765164686,0.6824520083291812,0.7127596814066676,0.7766347798600758,False,1,0.7766347798600758,395
7836.png,00062,"small space explorer at bottom edge, diagonal pink white cosmic dust stripe in empty sky, empty dark blue starfield, small rim-lit grey ground below the figure, dark high contrast digital painting",1,"[0, 2, 1, 0, 0, 0]",0.8839685320854187,0.4818330407142639,0.009467456489801407,0.09730085554506397,0.7755753489805297,0.7581696686921297,0.050399332162895875,0.9496006678371042,0.9809750184963377,0.8697315883537123,0.8697315883537123,0.5,0.0,0.0,0.8341240795652489,0.6263227864030543,0.7928402541154269,0.8933647041837256,0.7346679677846207,0.5651201642909582,0.8280622500224946,0.776313272388421,False,1,0.776313272388421,396
7836.png,00020,"small space explorer at bottom edge, sloping pink white cosmic dust stripe across empty sky, moody blue black cosmic background, tiny rim-lit grey ground below the explorer, dark high contrast digital painting",1,"[0, 1, 0, 1, 0, 0]",0.8349788188934326,0.4377415180206299,0.009474056772887707,0.09733476651683974,0.7519966500814044,0.7883329038266783,0.041981103731764245,0.9580188962682358,0.9659261273006996,0.8832416458760276,0.8832416458760276,0.5,0.0,0.0,0.623951709331334,0.7826434532625861,0.7924965714616792,0.8471554347729374,0.8100419568173828,0.8159211914161212,0.6476465699227635,0.7759987071402655,False,1,0.7759987071402655,397
7836.png,00840,"tiny space explorer at bottom edge, sloping pink white cosmic dust stripe across empty sky, empty dark blue starfield, small rim-lit grey ground below the figure, realistic sci fi landscape, square crop",1,"[2, 1, 1, 0, 1, 1]",0.882854700088501,0.4746790826320648,0.008148236200213432,0.09026758111422634,0.7450594886393609,0.7803124321831597,0.04908034035213646,0.9509196596478635,0.9578541099540785,0.8755332973499896,0.8755332973499896,0.5,0.0,0.0,0.829345592499665,0.6516861993626155,0.864121444076879,0.8335600636545841,0.7899998446566842,0.604416377694335,0.5508740914434466,0.7759032504024856,False,1,0.7759032504024856,398
7836.png,00909,"small space traveler at bottom edge, sloping pink white cosmic dust stripe across empty sky, moody blue black cosmic background, small rim-lit grey ground below the figure, dark high contrast digital painting, square crop",1,"[4, 1, 0, 0, 0, 1]",0.8415152430534363,0.43146443367004395,0.010225658304989338,0.10112199713706874,0.7543767059308576,0.776887681749132,0.043743855926252156,0.9562561440737478,0.9749601615560365,0.8792811395241285,0.8792811395241285,0.5,0.0,0.0,0.6519938363219228,0.8048980262886793,0.754113552581493,0.8518198415084671,0.7814418401686748,0.7634041963545739,0.755952319032923,0.7748531798127467,False,1,0.7748531798127467,399
7836.png,00562,"small space explorer at bottom edge, sloping pink white cosmic dust stripe across empty sky, moody blue black cosmic background, faint grey ground below the figure, realistic sci fi landscape",1,"[0, 1, 0, 4, 1, 0]",0.8794147372245789,0.43261370062828064,0.0102709224447608,0.10134555957100834,0.7459586170001496,0.7159118652343751,0.04397451569540646,0.9560254843045936,0.9648440376080675,0.84973806638369,0.84973806638369,0.5,0.0,0.0,0.8145876953510566,0.8008234521679465,0.751847780574642,0.835322165322548,0.6290712305591374,0.7565322389714257,0.6346737903812568,0.7748357564907095,False,1,0.7748357564907095,400
7836.png,00489,"small space explorer at bottom edge, sloping pink white cosmic dust stripe in empty sky, empty dark blue starfield, small rim-lit grey ground below the figure, realistic sci fi landscape, balanced crop",1,"[0, 0, 1, 0, 1, 4]",0.849886953830719,0.4454295039176941,0.008138428442180157,0.09021323873013404,0.7389257107834906,0.7444503219039351,0.043913148659605696,0.9560868513403943,0.9657731857994998,0.8627876799858087,0.8627876799858087,0.5,0.0,0.0,0.6879095864321346,0.7553867152590862,0.8646721960547141,0.8215391546697226,0.7003851102019603,0.7583605233588548,0.6458130099218488,0.7740019009814444,False,1,0.7740019009814444,401
7836.png,00778,"small astronaut at bottom edge, diagonal pink white cosmic dust stripe in empty sky, dark cosmic background, small rim-lit grey ground below the figure, dark high contrast digital painting",1,"[1, 2, 3, 0, 0, 0]",0.8662198185920715,0.458859384059906,0.008539753966033459,0.09241078922957784,0.7382738186894174,0.7474410445601851,0.046989963043626945,0.9530100369563731,0.9815205305358845,0.8662060890939907,0.8662060890939907,0.5,0.0,0.0,0.7579797435312577,0.707772850021058,0.842400348689577,0.8202615838618226,0.7078585359033707,0.6666941811944787,0.8346021953472338,0.7737739724101445,False,1,0.7737739724101445,402
7836.png,00632,"small space explorer at bottom edge, diagonal pink white cosmic dust stripe in empty sky, dark cosmic background, tiny rim-lit grey ground below the explorer, dark high contrast digital painting",1,"[0, 2, 3, 1, 0, 0]",0.8582290410995483,0.4482133984565735,0.008472069166600704,0.09204384371917931,0.7841075521890832,0.6342366536458334,0.043842689906213955,0.956157310093786,0.9733350191716236,0.8147285565077749,0.8147285565077749,0.5,0.0,0.0,0.7236982477602201,0.7455167850730038,0.8461192868441207,0.9100860202503329,0.4249755334277633,0.7604596737757354,0.7364690783920619,0.7737137182677443,False,1,0.7737137182677443,403
7836.png,00476,"small space explorer at bottom edge, sloping pink white cosmic dust stripe in empty sky, moody blue black cosmic background, small grey ground below the figure, moody high contrast digital painting, tight square crop",1,"[0, 0, 0, 2, 2, 2]",0.8789290189743042,0.4197004437446594,0.012648298405110836,0.11246465402565749,0.7353546991425881,0.7559724030671298,0.04432001111418811,0.9556799888858118,0.9868880363257846,0.8720531847553994,0.8720531847553994,0.5,0.0,0.0,0.8125038996054877,0.8466056979162331,0.6391574125511692,0.8145407261436413,0.7291772876774624,0.7462390274476037,0.8989512689723226,0.7736445086335034,False,1,0.7736445086335034,404
7836.png,00853,"tiny space explorer at bottom edge, diagonal pink white cosmic dust stripe in empty sky, moody blue black cosmic background, tiny rim-lit grey ground below the explorer, realistic sci fi landscape",1,"[2, 2, 0, 1, 1, 0]",0.8093470335006714,0.4415636658668518,0.007688647136092186,0.08768493106624528,0.7617952484974595,0.7717680754484953,0.04305479121200026,0.9569452087879997,0.961597248078032,0.8745459066432292,0.8745459066432292,0.5,0.0,0.0,0.5139879488126277,0.7690925331841694,0.890296218072178,0.8663586179508018,0.7686486120074734,0.783933235154588,0.5957492122454396,0.7720148499040634,False,1,0.7720148499040634,405
7836.png,00492,"small space explorer at bottom edge, sloping pink white cosmic dust stripe in empty sky, empty dark blue starfield, small rim-lit grey ground below the figure, cinematic sci fi painting, square crop",1,"[0, 0, 1, 0, 4, 1]",0.7964804172515869,0.44923052191734314,0.008101124316453934,0.09000624598578665,0.7842444613443694,0.740213464807581,0.04155299425324019,0.9584470057467598,0.9836512169057758,0.8652827545559326,0.8652827545559326,0.5,0.0,0.0,0.4587884577814646,0.7419107082593095,0.86677003672275,0.9103543332759366,0.6897977571249623,0.82867569170252,0.8601462188573906,0.7718376803658109,False,1,0.7718376803658109,406
7836.png,00278,"small space explorer at bottom edge, sloping pink white cosmic dust stripe across empty sky, moody blue black cosmic background, small grey ground below the figure, moody high contrast digital painting",1,"[0, 1, 0, 2, 2, 0]",0.8967911005020142,0.4195559322834015,0.013375119306147099,0.11565085086650724,0.7274684132336148,0.7156575520833334,0.04174980221231446,0.9582501977876855,0.9855034550512368,0.8545341586734373,0.8545341586734373,0.5,0.0,0.0,0.8891345995501517,0.847118044204422,0.6068657816045091,0.7990852715497591,0.6284357351763642,0.8228122682178709,0.8823520279349968,0.7708983860170369,False,1,0.7708983860170369,407
7836.png,00009,"small space explorer at bottom edge, sloping pink white cosmic dust stripe in empty sky, moody blue black cosmic background, small rim-lit grey ground below the figure, realistic sci fi landscape, square crop",1,"[0, 0, 0, 0, 1, 1]",0.8899530172348022,0.430363267660141,0.009264606051146984,0.09625282360090526,0.7377614270943322,0.681338840060764,0.04499612508008217,0.9550038749199178,0.9479002964696449,0.830433893543244,0.830433893543244,0.5,0.0,0.0,0.8597983149612903,0.8088020648538053,0.8034619019455898,0.8192574045658227,0.5426777515890916,0.726095825289676,0.43154144387267585,0.7702924652836375,False,1,0.7702924652836375,408
7836.png,00191,"tiny space explorer at bottom edge, sloping pink white cosmic dust stripe in empty sky, moody blue black cosmic background, small rim-lit grey ground below the figure, realistic sci fi landscape, square crop",1,"[2, 0, 0, 0, 1, 1]",0.8893494606018066,0.4358782172203064,0.009379689581692219,0.09684879752321254,0.7439136961680137,0.6954605667679399,0.046742839072912906,0.9532571609270871,0.9520585721536898,0.8370089758007915,0.8370089758007915,0.5,0.0,0.0,0.857208976917404,0.7892495400083387,0.7974217949106936,0.8313145524317703,0.577966104088495,0.6740566501734768,0.4813934978098182,0.7700363876576383,False,1,0.7700363876576383,409
7836.png,00060,"small space explorer at bottom edge, diagonal pink white cosmic dust stripe in empty sky, moody blue black cosmic background, small rim-lit grey ground below the figure, realistic sci fi landscape",1,"[0, 2, 0, 0, 1, 0]",0.8329430818557739,0.43721622228622437,0.008613505400717258,0.09280897263043729,0.7763532384753303,0.6666553638599536,0.04300649567302302,0.9569935043269769,0.9782593906581529,0.8305945183830516,0.8305945183830516,0.5,0.0,0.0,0.6152181273097171,0.7845058198692307,0.8383648191627162,0.8948892032831394,0.5059856603997405,0.7853720854875462,0.7955055761151252,0.7695485441583738,False,1,0.7695485441583738,410
7836.png,00903,"small space traveler at bottom edge, sloping pink white cosmic dust stripe in empty sky, moody blue black cosmic background, tiny rim-lit grey ground below the explorer, realistic sci fi landscape",1,"[4, 0, 0, 1, 1, 0]",0.8207283020019531,0.4342670738697052,0.007631310261785984,0.08735737096425226,0.7522298731344068,0.7077744095413774,0.04069940397163859,0.9593005960283614,0.9614514299310545,0.8465439788897572,0.8465439788897572,0.5,0.0,0.0,0.5628151009090044,0.7949616358396002,0.8936159909722063,0.847612502694077,0.6087367905223632,0.8541063771633751,0.5940010515460344,0.7693089580618258,False,1,0.7693089580618258,411
7836.png,00558,"small space explorer at bottom edge, sloping pink white cosmic dust stripe across empty sky, moody blue black cosmic background, thin grey ground below the figure, dark high contrast digital painting, tight square crop",1,"[0, 1, 0, 3, 0, 2]",0.8939131498336792,0.41897478699684143,0.012777186930179596,0.11303621955010525,0.7396314540722452,0.6937408447265625,0.044360089550598676,0.9556399104494013,0.9858442884908426,0.843826206482412,0.843826206482412,0.5,0.0,0.0,0.8767878092962503,0.8491784180175146,0.6333646809971518,0.8229222624444322,0.5736687430889877,0.7450449860766003,0.8864381560096705,0.7692153202405987,False,1,0.7692153202405987,412
7836.png,00080,"tiny space explorer at bottom edge, sloping pink white cosmic dust stripe in empty sky, moody blue black cosmic background, small rim-lit grey ground below the figure, realistic sci fi landscape",1,"[2, 0, 0, 0, 1, 0]",0.8736103773117065,0.4527313709259033,0.00871985498815775,0.09338016378309555,0.758690467478808,0.6855926513671875,0.045001570869551775,0.9549984291304482,0.9577855294826771,0.8343232492074266,0.8343232492074266,0.5,0.0,0.0,0.7896862211211839,0.7294989107490442,0.8325758818110871,0.8602739029643574,0.553307471024941,0.7259335809880804,0.5500519051289477,0.7686635220188853,False,1,0.7686635220188853,413
7836.png,00425,"tiny space explorer at bottom edge, sloping pink white cosmic dust stripe in empty sky, deep blue black cosmic background, tiny rim-lit grey ground below the explorer, dark high contrast digital painting",1,"[2, 0, 2, 1, 0, 0]",0.8166484236717224,0.4658278822898865,0.00856074783951044,0.09252430945168108,0.7733687588334305,0.7908376057942709,0.04288103079712706,0.957118969202873,0.9701800427467332,0.884904570377774,0.884904570377774,0.5,0.0,0.0,0.5453118814969985,0.6830669604583623,0.8412498381278494,0.8890402535843637,0.8163008802317159,0.7891100120596609,0.6986452141621047,0.768645745824791,False,1,0.768645745824791,414
7836.png,00836,"tiny space explorer at bottom edge, sloping pink white cosmic dust stripe across empty sky, moody blue black cosmic background, small grey ground below the figure, dark high contrast digital painting, square crop",1,"[2, 1, 0, 2, 0, 1]",0.9020413160324097,0.43652310967445374,0.013780181296169758,0.11738901693160973,0.7189890038178375,0.7745259602864584,0.04341071854244964,0.9565892814575504,0.9863660449849591,0.8806161396360407,0.8806161396360407,0.5,0.0,0.0,0.9116587208475723,0.7869631590369792,0.5892497271352164,0.7824674201655777,0.7755402063806562,0.7733292297169967,0.8926933047451305,0.7681990666568523,False,1,0.7681990666568523,415
7836.png,00126,"small space explorer at bottom edge, sloping pink white cosmic dust stripe across empty sky, moody blue black cosmic background, tiny rim-lit grey ground below the explorer, moody high contrast digital painting",1,"[0, 1, 0, 1, 2, 0]",0.8419882655143738,0.42659011483192444,0.010376814752817154,0.10186665181901855,0.742301476434495,0.7921204743561922,0.042461045527386575,0.9575389544726134,0.9559339743041498,0.8827796423865312,0.8827796423865312,0.5,0.0,0.0,0.6540231654465802,0.8221792795707491,0.7465665881680161,0.8281549422966105,0.8195066013848151,0.8016224709326941,0.5278542838933709,0.7680206230023265,False,1,0.7680206230023265,416
7836.png,00086,"small space explorer at bottom edge, sloping pink white cosmic dust stripe in empty sky, moody blue black cosmic background, small rim-lit grey ground below the figure, realistic sci fi landscape, centered crop",1,"[0, 0, 0, 0, 1, 3]",0.8662940263748169,0.4394157826900482,0.008688659407198429,0.09321297874866155,0.7660973089355554,0.6374432599103009,0.04375961061912892,0.9562403893808711,0.96100110644959,0.8137338245328583,0.8137338245328583,0.5,0.0,0.0,0.7582981047661618,0.7767075691371641,0.8342702772616544,0.8747897477029546,0.43298842409854976,0.7629348228767867,0.5886022872040584,0.7677780174077916,False,1,0.7677780174077916,417
7836.png,00568,"small space explorer at bottom edge, sloping pink white cosmic dust stripe across empty sky, empty dark blue starfield, small rim-lit grey ground below the figure, cinematic sci fi painting",1,"[0, 1, 1, 0, 4, 0]",0.8013421297073364,0.4604918956756592,0.007650505751371384,0.08746716956305024,0.7850960433152674,0.7403818766276041,0.04414652878810912,0.9558534712118909,0.9818199843736477,0.8640845562813131,0.8640845562813131,0.5,0.0,0.0,0.47964584933663235,0.7019849958295921,0.8925031985089826,0.9120232540627429,0.6902185962895542,0.751407519360675,0.8381922384338754,0.7673497716998701,False,1,0.7673497716998701,418
7836.png,00035,"small space explorer at bottom edge, sloping pink white cosmic dust stripe in empty sky, moody blue black cosmic background, tiny rim-lit grey ground below the explorer, moody high contrast digital painting",1,"[0, 0, 0, 1, 2, 0]",0.8321774005889893,0.4335165023803711,0.009946218691766262,0.09973073092967012,0.7473259714974952,0.7944364194516783,0.043062254647205145,0.9569377453527949,0.963314099060109,0.8850874194387552,0.8850874194387552,0.5,0.0,0.0,0.611933253073912,0.797622687864356,0.7682138286039544,0.8380018913166842,0.8252938460039346,0.7837108799131528,0.6163319138900024,0.7669317395622975,False,1,0.7669317395622975,419
7836.png,00610,"small space explorer at bottom edge, diagonal pink white cosmic dust stripe in empty sky, moody blue black cosmic background, small grey ground below the figure, moody high contrast digital painting",1,"[0, 2, 0, 2, 2, 0]",0.8775465488433838,0.4273379445075989,0.013259499333798885,0.11514989940854871,0.7373394292612561,0.7468380398220485,0.042951474726826394,0.9570485252731736,0.9907888118269241,0.8692018641309175,0.8692018641309175,0.5,0.0,0.0,0.8065729192983676,0.8195279482839833,0.6119428501004638,0.8184303779498584,0.7063517057402178,0.7870113032793202,0.9457162469235515,0.7667813318135415,False,1,0.7667813318135415,420
7836.png,00415,"tiny space explorer at bottom edge, sloping pink white cosmic dust stripe in empty sky, moody blue black cosmic background, small grey ground below the figure, realistic sci fi landscape",1,"[2, 0, 0, 2, 1, 0]",0.8591019511222839,0.42764636874198914,0.010063422843813896,0.10031661300011029,0.7486510788179633,0.6883138020833334,0.04141297758077762,0.9585870224192223,0.964656378968937,0.8381779445780152,0.8381779445780152,0.5,0.0,0.0,0.7274431475876657,0.8184344709203066,0.762276000986288,0.8405988217678376,0.5601072716206121,0.8328471543274104,0.6324240192476113,0.7662867730963296,False,1,0.7662867730963296,421
7836.png,00941,"small space explorer at bottom edge, sloping pink white cosmic dust stripe in empty sky, moody blue black cosmic background, faint grey ground below the figure, moody high contrast digital painting, square crop",1,"[0, 0, 0, 4, 2, 1]",0.9028932452201843,0.424119234085083,0.014547199010848999,0.12061176978574271,0.7179097656395906,0.7832562481915509,0.0459983807904324,0.9540016192095676,0.9895633513691265,0.8842785486833719,0.8842785486833719,0.5,0.0,0.0,0.9153136101090048,0.8309394607230411,0.5565876064326539,0.7803523412992511,0.797356056765272,0.6962360081494925,0.9310246474525578,0.7662850935840523,False,1,0.7662850935840523,422
7836.png,00326,"small space explorer at bottom edge, broad pale pink cosmic dust stripe in empty sky, moody blue black cosmic background, tiny rim-lit grey ground below the explorer, realistic sci fi landscape",1,"[0, 3, 0, 1, 1, 0]",0.8305021524429321,0.42245805263519287,0.007592655252665281,0.08713584367334307,0.7390574957306385,0.6594136555989584,0.039512279985470605,0.9604877200145294,0.959064666766159,0.8247197803778483,0.8247197803778483,0.5,0.0,0.0,0.6047462162319736,0.8368289600226197,0.8958611371072283,0.8217974253297408,0.4878895763222894,0.8894739034180461,0.5653870165295264,0.7660539367747669,False,1,0.7660539367747669,423
7836.png,00549,"small space explorer at bottom edge, sloping pink white cosmic dust stripe across empty sky, moody blue black cosmic background, tiny rim-lit grey ground below the explorer, dark high contrast digital painting, balanced crop",1,"[0, 1, 0, 1, 0, 4]",0.9070466756820679,0.4374270439147949,0.010985850356519222,0.10481340733188299,0.7283095035163453,0.6891117802372685,0.04461319488247821,0.9553868051175218,0.9613217164204818,0.8367500261819999,0.8367500261819999,0.5,0.0,0.0,0.933132377925727,0.7837583796459581,0.7167016594569335,0.8007336308438732,0.5621013149105575,0.7375043167153983,0.5924459634718462,0.7651419124894249,False,1,0.7651419124894249,424
7836.png,00238,"small space explorer at bottom edge, sloping pink white cosmic dust stripe in empty sky, empty dark blue starfield, tiny rim-lit grey ground below the explorer, realistic sci fi landscape, tight square crop",1,"[0, 0, 1, 1, 1, 2]",0.8789469003677368,0.4176768958568573,0.00910155475139618,0.09540206890521913,0.663582725879586,0.7320404052734375,0.0403167180601011,0.9596832819398989,0.9617359311141436,0.8576545172748402,0.8576545172748402,0.5,0.0,0.0,0.8125806131560671,0.8537799195334215,0.8120841742129579,0.673882818646592,0.6693743477346001,0.8655075906687026,0.5974118326972114,0.7643185682558684,False,1,0.7643185682558684,425
7836.png,00471,"small space explorer at bottom edge, sloping pink white cosmic dust stripe in empty sky, moody blue black cosmic background, tiny rim-lit grey ground below the explorer, dark sci fi concept art, tight square crop",1,"[0, 0, 0, 1, 3, 2]",0.8140664100646973,0.4149452745914459,0.010174455121159554,0.10086850410886221,0.7500618726083678,0.7767220956307871,0.03993551162975258,0.9600644883702474,0.9572038593370678,0.8769882858308543,0.8769882858308543,0.5,0.0,0.0,0.5342347005051843,0.8634645217365211,0.7566826667082316,0.8433636796008661,0.7810280620638914,0.8768647265625852,0.5430784734289269,0.7642180888650973,False,1,0.7642180888650973,426
7836.png,00795,"tiny space explorer at bottom edge, sloping pink white cosmic dust stripe in empty sky, moody blue black cosmic background, small rim-lit grey ground below the figure, realistic sci fi landscape, centered crop",1,"[2, 0, 0, 0, 1, 3]",0.8822351694107056,0.4357117712497711,0.009594231843948364,0.09795014979033143,0.7307693321085947,0.6888173421223959,0.04274825123209849,0.9572517487679015,0.9513734483424878,0.8352806056923413,0.8352806056923413,0.5,0.0,0.0,0.8266877236839278,0.7898396522004475,0.7862597535402097,0.8055543753052155,0.5613655524785027,0.7930658623389478,0.47317979776085006,0.7638494845742984,False,1,0.7638494845742984,427
7836.png,00987,"small space explorer at bottom edge, sloping pink white cosmic dust stripe in empty sky, deep blue black cosmic background, thin grey ground below the figure, realistic sci fi landscape, square crop",1,"[0, 0, 2, 3, 1, 1]",0.8848682641983032,0.426316499710083,0.010402854532003403,0.10199438480624021,0.7422969671117281,0.6388408519603588,0.04317719121784526,0.9568228087821548,0.9691852614363391,0.8162034187431835,0.8162034187431835,0.5,0.0,0.0,0.8379840497185636,0.8231493458260313,0.7452720333463573,0.8281461049764731,0.4364808242798777,0.7802866190717413,0.6867191430428402,0.7636935149257305,False,1,0.7636935149257305,428
7836.png,00612,"small space explorer at bottom edge, diagonal pink white cosmic dust stripe in empty sky, moody blue black cosmic background, thin grey ground below the figure, realistic sci fi landscape",1,"[0, 2, 0, 3, 1, 0]",0.8450416326522827,0.43902313709259033,0.009616141207516193,0.0980619253712479,0.780853726678861,0.6689153600622108,0.04588557631302108,0.954114423686979,0.9807924313943349,0.8311104465973045,0.8311104465973045,0.5,0.0,0.0,0.6671225156316645,0.7780996422134459,0.7851269246573461,0.9037092095424643,0.5116330960346502,0.6995967483611099,0.825873279701889,0.763391305328157,False,1,0.763391305328157,429
7836.png,00944,"small space explorer at bottom edge, sloping pink white cosmic dust stripe in empty sky, moody blue black cosmic background, narrow rim-lit ground below the character, realistic sci fi landscape, square crop",1,"[0, 0, 0, 5, 1, 1]",0.8989723324775696,0.42841610312461853,0.0105445496737957,0.10268665772044439,0.7295603032667725,0.7054036458333334,0.04765951778589828,0.9523404822141017,0.9548873278861778,0.8417282749771712,0.8417282749771712,0.5,0.0,0.0,0.8984923741616487,0.8157054793898166,0.7382559503557382,0.8031849341534285,0.6028125613429571,0.6467463954516759,0.5153064208735955,0.7633841541246472,False,1,0.7633841541246472,430
7836.png,00952,"small space explorer at bottom edge, sloping pink white cosmic dust stripe in empty sky, empty dark blue starfield, tiny rim-lit grey ground below the explorer, realistic sci fi landscape, balanced crop",1,"[0, 0, 1, 1, 1, 4]",0.8749812841415405,0.4344865679740906,0.009022307582199574,0.09498582832296391,0.684054540090835,0.7559944435402199,0.040822876160715026,0.959177123839285,0.9496809495978651,0.8658456828564218,0.8658456828564218,0.5,0.0,0.0,0.7955675933322628,0.7941834484994245,0.816302710586757,0.7140032503236045,0.7292323639439692,0.8504278179397707,0.45288904622909876,0.762334577573301,False,1,0.762334577573301,431
7836.png,00095,"small space explorer at bottom edge, sloping pink white cosmic dust stripe in empty sky, moody blue black cosmic background, small grey ground below the figure, realistic sci fi landscape, square crop",1,"[0, 0, 0, 2, 1, 1]",0.8826524019241333,0.41573870182037354,0.010409785434603691,0.1020283560320546,0.7359787434285787,0.6648152669270834,0.045149728054896844,0.9548502719451032,0.9591979492400661,0.8252040551459868,0.8252040551459868,0.5,0.0,0.0,0.828477706530778,0.8606515303505742,0.7449277400268925,0.8157637211298775,0.5013874982523877,0.7215195912081067,0.5669848916063489,0.7618845061863043,False,1,0.7618845061863043,432
7836.png,00105,"small space explorer at bottom edge, sloping pink white cosmic dust stripe in empty sky, empty dark blue starfield, tiny rim-lit grey ground below the explorer, realistic sci fi landscape, square crop",1,"[0, 0, 1, 1, 1, 1]",0.8660423755645752,0.42608585953712463,0.009045879356563091,0.09510982786527947,0.6747513728826141,0.7723015679253472,0.041371494734024496,0.9586285052659755,0.9558147958387843,0.8742186415772545,0.8742186415772545,0.5,0.0,0.0,0.7572184893976759,0.8239670500793402,0.8150459936737677,0.6957710076652008,0.769981740099335,0.834083036753136,0.5264254966423603,0.7616811838599071,False,1,0.7616811838599071,433
7836.png,00636,"small space explorer at bottom edge, broad pale pink cosmic dust stripe in empty sky, moody blue black cosmic background, small rim-lit grey ground below the figure, moody high contrast digital painting, square crop",1,"[0, 3, 0, 0, 2, 1]",0.899459958076477,0.44666537642478943,0.012353225611150265,0.11114506561764344,0.69579230454529,0.7523413764105903,0.040897282387799536,0.9591027176122005,0.9855897981508365,0.8713575301792031,0.8713575301792031,0.5,0.0,0.0,0.9005843526859459,0.7510050926101048,0.6525312447409332,0.7370067893346736,0.7201038258234255,0.8482110619643328,0.8833871639349636,0.7615850795194576,False,1,0.7615850795194576,434
7836.png,00925,"small space explorer at bottom edge, sloping pink white cosmic dust stripe in empty sky, moody blue black cosmic background, tiny rim-lit grey ground below the explorer, dark sci fi concept art, centered crop",1,"[0, 0, 0, 1, 3, 3]",0.8269832134246826,0.4138723611831665,0.010612483136355877,0.10301690704130015,0.7392355663018989,0.7905454282407406,0.040799391212907495,0.9592006087870925,0.9490223123085272,0.881270118245521,0.881270118245521,0.5,0.0,0.0,0.5896495009016399,0.8672683944362722,0.734908922622632,0.8221464060362975,0.8155707666475073,0.8511274959159956,0.44499288345204424,0.7612937050241418,False,1,0.7612937050241418,435
7836.png,00482,"small space explorer at bottom edge, sloping pink white cosmic dust stripe in empty sky, moody blue black cosmic background, thin grey ground below the figure, dark sci fi concept art",1,"[0, 0, 0, 3, 3, 0]",0.905942976474762,0.4412963092327118,0.013650697655975819,0.11683620010928042,0.7121375411087764,0.7587924533420138,0.0420542662868917,0.9579457337131083,0.9776456669763074,0.8722667441987556,0.8722667441987556,0.5,0.0,0.0,0.928397361872138,0.7700404107983875,0.5948524433826541,0.7690400004620792,0.7362242253664336,0.8137414876787872,0.7881478662337774,0.7609185886242528,False,1,0.7609185886242528,436
7836.png,00806,"tiny space explorer at bottom edge, sloping pink white cosmic dust stripe in empty sky, moody blue black cosmic background, thin grey ground below the figure, dark high contrast digital painting, square crop",1,"[2, 0, 0, 3, 0, 1]",0.9013048410415649,0.43760234117507935,0.015337860211730003,0.12384611504496217,0.7063715435719679,0.7821513988353588,0.04062637615624003,0.95937362384376,0.9953167458362452,0.8868122469884765,0.8868122469884765,0.5,0.0,0.0,0.9084991454110466,0.7831368863757728,0.5238079984292326,0.7577398632178562,0.7945951823801137,0.8562820666520273,1.0,0.7603978127785538,False,1,0.7603978127785538,437
7836.png,00028,"tiny space explorer at bottom edge, sloping pink white cosmic dust stripe in empty sky, moody blue black cosmic background, small rim-lit grey ground below the figure, dark high contrast digital painting",1,"[2, 0, 0, 0, 0, 0]",0.8759604692459106,0.43839460611343384,0.012658709660172462,0.11251093129190809,0.7300242791207981,0.787782457139757,0.0463367393680254,0.9536632606319746,0.983356477154472,0.8849555423649762,0.8849555423649762,0.5,0.0,0.0,0.7997684273619846,0.7803280157374521,0.6386883993427492,0.8040942288236094,0.8086664623666697,0.6861554217777671,0.8566126912378069,0.7596411978869988,False,1,0.7596411978869988,438
7836.png,00495,"small space explorer at bottom edge, sloping pink white cosmic dust stripe in empty sky, empty dark blue starfield, tiny rim-lit grey ground below the explorer, realistic sci fi landscape, centered crop",1,"[0, 0, 1, 1, 1, 3]",0.8877789378166199,0.4242905080318451,0.009243126027286053,0.09614117758424874,0.6664289328901642,0.7056573938440392,0.03955394973543407,0.960446050264566,0.956869977055637,0.8450759402335432,0.8450759402335432,0.5,0.0,0.0,0.8504712257700251,0.8303322315792543,0.804593417713955,0.6794607831947361,0.6034466445137681,0.8882324526571909,0.5390756802600167,0.7594733282236599,False,1,0.7594733282236599,439
7836.png,00955,"small space explorer at bottom edge, sloping pink white cosmic dust stripe in empty sky, empty dark blue starfield, tiny rim-lit grey ground below the explorer, cinematic sci fi painting, square crop",1,"[0, 0, 1, 1, 4, 1]",0.7600510120391846,0.4487137198448181,0.007406889460980892,0.08606328753295968,0.7683017056784233,0.837490505642361,0.041875729031853264,0.9581242709681468,0.9590163866051397,0.9040174996989417,0.9040174996989417,0.5,0.0,0.0,0.30250147545728945,0.7437429617102244,0.9067313340174724,0.8791098996933269,0.9328803898834783,0.8190605791372897,0.5648082032487081,0.758719164119841,False,1,0.758719164119841,440
7836.png,00477,"small space explorer at bottom edge, sloping pink white cosmic dust stripe in empty sky, moody blue black cosmic background, small grey ground below the figure, dark sci fi concept art, square crop",1,"[0, 0, 0, 2, 3, 1]",0.9017748832702637,0.4326067268848419,0.014523841440677643,0.12051490132210889,0.6971748132032675,0.7542029486762152,0.03825988538282146,0.9617401146171786,0.9829740367851642,0.8725951743773422,0.8725951743773422,0.5,0.0,0.0,0.9105156889439409,0.8008481766537036,0.557569353899706,0.7397162142826973,0.7247556520253235,0.9267860119311424,0.8520277528241199,0.7583578612590542,False,1,0.7583578612590542,441
7836.png,00322,"small space explorer at bottom edge, broad pale pink cosmic dust stripe in empty sky, moody blue black cosmic background, small rim-lit grey ground below the figure, dark high contrast digital painting, tight square crop",1,"[0, 3, 0, 0, 0, 2]",0.9002511501312256,0.44477131962776184,0.01238936185836792,0.111307510341252,0.6910654752737301,0.7382518627025463,0.0396599308394691,0.9603400691605309,0.9820670175918235,0.8647457659406963,0.8647457659406963,0.5,0.0,0.0,0.9039786715872443,0.757720220677658,0.6508848916353287,0.7277432023911035,0.68489596940584,0.8850749985722496,0.8411538297886806,0.7582037837290482,False,1,0.7582037837290482,442
7836.png,00019,"small space explorer at bottom edge, sloping pink white cosmic dust stripe across empty sky, moody blue black cosmic background, small rim-lit grey ground below the figure, realistic sci fi landscape",1,"[0, 1, 0, 0, 1, 0]",0.8808126449584961,0.44512104988098145,0.009613637812435627,0.09804916018220465,0.7351632828983617,0.6796343768084491,0.04457232281433103,0.955427677185669,0.9605019816848988,0.832335552915766,0.832335552915766,0.5,0.0,0.0,0.8205849050235101,0.7564802982829584,0.7852562979491228,0.8141655907370229,0.5384185203125507,0.7387220024500992,0.58261846203676,0.757309096419219,False,1,0.757309096419219,443
7836.png,00128,"small space explorer at bottom edge, sloping pink white cosmic dust stripe across empty sky, moody blue black cosmic background, small grey ground below the figure, realistic sci fi landscape",1,"[0, 1, 0, 2, 1, 0]",0.8748829364776611,0.44163137674331665,0.010281693190336227,0.10139868436195919,0.7497691690272635,0.6506053783275463,0.04219991017966661,0.9578000898203334,0.9658329200585671,0.821169035696226,0.821169035696226,0.5,0.0,0.0,0.7951456688040767,0.7688524732198951,0.7513093687221446,0.8427900424084742,0.4658788406869563,0.8094023754533006,0.6465291422159021,0.7568282272880635,False,1,0.7568282272880635,444
7836.png,00542,"small space explorer at bottom edge, sloping pink white cosmic dust stripe in empty sky, near black starfield background, tiny rim-lit grey ground below the explorer, dark high contrast digital painting",1,"[0, 0, 5, 1, 0, 0]",0.8704735040664673,0.4798775613307953,0.009036310948431492,0.09505951266670523,0.7560539333302311,0.7277052137586807,0.04790974991226035,0.9520902500877396,0.972079906778437,0.8551149150778026,0.8551149150778026,0.5,0.0,0.0,0.7762286186548943,0.6332556801336221,0.8155559307255331,0.8551068529374005,0.6585412697762636,0.6392913263923427,0.7214219926583313,0.7568107685103405,False,1,0.7568107685103405,445
7836.png,00043,"small space explorer at bottom edge, sloping pink white cosmic dust stripe in empty sky, empty dark blue starfield, tiny rim-lit grey ground below the explorer, realistic sci fi landscape",1,"[0, 0, 1, 1, 1, 0]",0.8842600584030151,0.4464207887649536,0.009146209806203842,0.09563581863613571,0.6750516676312243,0.7351848461009839,0.04183339435352413,0.9581666056464758,0.9657195972160545,0.8593354121649202,0.8593354121649202,0.5,0.0,0.0,0.8353747661515266,0.751872245834928,0.8097151554668888,0.6963595219424532,0.677231895089598,0.8203218398520348,0.6451705558963545,0.7561117876492252,False,1,0.7561117876492252,446
7836.png,00530,"small space explorer at bottom edge, sloping pink white cosmic dust stripe in empty sky, dark cosmic background, tiny rim-lit grey ground below the explorer, moody high contrast digital painting",1,"[0, 0, 3, 1, 2, 0]",0.8058690428733826,0.45805805921554565,0.008342038840055466,0.09133476249520478,0.7522224639903535,0.7911376953125,0.04161013864044953,0.9583898613595505,0.9601153444955365,0.883471483265575,0.883471483265575,0.5,0.0,0.0,0.49906690751312055,0.7106138413588239,0.853305719553559,0.8475979823367354,0.8170507647833879,0.8269732110530852,0.5779832094747067,0.7555678008793479,False,1,0.7555678008793479,447
7836.png,00902,"small space traveler at bottom edge, sloping pink white cosmic dust stripe in empty sky, moody blue black cosmic background, tiny rim-lit grey ground below the explorer, dark high contrast digital painting, square crop",1,"[4, 0, 0, 1, 0, 1]",0.8180969953536987,0.4262704849243164,0.009355556219816208,0.0967241242907694,0.7160819209048884,0.787051730685764,0.04007783617320845,0.9599221638267915,0.9599081416153834,0.8821276644710474,0.8821276644710474,0.5,0.0,0.0,0.5515264462294267,0.8233124851679501,0.7986853395728959,0.7767701517073531,0.8068404723001686,0.8726245064288757,0.5754991295477899,0.7551855093083099,False,1,0.7551855093083099,448
7836.png,00308,"small space explorer at bottom edge, diagonal pink white cosmic dust stripe in empty sky, moody blue black cosmic background, tiny rim-lit grey ground below the explorer, moody high contrast digital painting",1,"[0, 2, 0, 1, 2, 0]",0.829322338104248,0.4567956328392029,0.010720990598201752,0.1035422165022642,0.7594265647603325,0.7702009412977432,0.04322778046541751,0.9567722195345825,0.987072230644632,0.8788751465500148,0.8788751465500148,0.5,0.0,0.0,0.5996846561647521,0.7150896072420343,0.7295849893901466,0.8617164981533472,0.7647325482376305,0.7787794331648232,0.9011595076307957,0.7551491593251662,False,1,0.7551491593251662,449
7836.png,00611,"small space explorer at bottom edge, diagonal pink white cosmic dust stripe in empty sky, moody blue black cosmic background, thin grey ground below the figure, dark high contrast digital painting, square crop",1,"[0, 2, 0, 3, 0, 1]",0.9017730355262756,0.4321043789386749,0.014584396965801716,0.12076587666142169,0.7140818631868044,0.76123046875,0.045693227927142595,0.9543067720728574,0.992041730815653,0.8749694273261307,0.8749694273261307,0.5,0.0,0.0,0.9105077618770476,0.80262918490978,0.5550257561753292,0.7728504610438662,0.7423165077692842,0.7053273095045662,0.9607370367294407,0.7551354995988349,False,1,0.7551354995988349,450
7836.png,00924,"small space explorer at bottom edge, sloping pink white cosmic dust stripe in empty sky, moody blue black cosmic background, tiny rim-lit grey ground below the explorer, moody high contrast digital painting, balanced crop",1,"[0, 0, 0, 1, 2, 4]",0.891362726688385,0.4347149133682251,0.01167591754347086,0.10805515972627526,0.7277917972980773,0.7256023265697338,0.046635944528573114,0.9533640554714269,0.9642599230264265,0.8530504509766649,0.8530504509766649,0.5,0.0,0.0,0.8658461555771263,0.7933738800811724,0.683846981240553,0.7997190360090211,0.6532864290667114,0.6772413180324939,0.6276710532272084,0.7547863417941428,False,1,0.7547863417941428,451
7836.png,00279,"small space explorer at bottom edge, sloping pink white cosmic dust stripe across empty sky, moody blue black cosmic background, thin grey ground below the figure, dark high contrast digital painting, square crop",1,"[0, 1, 0, 3, 0, 1]",0.8897042870521545,0.4225306212902069,0.013620767742395401,0.1167080448914958,0.7258348062489997,0.7160384566695601,0.044487087829952275,0.9555129121700477,0.9851228112143278,0.8536713870036844,0.8536713870036844,0.5,0.0,0.0,0.8587312294727324,0.836571677446472,0.5961512774482499,0.7958837469199914,0.6293875660385617,0.7412613754077312,0.8777886274944631,0.7547597065321736,False,1,0.7547597065321736,452
7836.png,00484,"small space explorer at bottom edge, sloping pink white cosmic dust stripe in empty sky, moody blue black cosmic background, faint grey ground below the figure, realistic sci fi landscape, square crop",1,"[0, 0, 0, 4, 1, 1]",0.8841654062271118,0.4299897253513336,0.011133385822176933,0.10551486066984561,0.7287562373761914,0.7070645932798033,0.044738610802091745,0.9552613891979083,0.9571194597666184,0.843944445148503,0.843944445148503,0.5,0.0,0.0,0.834968695757127,0.810126409744744,0.7095925342373658,0.8016091348474176,0.6069630522984457,0.7337678486788922,0.5420666376926727,0.7546324974199641,False,1,0.7546324974199641,453
7836.png,01000,"small space explorer at bottom edge, sloping pink white cosmic dust stripe in empty sky, dark cosmic background, tiny rim-lit grey ground below the explorer, dark sci fi concept art",1,"[0, 0, 3, 1, 3, 0]",0.7887029051780701,0.4113253951072693,0.008989470079541206,0.09481281600891941,0.7383413563459063,0.7605788619429977,0.037215174574816504,0.9627848254251835,0.9498055162060874,0.8691962800143808,0.8691962800143808,0.5,0.0,0.0,0.42542189895700255,0.8762983260677861,0.8180561646492067,0.8203939434028396,0.7406882273774237,0.9579106773925166,0.4543824299640192,0.7540658683462503,False,1,0.7540658683462503,454
7836.png,00201,"tiny space explorer at bottom edge, sloping pink white cosmic dust stripe across empty sky, moody blue black cosmic background, small rim-lit grey ground below the figure, realistic sci fi landscape",1,"[2, 1, 0, 0, 1, 0]",0.8627545237541199,0.45995625853538513,0.008923310786485672,0.09446327744941772,0.7538891955936826,0.7108521638093173,0.04679119048516041,0.9532088095148396,0.9567120308068651,0.8448489632057595,0.8448489632057595,0.5,0.0,0.0,0.7431131688526619,0.7038840265240902,0.8215986859461789,0.8508644242224057,0.6164276968658783,0.6726161352297628,0.5371821201617382,0.75400338405878,False,1,0.75400338405878,455
7836.png,00414,"tiny space explorer at bottom edge, sloping pink white cosmic dust stripe in empty sky, moody blue black cosmic background, small grey ground below the figure, dark high contrast digital painting, square crop",1,"[2, 0, 0, 2, 0, 1]",0.8630842566490173,0.43264657258987427,0.013009627349674702,0.11405975341756049,0.7327435171743071,0.7657063802083334,0.044502113769756955,0.955497886230243,0.9892581911216766,0.8768437694986704,0.8768437694986704,0.5,0.0,0.0,0.744527766725344,0.8007069089722623,0.6229913175296086,0.8094233610350277,0.7535012265060889,0.7408137133886521,0.927366192296802,0.7539957529002191,False,1,0.7539957529002191,456
7836.png,00134,"small space explorer at bottom edge, sloping pink white cosmic dust stripe across empty sky, empty dark blue starfield, tiny rim-lit grey ground below the explorer, realistic sci fi landscape",1,"[0, 1, 1, 1, 1, 0]",0.8862587213516235,0.4465157091617584,0.009374242275953293,0.09682067070596698,0.6716120268999444,0.7492653175636574,0.0421045858914548,0.9578954141085452,0.9607300732017805,0.8645788024819927,0.8645788024819927,0.5,0.0,0.0,0.8439492954116091,0.7515357181121228,0.7977068560188316,0.6896185526502957,0.7124171561157958,0.8122423351418595,0.5853529682278292,0.7537550182086817,False,1,0.7537550182086817,457
7836.png,00807,"tiny space explorer at bottom edge, sloping pink white cosmic dust stripe in empty sky, moody blue black cosmic background, thin grey ground below the figure, realistic sci fi landscape",1,"[2, 0, 0, 3, 1, 0]",0.8724475502967834,0.4434770345687866,0.010639590211212635,0.10314838928074754,0.7501205881664843,0.6909552680121527,0.04505704415347474,0.9549429558465252,0.9652763786535923,0.8382151808824709,0.8382151808824709,0.5,0.0,0.0,0.7846975389270127,0.7623089373099041,0.7335763696874709,0.8434787496925289,0.5667079503296806,0.7242808868731957,0.6398569698427441,0.7537483298319918,False,1,0.7537483298319918,458
7836.png,00010,"small space explorer at bottom edge, sloping pink white cosmic dust stripe in empty sky, moody blue black cosmic background, small rim-lit grey ground below the figure, moody high contrast digital painting",1,"[0, 0, 0, 0, 2, 0]",0.8945019245147705,0.43160930275917053,0.013204050250351429,0.11490887803103565,0.7109596493515958,0.7620804398148149,0.04591300408553718,0.9540869959144628,0.9780257437742652,0.8724717952415816,0.8724717952415816,0.5,0.0,0.0,0.8793137308049911,0.8043844120781437,0.6143855659029286,0.766731581419232,0.7444404745597077,0.6987796033317144,0.792704468650676,0.7536736216794225,False,1,0.7536736216794225,459
7836.png,00421,"tiny space explorer at bottom edge, sloping pink white cosmic dust stripe in empty sky, empty dark blue starfield, tiny rim-lit grey ground below the explorer, realistic sci fi landscape",1,"[2, 0, 1, 1, 1, 0]",0.8023089170455933,0.4871634244918823,0.007323171477764845,0.0855755308354254,0.7556461280453971,0.8346874095775464,0.04456111665570848,0.9554388833442915,0.9564742002643616,0.9013077835332702,0.9013077835332702,0.5,0.0,0.0,0.4837934953046193,0.6074246151485867,0.9116746755796146,0.8543076407181573,0.9258758185533585,0.739055863204252,0.5343308563366206,0.7521351045402976,False,1,0.7521351045402976,460
7836.png,00973,"small space explorer at bottom edge, sloping pink white cosmic dust stripe in empty sky, deep blue black cosmic background, small rim-lit grey ground below the figure, moody high contrast digital painting, centered crop",1,"[0, 0, 2, 0, 2, 3]",0.8791176080703735,0.4373782277107239,0.01174147892743349,0.10835810503803345,0.73327184401798,0.6767555519386574,0.04234912177091363,0.9576508782290863,0.9788170231653566,0.8354812103856474,0.8354812103856474,0.5,0.0,0.0,0.813312971852264,0.7839314510462578,0.6807766755774203,0.8104587700523224,0.5312247125795605,0.8049569721656751,0.802190829315841,0.7520403851966951,False,1,0.7520403851966951,461
7836.png,00913,"small space traveler at bottom edge, diagonal pink white cosmic dust stripe in empty sky, moody blue black cosmic background, small rim-lit grey ground below the figure, dark high contrast digital painting",1,"[4, 2, 0, 0, 0, 0]",0.8526508808135986,0.44209957122802734,0.01240631565451622,0.11138364177255212,0.7277242306621745,0.7891789189091436,0.04348929686128372,0.9565107031387163,0.9880448412449812,0.8875182278566615,0.8875182278566615,0.5,0.0,0.0,0.6997671999451753,0.7671925515479113,0.6501133109057687,0.799586619674474,0.8121560381240743,0.7709881762240228,0.9128197821754784,0.7520361927327593,False,1,0.7520361927327593,462
7836.png,00980,"small space explorer at bottom edge, sloping pink white cosmic dust stripe in empty sky, deep blue black cosmic background, tiny rim-lit grey ground below the explorer, dark sci fi concept art, square crop",1,"[0, 0, 2, 1, 3, 1]",0.7981519103050232,0.4139249920845032,0.00967142079025507,0.09834338203588013,0.7459682074956754,0.7692741111472801,0.04102116501949984,0.9589788349805002,0.9562661501978091,0.8730691722990129,0.8730691722990129,0.5,0.0,0.0,0.4659593847777813,0.8670817985309429,0.7822744032358016,0.8353409606680176,0.7624165206204129,0.8445202745822163,0.5318366198002614,0.7520068585708698,False,1,0.7520068585708698,463
7836.png,00570,"small space explorer at bottom edge, sloping pink white cosmic dust stripe across empty sky, empty dark blue starfield, tiny rim-lit grey ground below the explorer, realistic sci fi landscape, tight square crop",1,"[0, 1, 1, 1, 1, 2]",0.856421172618866,0.45851191878318787,0.008745468221604824,0.09351720815766916,0.6870254898533559,0.8056273283781828,0.04137049860080929,0.9586295013991907,0.9503812055308765,0.8881288643660743,0.8881288643660743,0.5,0.0,0.0,0.7159422520848185,0.7090047422408964,0.831186957463944,0.7198256843166582,0.8532584672698694,0.8341127141651419,0.4612841597797062,0.7518898187586209,False,1,0.7518898187586209,464
7836.png,00931,"small space explorer at bottom edge, sloping pink white cosmic dust stripe in empty sky, moody blue black cosmic background, small grey ground below the figure, dark sci fi concept art, tight square crop",1,"[0, 0, 0, 2, 3, 2]",0.8435544967651367,0.4223203659057617,0.012946991249918938,0.11378484631056518,0.7173785775608146,0.7459298593026621,0.035802431029533587,0.9641975689704664,0.9828060022369064,0.8696987862732424,0.8696987862732424,0.5,0.0,0.0,0.6607425053418202,0.8373171101260294,0.6257774601589319,0.7793113248655211,0.7040822811177376,1.0,0.8500132477745411,0.7518747329944332,False,1,0.7518747329944332,465
7836.png,00634,"small space explorer at bottom edge, broad pale pink cosmic dust stripe in empty sky, moody blue black cosmic background, small rim-lit grey ground below the figure, dark high contrast digital painting, centered crop",1,"[0, 3, 0, 0, 0, 3]",0.9107147455215454,0.44831788539886475,0.011796261183917522,0.10861059425266728,0.6840179133337417,0.6933254665798612,0.03890084404089061,0.9610991559591094,0.9730989067543077,0.8430009458974874,0.8430009458974874,0.5,0.0,0.0,0.948868884267892,0.7451463404274292,0.678217734951896,0.7139314696162208,0.5726307672971253,0.9076901782764012,0.7336384125445747,0.7515319925354556,False,1,0.7515319925354556,466
7836.png,00827,"tiny space explorer at bottom edge, sloping pink white cosmic dust stripe in empty sky, dark cosmic background, tiny rim-lit grey ground below the explorer, dark high contrast digital painting",1,"[2, 0, 3, 1, 0, 0]",0.8239670991897583,0.4711966812610626,0.008793355897068977,0.09377289532199044,0.7566788834790074,0.7752742060908564,0.04381154284072806,0.9561884571592719,0.9660887295033951,0.8767570986473097,0.8767570986473097,0.5,0.0,0.0,0.5767099706135959,0.6640325932118396,0.8285956060941212,0.856331623223355,0.7774099750179702,0.7613876262635665,0.6495959485582821,0.7515199990141799,False,1,0.7515199990141799,467
7836.png,00572,"small space explorer at bottom edge, sloping pink white cosmic dust stripe across empty sky, empty dark blue starfield, tiny rim-lit grey ground below the explorer, dark sci fi concept art",1,"[0, 1, 1, 1, 3, 0]",0.8227035999298096,0.4481395184993744,0.009557992219924927,0.09776498463112919,0.7221527264606014,0.8375781023943866,0.0422399469710579,0.9577600530289421,0.9533113326752564,0.902788431172655,0.902788431172655,0.5,0.0,0.0,0.5712893911296633,0.7457787166977554,0.7881363748802596,0.7886676482852858,0.9330992827375446,0.8082095747962643,0.49641238781056657,0.7512349505524916,False,1,0.7512349505524916,468
7836.png,00847,"tiny space explorer at bottom edge, sloping pink white cosmic dust stripe across empty sky, deep blue black cosmic background, tiny rim-lit grey ground below the explorer, dark high contrast digital painting",1,"[2, 1, 2, 1, 0, 0]",0.828574001789093,0.46970686316490173,0.009289855137467384,0.09638389459586795,0.7504322077422807,0.7865645797164351,0.0425440214224942,0.9574559785775058,0.9619775455378844,0.8814591624820998,0.8814591624820998,0.5,0.0,0.0,0.5964741940730088,0.6693145463870447,0.802133516912097,0.8440894582389697,0.8056231455891676,0.7991504021488789,0.6003084600974906,0.7509228461328868,False,1,0.7509228461328868,469
7836.png,00804,"tiny space explorer at bottom edge, sloping pink white cosmic dust stripe in empty sky, moody blue black cosmic background, small grey ground below the figure, realistic sci fi landscape, square crop",1,"[2, 0, 0, 2, 1, 1]",0.8719969987869263,0.42659640312194824,0.010813051834702492,0.10398582516238687,0.7306249051787151,0.6732047752097801,0.04246768539840293,0.957532314601597,0.9603894071613429,0.8301563403872285,0.8301563403872285,0.5,0.0,0.0,0.7827646131642498,0.8221569852694894,0.7250890816189233,0.8052713290293572,0.5223517848240877,0.8014246518209295,0.5812688470408647,0.7507757221305336,False,1,0.7507757221305336,470
7836.png,00299,"small space explorer at bottom edge, sloping pink white cosmic dust stripe across empty sky, dark cosmic background, small rim-lit grey ground below the figure, realistic sci fi landscape",1,"[0, 1, 3, 0, 1, 0]",0.8847200870513916,0.4389364719390869,0.009374381974339485,0.09682139213179847,0.7117214735357857,0.6857463695384838,0.04710845134234492,0.9528915486576551,0.9626442680179217,0.8346267619260812,0.8346267619260812,0.5,0.0,0.0,0.8373483500960965,0.7784069020620855,0.7976995444753616,0.7682245959032581,0.5536915926785282,0.6631641050907129,0.6083015532835568,0.7505534939816808,False,1,0.7505534939816808,471
7836.png,00221,"small space explorer at bottom edge, sloping pink white cosmic dust stripe in empty sky, moody blue black cosmic background, tiny rim-lit grey ground below the explorer, cinematic sci fi painting",1,"[0, 0, 0, 1, 4, 0]",0.7629861831665039,0.4243050813674927,0.00832902081310749,0.09126346921472737,0.7610024145203772,0.772489759657118,0.039952709829976556,0.9600472901700234,0.9613822621508081,0.8759133958353729,0.8759133958353729,0.5,0.0,0.0,0.3150937490730446,0.8302805637436337,0.8540282663443401,0.8648048308227775,0.7704520066825868,0.8763523472281259,0.5931718241995206,0.7497950607479483,False,1,0.7497950607479483,472
7836.png,00083,"tiny space explorer at bottom edge, sloping pink white cosmic dust stripe across empty sky, moody blue black cosmic background, small rim-lit grey ground below the figure, dark high contrast digital painting",1,"[2, 1, 0, 0, 0, 0]",0.8872519731521606,0.4296530485153198,0.013490784913301468,0.11614983819748294,0.7146420122901005,0.7806515163845487,0.047470163892780366,0.9525298361072196,0.9773719185243684,0.8801530087154474,0.8801530087154474,0.5,0.0,0.0,0.8482104774344534,0.8113200529737956,0.6018086192433072,0.7739482349683375,0.790847171833715,0.6523877428292901,0.7848659956633312,0.7497835262419971,False,1,0.7497835262419971,473
7836.png,00211,"small space explorer at bottom edge, sloping pink white cosmic dust stripe in empty sky, moody blue black cosmic background, small rim-lit grey ground below the figure, dark high contrast digital painting, clean centered framing",1,"[0, 0, 0, 0, 0, 5]",0.871567964553833,0.43214061856269836,0.012142225168645382,0.11019176543029602,0.721600648854718,0.7391266999421297,0.045504937674619925,0.9544950623253801,0.9818035305135945,0.8630409928905604,0.8630409928905604,0.5,0.0,0.0,0.7809239993740175,0.8025007021119994,0.6621928003097959,0.7875856927908342,0.6870820735225792,0.710936968248881,0.8379949790934246,0.749661756401244,False,1,0.749661756401244,474
7836.png,00089,"small space explorer at bottom edge, sloping pink white cosmic dust stripe in empty sky, moody blue black cosmic background, small rim-lit grey ground below the figure, cinematic sci fi painting",1,"[0, 0, 0, 0, 4, 0]",0.857429027557373,0.4376215934753418,0.011538526974618435,0.10741753569421723,0.7255214151948453,0.7332774974681713,0.04266384299306838,0.9573361570069316,0.9813722948422737,0.861316987781558,0.861316987781558,0.5,0.0,0.0,0.7202660835073026,0.783068629889452,0.6903092059411612,0.795269566650151,0.6724656797188003,0.7955806043918351,0.8328250515610128,0.7495715010464196,False,1,0.7495715010464196,475
7836.png,00512,"small space explorer at bottom edge, sloping pink white cosmic dust stripe in empty sky, deep blue black cosmic background, small rim-lit grey ground below the figure, dark sci fi concept art, square crop",1,"[0, 0, 2, 0, 3, 1]",0.8927243947982788,0.4382968842983246,0.013154920190572739,0.11469490045582993,0.7006712143543804,0.7557469120732061,0.04256517909037462,0.9574348209096254,0.9764207983661408,0.8704724574245398,0.8704724574245398,0.5,0.0,0.0,0.8716878924537391,0.7806744755186383,0.6165541967925259,0.7465684220084579,0.7286138151047369,0.7985200599243388,0.7734633622086525,0.7494781287490515,False,1,0.7494781287490515,476
7836.png,00402,"small astronaut at bottom edge, broad pale pink cosmic dust stripe in empty sky, moody blue black cosmic background, small rim-lit grey ground below the figure, dark high contrast digital painting, square crop",1,"[1, 3, 0, 0, 0, 1]",0.8772552013397217,0.44633883237838745,0.010023347102105618,0.10011666745405391,0.7036184437447445,0.7316753246166088,0.045387464924621215,0.9546125350753788,0.9665203695219295,0.8566723572582424,0.8566723572582424,0.5,0.0,0.0,0.8053229998475957,0.7521628113726717,0.7643024193481112,0.7523443690824407,0.6684620588073305,0.7144367885020291,0.6547707236622928,0.7478597275336868,False,1,0.7478597275336868,477
7836.png,00801,"tiny space explorer at bottom edge, sloping pink white cosmic dust stripe in empty sky, moody blue black cosmic background, tiny rim-lit grey ground below the explorer, moody high contrast digital painting, square crop",1,"[2, 0, 0, 1, 2, 1]",0.8311379551887512,0.44041556119918823,0.011236912570893764,0.10600430449228826,0.7347652131145159,0.8095697473596642,0.04236084576443412,0.9576391542355659,0.960450271302612,0.8915701445548194,0.8915701445548194,0.5,0.0,0.0,0.6074738943787379,0.773162986557276,0.7046320939152841,0.8133854580433266,0.8631100579148123,0.8046076837564815,0.5819985250814584,0.7472681003193421,False,1,0.7472681003193421,478
7836.png,00093,"small space explorer at bottom edge, sloping pink white cosmic dust stripe in empty sky, moody blue black cosmic background, tiny rim-lit grey ground below the explorer, dark sci fi concept art",1,"[0, 0, 0, 1, 3, 0]",0.8146068453788757,0.41631728410720825,0.010765910148620605,0.10375890394862797,0.7284959799663807,0.805135656286169,0.0410527234669317,0.9589472765330683,0.9483859937006249,0.8876197908554749,0.8876197908554749,0.5,0.0,0.0,0.5365532397155257,0.8586002433142983,0.727388894359531,0.8010990852972898,0.8520298428631751,0.8435800659510138,0.43736429122472625,0.7471720595453611,False,1,0.7471720595453611,479
7836.png,00517,"small space explorer at bottom edge, sloping pink white cosmic dust stripe in empty sky, deep blue black cosmic background, tiny rim-lit grey ground below the explorer, dark sci fi concept art",1,"[0, 0, 2, 1, 3, 0]",0.8147187232971191,0.42113879323005676,0.009926685132086277,0.09963275130240194,0.7270346605100556,0.7709288420500578,0.040309759980701916,0.959690240019298,0.951490454589439,0.8731076538471682,0.8731076538471682,0.5,0.0,0.0,0.5370332108303167,0.8415062198987311,0.7692068375491241,0.7982352078313852,0.7665514772443225,0.8657148900398696,0.4745825430757832,0.7468444711132859,False,1,0.7468444711132859,480
7836.png,00581,"small space explorer at bottom edge, sloping pink white cosmic dust stripe across empty sky, deep blue black cosmic background, small rim-lit grey ground below the figure, moody high contrast digital painting, square crop",1,"[0, 1, 2, 0, 2, 1]",0.898077666759491,0.43786054849624634,0.012851242907345295,0.11336332258427015,0.7149797561754717,0.6855519612630209,0.04198021912236553,0.9580197808776345,0.974187952506976,0.8386428963769266,0.8386428963769266,0.5,0.0,0.0,0.8946541395143316,0.7822214464415865,0.6300495404115598,0.7746101416434147,0.5532057917636974,0.8159475462421539,0.7466945857584744,0.7461728049686279,False,1,0.7461728049686279,481
7836.png,00930,"small space explorer at bottom edge, sloping pink white cosmic dust stripe in empty sky, moody blue black cosmic background, small grey ground below the figure, moody high contrast digital painting, centered crop",1,"[0, 0, 0, 2, 2, 3]",0.8704284429550171,0.42532703280448914,0.013307297602295876,0.11535726072638806,0.7121061273764842,0.7616814507378473,0.043182386526368535,0.9568176134736315,0.9758230786253212,0.8728074332728666,0.8728074332728666,0.5,0.0,0.0,0.7760353005074345,0.8266573699782614,0.6098412739949223,0.7689784361821799,0.7434434529147351,0.7801318372522018,0.7662975177522681,0.7457402684658029,False,1,0.7457402684658029,482
7836.png,00408,"tiny space explorer at bottom edge, sloping pink white cosmic dust stripe in empty sky, moody blue black cosmic background, small rim-lit grey ground below the figure, realistic sci fi landscape, tight square crop",1,"[2, 0, 0, 0, 1, 2]",0.8577920198440552,0.4345894455909729,0.009492053650319576,0.09742717100644756,0.7302187625054691,0.6739484998914932,0.04275065990259006,0.9572493400974099,0.9533372318974105,0.8289815403647475,0.8289815403647475,0.5,0.0,0.0,0.7218233685840622,0.7938187095044094,0.7915600657072405,0.8044753751776399,0.5242102557657087,0.7929941017496213,0.49672288415998167,0.7457078122647297,False,1,0.7457078122647297,483
7836.png,00459,"small space traveler at bottom edge, sloping pink white cosmic dust stripe in empty sky, moody blue black cosmic background, tiny rim-lit grey ground below the explorer, dark high contrast digital painting",1,"[4, 0, 0, 1, 0, 0]",0.8317772150039673,0.4351930022239685,0.009951622225344181,0.09975781786579026,0.70678518783308,0.7879446524160881,0.041180794661736214,0.9588192053382638,0.9585252667397538,0.8818668688035827,0.8818668688035827,0.5,0.0,0.0,0.6102164038119474,0.7916788792242682,0.7679393065363115,0.7585505185972616,0.809071767199683,0.8397644903266539,0.5589203459061179,0.7455593912106901,False,1,0.7455593912106901,484
7836.png,00641,"small space explorer at bottom edge, broad pale pink cosmic dust stripe in empty sky, moody blue black cosmic background, small grey ground below the figure, dark high contrast digital painting, square crop",1,"[0, 3, 0, 2, 0, 1]",0.8782376646995544,0.4372161030769348,0.013406412675976753,0.11578606425635493,0.6847598905810822,0.7495501482928241,0.03837915789300863,0.9616208421069914,0.9915365080307408,0.8721721630753659,0.8721721630753659,0.5,0.0,0.0,0.8095378980282572,0.7845062425100129,0.6054954140151534,0.7153855882962088,0.7131289109445015,0.9232325721180679,0.9546801046168457,0.7455050992947376,False,1,0.7455050992947376,485
7836.png,00606,"small space explorer at bottom edge, diagonal pink white cosmic dust stripe in empty sky, moody blue black cosmic background, tiny rim-lit grey ground below the explorer, moody high contrast digital painting, square crop",1,"[0, 2, 0, 1, 2, 1]",0.7966974377632141,0.4415179491043091,0.01001704204827547,0.10008517396835293,0.7694123429168848,0.7542752866391783,0.04336136564204425,0.9566386343579557,0.9780881852452833,0.8698650380619714,0.8698650380619714,0.5,0.0,0.0,0.4597195045736619,0.7692546159241326,0.7646216011401592,0.88128651408538,0.7249364151564238,0.7747995816104525,0.7934530567236245,0.7449104034833013,False,1,0.7449104034833013,486
7836.png,00650,"small space explorer at bottom edge, broad pale pink cosmic dust stripe in empty sky, deep blue black cosmic background, small rim-lit grey ground below the figure, dark high contrast digital painting, square crop",1,"[0, 3, 2, 0, 0, 1]",0.8826507925987244,0.4463884234428406,0.010904806666076183,0.1044260823074206,0.7094317892767806,0.6939239501953125,0.043021776252123965,0.956978223747876,0.9722083530267398,0.8416498265049952,0.8416498265049952,0.5,0.0,0.0,0.8284708023112258,0.7519869928072879,0.7206271409544952,0.7637372983961878,0.5741262997645843,0.7849168370982995,0.7229618879863352,0.7446948254566459,False,1,0.7446948254566459,487
7836.png,00556,"small space explorer at bottom edge, sloping pink white cosmic dust stripe across empty sky, moody blue black cosmic background, small grey ground below the figure, moody high contrast digital painting, square crop",1,"[0, 1, 0, 2, 2, 1]",0.8817800283432007,0.41865167021751404,0.014577056281268597,0.1207354806230074,0.7041150279462276,0.7501508924696182,0.04247760900101457,0.9575223909989854,0.9831777098352622,0.8693362804280256,0.8693362804280256,0.5,0.0,0.0,0.8247351081098497,0.8503239858575942,0.5553338155024024,0.7533175692259111,0.7146300922598078,0.8011290017624707,0.8544695149030481,0.7446708960971088,False,1,0.7446708960971088,488
7836.png,00999,"small space explorer at bottom edge, sloping pink white cosmic dust stripe in empty sky, dark cosmic background, tiny rim-lit grey ground below the explorer, moody high contrast digital painting, square crop",1,"[0, 0, 3, 1, 2, 1]",0.8033208847045898,0.4514831602573395,0.008361464366316795,0.09144104311695485,0.7550954437214148,0.7683297616464121,0.04394757344469675,0.9560524265553032,0.9535617710803483,0.8710790962513112,0.8710790962513112,0.5,0.0,0.0,0.4881349708437365,0.7339242767189804,0.8522285812643191,0.8532284157619348,0.7600567144323828,0.7573349190372286,0.49941480271212807,0.7443836410357032,False,1,0.7443836410357032,489
7836.png,00416,"tiny space explorer at bottom edge, sloping pink white cosmic dust stripe in empty sky, moody blue black cosmic background, thin grey ground below the figure, dark high contrast digital painting",1,"[2, 0, 0, 3, 0, 0]",0.8872696757316589,0.43252041935920715,0.015242783352732658,0.12346166754394927,0.7178547407399437,0.7684659604673033,0.045476014566323504,0.9545239854336764,0.9932395306931343,0.8785409832507001,0.8785409832507001,0.5,0.0,0.0,0.8482864238495269,0.8011541685799968,0.5277043166547455,0.7802445041186262,0.7603970575151567,0.711798663239428,0.9750970235689901,0.7443024089439453,False,1,0.7443024089439453,490
7836.png,00261,"small space explorer at bottom edge, sloping pink white cosmic dust stripe in empty sky, dark cosmic background, tiny rim-lit grey ground below the explorer, realistic sci fi landscape",1,"[0, 0, 3, 1, 1, 0]",0.8558902144432068,0.4045512080192566,0.00947259645909071,0.09732726472623542,0.6825233000321997,0.6446504946108217,0.03984855477963821,0.9601514452203618,0.9675537374801015,0.8196564758980167,0.8196564758980167,0.5,0.0,0.0,0.7136643710562842,0.9003153111555401,0.7925726009933541,0.711002343246213,0.45099836324633613,0.879455398400808,0.6671593960596923,0.7437545226356641,False,1,0.7437545226356641,491
7836.png,00087,"small space explorer at bottom edge, sloping pink white cosmic dust stripe in empty sky, moody blue black cosmic background, small rim-lit grey ground below the figure, moody high contrast digital painting, tight square crop",1,"[0, 0, 0, 0, 2, 2]",0.8892713785171509,0.43764984607696533,0.013498379848897457,0.11618252815676484,0.7013852892327791,0.7532642505787037,0.04367904262632991,0.9563209573736701,0.9794326124009917,0.8695677703213995,0.8695677703213995,0.5,0.0,0.0,0.8568739944132078,0.782968464024077,0.6014773113695252,0.7479678579390224,0.7224099679569106,0.7653351539574536,0.8095709046426777,0.742992543986011,False,1,0.742992543986011,492
7836.png,00822,"tiny space explorer at bottom edge, sloping pink white cosmic dust stripe in empty sky, deep blue black cosmic background, tiny rim-lit grey ground below the explorer, dark high contrast digital painting, square crop",1,"[2, 0, 2, 1, 0, 1]",0.7973188161849976,0.4525926113128662,0.008914847858250141,0.09441847201819219,0.760171387109799,0.7714210792824074,0.043741142651461465,0.9562588573485385,0.9649578053869451,0.8748216468264608,0.8748216468264608,0.5,0.0,0.0,0.4623853004562922,0.7299908646194933,0.8220527823255963,0.863176192632543,0.7677815138629788,0.763485031902095,0.6360377108809672,0.7429150153354103,False,1,0.7429150153354103,493
7836.png,00411,"tiny space explorer at bottom edge, sloping pink white cosmic dust stripe in empty sky, moody blue black cosmic background, tiny rim-lit grey ground below the explorer, dark high contrast digital painting, tight square crop",1,"[2, 0, 0, 1, 0, 2]",0.8051187992095947,0.4436216950416565,0.009906082414090633,0.09952930429823487,0.7515330092115513,0.7919871012369791,0.04405387872280607,0.9559461212771939,0.964348582184145,0.8838450544404876,0.8838450544404876,0.5,0.0,0.0,0.49584826264264886,0.7617960627207374,0.7702552575457398,0.8462467966009777,0.8191733193618496,0.7541678069593432,0.628733955605125,0.7426984254006815,False,1,0.7426984254006815,494
7836.png,00932,"small space explorer at bottom edge, sloping pink white cosmic dust stripe in empty sky, moody blue black cosmic background, small grey ground below the figure, cinematic sci fi painting, square crop",1,"[0, 0, 0, 2, 4, 1]",0.8206572532653809,0.4225391149520874,0.012204252183437347,0.11047285722491904,0.7229139492792357,0.7442293520326967,0.03707389170358025,0.9629261082964198,0.9830399489887267,0.8685353361162058,0.8685353361162058,0.5,0.0,0.0,0.5625102924013694,0.8365415642907422,0.65934397679151,0.7901594842198469,0.6998329353249286,0.9621198633882553,0.8528179502465092,0.7422241589396139,False,1,0.7422241589396139,495
7836.png,00949,"small space explorer at bottom edge, sloping pink white cosmic dust stripe in empty sky, empty dark blue starfield, small rim-lit grey ground below the figure, cinematic sci fi painting, tight square crop",1,"[0, 0, 1, 0, 4, 2]",0.7868438959121704,0.4607449471950531,0.008396564982831478,0.09163277242794457,0.7654004173546797,0.7507940221715858,0.043801262319024266,0.9561987376809757,0.9803847664442865,0.8686038214544124,0.8686038214544124,0.5,0.0,0.0,0.4174465025269444,0.7010878351092347,0.850285433222503,0.8734239874059778,0.7162371894722426,0.7616939098746367,0.8209859329691859,0.7415114864478062,False,1,0.7415114864478062,496
7836.png,00252,"small space explorer at bottom edge, sloping pink white cosmic dust stripe in empty sky, deep blue black cosmic background, tiny rim-lit grey ground below the explorer, realistic sci fi landscape, square crop",1,"[0, 0, 2, 1, 1, 1]",0.9031012654304504,0.3977589011192322,0.010326503776013851,0.10161940649311947,0.6670266323249133,0.5740701180917246,0.036703671494349874,0.9632963285056502,0.9429111134836665,0.784067490814987,0.784067490814987,0.5,0.0,0.0,0.9162060444140773,0.9243965376421843,0.7490723827613879,0.6806321478372533,0.27462721134740564,0.973149691041078,0.3717279446682828,0.7414590623237235,False,1,0.7414590623237235,497
7836.png,00153,"small space explorer at bottom edge, broad pale pink cosmic dust stripe in empty sky, empty dark blue starfield, small rim-lit grey ground below the figure, dark high contrast digital painting",1,"[0, 3, 1, 0, 0, 0]",0.8400794267654419,0.48637717962265015,0.009157422930002213,0.09569442475924192,0.7599793577247813,0.7254689534505209,0.0458371305902098,0.9541628694097902,0.9805486037958157,0.856527754105324,0.856527754105324,0.5,0.0,0.0,0.6458339939222411,0.6102121424274077,0.8091211911284972,0.8627998555994847,0.6529531470437462,0.7010400730630095,0.8229501193545878,0.7414161078211082,False,1,0.7414161078211082,498
7836.png,00220,"small space explorer at bottom edge, sloping pink white cosmic dust stripe in empty sky, moody blue black cosmic background, tiny rim-lit grey ground below the explorer, dark sci fi concept art, square crop",1,"[0, 0, 0, 1, 3, 1]",0.8132940530776978,0.41473478078842163,0.011276417411863804,0.10619047703002282,0.7287126280090617,0.8022664388020834,0.041578751285051535,0.9584212487149485,0.950426406469568,0.8865526158050832,0.8865526158050832,0.5,0.0,0.0,0.5309211865438295,0.8642107996976428,0.7027452629436846,0.8015236696992704,0.8448600427335341,0.8279083224054268,0.4618260573845971,0.7413580368703543,False,1,0.7413580368703543,499
7836.png,00799,"tiny space explorer at bottom edge, sloping pink white cosmic dust stripe in empty sky, moody blue black cosmic background, tiny rim-lit grey ground below the explorer, dark high contrast digital painting, centered crop",1,"[2, 0, 0, 1, 0, 3]",0.7943294048309326,0.4523036479949951,0.009617917239665985,0.09807098061947778,0.7609893595851537,0.802267003942419,0.044198883483532174,0.9558011165164678,0.9654139401614844,0.8886333305871492,0.8886333305871492,0.5,0.0,0.0,0.4495603290704466,0.7310153458754802,0.7850351510637562,0.8647792459072796,0.8448614549454958,0.7498477361480483,0.641506144700829,0.7408759523144189,False,1,0.7408759523144189,500
7836.png,00491,"small space explorer at bottom edge, sloping pink white cosmic dust stripe in empty sky, empty dark blue starfield, small rim-lit grey ground below the figure, dark sci fi concept art, tight square crop",1,"[0, 0, 1, 0, 3, 2]",0.8676871657371521,0.4660889804363251,0.011636714451014996,0.10787360405129234,0.711763753242363,0.7479321515118634,0.04127209524313032,0.9587279047568696,0.982990997569611,0.8687224343591652,0.8687224343591652,0.5,0.0,0.0,0.7642748574917942,0.6821412714852083,0.6856870209950512,0.7683074551975811,0.7090857480981035,0.837044407380686,0.8522310894966503,0.740285294166833,False,1,0.740285294166833,501
7836.png,00529,"small space explorer at bottom edge, sloping pink white cosmic dust stripe in empty sky, dark cosmic background, tiny rim-lit grey ground below the explorer, realistic sci fi landscape, square crop",1,"[0, 0, 3, 1, 1, 1]",0.8807477355003357,0.420123815536499,0.010111923329532146,0.10055805949565727,0.6548722394764813,0.6979856137876158,0.03939955256191092,0.960600447438089,0.9556160610616379,0.8414268950200858,0.8414268950200858,0.5,0.0,0.0,0.8203064348349073,0.8451046891783461,0.7598289766757974,0.6568121051766896,0.5842758671334499,0.8928323479940296,0.5240429377207618,0.7400186145849172,False,1,0.7400186145849172,502
7836.png,00193,"tiny space explorer at bottom edge, sloping pink white cosmic dust stripe in empty sky, moody blue black cosmic background, tiny rim-lit grey ground below the explorer, dark high contrast digital painting, square crop",1,"[2, 0, 0, 1, 0, 1]",0.8086934685707092,0.44294604659080505,0.010383965447545052,0.10190174408490293,0.7425711005142269,0.8051723904079862,0.04332779838577849,0.9566722016142215,0.9612520331554356,0.8894132528796584,0.8894132528796584,0.5,0.0,0.0,0.5111840685389546,0.7641914850138976,0.7462109332742279,0.8286833485413008,0.8521216366406869,0.7757996379071077,0.5916105561656573,0.7397005027873038,False,1,0.7397005027873038,503
7836.png,00441,"tiny space explorer at bottom edge, broad pale pink cosmic dust stripe in empty sky, moody blue black cosmic background, small rim-lit grey ground below the figure, dark high contrast digital painting",1,"[2, 3, 0, 0, 0, 0]",0.8879131078720093,0.44912880659103394,0.01351703330874443,0.1162627769698644,0.6819321084757488,0.7637470386646412,0.04020371252450506,0.959796287475495,0.9863512926454271,0.8768851265445973,0.8768851265445973,0.5,0.0,0.0,0.851046833111205,0.7422713265066985,0.600664001588003,0.7098437326705278,0.7486050876348134,0.8688743209291334,0.8925164443150084,0.7396941885612147,False,1,0.7396941885612147,504
7836.png,00555,"small space explorer at bottom edge, sloping pink white cosmic dust stripe across empty sky, moody blue black cosmic background, small grey ground below the figure, realistic sci fi landscape, tight square crop",1,"[0, 1, 0, 2, 1, 2]",0.8811527490615845,0.42536479234695435,0.011288889683783054,0.10624918674410197,0.7199482868913415,0.6369521529586227,0.04222164973944684,0.9577783502605531,0.9611685368942406,0.8140845988014219,0.8140845988014219,0.5,0.0,0.0,0.8220439967555282,0.8265234985105082,0.7021502487261945,0.7843474123642312,0.43176121190381717,0.8087546971482109,0.5906095498753307,0.7396320551597566,False,1,0.7396320551597566,505
7836.png,00842,"tiny space explorer at bottom edge, sloping pink white cosmic dust stripe across empty sky, empty dark blue starfield, tiny rim-lit grey ground below the explorer, dark high contrast digital painting, square crop",1,"[2, 1, 1, 1, 0, 1]",0.8006657361984253,0.47789615392684937,0.008867232128977776,0.09416598180329123,0.7512413561469833,0.8523192229094328,0.04566199701824778,0.9543380029817522,0.958522070120553,0.9092663653769687,0.9092663653769687,0.5,0.0,0.0,0.4767440314300531,0.6402804982343124,0.8246117330886791,0.8456752181991004,0.9699354195469906,0.7062577599066839,0.558882022801802,0.7393712717551063,False,1,0.7393712717551063,506
7836.png,00954,"small space explorer at bottom edge, sloping pink white cosmic dust stripe in empty sky, empty dark blue starfield, tiny rim-lit grey ground below the explorer, dark sci fi concept art, tight square crop",1,"[0, 0, 1, 1, 3, 2]",0.7584629058837891,0.4357535243034363,0.008553127758204937,0.09248312147740763,0.7550751724699388,0.8022930003978589,0.040528156663026484,0.9594718433369736,0.9580664812254447,0.8884602915920661,0.8884602915920661,0.5,0.0,0.0,0.2956882893185075,0.7896916222664915,0.8416672721192546,0.8531886883908548,0.844926416695735,0.8592082820645921,0.5534201333317873,0.7391894088270854,False,1,0.7391894088270854,507
7836.png,00978,"small space explorer at bottom edge, sloping pink white cosmic dust stripe in empty sky, deep blue black cosmic background, tiny rim-lit grey ground below the explorer, realistic sci fi landscape, centered crop",1,"[0, 0, 2, 1, 1, 3]",0.895925760269165,0.38826656341552734,0.010241583921015263,0.10120071106971167,0.6716602312593852,0.5547750967520255,0.03671883731435986,0.9632811626856401,0.9406557516517989,0.7749283508087452,0.7749283508087452,0.5,0.0,0.0,0.8854221751257847,0.9580503665246524,0.7533157985850426,0.6897130230127914,0.22641147055043792,0.9726978616250873,0.3446892324151631,0.7391886976460615,False,1,0.7391886976460615,508
7836.png,00412,"tiny space explorer at bottom edge, sloping pink white cosmic dust stripe in empty sky, moody blue black cosmic background, tiny rim-lit grey ground below the explorer, realistic sci fi landscape, square crop",1,"[2, 0, 0, 1, 1, 1]",0.8884460926055908,0.4479646682739258,0.00954457651823759,0.09769634854096437,0.701141389785644,0.6868139196325233,0.042432536015868924,0.9575674639841311,0.9348828735068222,0.8311914509304458,0.8311914509304458,0.5,0.0,0.0,0.8533334083421383,0.7463986250650074,0.7888319914425537,0.7474898665405137,0.5563592610742134,0.8024718437942129,0.275480297144189,0.7389237744309136,False,1,0.7389237744309136,509
7836.png,00830,"tiny space explorer at bottom edge, sloping pink white cosmic dust stripe across empty sky, moody blue black cosmic background, small rim-lit grey ground below the figure, realistic sci fi landscape, tight square crop",1,"[2, 1, 0, 0, 1, 2]",0.883377730846405,0.44333329796791077,0.010342580266296864,0.10169847720736463,0.7134673989645633,0.6845680519386574,0.04503783001003274,0.9549621699899673,0.9544208146664304,0.8331765458021705,0.8331765458021705,0.5,0.0,0.0,0.8315894638541093,0.762818536433009,0.74827101283648,0.7716462409590217,0.5507471307383468,0.7248533264250595,0.5097135636509553,0.7388390269964582,False,1,0.7388390269964582,510
7836.png,00277,"small space explorer at bottom edge, sloping pink white cosmic dust stripe across empty sky, moody blue black cosmic background, small grey ground below the figure, realistic sci fi landscape, square crop",1,"[0, 1, 0, 2, 1, 1]",0.8870220184326172,0.42411747574806213,0.011800720356404781,0.10863112057051046,0.7180416619000518,0.6520702220775464,0.04326536473223156,0.9567346352677685,0.9587024573558424,0.8200292137497833,0.8200292137497833,0.5,0.0,0.0,0.8472239411740037,0.8309456946745782,0.6780097037744157,0.780610830109851,0.469539294091729,0.7776596996249449,0.5610446197209339,0.7386763884872234,False,1,0.7386763884872234,511
7836.png,00584,"small space explorer at bottom edge, sloping pink white cosmic dust stripe across empty sky, deep blue black cosmic background, tiny rim-lit grey ground below the explorer, realistic sci fi landscape, square crop",1,"[0, 1, 2, 1, 1, 1]",0.906397819519043,0.4077393710613251,0.01034621149301529,0.10171632854667577,0.6688386946062299,0.5886043972439237,0.038090956186092075,0.961909043813908,0.9383961187753105,0.7892193678496955,0.7892193678496955,0.5,0.0,0.0,0.9303486988870399,0.889012100416914,0.7480900921684446,0.6841834071541782,0.31094647857886293,0.931818854220677,0.31759931616236053,0.7369475610244427,False,1,0.7369475610244427,512
7836.png,00972,"small space explorer at bottom edge, sloping pink white cosmic dust stripe in empty sky, deep blue black cosmic background, small rim-lit grey ground below the figure, realistic sci fi landscape, balanced crop",1,"[0, 0, 2, 0, 1, 4]",0.8626578450202942,0.436840683221817,0.009721430018544197,0.09859731243063473,0.727599997400184,0.6465465404369213,0.0459206177504337,0.9540793822495663,0.9659745461472984,0.8180686362134225,0.8180686362134225,0.5,0.0,0.0,0.7426984042558632,0.7858372439932707,0.7797008564641688,0.799343148722253,0.45573633437789934,0.6985527723551219,0.648227045854525,0.7357220307408617,False,1,0.7357220307408617,513
7836.png,00063,"small space explorer at bottom edge, broad pale pink cosmic dust stripe in empty sky, moody blue black cosmic background, small rim-lit grey ground below the figure, dark high contrast digital painting",1,"[0, 3, 0, 0, 0, 0]",0.884606122970581,0.45306146144866943,0.012961427681148052,0.11384826604366029,0.6836410832268833,0.7469126383463541,0.04072015209182871,0.9592798479081713,0.9864154681271092,0.8691417276491412,0.8691417276491412,0.5,0.0,0.0,0.8368594290670711,0.7283286184232076,0.6251347105994611,0.7131929622030504,0.7065381177191646,0.853488236434937,0.8932858208107841,0.7355515034102729,False,1,0.7355515034102729,514
7836.png,00215,"small space explorer at bottom edge, sloping pink white cosmic dust stripe in empty sky, moody blue black cosmic background, small rim-lit grey ground below the figure, cinematic sci fi painting, square crop",1,"[0, 0, 0, 0, 4, 1]",0.8640179634094238,0.4359739124774933,0.01242884248495102,0.11148471861627951,0.7013564838535803,0.7391572175202547,0.041882317158613104,0.9581176828413869,0.9760663530210993,0.86317520748282,0.86317520748282,0.5,0.0,0.0,0.7485334926247592,0.7889102651204495,0.649088912132582,0.7479114054802345,0.6871583329685119,0.8188643016221648,0.7692140459532213,0.7352592883553638,False,1,0.7352592883553638,515
7836.png,00800,"tiny space explorer at bottom edge, sloping pink white cosmic dust stripe in empty sky, moody blue black cosmic background, tiny rim-lit grey ground below the explorer, realistic sci fi landscape, tight square crop",1,"[2, 0, 0, 1, 1, 2]",0.8107128143310547,0.4414920508861542,0.007963859476149082,0.08924045874013133,0.7360850756078717,0.6949547661675348,0.04145846824802758,0.9585415317519724,0.9482504841201275,0.8378692777126064,0.8378692777126064,0.5,0.0,0.0,0.5198473298058738,0.7693464346340597,0.8745311765253261,0.8159721097411833,0.5767021743827577,0.8314918684541152,0.43573971617745866,0.7349491417098655,False,1,0.7349491417098655,516
7836.png,00413,"tiny space explorer at bottom edge, sloping pink white cosmic dust stripe in empty sky, moody blue black cosmic background, tiny rim-lit grey ground below the explorer, moody high contrast digital painting",1,"[2, 0, 0, 1, 2, 0]",0.819614589214325,0.4421239495277405,0.011552185751497746,0.10748109485624784,0.7281207538049779,0.8141835530598959,0.040881694668071344,0.9591183053319287,0.9567021006412226,0.8934144258713725,0.8934144258713725,0.5,0.0,0.0,0.558037125267091,0.767106121507957,0.6896650432901732,0.8003637212784175,0.8746393563702765,0.8486754608756187,0.5370630710195394,0.7348909910222895,False,1,0.7348909910222895,517
7836.png,00921,"small space explorer at bottom edge, sloping pink white cosmic dust stripe in empty sky, moody blue black cosmic background, small rim-lit grey ground below the figure, cinematic sci fi painting, centered crop",1,"[0, 0, 0, 0, 4, 3]",0.8815122246742249,0.4482177793979645,0.011890999972820282,0.10904586178677429,0.6981992023856979,0.7277176468460649,0.04281695875648888,0.9571830412435112,0.9679082905149384,0.8560686636189458,0.8560686636189458,0.5,0.0,0.0,0.8235861948340072,0.745501253024259,0.6738063632518669,0.7417238007027512,0.6585723384394212,0.7910188856110884,0.6714100033688915,0.7346585973179962,False,1,0.7346585973179962,518
7836.png,00590,"small space explorer at bottom edge, sloping pink white cosmic dust stripe across empty sky, dark cosmic background, small rim-lit grey ground below the figure, realistic sci fi landscape, square crop",1,"[0, 1, 3, 0, 1, 1]",0.8712155818939209,0.45326465368270874,0.00948510691523552,0.09739151356887067,0.7076941882342962,0.7103768807870369,0.04679122531680034,0.9532087746831996,0.9575313309345708,0.8447989336802005,0.8447989336802005,0.5,0.0,0.0,0.7794122310039349,0.727608227209994,0.7919214485320472,0.7603319673792329,0.6152400266060729,0.6726150975041728,0.547004411241141,0.7344072614498255,False,1,0.7344072614498255,519
7836.png,00228,"small space explorer at bottom edge, sloping pink white cosmic dust stripe in empty sky, moody blue black cosmic background, thin grey ground below the figure, moody high contrast digital painting",1,"[0, 0, 0, 3, 2, 0]",0.8821250200271606,0.44127926230430603,0.014938372187316418,0.12222263369489474,0.7136873572011587,0.7585957845052084,0.044554880213701145,0.9554451197862989,0.9893003324637542,0.8736339614452993,0.8736339614452993,0.5,0.0,0.0,0.8262151682123595,0.7701008484302382,0.5402617403741845,0.7720773126418758,0.735732775603756,0.7392416631114237,0.9278714095113065,0.7340304790142821,False,1,0.7340304790142821,520
7836.png,00275,"small space explorer at bottom edge, sloping pink white cosmic dust stripe across empty sky, moody blue black cosmic background, tiny rim-lit grey ground below the explorer, dark sci fi concept art",1,"[0, 1, 0, 1, 3, 0]",0.817510724067688,0.4159720838069916,0.011475257575511932,0.10712262868092778,0.7103074237958136,0.8009185791015625,0.03952414003898847,0.9604758599610115,0.9427831948559265,0.8851365505532425,0.8851365505532425,0.5,0.0,0.0,0.5490112646177671,0.8598241053592753,0.6932980446452335,0.7654533570968177,0.8414919172048372,0.8891205614259163,0.3701943747911997,0.7331777525967511,False,1,0.7331777525967511,521
7836.png,00859,"tiny space explorer at bottom edge, broad pale pink cosmic dust stripe in empty sky, moody blue black cosmic background, small rim-lit grey ground below the figure, dark high contrast digital painting, square crop",1,"[2, 3, 0, 0, 0, 1]",0.8854198455810547,0.4515445828437805,0.013313887640833855,0.11538582079629132,0.6817352342499114,0.7593581588179977,0.041584741186957895,0.9584152588130421,0.9837767710092353,0.8739118662545108,0.8739118662545108,0.5,0.0,0.0,0.8403504070420994,0.733706511055966,0.6095518219355571,0.7094579007728188,0.7376378495401132,0.8277298675722293,0.8616514413133495,0.7326667574960586,False,1,0.7326667574960586,522
7836.png,00466,"small space explorer at bottom edge, sloping pink white cosmic dust stripe in empty sky, moody blue black cosmic background, small rim-lit grey ground below the figure, cinematic sci fi painting, tight square crop",1,"[0, 0, 0, 0, 4, 2]",0.8338743448257446,0.44122767448425293,0.011372058652341366,0.10663985489647558,0.7170193650435723,0.7340121799045138,0.03910712583875916,0.9608928741612408,0.9712342406646086,0.8608648350463871,0.8608648350463871,0.5,0.0,0.0,0.6192133690238866,0.7702837462287235,0.6981908851246357,0.7786073442067075,0.6743015552690333,0.9015445043729283,0.7112836093661541,0.7324006852104724,False,1,0.7324006852104724,523
7836.png,00974,"small space explorer at bottom edge, sloping pink white cosmic dust stripe in empty sky, deep blue black cosmic background, small rim-lit grey ground below the figure, dark sci fi concept art, tight square crop",1,"[0, 0, 2, 0, 3, 2]",0.835753321647644,0.43215060234069824,0.011708744801580906,0.10820695357314569,0.7172329344371757,0.7514908402054399,0.04335898686999938,0.9566410131300006,0.9753173787198942,0.868058708431927,0.868058708431927,0.5,0.0,0.0,0.6272744289187583,0.8024653059464923,0.6823085731860755,0.7790258951067864,0.7179784468210404,0.7748704514469077,0.7602348656154493,0.7319636803658943,False,1,0.7319636803658943,524
7836.png,00837,"tiny space explorer at bottom edge, sloping pink white cosmic dust stripe across empty sky, moody blue black cosmic background, small grey ground below the figure, realistic sci fi landscape",1,"[2, 1, 0, 2, 1, 0]",0.8776289820671082,0.4378233850002289,0.011530368588864803,0.10737955386787935,0.7185443199333086,0.6680043538411459,0.043654406155332594,0.9563455938446674,0.9620580949200681,0.8277345360581628,0.8277345360581628,0.5,0.0,0.0,0.8069265687665381,0.7823532047054289,0.690694146100243,0.7815959336806473,0.509356610352361,0.7660691388191652,0.6012741373277506,0.731910693366411,False,1,0.731910693366411,525
7836.png,00151,"small space explorer at bottom edge, broad pale pink cosmic dust stripe in empty sky, moody blue black cosmic background, small rim-lit grey ground below the figure, realistic sci fi landscape",1,"[0, 3, 0, 0, 1, 0]",0.860276997089386,0.43987852334976196,0.009754841215908527,0.09876659969801799,0.7121134276055833,0.661100599500868,0.044227049309059935,0.95577295069094,0.9617839064756256,0.8243725838123447,0.8243725838123447,0.5,0.0,0.0,0.7324842507080661,0.7750669832809647,0.7779851551954264,0.7689927430892167,0.4921050290280166,0.7490086025904376,0.597986991847297,0.7297940124644552,False,1,0.7297940124644552,526
7836.png,00190,"tiny space explorer at bottom edge, sloping pink white cosmic dust stripe in empty sky, moody blue black cosmic background, small rim-lit grey ground below the figure, dark high contrast digital painting, tight square crop",1,"[2, 0, 0, 0, 0, 2]",0.8689796924591064,0.4417807459831238,0.01309710368514061,0.1144425781129585,0.7155823587702461,0.7539831090856483,0.04719488943422159,0.9528051105657784,0.9804376101065353,0.8688617098078711,0.8688617098078711,0.5,0.0,0.0,0.7698199686395005,0.7683229043198325,0.6191114461975651,0.7757911154439072,0.7242063015722159,0.660588888416235,0.8216194564055396,0.729763358415164,False,1,0.729763358415164,527
7836.png,00081,"tiny space explorer at bottom edge, sloping pink white cosmic dust stripe in empty sky, moody blue black cosmic background, tiny rim-lit grey ground below the explorer, dark high contrast digital painting",1,"[2, 0, 0, 1, 0, 0]",0.8066413402557373,0.4527944028377533,0.01057386863976717,0.10282931799718974,0.7421295589768676,0.8029773853443287,0.04413029362028238,0.9558697063797176,0.9643779907250009,0.8887698187828493,0.8887698187828493,0.5,0.0,0.0,0.5023801657626401,0.7292754394354702,0.7368101096756059,0.8278180203930777,0.846636605381375,0.751891207443006,0.6290865238993785,0.7296380221585722,False,1,0.7296380221585722,528
7836.png,00031,"small space explorer at bottom edge, sloping pink white cosmic dust stripe in empty sky, moody blue black cosmic background, small rim-lit grey ground below the figure, moody high contrast digital painting, square crop",1,"[0, 0, 0, 0, 2, 1]",0.8615025281906128,0.4334169030189514,0.0131507758051157,0.1146768320329599,0.7062274242030471,0.7724790219907408,0.0458364499294115,0.9541635500705885,0.9743599453510357,0.8764447914907465,0.8764447914907465,0.5,0.0,0.0,0.7377419417529353,0.7979758042378614,0.6167373175701335,0.7574574196965125,0.7704251746553146,0.701060351727188,0.748756545375958,0.7290788394123923,False,1,0.7290788394123923,529
7836.png,00651,"small space explorer at bottom edge, broad pale pink cosmic dust stripe in empty sky, deep blue black cosmic background, small rim-lit grey ground below the figure, realistic sci fi landscape",1,"[0, 3, 2, 0, 1, 0]",0.8640983700752258,0.42832449078559875,0.009172909893095493,0.09577530941268471,0.7219868941503986,0.5862782796223959,0.04549786854021436,0.9545021314597857,0.9626597153559252,0.7904329149121881,0.7904329149121881,0.5,0.0,0.0,0.7488784478905308,0.8160302788309164,0.8083014371996953,0.7883426519853646,0.3051338141444326,0.7111475762389493,0.6084867457974374,0.7287594305770221,False,1,0.7287594305770221,530
7836.png,00227,"small space explorer at bottom edge, sloping pink white cosmic dust stripe in empty sky, moody blue black cosmic background, thin grey ground below the figure, realistic sci fi landscape, square crop",1,"[0, 0, 0, 3, 1, 1]",0.8980218768119812,0.43476778268814087,0.012781781144440174,0.11305653959165818,0.715924942704718,0.6551106770833334,0.04549278668145458,0.9545072133185454,0.964179137602561,0.8217131568695031,0.8217131568695031,0.5,0.0,0.0,0.8944147932365243,0.7931864388942788,0.6331587403991839,0.7764625075928779,0.4771369944457704,0.7112989780935156,0.6267025461791238,0.7282139167341367,False,1,0.7282139167341367,531
7836.png,00607,"small space explorer at bottom edge, diagonal pink white cosmic dust stripe in empty sky, moody blue black cosmic background, tiny rim-lit grey ground below the explorer, dark sci fi concept art",1,"[0, 2, 0, 1, 3, 0]",0.8020634055137634,0.4333614706993103,0.010712184011936188,0.1034996812165921,0.7385282056530043,0.737478185583044,0.04051314530358914,0.9594868546964108,0.9662111279875194,0.8609278082536176,0.8609278082536176,0.5,0.0,0.0,0.4827402182551656,0.7981723322015718,0.7300160781821271,0.8207601285773417,0.6829626512302485,0.8596555096964165,0.6510633394423936,0.7274580966160462,False,1,0.7274580966160462,532
7836.png,00784,"small astronaut at bottom edge, broad pale pink cosmic dust stripe in empty sky, moody blue black cosmic background, small grey ground below the figure, dark high contrast digital painting",1,"[1, 3, 0, 2, 0, 0]",0.799856424331665,0.4512765407562256,0.009380782023072243,0.09685443729159879,0.7110297177668681,0.7515513102213541,0.040821122316605014,0.9591788776833949,0.9853246269416884,0.8709756221771352,0.8709756221771352,0.5,0.0,0.0,0.47327197613083444,0.7346568188546816,0.7973646366971714,0.7668689007129027,0.718129553500944,0.8504800695397112,0.8802081228069915,0.7271871345480224,False,1,0.7271871345480224,533
7836.png,00296,"small space explorer at bottom edge, sloping pink white cosmic dust stripe across empty sky, deep blue black cosmic background, tiny rim-lit grey ground below the explorer, realistic sci fi landscape",1,"[0, 1, 2, 1, 1, 0]",0.8678457736968994,0.38713669776916504,0.010674681514501572,0.10331835032801082,0.6636523506408146,0.6064046223958334,0.036898842391083035,0.963101157608917,0.9457708052672694,0.7991216462947,0.7991216462947,0.5,0.0,0.0,0.7649553066854325,0.9620561558580866,0.7318538397598879,0.6740192684720484,0.35542691873708715,0.9673350399222518,0.4060117487909329,0.7271075767807994,False,1,0.7271075767807994,534
7836.png,00917,"tiny astronaut near the lower edge, sloping pink white cosmic dust stripe in empty sky, empty dark blue starfield, small rim-lit grey ground below the figure, dark high contrast digital painting",1,"[5, 0, 1, 0, 0, 0]",0.8437120914459229,0.46800047159194946,0.01019012089818716,0.10094612869341331,0.7111715377010708,0.769674230504919,0.04529722332351702,0.954702776676483,0.9718155206724886,0.8748624796984803,0.8748624796984803,0.5,0.0,0.0,0.6614186074342591,0.6753643322032623,0.7558959530926209,0.7671468378278992,0.7634163666893092,0.7171253216573713,0.7182523638469116,0.7269643957511784,False,1,0.7269643957511784,535
7836.png,00327,"small space explorer at bottom edge, broad pale pink cosmic dust stripe in empty sky, moody blue black cosmic background, small grey ground below the figure, dark high contrast digital painting",1,"[0, 3, 0, 2, 0, 0]",0.8586828112602234,0.44370871782302856,0.01361544243991375,0.11668522802786027,0.6891965237648296,0.7544979519314235,0.039487305083734166,0.9605126949162658,0.989956518144963,0.8736948252188262,0.8736948252188262,0.5,0.0,0.0,0.7256449819620872,0.7614875349497512,0.5963825229665534,0.7240804522045915,0.7254928266693403,0.890217971016006,0.935738180850667,0.7266748724546399,False,1,0.7266748724546399,536
7836.png,00643,"small space explorer at bottom edge, broad pale pink cosmic dust stripe in empty sky, moody blue black cosmic background, thin grey ground below the figure, dark high contrast digital painting",1,"[0, 3, 0, 3, 0, 0]",0.8607470989227295,0.4511660039424896,0.014003489166498184,0.11833633916298993,0.6889774887944214,0.7699861879701967,0.03830977831713084,0.9616902216828691,0.9887264908026383,0.8808306603361203,0.8808306603361203,0.5,0.0,0.0,0.7345010499527956,0.7350487125199513,0.5796487572606943,0.7236511899284465,0.7641959076921772,0.9252995710162315,0.9209918306630135,0.7264902525062111,False,1,0.7264902525062111,537
7836.png,00202,"tiny space explorer at bottom edge, sloping pink white cosmic dust stripe across empty sky, moody blue black cosmic background, tiny rim-lit grey ground below the explorer, dark high contrast digital painting",1,"[2, 1, 0, 1, 0, 0]",0.8157317638397217,0.45206889510154724,0.010876511223614216,0.1042905135839987,0.7308667476052834,0.8126746283637153,0.04357815856340743,0.9564218414365926,0.954203751411932,0.8912919775488657,0.8912919775488657,0.5,0.0,0.0,0.5413792891824688,0.7318476312357742,0.72200110979676,0.8057452891020508,0.87086875043249,0.768340753865857,0.5071112712843039,0.7264488905966938,False,1,0.7264488905966938,538
7836.png,00609,"small space explorer at bottom edge, diagonal pink white cosmic dust stripe in empty sky, moody blue black cosmic background, small grey ground below the figure, realistic sci fi landscape, square crop",1,"[0, 2, 0, 2, 1, 1]",0.8685936331748962,0.42777127027511597,0.012809711508452892,0.11317999606137515,0.7088856080580063,0.6717088487413193,0.04161121156887014,0.9583887884311298,0.9742707747721271,0.8325592128389145,0.8325592128389145,0.5,0.0,0.0,0.7681637230824937,0.817991649040785,0.6319075274461842,0.7626668985750003,0.5186136597614206,0.8269412457111922,0.7476875117555052,0.7263839247617192,False,1,0.7263839247617192,539
7836.png,00668,"small astronaut at bottom edge, sloping pink white cosmic dust stripe in empty sky, moody blue black cosmic background, small rim-lit grey ground below the figure, dark high contrast digital painting, clean centered framing",1,"[1, 0, 0, 0, 0, 5]",0.8480150699615479,0.43738633394241333,0.012404225766658783,0.11137425989275432,0.6918431620572025,0.771152072482639,0.04308791461473754,0.9569120853852625,0.9801774975388793,0.8779731620098052,0.8779731620098052,0.5,0.0,0.0,0.6798789562456593,0.7839027114730701,0.6502083948617041,0.7292673042191318,0.7671093009692013,0.78294640241462,0.8185010614895242,0.7259429296539825,False,1,0.7259429296539825,540
7836.png,00280,"small space explorer at bottom edge, sloping pink white cosmic dust stripe across empty sky, moody blue black cosmic background, thin grey ground below the figure, realistic sci fi landscape",1,"[0, 1, 0, 3, 1, 0]",0.8670907020568848,0.4446697235107422,0.01173308864235878,0.10831938257929086,0.7293884395849676,0.660177160192419,0.04281944784334725,0.9571805521566528,0.9650834558105326,0.8251096065035235,0.8251096065035235,0.5,0.0,0.0,0.7617159491563044,0.7580804162842648,0.6811691219357343,0.802848117639149,0.4897974746825701,0.7909447292080164,0.6375440880838885,0.7258988427720706,False,1,0.7258988427720706,541
7836.png,00635,"small space explorer at bottom edge, broad pale pink cosmic dust stripe in empty sky, moody blue black cosmic background, small rim-lit grey ground below the figure, realistic sci fi landscape, tight square crop",1,"[0, 3, 0, 0, 1, 2]",0.8941700458526611,0.45002299547195435,0.010199058800935745,0.10099038964642004,0.6879321586662256,0.6496542471426504,0.044283279896872633,0.9557167201031274,0.9579685982822018,0.8184389829067276,0.8184389829067276,0.5,0.0,0.0,0.8778899273062395,0.73910109799962,0.7554473749189449,0.721602563677962,0.4635020879553852,0.7473333464133638,0.5522466503458485,0.7256514481114381,False,1,0.7256514481114381,542
7836.png,00478,"small space explorer at bottom edge, sloping pink white cosmic dust stripe in empty sky, moody blue black cosmic background, small grey ground below the figure, cinematic sci fi painting",1,"[0, 0, 0, 2, 4, 0]",0.8687952756881714,0.4391002655029297,0.012497441843152046,0.11179195786438328,0.7213174008627927,0.6616414388020834,0.044102092398474776,0.9558979076015253,0.9839896049683396,0.8291008361151393,0.8291008361151393,0.5,0.0,0.0,0.7690287962211928,0.77782619362738,0.6459750880634292,0.7870305865559679,0.4934565158753808,0.7527313955483081,0.8642030301966058,0.7254520529322761,False,1,0.7254520529322761,543
7836.png,00779,"small astronaut at bottom edge, broad pale pink cosmic dust stripe in empty sky, moody blue black cosmic background, small rim-lit grey ground below the figure, dark high contrast digital painting, tight square crop",1,"[1, 3, 0, 0, 0, 2]",0.8579250574111938,0.4469956159591675,0.009923950769007206,0.09961902814727318,0.6997064397307736,0.6958058675130209,0.044068580833064246,0.9559314191669358,0.9621222163823591,0.8401130803657587,0.8401130803657587,0.5,0.0,0.0,0.7223941174003721,0.7498342719832904,0.7693459196846533,0.7446776675315604,0.5788289655971045,0.7537297926688297,0.6020428662047037,0.7253049144179274,False,1,0.7253049144179274,544
7836.png,00552,"small space explorer at bottom edge, sloping pink white cosmic dust stripe across empty sky, moody blue black cosmic background, tiny rim-lit grey ground below the explorer, dark sci fi concept art, square crop",1,"[0, 1, 0, 1, 3, 1]",0.82426917552948,0.41325482726097107,0.012456117197871208,0.11160697647491043,0.7043984870952833,0.7977831805193866,0.04046819000703583,0.9595318099929642,0.944402114569846,0.8837189876452306,0.8837189876452306,0.5,0.0,0.0,0.5780059181947154,0.8694577793481231,0.6478498469246128,0.7538730892841512,0.833656965241227,0.8609948454773987,0.3896030141000082,0.7250005689319711,False,1,0.7250005689319711,545
7836.png,00428,"tiny space explorer at bottom edge, sloping pink white cosmic dust stripe across empty sky, moody blue black cosmic background, small rim-lit grey ground below the figure, realistic sci fi landscape, square crop",1,"[2, 1, 0, 0, 1, 1]",0.8635406494140625,0.44627976417541504,0.010570094920694828,0.10281096692811924,0.7164416375939652,0.7101129602502892,0.04589633226639329,0.9541036677336067,0.9497867699281874,0.84344446980503,0.84344446980503,0.5,0.0,0.0,0.7464857522479628,0.7523722298802384,0.7369960950304038,0.7774751204364683,0.6145805236199509,0.6992763003980317,0.45415768766023756,0.7249264913603217,False,1,0.7249264913603217,546
7836.png,00032,"small space explorer at bottom edge, sloping pink white cosmic dust stripe in empty sky, moody blue black cosmic background, small rim-lit grey ground below the figure, dark sci fi concept art",1,"[0, 0, 0, 0, 3, 0]",0.891374945640564,0.4561256468296051,0.014733941294252872,0.1213834473651695,0.684010807805892,0.7641494185836226,0.04012660597583505,0.9598733940241649,0.9767135702975758,0.8751656403306031,0.8751656403306031,0.5,0.0,0.0,0.8658985765033554,0.7174649540980412,0.5487667689736551,0.7139175442825066,0.7496105825515562,0.8711715265422519,0.7769732983519386,0.7244437925170196,False,1,0.7244437925170196,547
7836.png,00346,"small astronaut at bottom edge, sloping pink white cosmic dust stripe in empty sky, moody blue black cosmic background, small grey ground below the figure, dark high contrast digital painting, tight square crop",1,"[1, 0, 0, 2, 0, 2]",0.8551828861236572,0.4371805489063263,0.012965063564479351,0.11386423303425598,0.6951124117713119,0.7682941578052661,0.043733367834473805,0.9562666321655262,0.9763484137341235,0.8756953750171286,0.8756953750171286,0.5,0.0,0.0,0.7106298387072028,0.7846322951232959,0.6249728875253076,0.7356743431086282,0.7599677450787942,0.7637166640206776,0.7725955691969019,0.7235097785235943,False,1,0.7235097785235943,548
7836.png,00679,"small astronaut at bottom edge, sloping pink white cosmic dust stripe in empty sky, moody blue black cosmic background, small grey ground below the figure, dark high contrast digital painting, centered crop",1,"[1, 0, 0, 2, 0, 3]",0.8442584276199341,0.4396321773529053,0.012792919762432575,0.11310579013663524,0.6903565493918201,0.7665557861328125,0.040305411834737244,0.9596945881652628,0.9795581166894255,0.8767548329554927,0.8767548329554927,0.5,0.0,0.0,0.6637624621162916,0.7759403704573248,0.632659593453229,0.7263538574060554,0.7556237810845505,0.8658444326726177,0.8110755298844221,0.7230093287456403,False,1,0.7230093287456403,549
7836.png,00481,"small space explorer at bottom edge, sloping pink white cosmic dust stripe in empty sky, moody blue black cosmic background, thin grey ground below the figure, moody high contrast digital painting, square crop",1,"[0, 0, 0, 3, 2, 1]",0.8940556049346924,0.44619816541671753,0.016053196042776108,0.12670120774000582,0.6910762950412472,0.7723156964337384,0.04419653925272884,0.9558034607472712,0.9872344746957304,0.8795201695958733,0.8795201695958733,0.5,0.0,0.0,0.877398960582532,0.7526615274956356,0.49487205873937146,0.7277644068500221,0.7700170453983779,0.7499175769106402,0.9031045925171522,0.7221221300147619,False,1,0.7221221300147619,550
7836.png,00704,"small astronaut at bottom edge, sloping pink white cosmic dust stripe in empty sky, deep blue black cosmic background, small rim-lit grey ground below the figure, dark high contrast digital painting, centered crop",1,"[1, 0, 2, 0, 0, 3]",0.858061671257019,0.44719165563583374,0.011039183475077152,0.10506751864909132,0.7055411928182075,0.7167284930193866,0.04489167639270894,0.955108323607291,0.9647921482593432,0.8497741647731445,0.8497741647731445,0.5,0.0,0.0,0.7229802089267979,0.7491392392170073,0.7141262790631495,0.7561125511320572,0.6311118768438192,0.7292076246770876,0.6340517078624643,0.7217634967830212,False,1,0.7217634967830212,551
7836.png,00287,"small space explorer at bottom edge, sloping pink white cosmic dust stripe across empty sky, empty dark blue starfield, tiny rim-lit grey ground below the explorer, realistic sci fi landscape, square crop",1,"[0, 1, 1, 1, 1, 1]",0.8361124396324158,0.4736267626285553,0.009000980295240879,0.09487349627393775,0.6848250744235649,0.8000946044921875,0.04198136855634436,0.9580186314436556,0.9473777909596915,0.8848246512187021,0.8848246512187021,0.5,0.0,0.0,0.6288150927262257,0.6554170608672463,0.8174411791911221,0.7155133348589602,0.8394329121646527,0.815913301599724,0.4252773154589216,0.7212262954393097,False,1,0.7212262954393097,552
7836.png,00833,"tiny space explorer at bottom edge, sloping pink white cosmic dust stripe across empty sky, moody blue black cosmic background, tiny rim-lit grey ground below the explorer, dark high contrast digital painting, tight square crop",1,"[2, 1, 0, 1, 0, 2]",0.7947989106178284,0.4456871449947357,0.010397346690297127,0.10196738052091525,0.7388166202784795,0.7943471272786459,0.044184596232114605,0.9558154037678854,0.9585694967274586,0.8837054979396423,0.8837054979396423,0.5,0.0,0.0,0.4515745711968234,0.7544732828686151,0.7455457177604876,0.8213253603226393,0.8250707165139831,0.7502733907094143,0.559450603132968,0.7205283609199242,False,1,0.7205283609199242,553
7836.png,00480,"small space explorer at bottom edge, sloping pink white cosmic dust stripe in empty sky, moody blue black cosmic background, thin grey ground below the figure, realistic sci fi landscape, tight square crop",1,"[0, 0, 0, 3, 1, 2]",0.8529824614524841,0.43921446800231934,0.011585714295506477,0.10763695599331337,0.7362908182921124,0.6430912724247685,0.04367900797813955,0.9563209920218605,0.9687734862616421,0.8178581170511253,0.8178581170511253,0.5,0.0,0.0,0.7011897248847507,0.7774213037580584,0.6880854138546909,0.8163753219441149,0.44710207044395694,0.765336186217604,0.6817825203225772,0.7196608338139645,False,1,0.7196608338139645,554
7836.png,00438,"tiny space explorer at bottom edge, diagonal pink white cosmic dust stripe in empty sky, moody blue black cosmic background, small rim-lit grey ground below the figure, realistic sci fi landscape",1,"[2, 2, 0, 0, 1, 0]",0.8465516567230225,0.46194061636924744,0.010464654304087162,0.10229689293466915,0.7372593346005406,0.6790059407552084,0.04600093688493432,0.9539990631150657,0.9740694509472421,0.834266235619565,0.834266235619565,0.5,0.0,0.0,0.6736007192662502,0.6968487480640411,0.7422061584712234,0.8182734093329216,0.5368481406111206,0.6961598554135858,0.7452739136827489,0.7196527919351597,False,1,0.7196527919351597,555
7836.png,00834,"tiny space explorer at bottom edge, sloping pink white cosmic dust stripe across empty sky, moody blue black cosmic background, tiny rim-lit grey ground below the explorer, realistic sci fi landscape, square crop",1,"[2, 1, 0, 1, 1, 1]",0.8753750920295715,0.4491349458694458,0.009596697986125946,0.09796273774311305,0.7024303278511072,0.6587309660734953,0.04252750571428468,0.9574724942857153,0.9291633092673315,0.8173769695865396,0.8173769695865396,0.5,0.0,0.0,0.797257081427854,0.7422495605064167,0.7861321765115759,0.7500159128917404,0.48618362427253425,0.799642448262447,0.2069105228846136,0.7194178145672847,False,1,0.7194178145672847,556
7836.png,00497,"small space explorer at bottom edge, sloping pink white cosmic dust stripe in empty sky, empty dark blue starfield, tiny rim-lit grey ground below the explorer, dark sci fi concept art, square crop",1,"[0, 0, 1, 1, 3, 1]",0.7568552494049072,0.4399256706237793,0.009196143597364426,0.09589652547076159,0.7424197368684189,0.8113595468026619,0.04217791514657125,0.9578220848534288,0.954999217812294,0.8913493693223568,0.8913493693223568,0.5,0.0,0.0,0.28879122969775883,0.7748998288516152,0.8070729304853443,0.8283867077674368,0.8675825331975723,0.8100576649761628,0.5166478284799191,0.7192144791415492,False,1,0.7192144791415492,557
7836.png,00719,"small astronaut at bottom edge, sloping pink white cosmic dust stripe in empty sky, dark cosmic background, small grey ground below the figure, dark high contrast digital painting",1,"[1, 0, 3, 2, 0, 0]",0.8541396260261536,0.44298607110977173,0.011100977659225464,0.10536117719172211,0.6918044247964927,0.7384146231192129,0.0444644490728596,0.9555355509271404,0.9623167575452863,0.8591873747372022,0.8591873747372022,0.5,0.0,0.0,0.7061541144545718,0.7640495833712829,0.7111500934234579,0.7291913873704527,0.6853026864508146,0.7419358431509289,0.6043751494115283,0.719112513126763,False,1,0.719112513126763,558
7836.png,00430,"tiny space explorer at bottom edge, sloping pink white cosmic dust stripe across empty sky, moody blue black cosmic background, tiny rim-lit grey ground below the explorer, dark high contrast digital painting, square crop",1,"[2, 1, 0, 1, 0, 1]",0.8020849227905273,0.44536805152893066,0.010875631123781204,0.10428629403608704,0.729136741007042,0.8089927390769676,0.043839475552500534,0.9561605244474994,0.9549619630372943,0.8896953087487192,0.8896953087487192,0.5,0.0,0.0,0.48283253022769607,0.7556045865822962,0.7220438742870696,0.8023548415916691,0.8616681895018986,0.7605554377739999,0.5162011945398395,0.71883027411455,False,1,0.71883027411455,559
7836.png,00012,"small space explorer at bottom edge, sloping pink white cosmic dust stripe in empty sky, moody blue black cosmic background, tiny rim-lit grey ground below the explorer, realistic sci fi landscape",1,"[0, 0, 0, 1, 1, 0]",0.8795584440231323,0.41949689388275146,0.010337157174944878,0.10167181111274097,0.6766544912137038,0.6246840865523727,0.04047229055203181,0.9595277094479682,0.9363924950928713,0.8042210362739308,0.8042210362739308,0.5,0.0,0.0,0.8152042165858788,0.8473273570517932,0.7485412697381679,0.6995007176062864,0.40110491463884806,0.8608726795246471,0.293578600972661,0.7183069421720586,False,1,0.7183069421720586,560
7836.png,00463,"small space explorer at bottom edge, sloping pink white cosmic dust stripe in empty sky, moody blue black cosmic background, small rim-lit grey ground below the figure, realistic sci fi landscape, clean centered framing",1,"[0, 0, 0, 0, 1, 5]",0.8551305532455444,0.44617676734924316,0.010125414468348026,0.10062511847619374,0.7245233027600985,0.6751567699291088,0.0468583772908609,0.9531416227091392,0.952985960209412,0.8280173064581801,0.8280173064581801,0.5,0.0,0.0,0.7104053237158408,0.7527373915160357,0.7591493438849478,0.7933134771052278,0.5272295649398608,0.6706144646862786,0.4925116157239121,0.7182667855592938,False,1,0.7182667855592938,561
7836.png,00843,"tiny space explorer at bottom edge, sloping pink white cosmic dust stripe across empty sky, empty dark blue starfield, tiny rim-lit grey ground below the explorer, realistic sci fi landscape",1,"[2, 1, 1, 1, 1, 0]",0.7766193747520447,0.48529767990112305,0.007671639788895845,0.08758789750242807,0.7439535713414767,0.8302131935402199,0.04709320639395901,0.952906793606041,0.9558506095196877,0.8982834367591509,0.8982834367591509,0.5,0.0,0.0,0.37358195001754185,0.6140393660303739,0.8912796388050254,0.8313926993490889,0.914695336452439,0.6636182919478327,0.5268548538297484,0.7180706313136952,False,1,0.7180706313136952,562
7836.png,00547,"small space explorer at bottom edge, sloping pink white cosmic dust stripe across empty sky, moody blue black cosmic background, small rim-lit grey ground below the figure, cinematic sci fi painting, square crop",1,"[0, 1, 0, 0, 4, 1]",0.8820437788963318,0.4427851438522339,0.013964326120913029,0.11817074985339235,0.6755222272509808,0.7334317807798031,0.04103213074627538,0.9589678692537246,0.9753690248667145,0.8607568605630579,0.8607568605630579,0.5,0.0,0.0,0.8258666329808942,0.7647619444096353,0.5813269802774528,0.6972817194028047,0.672851213584349,0.8441935769211827,0.760854032475119,0.7173139842938389,False,1,0.7173139842938389,563
7836.png,00714,"small astronaut at bottom edge, sloping pink white cosmic dust stripe in empty sky, dark cosmic background, small rim-lit grey ground below the figure, dark high contrast digital painting, tight square crop",1,"[1, 0, 3, 0, 0, 2]",0.8492841124534607,0.4534562826156616,0.010105621069669724,0.10052671818810024,0.7174531966408045,0.7100914849175348,0.045813705475313986,0.9541862945246861,0.9499736027755246,0.8435010918516357,0.8435010918516357,0.5,0.0,0.0,0.6853233169302715,0.726928832152651,0.7601466161649971,0.7794575625008204,0.6145268595654061,0.7017379684604157,0.45639755867658627,0.7164962591169177,False,1,0.7164962591169177,564
7836.png,00805,"tiny space explorer at bottom edge, sloping pink white cosmic dust stripe in empty sky, moody blue black cosmic background, small grey ground below the figure, moody high contrast digital painting",1,"[2, 0, 0, 2, 2, 0]",0.8778280019760132,0.4537140727043152,0.016155295073986053,0.12710348175398678,0.6950830573632567,0.7689887152777778,0.04220590984473473,0.9577940901552653,0.9951293752439013,0.8802987284781232,0.8802987284781232,0.5,0.0,0.0,0.8077803905844857,0.7260148714612022,0.49079507145711665,0.7356168146692508,0.7617033535797455,0.8092236297499982,0.9977536821544564,0.7156450010568913,False,1,0.7156450010568913,565
7836.png,00860,"tiny space explorer at bottom edge, broad pale pink cosmic dust stripe in empty sky, moody blue black cosmic background, small rim-lit grey ground below the figure, realistic sci fi landscape",1,"[2, 3, 0, 0, 1, 0]",0.8553107976913452,0.46674197912216187,0.010142737068235874,0.10071115662247095,0.6979290327812714,0.6956741898148149,0.04347033511339089,0.9565296648866091,0.9725284356726441,0.8423444552615088,0.8423444552615088,0.5,0.0,0.0,0.7111785963056799,0.679826150940661,0.7582773600729943,0.7411943253448886,0.5784999202100243,0.7715530962528021,0.7267992423467474,0.715572965578781,False,1,0.715572965578781,566
7836.png,00212,"small space explorer at bottom edge, sloping pink white cosmic dust stripe in empty sky, moody blue black cosmic background, small rim-lit grey ground below the figure, realistic sci fi landscape, balanced crop",1,"[0, 0, 0, 0, 1, 4]",0.8501047492027283,0.44590669870376587,0.01016184501349926,0.10080597707229101,0.7293298636070504,0.6515372947410301,0.045619612283412415,0.9543803877165876,0.955951133550041,0.8184151450442774,0.8184151450442774,0.5,0.0,0.0,0.6888439574781904,0.7536948842080483,0.7573163689212458,0.802733321095194,0.46820757821182885,0.7075205119355834,0.528059999847936,0.7155249507087448,False,1,0.7155249507087448,567
7836.png,00543,"small space explorer at bottom edge, sloping pink white cosmic dust stripe across empty sky, moody blue black cosmic background, small rim-lit grey ground below the figure, dark high contrast digital painting, clean centered framing",1,"[0, 1, 0, 0, 0, 5]",0.8705975413322449,0.43972623348236084,0.01364459190517664,0.11681006765333474,0.6930824125976565,0.7429063585069443,0.045428610712674476,0.9545713892873255,0.9768488156942639,0.8637776107175417,0.8637776107175417,0.5,0.0,0.0,0.7767607549840794,0.7756069068801904,0.5951172919357343,0.7316959735166317,0.6965269471225471,0.7132109479359228,0.7785947061956546,0.7154965961947091,False,1,0.7154965961947091,568
7836.png,00079,"tiny space explorer at bottom edge, sloping pink white cosmic dust stripe in empty sky, moody blue black cosmic background, small rim-lit grey ground below the figure, dark high contrast digital painting, square crop",1,"[2, 0, 0, 0, 0, 1]",0.85149085521698,0.4426729381084442,0.013259547762572765,0.11515010969414126,0.7133246398563698,0.7619849310980902,0.0472084616963996,0.9527915383036004,0.9780206571221629,0.8719743888248332,0.8719743888248332,0.5,0.0,0.0,0.6947905362072616,0.7651597550458554,0.6119407188872691,0.7713664632613811,0.744201810738177,0.6601845352530361,0.792643486629706,0.7154761541851606,False,1,0.7154761541851606,569
7836.png,00053,"small space explorer at bottom edge, sloping pink white cosmic dust stripe across empty sky, moody blue black cosmic background, tiny rim-lit grey ground below the explorer, realistic sci fi landscape",1,"[0, 1, 0, 1, 1, 0]",0.8872765302658081,0.4206657409667969,0.010570810176432133,0.10281444536849933,0.6719488691855134,0.6253306070963541,0.04020768948400422,0.9597923105159958,0.9276699796881822,0.8028600778115943,0.8028600778115943,0.5,0.0,0.0,0.8483158307105823,0.8431833641825884,0.7369608415546662,0.6902786923802018,0.402720485123053,0.8687558369113397,0.1890075379980359,0.714837316497827,False,1,0.714837316497827,570
7836.png,00937,"small space explorer at bottom edge, sloping pink white cosmic dust stripe in empty sky, moody blue black cosmic background, thin grey ground below the figure, dark sci fi concept art, square crop",1,"[0, 0, 0, 3, 3, 1]",0.9012880325317383,0.4672146737575531,0.01611868292093277,0.12695937508090047,0.6776598408981365,0.7590761537905092,0.03931536488828642,0.9606846351117135,0.9844889857192306,0.874721688638675,0.874721688638675,0.5,0.0,0.0,0.908427034673502,0.6781502745791501,0.4922555711489729,0.7014709906318995,0.7369331557712159,0.8953405188270067,0.8701899242892962,0.7148140953293668,False,1,0.7148140953293668,571
7836.png,00603,"small space explorer at bottom edge, diagonal pink white cosmic dust stripe in empty sky, moody blue black cosmic background, small rim-lit grey ground below the figure, cinematic sci fi painting",1,"[0, 2, 0, 0, 4, 0]",0.8824936747550964,0.45118165016174316,0.013778871856629848,0.11738343944794703,0.6890021862353141,0.7050973397714121,0.042439567124061224,0.9575604328759387,0.9834460560846713,0.8491291656206483,0.8491291656206483,0.5,0.0,0.0,0.8277967459134692,0.7349932409172911,0.5893062541023321,0.7236995916958573,0.6020471424597061,0.802262368704425,0.8576866204332804,0.7147627111139667,False,1,0.7147627111139667,572
7836.png,00777,"small astronaut at bottom edge, diagonal pink white cosmic dust stripe in empty sky, deep blue black cosmic background, tiny rim-lit grey ground below the explorer, dark high contrast digital painting",1,"[1, 2, 2, 1, 0, 0]",0.8586186170578003,0.4680708646774292,0.01012410968542099,0.10061863488152177,0.6944078559332187,0.7429024025245949,0.050353749592456754,0.9496462504075432,0.9792139995568346,0.8625250686900747,0.8625250686900747,0.5,0.0,0.0,0.7253695803155075,0.6751147628213893,0.7592150541523333,0.7342935624863947,0.6965170616388155,0.56647818820046,0.8069500348095195,0.7140847945911319,False,1,0.7140847945911319,573
7836.png,00593,"small space explorer at bottom edge, sloping pink white cosmic dust stripe across empty sky, dark cosmic background, tiny rim-lit grey ground below the explorer, realistic sci fi landscape",1,"[0, 1, 3, 1, 1, 0]",0.8438695073127747,0.42030075192451477,0.010139750316739082,0.10069632722566937,0.6652036763673873,0.6780745894820601,0.04086370944779806,0.959136290552202,0.9616771957255604,0.8331667061053099,0.8331667061053099,0.5,0.0,0.0,0.662093942391192,0.8444773845974061,0.7584276538032932,0.6770595392159844,0.5345208152982095,0.84921128759433,0.5967076754978943,0.7140297148322734,False,1,0.7140297148322734,574
7836.png,00936,"small space explorer at bottom edge, sloping pink white cosmic dust stripe in empty sky, moody blue black cosmic background, thin grey ground below the figure, moody high contrast digital painting, tight square crop",1,"[0, 0, 0, 3, 2, 2]",0.8881656527519226,0.4482109546661377,0.015912480652332306,0.12614468142705149,0.6910103701107153,0.7623607494212963,0.04491226466666935,0.9550877353333307,0.986835993924585,0.8747102433911661,0.8747102433911661,0.5,0.0,0.0,0.8521302841572198,0.7455254492090384,0.5005123701224039,0.7276352079112312,0.7451409316927196,0.7285942461856115,0.8983273515631004,0.713647272346647,False,1,0.713647272346647,575
7836.png,00838,"tiny space explorer at bottom edge, sloping pink white cosmic dust stripe across empty sky, moody blue black cosmic background, thin grey ground below the figure, dark high contrast digital painting",1,"[2, 1, 0, 3, 0, 0]",0.8759833574295044,0.4396098256111145,0.01608581840991974,0.12682987979935856,0.7020839622435924,0.7543679696542246,0.04542372869885916,0.9545762713011409,0.9912287718980006,0.8718130356794005,0.8718130356794005,0.5,0.0,0.0,0.7998666207067261,0.7760196156039822,0.4935679865613771,0.7493371094623927,0.7251680179181456,0.7133563958872748,0.9509907681097368,0.7133079877693969,False,1,0.7133079877693969,576
7836.png,00755,"small astronaut at bottom edge, sloping pink white cosmic dust stripe across empty sky, dark cosmic background, small rim-lit grey ground below the figure, dark high contrast digital painting, square crop",1,"[1, 1, 3, 0, 0, 1]",0.8230876922607422,0.45970940589904785,0.009297190234065056,0.09642193855168571,0.7240640490487789,0.7536135073061344,0.049803119055042776,0.9501968809449572,0.9599344854641771,0.8636818837113309,0.8636818837113309,0.5,0.0,0.0,0.5729371981961064,0.7047592099237746,0.80174794707998,0.792413436837312,0.7232827149492526,0.5828829110563053,0.5758149563641831,0.7128000109268751,False,1,0.7128000109268751,577
7836.png,00285,"small space explorer at bottom edge, sloping pink white cosmic dust stripe across empty sky, empty dark blue starfield, small rim-lit grey ground below the figure, dark sci fi concept art",1,"[0, 1, 1, 0, 3, 0]",0.7934443950653076,0.45497196912765503,0.010145742446184158,0.10072607629697564,0.7513118737842767,0.7495105884693287,0.047551114455728814,0.9524488855442712,0.9746634461585281,0.8655695639833985,0.8655695639833985,0.5,0.0,0.0,0.44576351974044226,0.7215551659277144,0.7581261513916057,0.8458134178730452,0.7130300561071813,0.6499760139839732,0.7523951061099498,0.7117045996060518,False,1,0.7117045996060518,578
7836.png,00802,"tiny space explorer at bottom edge, sloping pink white cosmic dust stripe in empty sky, moody blue black cosmic background, tiny rim-lit grey ground below the explorer, dark sci fi concept art",1,"[2, 0, 0, 1, 3, 0]",0.8031409382820129,0.4476556181907654,0.011436955071985722,0.10694370047826904,0.7254140866410044,0.7913434063946759,0.04182075560274626,0.9581792443972538,0.9552924301478625,0.8825257544462155,0.8825257544462155,0.5,0.0,0.0,0.4873629768130736,0.7474943212927905,0.6951114553586357,0.7950592253551915,0.8175648099374532,0.8206983812707691,0.520163044468094,0.7115337306351458,False,1,0.7115337306351458,579
7836.png,00162,"small astronaut at bottom edge, sloping pink white cosmic dust stripe in empty sky, moody blue black cosmic background, small grey ground below the figure, dark high contrast digital painting, square crop",1,"[1, 0, 0, 2, 0, 1]",0.8492919206619263,0.4387315809726715,0.013547281734645367,0.11639279073312644,0.689423049646346,0.7815110948350695,0.04402178494898209,0.9559782150510179,0.9700591839720958,0.8802842047380567,0.8802842047380567,0.5,0.0,0.0,0.6853568151806911,0.7791333159064451,0.5993463314405036,0.7245243950842343,0.7929951462274878,0.7551239643629134,0.6971962822947158,0.710161313047514,False,1,0.710161313047514,580
7836.png,00155,"small astronaut at bottom edge, sloping pink white cosmic dust stripe in empty sky, moody blue black cosmic background, small rim-lit grey ground below the figure, dark high contrast digital painting, centered crop",1,"[1, 0, 0, 0, 0, 3]",0.8713356852531433,0.4518202245235443,0.012721134349703789,0.11278800623161928,0.6787228578559024,0.7399229826750578,0.04482687098732608,0.9551731290126739,0.9742271941045055,0.862121376179113,0.862121376179113,0.5,0.0,0.0,0.7799274903519925,0.7327292599073867,0.6358802860513759,0.703554279332425,0.6890718801766395,0.7311383470810064,0.7471650389908391,0.7094101072219843,False,1,0.7094101072219843,581
7836.png,00871,"small helmeted explorer at lower edge, sloping pink white cosmic dust stripe in empty sky, moody blue black cosmic background, small grey ground below the figure, dark high contrast digital painting, square crop",1,"[3, 0, 0, 2, 0, 1]",0.8380703926086426,0.4872218668460846,0.011571605689823627,0.10757139810295127,0.7241415023268108,0.8391548439308449,0.05360343969586082,0.9463965603041392,0.9840522536730754,0.905668926609944,0.905668926609944,0.5,0.0,0.0,0.6372149708028226,0.6072174155051265,0.6887498333199522,0.7925652289021178,0.9370393541107374,0.46966142652194015,0.8649541027191805,0.7088011216294092,False,1,0.7088011216294092,582
7836.png,00916,"tiny astronaut near the lower edge, sloping pink white cosmic dust stripe in empty sky, moody blue black cosmic background, tiny rim-lit grey ground below the explorer, dark high contrast digital painting",1,"[5, 0, 0, 1, 0, 0]",0.8632348775863647,0.46323782205581665,0.011296911165118217,0.10628692847720371,0.6675496176486349,0.8072701913339121,0.044286563243253446,0.9557134367567466,0.944437676958529,0.8866588243568275,0.8866588243568275,0.5,0.0,0.0,0.7451739505330569,0.6922496767326317,0.7017677418763403,0.6816570886037107,0.8573637674425831,0.7472355269432172,0.3900293586364128,0.7086885650199152,False,1,0.7086885650199152,583
7836.png,00370,"small astronaut at bottom edge, sloping pink white cosmic dust stripe in empty sky, dark cosmic background, tiny rim-lit grey ground below the explorer, dark high contrast digital painting",1,"[1, 0, 3, 1, 0, 0]",0.8571491241455078,0.478896826505661,0.009575649164617062,0.09785524597392345,0.6865649130869272,0.7568110713252315,0.049309423159991546,0.9506905768400085,0.9667231554316185,0.8666513150766808,0.8666513150766808,0.5,0.0,0.0,0.7190652607289014,0.6367327458485581,0.7872215895999237,0.7189230511401923,0.7312730102286513,0.5975914021098888,0.6572018501376955,0.7085146794659923,False,1,0.7085146794659923,584
7836.png,00929,"small space explorer at bottom edge, sloping pink white cosmic dust stripe in empty sky, moody blue black cosmic background, small grey ground below the figure, realistic sci fi landscape, balanced crop",1,"[0, 0, 0, 2, 1, 4]",0.8327105045318604,0.43790286779403687,0.011021552607417107,0.10498358256135626,0.7336209596890055,0.6330142550998265,0.0430996807379747,0.9569003192620253,0.9644654731651974,0.8126646211696703,0.8126646211696703,0.5,0.0,0.0,0.6142203397285159,0.7820714089639151,0.714976958824518,0.8111429630252666,0.42192091895456785,0.7825958588510538,0.6301353190391435,0.7073044153073687,False,1,0.7073044153073687,585
7836.png,00601,"small space explorer at bottom edge, diagonal pink white cosmic dust stripe in empty sky, moody blue black cosmic background, small rim-lit grey ground below the figure, moody high contrast digital painting, tight square crop",1,"[0, 2, 0, 0, 2, 2]",0.8557258248329163,0.4457326829433441,0.014584841206669807,0.12076771591228265,0.6961909328202474,0.7612050374348959,0.04529318048247558,0.9547068195175245,0.9905313827383403,0.8747959302245049,0.8747959302245049,0.5,0.0,0.0,0.7129591178146253,0.7543118340898252,0.5550071156414931,0.7377880165529807,0.7422529582310069,0.7172457684585012,0.9426300232615871,0.7068998179670299,False,1,0.7068998179670299,586
7836.png,00835,"tiny space explorer at bottom edge, sloping pink white cosmic dust stripe across empty sky, moody blue black cosmic background, tiny rim-lit grey ground below the explorer, moody high contrast digital painting",1,"[2, 1, 0, 1, 2, 0]",0.8223903179168701,0.45061585307121277,0.01207562442868948,0.10988914609136555,0.7114962658021556,0.8146752251519098,0.04428519367839937,0.9557148063216007,0.948791546844683,0.8908623428998563,0.8908623428998563,0.5,0.0,0.0,0.5699453697235142,0.736999199729679,0.6652598022868171,0.7677832363150455,0.875867980776971,0.7472763298597604,0.4422263202839193,0.7068446902896208,False,1,0.7068446902896208,587
7836.png,00073,"small astronaut at bottom edge, sloping pink white cosmic dust stripe in empty sky, deep blue black cosmic background, small rim-lit grey ground below the figure, dark high contrast digital painting",1,"[1, 0, 2, 0, 0, 0]",0.855109453201294,0.45752230286598206,0.011167645454406738,0.1056770810270928,0.7075173909330219,0.7303048593026621,0.04986353977986549,0.9501364602201345,0.9671925149778497,0.854623450758815,0.854623450758815,0.5,0.0,0.0,0.7103148017261571,0.7125132946941042,0.7079484550514532,0.7599854820129014,0.665037444800165,0.5810828197462213,0.6628288309327431,0.7063419350579109,False,1,0.7063419350579109,588
7836.png,00214,"small space explorer at bottom edge, sloping pink white cosmic dust stripe in empty sky, moody blue black cosmic background, small rim-lit grey ground below the figure, dark sci fi concept art, tight square crop",1,"[0, 0, 0, 0, 3, 2]",0.8563547134399414,0.44513362646102905,0.014415024779736996,0.12006258692755623,0.6806480896687086,0.7676018608940973,0.04011984706047032,0.9598801529395297,0.9722180612303389,0.8758225031772469,0.8758225031772469,0.5,0.0,0.0,0.7156571333884989,0.7564357096804392,0.5621534929941573,0.7073273270267354,0.7582377854256903,0.8713728922962931,0.7230782761063711,0.7063273994873401,False,1,0.7063273994873401,589
7836.png,00142,"small space explorer at bottom edge, diagonal pink white cosmic dust stripe in empty sky, moody blue black cosmic background, small rim-lit grey ground below the figure, moody high contrast digital painting",1,"[0, 2, 0, 0, 2, 0]",0.8540042042732239,0.44495636224746704,0.014701358042657375,0.12124915687400624,0.6992423586709406,0.7549285888671875,0.044867627934295634,0.9551323720657043,0.9907035690061372,0.8721549090144582,0.8721549090144582,0.5,0.0,0.0,0.7055731371648513,0.7570641765235302,0.5501277831221509,0.7437681666802195,0.7265689321841694,0.7299240911070705,0.9446943017658677,0.7062658427290456,False,1,0.7062658427290456,590
7836.png,00821,"tiny space explorer at bottom edge, sloping pink white cosmic dust stripe in empty sky, deep blue black cosmic background, small rim-lit grey ground below the figure, moody high contrast digital painting",1,"[2, 0, 2, 0, 2, 0]",0.8325198888778687,0.44910895824432373,0.01343663688749075,0.11591650826129447,0.7134815135063056,0.7683207194010416,0.045169765729127495,0.9548302342708725,0.9829651659193634,0.8765279389091468,0.8765279389091468,0.5,0.0,0.0,0.6134025732793407,0.7423416961969302,0.6041733834322629,0.77167390247948,0.760034119040995,0.7209226165216441,0.8519214032422336,0.7061430518028411,False,1,0.7061430518028411,591
7836.png,00998,"small space explorer at bottom edge, sloping pink white cosmic dust stripe in empty sky, dark cosmic background, tiny rim-lit grey ground below the explorer, realistic sci fi landscape, tight square crop",1,"[0, 0, 3, 1, 1, 2]",0.8171567320823669,0.41145917773246765,0.009727751836180687,0.09862936599299768,0.67041468898931,0.6590802228009259,0.04012911253461803,0.959870887465382,0.9642257764251909,0.8253860661583385,0.8253860661583385,0.5,0.0,0.0,0.5474925920281324,0.8758240174499926,0.7793759983784787,0.6872720232542099,0.4870563712648759,0.8710968496048817,0.6272616820512911,0.7057804356152201,False,1,0.7057804356152201,592
7836.png,00150,"small space explorer at bottom edge, broad pale pink cosmic dust stripe in empty sky, moody blue black cosmic background, small rim-lit grey ground below the figure, dark high contrast digital painting, square crop",1,"[0, 3, 0, 0, 0, 1]",0.8825925588607788,0.4578121602535248,0.013187434524297714,0.11483655569677155,0.6653382861690644,0.7124447292751735,0.040584648649276835,0.9594153513507232,0.9721265269915995,0.8508208065449011,0.8508208065449011,0.5,0.0,0.0,0.8282209718481727,0.711485643632251,0.6151185420007376,0.6773233459941973,0.6204073101739984,0.8575252381448604,0.7219809054283659,0.7050028231216299,False,1,0.7050028231216299,593
7836.png,00091,"small space explorer at bottom edge, sloping pink white cosmic dust stripe in empty sky, moody blue black cosmic background, tiny rim-lit grey ground below the explorer, realistic sci fi landscape, tight square crop",1,"[0, 0, 0, 1, 1, 2]",0.9015834331512451,0.43870824575424194,0.010299015790224075,0.10148406668154403,0.6689841533755658,0.5755140516493056,0.039740068274181,0.960259931725819,0.9283806520858389,0.780748429763392,0.780748429763392,0.5,0.0,0.0,0.9096943425290719,0.7792160478395554,0.7504440316161458,0.6844684756174196,0.2782354129095944,0.8826874949423176,0.19752753075261803,0.7046159145591882,False,1,0.7046159145591882,594
7836.png,00935,"small space explorer at bottom edge, sloping pink white cosmic dust stripe in empty sky, moody blue black cosmic background, thin grey ground below the figure, realistic sci fi landscape, centered crop",1,"[0, 0, 0, 3, 1, 3]",0.8397464752197266,0.4420550763607025,0.011513520032167435,0.10730107190595738,0.7325457396391005,0.6338472719545717,0.04402034632103975,0.9559796536789602,0.9657293253736423,0.8129700162419218,0.8129700162419218,0.5,0.0,0.0,0.6444055876104547,0.7673503022198573,0.6914895491079488,0.8090357588417574,0.4240025193861395,0.7551668248493613,0.6452871832374993,0.7031532347493594,False,1,0.7031532347493594,595
7836.png,00923,"small space explorer at bottom edge, sloping pink white cosmic dust stripe in empty sky, moody blue black cosmic background, tiny rim-lit grey ground below the explorer, realistic sci fi landscape, clean centered framing",1,"[0, 0, 0, 1, 1, 5]",0.8744644522666931,0.44483333826065063,0.00984011497348547,0.09919735366170546,0.6956374671081985,0.6185873526114004,0.042651079119019025,0.957348920880981,0.9242976952748421,0.7982959700384419,0.7982959700384419,0.5,0.0,0.0,0.793350316008686,0.7575003418107326,0.7736195278600804,0.7367033406636487,0.3858699719958366,0.7959608735598511,0.14857844737514464,0.7026098843750492,False,1,0.7026098843750492,596
7836.png,00688,"small astronaut at bottom edge, sloping pink white cosmic dust stripe in empty sky, moody blue black cosmic background, narrow rim-lit ground below the character, dark high contrast digital painting",1,"[1, 0, 0, 5, 0, 0]",0.8568730354309082,0.45974719524383545,0.011556466110050678,0.10750100515832714,0.7205700588954194,0.6993476019965278,0.05230392170246462,0.9476960782975354,0.9795775249053237,0.8423155532836397,0.8423155532836397,0.5,0.0,0.0,0.7178808035079572,0.7046252327958258,0.6894632553408104,0.7855659541578832,0.5876792979611896,0.5083774640086531,0.811308207921978,0.7016312201915074,False,1,0.7016312201915074,597
7836.png,00911,"small space traveler at bottom edge, sloping pink white cosmic dust stripe across empty sky, moody blue black cosmic background, tiny rim-lit grey ground below the explorer, dark high contrast digital painting",1,"[4, 1, 0, 1, 0, 0]",0.8058122396469116,0.44494128227233887,0.010524204932153225,0.10258754764664776,0.683029509863439,0.7873574716073496,0.04064236972245228,0.9593576302775477,0.9498626190573457,0.8800585566319181,0.8800585566319181,0.5,0.0,0.0,0.4988232141341137,0.7571176405824751,0.7392604162082883,0.7119944075908233,0.8076044789714579,0.8558055765132467,0.4550670152674453,0.7013487405988293,False,1,0.7013487405988293,598
7836.png,00051,"small space explorer at bottom edge, sloping pink white cosmic dust stripe across empty sky, moody blue black cosmic background, small rim-lit grey ground below the figure, moody high contrast digital painting",1,"[0, 1, 0, 0, 2, 0]",0.8694042563438416,0.44370532035827637,0.0149997528642416,0.12247347820749438,0.681966248468155,0.7443412498191551,0.04360335740875553,0.9563966425912445,0.9786103296878892,0.8654144532631332,0.8654144532631332,0.5,0.0,0.0,0.7716414040420881,0.7614995802120431,0.5377194685590816,0.7099106398443938,0.7001125532933489,0.7675900144023962,0.7997128564323461,0.7008301882908401,False,1,0.7008301882908401,599
7836.png,00642,"small space explorer at bottom edge, broad pale pink cosmic dust stripe in empty sky, moody blue black cosmic background, small grey ground below the figure, realistic sci fi landscape",1,"[0, 3, 0, 2, 1, 0]",0.8505700826644897,0.44814178347587585,0.011298845522105694,0.10629602778140722,0.6973394268855371,0.6617821587456597,0.043852893021738,0.956147106978262,0.9682685153980349,0.8261071619575455,0.8261071619575455,0.5,0.0,0.0,0.6908402997760987,0.7457706865228941,0.7016755217820122,0.7400388223292753,0.4938081566538484,0.7601556962970728,0.6757286084028317,0.6998253716751168,False,1,0.6998253716751168,600
7836.png,00427,"tiny space explorer at bottom edge, sloping pink white cosmic dust stripe across empty sky, moody blue black cosmic background, small rim-lit grey ground below the figure, dark high contrast digital painting, tight square crop",1,"[2, 1, 0, 0, 0, 2]",0.8590585589408875,0.4463493525981903,0.014473743736743927,0.12030687318995506,0.6888669651729563,0.7706417507595487,0.0462175925106981,0.9537824074893019,0.977155292592866,0.8760436889816258,0.8760436889816258,0.5,0.0,0.0,0.7272569893715933,0.752125513323645,0.5596776880691174,0.7234345869758244,0.7658340735677701,0.6897051180637349,0.7822689462029315,0.6997803053087691,False,1,0.6997803053087691,601
7836.png,00560,"small space explorer at bottom edge, sloping pink white cosmic dust stripe across empty sky, moody blue black cosmic background, thin grey ground below the figure, moody high contrast digital painting",1,"[0, 1, 0, 3, 2, 0]",0.8655191659927368,0.4443231523036957,0.016072260215878487,0.12677641821679017,0.6928174136495777,0.7454664442274305,0.04378888050181045,0.9562111194981896,0.98760784693476,0.867655361113662,0.867655361113662,0.5,0.0,0.0,0.7549738509077258,0.7593091386982368,0.49410981174681123,0.7311766315530341,0.7029242673091287,0.7620627965709668,0.9075808164169171,0.6987738480033721,False,1,0.6987738480033721,602
7836.png,00391,"small astronaut at bottom edge, sloping pink white cosmic dust stripe across empty sky, dark cosmic background, small rim-lit grey ground below the figure, dark high contrast digital painting",1,"[1, 1, 3, 0, 0, 0]",0.8674975037574768,0.47208261489868164,0.01005412358790636,0.1002702527567691,0.6974485233070329,0.6768533212167244,0.05117035310243859,0.9488296468975614,0.9729102975255152,0.8312564304667756,0.8312564304667756,0.5,0.0,0.0,0.7634611824319832,0.6608916325789266,0.762745855155176,0.7402526282714191,0.5314690252489372,0.5421494353360145,0.7313772451374009,0.6986852519406207,False,1,0.6986852519406207,603
7836.png,00407,"tiny space explorer at bottom edge, sloping pink white cosmic dust stripe in empty sky, moody blue black cosmic background, small rim-lit grey ground below the figure, dark high contrast digital painting, centered crop",1,"[2, 0, 0, 0, 0, 3]",0.8358476758003235,0.45222288370132446,0.013761504553258419,0.1173094393186602,0.7065307268114415,0.7622872811776621,0.04490920333850069,0.9550907966614993,0.9798503319782509,0.8732811217571229,0.8732811217571229,0.5,0.0,0.0,0.6276792207539816,0.7313016850054024,0.5900562344030778,0.7580518287436042,0.7449573441376964,0.7286854511529441,0.8145787926420299,0.6979153894871405,False,1,0.6979153894871405,604
7836.png,00387,"small astronaut at bottom edge, sloping pink white cosmic dust stripe across empty sky, empty dark blue starfield, small grey ground below the figure, dark high contrast digital painting",1,"[1, 1, 1, 2, 0, 0]",0.844694972038269,0.48108088970184326,0.01053618174046278,0.1026459046453524,0.7034987154599394,0.7317962646484375,0.05010471712513577,0.9498952828748642,0.9827715443216075,0.8583259769623208,0.8583259769623208,0.5,0.0,0.0,0.6656352955977674,0.6289894384181739,0.7386689767086425,0.7521097269339354,0.6687642721671381,0.57389751628149,0.8496001443676092,0.6971945160810397,False,1,0.6971945160810397,605
7836.png,00698,"small astronaut at bottom edge, sloping pink white cosmic dust stripe in empty sky, empty dark blue starfield, small grey ground below the figure, dark high contrast digital painting, tight square crop",1,"[1, 0, 1, 2, 0, 2]",0.7966576814651489,0.46917030215263367,0.009681574068963528,0.09839499006028471,0.7161797784846445,0.7387463604962384,0.04576595951021889,0.9542340404897811,0.979690656258827,0.8623559076464961,0.8623559076464961,0.5,0.0,0.0,0.4595489447795406,0.6712168525476047,0.7817513635865894,0.7769619318936214,0.6861316548723431,0.7031604455510392,0.8126644985494776,0.6966554836552993,False,1,0.6966554836552993,606
7836.png,00273,"small space explorer at bottom edge, sloping pink white cosmic dust stripe across empty sky, moody blue black cosmic background, tiny rim-lit grey ground below the explorer, realistic sci fi landscape, tight square crop",1,"[0, 1, 0, 1, 1, 2]",0.8840110301971436,0.4321862757205963,0.01032890472561121,0.10163121924689879,0.6736990884085892,0.5885913990162037,0.04066388557058461,0.9593361144294154,0.9223982216723748,0.7851134139420619,0.7851134139420619,0.5,0.0,0.0,0.8343064021037924,0.8023388306924272,0.7489526622593101,0.6937087523658292,0.31091399770374334,0.8551645631628473,0.12580634959295456,0.696554864121493,False,1,0.696554864121493,607
7836.png,00681,"small astronaut at bottom edge, sloping pink white cosmic dust stripe in empty sky, moody blue black cosmic background, small grey ground below the figure, moody high contrast digital painting, square crop",1,"[1, 0, 0, 2, 2, 1]",0.8426051139831543,0.4428439736366272,0.014394473284482956,0.11997696980872186,0.673415892227451,0.8007784242983217,0.04273232799017401,0.957267672009826,0.9716387312547766,0.8897217223886391,0.8897217223886391,0.5,0.0,0.0,0.6566695272297305,0.764553371183633,0.5630212097556171,0.6931537476691619,0.8411416886383309,0.7935402573333918,0.7161328998534329,0.6964625855358855,False,1,0.6964625855358855,608
7836.png,00157,"small astronaut at bottom edge, sloping pink white cosmic dust stripe in empty sky, moody blue black cosmic background, small rim-lit grey ground below the figure, moody high contrast digital painting, square crop",1,"[1, 0, 0, 0, 2, 1]",0.8477904796600342,0.4526112973690033,0.014099889434874058,0.11874295530630041,0.6710871215868283,0.817159582067419,0.0446311937576461,0.9553688062423539,0.9722188627910509,0.8965446666733725,0.8965446666733725,0.5,0.0,0.0,0.6789154340503835,0.7299246156768877,0.5755277631436972,0.6885898491101764,0.8820760645606821,0.7369680831816863,0.7230878857260502,0.6956418898933938,False,1,0.6956418898933938,609
7836.png,00948,"small space explorer at bottom edge, sloping pink white cosmic dust stripe in empty sky, empty dark blue starfield, small rim-lit grey ground below the figure, dark sci fi concept art, centered crop",1,"[0, 0, 1, 0, 3, 3]",0.7964959144592285,0.4611029326915741,0.01107647642493248,0.10524484037202242,0.7204957659373118,0.7584149395978009,0.04496281251220758,0.9550371874877924,0.9781329013393408,0.8711763187076059,0.8711763187076059,0.5,0.0,0.0,0.4588549428586333,0.6998186448403696,0.7123291497827784,0.785420355652588,0.7352808677760062,0.7270882937534967,0.7939891417026383,0.695517612404055,False,1,0.695517612404055,610
7836.png,00797,"tiny space explorer at bottom edge, sloping pink white cosmic dust stripe in empty sky, moody blue black cosmic background, small rim-lit grey ground below the figure, dark sci fi concept art, square crop",1,"[2, 0, 0, 0, 3, 1]",0.8475139737129211,0.4550768733024597,0.015114133246243,0.12293955118774023,0.6746848948703041,0.7726593017578125,0.03869134739029329,0.9613086526097067,0.98165001659768,0.880484717523949,0.880484717523949,0.5,0.0,0.0,0.6777291868465923,0.7211832420394024,0.5329958882456018,0.6956407248029501,0.7708756702711024,0.9139316310451046,0.8361545566208037,0.6949400344951975,False,1,0.6949400344951975,611
7836.png,00088,"small space explorer at bottom edge, sloping pink white cosmic dust stripe in empty sky, moody blue black cosmic background, small rim-lit grey ground below the figure, dark sci fi concept art, square crop",1,"[0, 0, 0, 0, 3, 1]",0.8981931209564209,0.4637365937232971,0.01593869924545288,0.12624856135993345,0.6631508353047064,0.7611880832248265,0.04293529063913033,0.9570647093608696,0.9725637163986905,0.8720200290072143,0.8720200290072143,0.5,0.0,0.0,0.8951494533392386,0.6904813477000206,0.49945956245767287,0.6730364043462962,0.7422105918721554,0.7874934695510536,0.7272222101323024,0.694891730944445,False,1,0.694891730944445,612
7836.png,00328,"small space explorer at bottom edge, broad pale pink cosmic dust stripe in empty sky, empty dark blue starfield, small rim-lit grey ground below the figure, dark high contrast digital painting, square crop",1,"[0, 3, 1, 0, 0, 1]",0.8704620599746704,0.501854658126831,0.011266340501606464,0.1061430190903126,0.6582633592080566,0.7575497097439235,0.044223656247379055,0.955776343752621,0.9858158654681959,0.872582262791822,0.872582262791822,0.5,0.0,0.0,0.7761795219825236,0.5553387877943878,0.7032262421019599,0.6634579835583171,0.7331187712626162,0.7491096907661321,0.8860974027345864,0.694871802206796,False,1,0.694871802206796,613
7836.png,00938,"small space explorer at bottom edge, sloping pink white cosmic dust stripe in empty sky, moody blue black cosmic background, thin grey ground below the figure, cinematic sci fi painting",1,"[0, 0, 0, 3, 4, 0]",0.8704172372817993,0.4514399468898773,0.014082645997405052,0.11867032483904749,0.7022630463008231,0.6756297923900464,0.04630219890809269,0.9536978010919073,0.9844365082165256,0.8347149386009936,0.8347149386009936,0.5,0.0,0.0,0.7759872266824048,0.7340774840025182,0.5762638621235046,0.749688076387377,0.528411586351819,0.687184472355256,0.8695607906064639,0.6943803740428675,False,1,0.6943803740428675,614
7836.png,00706,"small astronaut at bottom edge, sloping pink white cosmic dust stripe in empty sky, deep blue black cosmic background, small rim-lit grey ground below the figure, moody high contrast digital painting, square crop",1,"[1, 0, 2, 0, 2, 1]",0.8647230863571167,0.46417662501335144,0.013562309555709362,0.11645732933443632,0.6794719714103451,0.7739698621961807,0.04613401444506176,0.9538659855549383,0.969678215558422,0.8760751760441942,0.8760751760441942,0.5,0.0,0.0,0.7515585636359359,0.6889212749128251,0.5986922423181391,0.7050223836669607,0.7741505898103261,0.6921951270814553,0.692628990621467,0.694016871157247,False,1,0.694016871157247,615
7836.png,00666,"small space explorer at bottom edge, wide sloping cosmic dust band in empty sky, moody blue black cosmic background, tiny rim-lit grey ground below the explorer, dark high contrast digital painting",1,"[0, 5, 0, 1, 0, 0]",0.9053711295127869,0.4469628930091858,0.01127841230481863,0.10619986960829392,0.6240442068203198,0.5496656629774306,0.0378888883143542,0.9621111116856458,0.981668383172774,0.7804221140643746,0.7804221140643746,0.5,0.0,0.0,0.9259440625246123,0.7499502868779969,0.7026500705603143,0.5963956728490354,0.21364366220454759,0.9378389842510554,0.8363747468058221,0.6935824597900015,False,1,0.6935824597900015,616
7836.png,00200,"tiny space explorer at bottom edge, sloping pink white cosmic dust stripe across empty sky, moody blue black cosmic background, small rim-lit grey ground below the figure, dark high contrast digital painting, square crop",1,"[2, 1, 0, 0, 0, 1]",0.8447510600090027,0.44545865058898926,0.014477432705461979,0.12032220370929872,0.691138765330197,0.7793081778067129,0.0465260746390219,0.9534739253609781,0.976842361278421,0.8797730261450474,0.8797730261450474,0.5,0.0,0.0,0.6658759204347511,0.755283379587845,0.5595223155364104,0.7278868354210217,0.7874903440007116,0.6805146292018208,0.7785173265529417,0.6928714261186976,False,1,0.6928714261186976,617
7836.png,00852,"tiny space explorer at bottom edge, diagonal pink white cosmic dust stripe in empty sky, moody blue black cosmic background, tiny rim-lit grey ground below the explorer, dark high contrast digital painting, square crop",1,"[2, 2, 0, 1, 0, 1]",0.7857404351234436,0.4657324552536011,0.01166540291160345,0.10800649476584012,0.7369673521205324,0.7642437970196759,0.04398007872029321,0.9560199212797068,0.9784083957218619,0.874198360251124,0.874198360251124,0.5,0.0,0.0,0.4127125093206964,0.6834052844044918,0.6843401933742974,0.8177011853463627,0.7498464219491632,0.7563665019203428,0.7972919435994716,0.6922348339534665,False,1,0.6922348339534665,618
7836.png,00546,"small space explorer at bottom edge, sloping pink white cosmic dust stripe across empty sky, moody blue black cosmic background, small rim-lit grey ground below the figure, dark sci fi concept art, tight square crop",1,"[0, 1, 0, 0, 3, 2]",0.8918771743774414,0.45954471826553345,0.01620749570429325,0.12730866311564681,0.6540245147021776,0.7552693684895834,0.039837216503078234,0.9601627834969217,0.9722541272270624,0.8703790154896476,0.8703790154896476,0.5,0.0,0.0,0.8680532044272924,0.7053430881643463,0.4887155888831235,0.6551507436804684,0.7274204959970852,0.8797931952936261,0.7235106582163051,0.6918916495000595,False,1,0.6918916495000595,619
7836.png,00617,"small space explorer at bottom edge, diagonal pink white cosmic dust stripe in empty sky, empty dark blue starfield, small rim-lit grey ground below the figure, dark sci fi concept art",1,"[0, 2, 1, 0, 3, 0]",0.7401583194732666,0.4683370590209961,0.009223449975252151,0.0960387941159829,0.7630517803394807,0.7537039297598379,0.04652252895419357,0.9534774710458064,0.9857432531809581,0.870032533894151,0.870032533894151,0.5,0.0,0.0,0.21715918470884138,0.6741710059547973,0.8056310589324422,0.8688211549491155,0.7235086688631269,0.6806202644199756,0.8852268804472437,0.6918421058372412,False,1,0.6918421058372412,620
7836.png,00850,"tiny space explorer at bottom edge, diagonal pink white cosmic dust stripe in empty sky, moody blue black cosmic background, small rim-lit grey ground below the figure, realistic sci fi landscape, square crop",1,"[2, 2, 0, 0, 1, 1]",0.8627138137817383,0.45494985580444336,0.012695157900452614,0.11267279130496685,0.6876600868252304,0.6746927897135416,0.04332624938870896,0.956673750611291,0.9700776318866993,0.8324630944623855,0.8324630944623855,0.5,0.0,0.0,0.7429385176691764,0.7216335657928075,0.6370479721915752,0.7210693603382263,0.5260701389192906,0.7758457865783184,0.6974174476295129,0.6917905362035464,False,1,0.6917905362035464,621
7836.png,00303,"small space explorer at bottom edge, diagonal pink white cosmic dust stripe in empty sky, moody blue black cosmic background, small rim-lit grey ground below the figure, realistic sci fi landscape, tight square crop",1,"[0, 2, 0, 0, 1, 2]",0.8180800676345825,0.4548461437225342,0.01054410170763731,0.10268447646863332,0.7317960595082207,0.6274905734592015,0.04328208437521622,0.9567179156247838,0.9686999148279247,0.8109620114908999,0.8109620114908999,0.5,0.0,0.0,0.5514538240682116,0.7220012632732979,0.7382780570183214,0.8075665441370806,0.40811795924073846,0.7771615777614168,0.6809004991771342,0.6915964689660192,False,1,0.6915964689660192,622
7836.png,00410,"tiny space explorer at bottom edge, sloping pink white cosmic dust stripe in empty sky, moody blue black cosmic background, small rim-lit grey ground below the figure, dark sci fi concept art",1,"[2, 0, 0, 0, 3, 0]",0.8172406554222107,0.46223756670951843,0.014003626070916653,0.11833691761625639,0.6929138540092508,0.7784175166377315,0.038249940378557126,0.9617500596214429,0.9823203765966199,0.8833644786738081,0.8833644786738081,0.5,0.0,0.0,0.5478526342921846,0.6957959498756485,0.5796428947228998,0.7313656342872932,0.7852646979490446,0.9270822996007705,0.8441912586972623,0.6915281214369862,False,1,0.6915281214369862,623
7836.png,00639,"small space explorer at bottom edge, broad pale pink cosmic dust stripe in empty sky, moody blue black cosmic background, tiny rim-lit grey ground below the explorer, realistic sci fi landscape, square crop",1,"[0, 3, 0, 1, 1, 1]",0.8390060663223267,0.43035194277763367,0.00952999945729971,0.09762171611531785,0.6696069813586272,0.6103464762369791,0.04002672389114406,0.959973276108856,0.9468721911690847,0.8000209991785572,0.8000209991785572,0.5,0.0,0.0,0.6412291351928016,0.8088422157281118,0.7895883799728332,0.6856890869068291,0.3652770971700683,0.8741472749003355,0.41921586356224955,0.691436380989212,False,1,0.691436380989212,624
7836.png,00170,"small astronaut at bottom edge, sloping pink white cosmic dust stripe in empty sky, empty dark blue starfield, small grey ground below the figure, dark high contrast digital painting",1,"[1, 0, 1, 2, 0, 0]",0.8379722833633423,0.49057191610336304,0.010468906722962856,0.10231767551583087,0.7049681695878227,0.7403875280309608,0.050431879108240776,0.9495681208917592,0.9844135362944721,0.8624059371849425,0.8624059371849425,0.5,0.0,0.0,0.6367940691219777,0.5953402585843097,0.741995530103136,0.7549895466378409,0.6902327184091718,0.564150505723354,0.8692853885926811,0.6907646084219645,False,1,0.6907646084219645,625
7836.png,00772,"small astronaut at bottom edge, diagonal pink white cosmic dust stripe in empty sky, empty dark blue starfield, tiny rim-lit grey ground below the explorer, dark high contrast digital painting, square crop",1,"[1, 2, 1, 1, 0, 1]",0.8385072350502014,0.5078108310699463,0.009572490118443966,0.09783910321770108,0.7030190983012637,0.783749050564236,0.05192214814948533,0.9480778518505146,0.9717354284177746,0.8788614065851412,0.8788614065851412,0.5,0.0,0.0,0.6390890828434747,0.5342219637539039,0.7873851940325537,0.7511697786104891,0.7985875055958898,0.5197514959679561,0.7172921669515333,0.6906415056159053,False,1,0.6906415056159053,626
7836.png,00213,"small space explorer at bottom edge, sloping pink white cosmic dust stripe in empty sky, moody blue black cosmic background, small rim-lit grey ground below the figure, moody high contrast digital painting, centered crop",1,"[0, 0, 0, 0, 2, 3]",0.8454722762107849,0.4477415680885315,0.014210407622158527,0.11920741429189095,0.6864182174085214,0.7539435492621528,0.04424318713760237,0.9557568128623977,0.9754200639717603,0.86887349446416,0.86887349446416,0.5,0.0,0.0,0.668970033641449,0.7471895972888439,0.5708205404259226,0.718635558596441,0.7241074467348954,0.748527814499795,0.7614659217318627,0.6903465009718537,False,1,0.6903465009718537,627
7836.png,00339,"small astronaut at bottom edge, sloping pink white cosmic dust stripe in empty sky, moody blue black cosmic background, small rim-lit grey ground below the figure, moody high contrast digital painting, tight square crop",1,"[1, 0, 0, 0, 2, 2]",0.8773702383041382,0.4519180655479431,0.014855176210403442,0.12188181246766656,0.6596696699918856,0.7714289912471064,0.04792420799361962,0.9520757920063804,0.9827245051888177,0.8769144743011945,0.8769144743011945,0.5,0.0,0.0,0.8058165236896558,0.7323823774854183,0.5437159128055102,0.6662140556453847,0.7678012848304425,0.6388605823605285,0.8490362093226117,0.689921084661705,False,1,0.689921084661705,628
7836.png,00268,"small space explorer at bottom edge, sloping pink white cosmic dust stripe across empty sky, moody blue black cosmic background, small rim-lit grey ground below the figure, realistic sci fi landscape, centered crop",1,"[0, 1, 0, 0, 1, 3]",0.8330862522125244,0.4491967260837555,0.010481422767043114,0.1023788199142924,0.7201165302324484,0.6521075213396991,0.04740718399534712,0.9525928160046528,0.9552438531717553,0.8179046408388442,0.8179046408388442,0.5,0.0,0.0,0.615832347138022,0.7420305269210556,0.7413758407216574,0.7846771337754523,0.46963250008120216,0.6542640785801794,0.5195806727792016,0.6896368859811042,False,1,0.6896368859811042,629
7836.png,00141,"small space explorer at bottom edge, diagonal pink white cosmic dust stripe in empty sky, moody blue black cosmic background, small rim-lit grey ground below the figure, realistic sci fi landscape, square crop",1,"[0, 2, 0, 0, 1, 1]",0.8165780305862427,0.45329520106315613,0.010839294642210007,0.10411193323634907,0.7324097093989659,0.6373703568070024,0.04391752927749087,0.9560824707225092,0.9682422094716718,0.8150939672103636,0.8150939672103636,0.5,0.0,0.0,0.5450098858195513,0.7274999255095622,0.723810995051398,0.8087691683042011,0.43280624875548834,0.7582300133027291,0.675413236224659,0.6895993079707836,False,1,0.6895993079707836,630
7836.png,00757,"small astronaut at bottom edge, sloping pink white cosmic dust stripe across empty sky, dark cosmic background, tiny rim-lit grey ground below the explorer, dark high contrast digital painting",1,"[1, 1, 3, 1, 0, 0]",0.8630690574645996,0.4830772280693054,0.010052703320980072,0.10026317031183521,0.6661800692981065,0.7524702284071182,0.05255230183756014,0.9474476981624399,0.9720226609759222,0.8646228293352416,0.8646228293352416,0.5,0.0,0.0,0.7444625602073516,0.6219116845595164,0.7628176346808704,0.6789730631207348,0.7204258101506975,0.5009775706095768,0.720735693564311,0.6886666169166724,False,1,0.6886666169166724,631
7836.png,00121,"small space explorer at bottom edge, sloping pink white cosmic dust stripe across empty sky, moody blue black cosmic background, small rim-lit grey ground below the figure, realistic sci fi landscape, tight square crop",1,"[0, 1, 0, 0, 1, 2]",0.8470683693885803,0.4469746947288513,0.010744716972112656,0.10365672661295386,0.7054326381732567,0.6626033076533564,0.04859027630113333,0.9514097236988667,0.9518530304008684,0.8215354978187874,0.8215354978187874,0.5,0.0,0.0,0.6758174851661565,0.7499084454405618,0.728424446454869,0.7558998069575045,0.49586010063422414,0.6190166666214185,0.47892933253397973,0.6885995046914951,False,1,0.6885995046914951,632
7836.png,00122,"small space explorer at bottom edge, sloping pink white cosmic dust stripe across empty sky, moody blue black cosmic background, small rim-lit grey ground below the figure, moody high contrast digital painting, square crop",1,"[0, 1, 0, 0, 2, 1]",0.8626689910888672,0.4426233768463135,0.015255765989422798,0.12351423395472604,0.6719200215355489,0.7516519052010997,0.04365479283215155,0.9563452071678484,0.972793214452697,0.8675228227397812,0.8675228227397812,0.5,0.0,0.0,0.7427462223690576,0.7653354679510438,0.5271715639022378,0.6902221570796415,0.7183809272301303,0.7660576187060955,0.7299735787851059,0.6885067894432755,False,1,0.6885067894432755,633
7836.png,00815,"tiny space explorer at bottom edge, sloping pink white cosmic dust stripe in empty sky, empty dark blue starfield, tiny rim-lit grey ground below the explorer, moody high contrast digital painting",1,"[2, 0, 1, 1, 2, 0]",0.7585023045539856,0.48632365465164185,0.009716082364320755,0.09857019003898063,0.7528790402029045,0.8338888662832754,0.04765483500381121,0.9523451649961888,0.9587193761145473,0.9003146727990494,0.9003146727990494,0.5,0.0,0.0,0.2958573148416172,0.6104019081386034,0.7799757378683734,0.8488847330274452,0.923880363051451,0.6468859077691255,0.5612474525621385,0.6882954608668065,False,1,0.6882954608668065,634
7836.png,00204,"tiny space explorer at bottom edge, diagonal pink white cosmic dust stripe in empty sky, moody blue black cosmic background, small rim-lit grey ground below the figure, dark high contrast digital painting",1,"[2, 2, 0, 0, 0, 0]",0.8526294231414795,0.45419901609420776,0.0155279990285635,0.12461139204969784,0.6938970849879014,0.7565008092809608,0.046545792424762915,0.9534542075752371,0.9935352120118159,0.8728413792301284,0.8728413792301284,0.5,0.0,0.0,0.6996751436844802,0.7242955687593232,0.5160520298424647,0.7332925593216166,0.7304977058616684,0.6799271848295375,0.9786418392972208,0.6882914043275404,False,1,0.6882914043275404,635
7836.png,00644,"small space explorer at bottom edge, broad pale pink cosmic dust stripe in empty sky, empty dark blue starfield, small rim-lit grey ground below the figure, dark high contrast digital painting, tight square crop",1,"[0, 3, 1, 0, 0, 2]",0.8540278673171997,0.5027055740356445,0.011192191392183304,0.1057931538058267,0.6620602926124216,0.7471098723234953,0.042652124497536345,0.9573478755024637,0.9882615145963514,0.8689235018907056,0.8689235018907056,0.5,0.0,0.0,0.7056746547634513,0.552321977891238,0.7067720747080377,0.6708991710202612,0.7070309796938041,0.7959297290015845,0.9154174001354165,0.6880618329265497,False,1,0.6880618329265497,636
7836.png,00359,"small astronaut at bottom edge, sloping pink white cosmic dust stripe in empty sky, empty dark blue starfield, small grey ground below the figure, dark high contrast digital painting, square crop",1,"[1, 0, 1, 2, 0, 1]",0.8128862977027893,0.471538782119751,0.01062663272023201,0.10308556019264778,0.6981862936599237,0.7544939959490741,0.04690745094697856,0.9530925490530214,0.9755346693261905,0.8682116242108789,0.8682116242108789,0.5,0.0,0.0,0.5291718618787864,0.6628197198271991,0.7342131331477885,0.7416985023268908,0.7254829411856084,0.6691524322099921,0.7628398836200706,0.6869969743476699,False,1,0.6869969743476699,637
7836.png,00464,"small space explorer at bottom edge, sloping pink white cosmic dust stripe in empty sky, moody blue black cosmic background, small rim-lit grey ground below the figure, moody high contrast digital painting, balanced crop",1,"[0, 0, 0, 0, 2, 4]",0.8600826859474182,0.4539148807525635,0.014884859323501587,0.12200352176679814,0.6775316870180609,0.7530314127604166,0.044100527041657,0.955899472958343,0.9751983163834161,0.8684686145542907,0.8684686145542907,0.5,0.0,0.0,0.7316506301251045,0.7253029330636321,0.5424824071664532,0.7012198360963678,0.7218281366286827,0.7527780316191767,0.7588074705914105,0.686683563944603,False,1,0.686683563944603,638
7836.png,00323,"small space explorer at bottom edge, broad pale pink cosmic dust stripe in empty sky, moody blue black cosmic background, small rim-lit grey ground below the figure, realistic sci fi landscape, square crop",1,"[0, 3, 0, 0, 1, 1]",0.8702126145362854,0.46198999881744385,0.01108865812420845,0.10530269761125995,0.6795377070639852,0.6122515643084491,0.04117450284307791,0.9588254971569221,0.9558122759588049,0.8022645831354858,0.8022645831354858,0.5,0.0,0.0,0.7751093679519425,0.6966736691200259,0.7117427752709787,0.7051512116630239,0.37003766369301894,0.8399519400489911,0.5263952867182979,0.6864288890600501,False,1,0.6864288890600501,639
7836.png,00527,"small space explorer at bottom edge, sloping pink white cosmic dust stripe in empty sky, dark cosmic background, small rim-lit grey ground below the figure, dark sci fi concept art",1,"[0, 0, 3, 0, 3, 0]",0.8628889918327332,0.454020619392395,0.01200883463025093,0.10958482846749787,0.6994402768684754,0.6518565990306714,0.04802316190967263,0.9519768380903274,0.965001707963034,0.8195277044880235,0.8195277044880235,0.5,0.0,0.0,0.7436900547530182,0.7249280506898448,0.6683440161290098,0.7441560445419416,0.4690054779701997,0.635912486572065,0.6365640428891022,0.6853643801159142,False,1,0.6853643801159142,640
7836.png,00269,"small space explorer at bottom edge, sloping pink white cosmic dust stripe across empty sky, moody blue black cosmic background, small rim-lit grey ground below the figure, moody high contrast digital painting, tight square crop",1,"[0, 1, 0, 0, 2, 2]",0.871218204498291,0.4450209140777588,0.01573781855404377,0.12545046255013878,0.6654567723649688,0.7477055302372685,0.04419254587215158,0.9558074541278484,0.976042463159737,0.8662085901834652,0.8662085901834652,0.5,0.0,0.0,0.7794234823246865,0.7568353165399836,0.5075481751555578,0.6775555539108185,0.7085194511014546,0.7500365501552677,0.7689276390991117,0.6850874615528031,False,1,0.6850874615528031,641
7836.png,00351,"small astronaut at bottom edge, sloping pink white cosmic dust stripe in empty sky, moody blue black cosmic background, faint grey ground below the figure, dark high contrast digital painting",1,"[1, 0, 0, 4, 0, 0]",0.8526467084884644,0.45763880014419556,0.014724655076861382,0.12134518975575992,0.6727148861007161,0.8067310474537037,0.044801748373915054,0.955198251626085,0.9640027565987127,0.8901489107430389,0.8901489107430389,0.5,0.0,0.0,0.6997493001167069,0.7121002689897258,0.5491545041531383,0.6917799237313995,0.8560165172311043,0.7318868153958189,0.62458797851083,0.6847257281530298,False,1,0.6847257281530298,642
7836.png,00465,"small space explorer at bottom edge, sloping pink white cosmic dust stripe in empty sky, moody blue black cosmic background, small rim-lit grey ground below the figure, dark sci fi concept art, centered crop",1,"[0, 0, 0, 0, 3, 3]",0.8731036186218262,0.4595002233982086,0.01469432469457388,0.12122014970529396,0.666687886516163,0.7637504295066552,0.04460016406044058,0.9553998359395595,0.9637675179144086,0.8708311394397223,0.8708311394397223,0.5,0.0,0.0,0.7875121590977668,0.7055008388362924,0.5504217664614273,0.6799682776039851,0.7486135609065838,0.737892538961689,0.6217677875304615,0.6845216558475831,False,1,0.6845216558475831,643
7836.png,00271,"small space explorer at bottom edge, sloping pink white cosmic dust stripe across empty sky, moody blue black cosmic background, small rim-lit grey ground below the figure, cinematic sci fi painting",1,"[0, 1, 0, 0, 4, 0]",0.8754502534866333,0.46161818504333496,0.014073235914111137,0.11863067020847154,0.6824703397934158,0.665151525426794,0.04316024348034115,0.9568397565196588,0.9760849654308591,0.8294290943101097,0.8294290943101097,0.5,0.0,0.0,0.7975795340521222,0.697991885719623,0.5766657559046632,0.7108985523647696,0.5022277643696098,0.7807915364671572,0.7694371833605855,0.6829217886480089,False,1,0.6829217886480089,644
7836.png,00896,"small helmeted explorer at lower edge, diagonal pink white cosmic dust stripe in empty sky, moody blue black cosmic background, tiny rim-lit grey ground below the explorer, dark high contrast digital painting",1,"[3, 2, 0, 1, 0, 0]",0.8556361794471741,0.5082794427871704,0.012326414696872234,0.11102438784732044,0.7069845859799745,0.8066541883680557,0.05355158488706929,0.9464484151129307,0.9793270215090225,0.8901167343569553,0.8901167343569553,0.5,0.0,0.0,0.7125745272143877,0.5325605628391825,0.6537542959889837,0.7589412968471252,0.855824456404311,0.4712063168052897,0.8083050138644605,0.6829083623260531,False,1,0.6829083623260531,645
7836.png,00545,"small space explorer at bottom edge, sloping pink white cosmic dust stripe across empty sky, moody blue black cosmic background, small rim-lit grey ground below the figure, moody high contrast digital painting, centered crop",1,"[0, 1, 0, 0, 2, 3]",0.8709055781364441,0.44971010088920593,0.015481490641832352,0.12442463840346232,0.6701702559184375,0.7454280146846065,0.045174038664164605,0.9548259613358354,0.9726199852289035,0.864155690121396,0.864155690121396,0.5,0.0,0.0,0.7780822737487253,0.7402104243926282,0.5179447502622654,0.686792986065891,0.7028282368957323,0.7207953146190029,0.7278967966609248,0.6821442788577317,False,1,0.6821442788577317,646
7836.png,00663,"small space explorer at bottom edge, soft pink white nebula stripe in empty sky, deep blue black cosmic background, small rim-lit grey ground below the figure, dark high contrast digital painting",1,"[0, 4, 2, 0, 0, 0]",0.8905733227729797,0.44920867681503296,0.01729426719248295,0.13150766970972813,0.6761463708344936,0.6910366482204862,0.042798482517045926,0.9572015174829541,0.9838490539421682,0.8427568336066864,0.8427568336066864,0.5,0.0,0.0,0.8624595080308859,0.7419881571826428,0.4461592817710671,0.6985049089912102,0.5669113088521683,0.7915693410742078,0.8625180150917856,0.6820721579009175,False,1,0.6820721579009175,647
7836.png,00034,"small space explorer at bottom edge, sloping pink white cosmic dust stripe in empty sky, moody blue black cosmic background, tiny rim-lit grey ground below the explorer, realistic sci fi landscape, square crop",1,"[0, 0, 0, 1, 1, 1]",0.8955825567245483,0.4552740156650543,0.010743836872279644,0.10365248126446198,0.6646440669567484,0.5876538311993634,0.040727946168835766,0.9592720538311642,0.9212720873890947,0.78444386035844,0.78444386035844,0.5,0.0,0.0,0.8839497863783328,0.720484299845884,0.7284674724302206,0.675962822975124,0.30857113805925357,0.8532560305100358,0.11230553548244418,0.681763099921477,False,1,0.681763099921477,648
7836.png,00125,"small space explorer at bottom edge, sloping pink white cosmic dust stripe across empty sky, moody blue black cosmic background, tiny rim-lit grey ground below the explorer, realistic sci fi landscape, square crop",1,"[0, 1, 0, 1, 1, 1]",0.8839036822319031,0.4427105784416199,0.010850145481526852,0.10416403161133334,0.664944634431916,0.6068205656828703,0.04121477167996174,0.9587852283200382,0.9166039336510918,0.7919648711995234,0.7919648711995234,0.5,0.0,0.0,0.8338458650884815,0.7650263062188845,0.723282985772014,0.6765518717388221,0.35646630674091123,0.8387522261502485,0.056340739106216516,0.6813800695460348,False,1,0.6813800695460348,649
7836.png,00544,"small space explorer at bottom edge, sloping pink white cosmic dust stripe across empty sky, moody blue black cosmic background, small rim-lit grey ground below the figure, realistic sci fi landscape, balanced crop",1,"[0, 1, 0, 0, 1, 4]",0.8449819087982178,0.4482649862766266,0.011442410759627819,0.10696920472560231,0.7055690475232638,0.6504380967881945,0.04747998959979404,0.952520010400206,0.9552471190491657,0.8171285710045928,0.8171285710045928,0.5,0.0,0.0,0.6668662923727297,0.7453338872745185,0.6948529736063789,0.7561671404703328,0.4654608259462881,0.6520950093365578,0.5196198261949888,0.681024556376475,False,1,0.681024556376475,650
7836.png,00798,"tiny space explorer at bottom edge, sloping pink white cosmic dust stripe in empty sky, moody blue black cosmic background, small rim-lit grey ground below the figure, cinematic sci fi painting",1,"[2, 0, 0, 0, 4, 0]",0.8023613095283508,0.46315819025039673,0.012176028452813625,0.11034504271970547,0.7045513624760086,0.7579656530309608,0.04391961405955773,0.9560803859404423,0.9752575249062035,0.8707641839243279,0.8707641839243279,0.5,0.0,0.0,0.4840182660078166,0.6925320007751232,0.6606393577858889,0.7541726927391355,0.7341581592664409,0.7581679021961013,0.7595173000245242,0.6809107544579365,False,1,0.6809107544579365,651
7836.png,00304,"small space explorer at bottom edge, diagonal pink white cosmic dust stripe in empty sky, moody blue black cosmic background, small rim-lit grey ground below the figure, moody high contrast digital painting, square crop",1,"[0, 2, 0, 0, 2, 1]",0.8521867990493774,0.4523868262767792,0.01549436617642641,0.12447636794358362,0.6740640614975255,0.7641341597945601,0.04543794786463399,0.954562052135366,0.9874056026033001,0.8754382106755901,0.8754382106755901,0.5,0.0,0.0,0.6977762275958076,0.7307204482697192,0.5174204790693431,0.6944240225283814,0.7495724528285898,0.7129327697751584,0.9051561827258167,0.6807919239836363,False,1,0.6807919239836363,652
7836.png,00218,"small space explorer at bottom edge, sloping pink white cosmic dust stripe in empty sky, moody blue black cosmic background, tiny rim-lit grey ground below the explorer, realistic sci fi landscape, centered crop",1,"[0, 0, 0, 1, 1, 3]",0.9017556309700012,0.4401775002479553,0.010947465896606445,0.10463013856727155,0.6579867004508106,0.5520155164930556,0.04042415091479756,0.9595758490852024,0.9170140394879974,0.7676613374992953,0.7676613374992953,0.5,0.0,0.0,0.9104330940211505,0.7740070001992752,0.718559061119947,0.6629157908316055,0.21951563954137004,0.8623068851372125,0.061257348743186835,0.6789667416303165,False,1,0.6789667416303165,653
7836.png,00811,"tiny space explorer at bottom edge, sloping pink white cosmic dust stripe in empty sky, empty dark blue starfield, small rim-lit grey ground below the figure, moody high contrast digital painting, square crop",1,"[2, 0, 1, 0, 2, 1]",0.7594251036643982,0.47426432371139526,0.010208806954324245,0.10103864089705604,0.7273553001581351,0.8197733561197916,0.04777285857017496,0.952227141429825,0.9685851780419641,0.8958945453627378,0.8958945453627378,0.5,0.0,0.0,0.2998162454751791,0.6531566723039903,0.7549583556724639,0.7988635938142282,0.8886075448836266,0.6433696772568299,0.6795249616041371,0.6786831995039339,False,1,0.6786831995039339,654
7836.png,00796,"tiny space explorer at bottom edge, sloping pink white cosmic dust stripe in empty sky, moody blue black cosmic background, small rim-lit grey ground below the figure, moody high contrast digital painting, tight square crop",1,"[2, 0, 0, 0, 2, 2]",0.8444172143936157,0.4590713083744049,0.015156383626163006,0.12311126522850378,0.6814178404708672,0.769807603624132,0.04519197388189537,0.9548080261181047,0.9826046714945036,0.8771171650710967,0.8771171650710967,0.5,0.0,0.0,0.6644436784454357,0.7070215003705502,0.5312555919897003,0.7088358760076733,0.7637496487122748,0.7202609776067225,0.8475995667701816,0.6778827005210655,False,1,0.6778827005210655,655
7836.png,00600,"small space explorer at bottom edge, diagonal pink white cosmic dust stripe in empty sky, moody blue black cosmic background, small rim-lit grey ground below the figure, realistic sci fi landscape, centered crop",1,"[0, 2, 0, 0, 1, 3]",0.8145042657852173,0.45608627796173096,0.010704519227147102,0.1034626465307509,0.7270601018002651,0.6313239203559028,0.04565549022726473,0.9543445097727352,0.9647573290933695,0.8110678083992875,0.8110678083992875,0.5,0.0,0.0,0.5361131596470359,0.7176045312163538,0.7303914192131886,0.798285067386337,0.4176969929770699,0.7064516142164333,0.6336342735526548,0.6778584312783555,False,1,0.6778584312783555,656
7836.png,00748,"small astronaut at bottom edge, sloping pink white cosmic dust stripe across empty sky, empty dark blue starfield, thin grey ground below the figure, dark high contrast digital painting",1,"[1, 1, 1, 3, 0, 0]",0.827375590801239,0.4860994517803192,0.011215553618967533,0.10590351089065712,0.7036782750861745,0.741822984483507,0.05046825279147405,0.949531747208526,0.9833376887865212,0.8628239922978665,0.8628239922978665,0.5,0.0,0.0,0.5913328519131849,0.611196789789675,0.7056536220719655,0.7524616258737157,0.6938197367919348,0.5630668386323665,0.8563874443317222,0.6778583083570684,False,1,0.6778583083570684,657
7836.png,00342,"small astronaut at bottom edge, sloping pink white cosmic dust stripe in empty sky, moody blue black cosmic background, tiny rim-lit grey ground below the explorer, dark high contrast digital painting, centered crop",1,"[1, 0, 0, 1, 0, 3]",0.8687304258346558,0.46474868059158325,0.011802979744970798,0.10864151943419605,0.6737801425504231,0.7066373471860533,0.04944803592898404,0.9505519640710159,0.9539722962131157,0.8414744529012027,0.8414744529012027,0.5,0.0,0.0,0.7687505817444252,0.6868931274593731,0.6779043128380824,0.693867601363091,0.6058954200553871,0.5934617654386595,0.5043364391345996,0.6771293732006433,False,1,0.6771293732006433,658
7836.png,00173,"small astronaut at bottom edge, sloping pink white cosmic dust stripe in empty sky, deep blue black cosmic background, tiny rim-lit grey ground below the explorer, dark high contrast digital painting",1,"[1, 0, 2, 1, 0, 0]",0.8656503558158875,0.4602692723274231,0.011372323147952557,0.10664109502416297,0.6636439280507686,0.740237765842014,0.055817582678999736,0.9441824173210003,0.9687846507950101,0.8573277708502585,0.8573277708502585,0.5,0.0,0.0,0.7555366726571426,0.7027742774902999,0.6981783166150275,0.6740027619746272,0.6898584822393165,0.40369632009650536,0.6819163678502391,0.6767643420056609,False,1,0.6767643420056609,659
7836.png,00829,"tiny space explorer at bottom edge, sloping pink white cosmic dust stripe across empty sky, moody blue black cosmic background, small rim-lit grey ground below the figure, dark high contrast digital painting, centered crop",1,"[2, 1, 0, 0, 0, 3]",0.8405003547668457,0.4546543061733246,0.015052475035190582,0.12268852853951172,0.6823656557825973,0.7560486970124422,0.04378055709184017,0.9562194429081599,0.9776460818199914,0.8704279350374531,0.8704279350374531,0.5,0.0,0.0,0.6476398309028776,0.7226813979520096,0.5355399654388009,0.7106933938155381,0.729367936292294,0.7623107727083217,0.7881528396437386,0.6765874411282268,False,1,0.6765874411282268,660
7836.png,00883,"small helmeted explorer at lower edge, sloping pink white cosmic dust stripe in empty sky, dark cosmic background, small rim-lit grey ground below the figure, dark high contrast digital painting",1,"[3, 0, 3, 0, 0, 0]",0.8081586360931396,0.5002468824386597,0.011082526296377182,0.10527357833937812,0.7189604496094794,0.8142575864438656,0.05294611375077747,0.9470538862492225,0.9784655844769945,0.8935778909823663,0.8935778909823663,0.5,0.0,0.0,0.5088895662411281,0.5610389440235529,0.7120378947591999,0.7824114599485836,0.874824356137261,0.48924488443491854,0.7979775587731861,0.6755642489002676,False,1,0.6755642489002676,661
7836.png,00462,"tiny astronaut near the lower edge, sloping pink white cosmic dust stripe in empty sky, moody blue black cosmic background, small rim-lit grey ground below the figure, dark high contrast digital painting",1,"[5, 0, 0, 0, 0, 0]",0.8652802109718323,0.4662160873413086,0.014433818869292736,0.12014082931831599,0.6678297750524739,0.7748124864366318,0.046460604801016304,0.9535393951989837,0.9583282368439447,0.8740700545849176,0.8740700545849176,0.5,0.0,0.0,0.7539487021601513,0.6816906307512165,0.5613605180045378,0.6822061379387401,0.7762561978452467,0.682465146790153,0.556558226186449,0.6738331533059937,False,1,0.6738331533059937,662
7836.png,00774,"small astronaut at bottom edge, diagonal pink white cosmic dust stripe in empty sky, empty dark blue starfield, small grey ground below the figure, dark high contrast digital painting",1,"[1, 2, 1, 2, 0, 0]",0.8455358743667603,0.5015932321548462,0.011546283029019833,0.10745363199547903,0.6922154901909402,0.7477247450086807,0.05092474717461694,0.9490752528253831,0.9849242721706396,0.8656373281769183,0.8656373281769183,0.5,0.0,0.0,0.6692428781696761,0.5562656390296928,0.6899433752982012,0.7299969887159188,0.7085674663081535,0.5494666778496409,0.8754084151500657,0.6736996723424674,False,1,0.6736996723424674,663
7836.png,00794,"tiny space explorer at bottom edge, sloping pink white cosmic dust stripe in empty sky, moody blue black cosmic background, small rim-lit grey ground below the figure, dark high contrast digital painting, balanced crop",1,"[2, 0, 0, 0, 0, 4]",0.829258143901825,0.44983530044555664,0.014856779016554356,0.12188838753775667,0.6928786932550848,0.7321200900607638,0.0442367111331626,0.9557632888668374,0.9810118389848109,0.860173559427699,0.860173559427699,0.5,0.0,0.0,0.5994092545181724,0.7397665459111512,0.5436492754483714,0.7312967266359892,0.6695734696212022,0.7487207515979543,0.828503677459449,0.6731302862720577,False,1,0.6731302862720577,664
7836.png,00368,"small astronaut at bottom edge, sloping pink white cosmic dust stripe in empty sky, dark cosmic background, small rim-lit grey ground below the figure, dark high contrast digital painting, square crop",1,"[1, 0, 3, 0, 0, 1]",0.8200362324714661,0.4661760926246643,0.01109284721314907,0.10532258643400792,0.7016747643480521,0.7269597936559608,0.046316326839915906,0.9536836731600841,0.9460552031768141,0.8501322333865746,0.8501322333865746,0.5,0.0,0.0,0.5598460307897507,0.6818324267336355,0.7115412050114432,0.7485351680203207,0.6566785621987578,0.6867635643410104,0.4094212918331686,0.6725817309317971,False,1,0.6725817309317971,665
7836.png,00447,"small helmeted explorer at lower edge, sloping pink white cosmic dust stripe in empty sky, moody blue black cosmic background, small grey ground below the figure, dark high contrast digital painting",1,"[3, 0, 0, 2, 0, 0]",0.8044567108154297,0.4954754114151001,0.01161351427435875,0.10776601632406549,0.7127394052001278,0.8516054506655092,0.05365065095659113,0.9463493490434088,0.9728632304618924,0.9090173710570506,0.9090173710570506,0.5,0.0,0.0,0.493007815576533,0.5779555639708032,0.6867774066038301,0.7702195269518538,0.968151795839341,0.4682548796718614,0.7308129752398111,0.6724747880230973,False,1,0.6724747880230973,666
7836.png,00439,"tiny space explorer at bottom edge, diagonal pink white cosmic dust stripe in empty sky, moody blue black cosmic background, tiny rim-lit grey ground below the explorer, dark high contrast digital painting",1,"[2, 2, 0, 1, 0, 0]",0.7741284370422363,0.4734611213207245,0.012035595253109932,0.10970686055625661,0.7334061281603133,0.7664919252748842,0.04528651016249569,0.9547134898375043,0.9784814385283317,0.8747673755224908,0.8747673755224908,0.5,0.0,0.0,0.36289549671001153,0.6560043202340753,0.6671072390651055,0.8107219386070091,0.7554642011328763,0.7174444947244698,0.798167627225217,0.6721018073421512,False,1,0.6721018073421512,667
7836.png,00541,"small space explorer at bottom edge, sloping pink white cosmic dust stripe in empty sky, near black starfield background, small rim-lit grey ground below the figure, realistic sci fi landscape",1,"[0, 0, 5, 0, 1, 0]",0.8227704763412476,0.4666288495063782,0.01034451276063919,0.10170797786132212,0.7011473503384774,0.6948796025028935,0.05113888625418473,0.9488611137458153,0.967525588869455,0.8383023287112285,0.8383023287112285,0.5,0.0,0.0,0.5715762998088298,0.6802272370429431,0.7481747251221074,0.7475015479650442,0.5765143501918489,0.5430869149882972,0.6668219326102178,0.6720451789142741,False,1,0.6720451789142741,668
7836.png,00849,"tiny space explorer at bottom edge, diagonal pink white cosmic dust stripe in empty sky, moody blue black cosmic background, small rim-lit grey ground below the figure, dark high contrast digital painting, tight square crop",1,"[2, 2, 0, 0, 0, 2]",0.8627862334251404,0.4661123752593994,0.016480248421430588,0.1283754198490918,0.6693322578058541,0.7568184181495949,0.045526816120796974,0.954473183879203,0.9944859481120637,0.8735310921474515,0.8735310921474515,0.5,0.0,0.0,0.7432492075490225,0.6820583282317069,0.4779041680993773,0.685150686772119,0.7312913689841537,0.7102851521550316,0.9900398684205414,0.6713227617131826,False,1,0.6713227617131826,669
7836.png,00270,"small space explorer at bottom edge, sloping pink white cosmic dust stripe across empty sky, moody blue black cosmic background, small rim-lit grey ground below the figure, dark sci fi concept art, square crop",1,"[0, 1, 0, 0, 3, 1]",0.902707576751709,0.46958741545677185,0.017407674342393875,0.13193814589569566,0.6387088251925994,0.7543425383391203,0.041903281076192386,0.9580967189238077,0.9709695650646167,0.8689819068888602,0.8689819068888602,0.5,0.0,0.0,0.9145170677421566,0.6697380324507819,0.4417964696715856,0.6251352273117373,0.725104468379868,0.8182397317254878,0.7081105099159979,0.6706693148389048,False,1,0.6706693148389048,670
7836.png,00069,"small astronaut at bottom edge, sloping pink white cosmic dust stripe in empty sky, moody blue black cosmic background, small grey ground below the figure, dark high contrast digital painting",1,"[1, 0, 0, 2, 0, 0]",0.8032041788101196,0.4434959292411804,0.013838982209563255,0.11763920354016026,0.6832620946848912,0.7546544958043983,0.04229274190561947,0.9577072580943805,0.9764675290153072,0.8700855692480739,0.8700855692480739,0.5,0.0,0.0,0.48763428707028905,0.7622419487459298,0.5867141230797697,0.7124502247129353,0.7258840093827366,0.8066366757090789,0.7740235989557491,0.6706403597251421,False,1,0.6706403597251421,671
7836.png,00469,"small space explorer at bottom edge, sloping pink white cosmic dust stripe in empty sky, moody blue black cosmic background, tiny rim-lit grey ground below the explorer, realistic sci fi landscape, balanced crop",1,"[0, 0, 0, 1, 1, 4]",0.8828880786895752,0.44062569737434387,0.01099653821438551,0.10486438010299545,0.6593284067848312,0.5709612811053241,0.04078034630135907,0.9592196536986409,0.9184849637786453,0.7763564480476491,0.7763564480476491,0.5,0.0,0.0,0.829488791127413,0.7724179765185007,0.7161850580053253,0.6655452518431804,0.2668586333459961,0.8516948936074386,0.07889172477943397,0.6705609837180102,False,1,0.6705609837180102,672
7836.png,00235,"small space explorer at bottom edge, sloping pink white cosmic dust stripe in empty sky, empty dark blue starfield, small rim-lit grey ground below the figure, dark sci fi concept art, square crop",1,"[0, 0, 1, 0, 3, 1]",0.8231781721115112,0.47337818145751953,0.013407832942903042,0.11579219724533706,0.6855870851656047,0.7573790373625578,0.04511453426700896,0.954885465732991,0.9851142517465683,0.8720533301690115,0.8720533301690115,0.5,0.0,0.0,0.5733253687620377,0.6562983725582721,0.6054332570842721,0.7170067149569663,0.7326922832501775,0.7225681061329402,0.8776860111503724,0.670430313178583,False,1,0.670430313178583,673
7836.png,00550,"small space explorer at bottom edge, sloping pink white cosmic dust stripe across empty sky, moody blue black cosmic background, tiny rim-lit grey ground below the explorer, realistic sci fi landscape, centered crop",1,"[0, 1, 0, 1, 1, 3]",0.8898153305053711,0.43664219975471497,0.011021288111805916,0.10498232285392582,0.6578000412769478,0.5533955891927084,0.040618329004784626,0.9593816709952154,0.911904421656222,0.7671924843162886,0.7671924843162886,0.5,0.0,0.0,0.8592076206218298,0.7865409408955885,0.7149897257719089,0.662549978278083,0.22296426115188483,0.8565218123261867,0.0,0.6693988804507538,False,1,0.6693988804507538,674
7836.png,00702,"small astronaut at bottom edge, sloping pink white cosmic dust stripe in empty sky, empty dark blue starfield, thin grey ground below the figure, realistic sci fi landscape",1,"[1, 0, 1, 3, 1, 0]",0.8217605352401733,0.48508980870246887,0.010970262810587883,0.10473902238701621,0.6967639298421042,0.7678414803964121,0.052190617493924195,0.9478093825060758,0.9692965351108374,0.8711212570776794,0.8711212570776794,0.5,0.0,0.0,0.5672435184721115,0.6147763458942879,0.7174555398063299,0.7389109696840181,0.7588365632974586,0.5117530925167183,0.6880531626327764,0.669077168614129,False,1,0.669077168614129,675
7836.png,00400,"small astronaut at bottom edge, diagonal pink white cosmic dust stripe in empty sky, empty dark blue starfield, tiny rim-lit grey ground below the explorer, dark high contrast digital painting",1,"[1, 2, 1, 1, 0, 0]",0.863286018371582,0.5223555564880371,0.010486738756299019,0.10240477897197484,0.6711222138094167,0.7798281069155092,0.054655849289556635,0.9453441507104434,0.974883420655372,0.8767697849917088,0.8767697849917088,0.5,0.0,0.0,0.7453933512877137,0.48265556192099535,0.7411127495341774,0.6886586224540641,0.788789579005492,0.4383073941130335,0.7550323003016522,0.6679064592999436,False,1,0.6679064592999436,676
7836.png,00250,"small space explorer at bottom edge, sloping pink white cosmic dust stripe in empty sky, deep blue black cosmic background, small rim-lit grey ground below the figure, dark sci fi concept art",1,"[0, 0, 2, 0, 3, 0]",0.8485568165779114,0.45984119176864624,0.013325315900146961,0.11543533211346932,0.6991749495933611,0.6397665518301505,0.04533608866706979,0.9546639113329302,0.972785086916219,0.8165843346733371,0.8165843346733371,0.5,0.0,0.0,0.6822031211163765,0.7042919805390826,0.6090500321021428,0.7436360591267056,0.4387940274731716,0.7159674214931792,0.7298761407079652,0.6673464401533356,False,1,0.6673464401533356,677
7836.png,00582,"small space explorer at bottom edge, sloping pink white cosmic dust stripe across empty sky, deep blue black cosmic background, small rim-lit grey ground below the figure, dark sci fi concept art",1,"[0, 1, 2, 0, 3, 0]",0.8660128712654114,0.46026143431663513,0.01362896803766489,0.1167431712678086,0.6875157628839402,0.6287299262152778,0.045295146689910415,0.9547048533100896,0.9703652585684103,0.8111482171690884,0.8111482171690884,0.5,0.0,0.0,0.7570919120392201,0.7028020661217278,0.5957952768503447,0.7207865158982496,0.4112149400727854,0.7171871900000714,0.7008656992462673,0.6666776831865004,False,1,0.6666776831865004,678
7836.png,00168,"small astronaut at bottom edge, sloping pink white cosmic dust stripe in empty sky, empty dark blue starfield, tiny rim-lit grey ground below the explorer, dark high contrast digital painting, square crop",1,"[1, 0, 1, 1, 0, 1]",0.8446668386459351,0.5207959413528442,0.009919959120452404,0.09959899156343102,0.6647762593752872,0.7860457808883101,0.04875708418887281,0.9512429158111272,0.9551444962143998,0.8776845211765141,0.8776845211765141,0.5,0.0,0.0,0.6655145996115226,0.4881849712741626,0.7695489874808947,0.6762218921929997,0.8043267350083108,0.6140470236710172,0.518389518374475,0.66461143693756,False,1,0.66461143693756,679
7836.png,00919,"small space explorer at bottom edge, sloping pink white cosmic dust stripe in empty sky, moody blue black cosmic background, small rim-lit grey ground below the figure, moody high contrast digital painting, clean centered framing",1,"[0, 0, 0, 0, 2, 5]",0.8288695812225342,0.4570021629333496,0.014729546383023262,0.12136534259426479,0.6784345767257786,0.7512291802300347,0.04552521280876442,0.9544747871912356,0.9810005994883425,0.8683194265181166,0.8683194265181166,0.5,0.0,0.0,0.5977422690640845,0.7143573820869199,0.5489502581331862,0.7029893092098187,0.7173245926827649,0.710332919010952,0.8283689312264564,0.6641970662435618,False,1,0.6641970662435618,680
7836.png,00918,"tiny astronaut near the lower edge, sloping pink white cosmic dust stripe across empty sky, moody blue black cosmic background, small rim-lit grey ground below the figure, dark high contrast digital painting",1,"[5, 1, 0, 0, 0, 0]",0.8755770921707153,0.46215543150901794,0.0147695979103446,0.12153023455233106,0.6599347221057573,0.7363750316478589,0.04714910759959278,0.9528508924004072,0.9561056325663019,0.8560877030949394,0.8560877030949394,0.5,0.0,0.0,0.7981236888375647,0.6960871493745656,0.5472791026704472,0.6667335018027065,0.6802060134809756,0.6619528489267517,0.5299122323301219,0.6640535836721765,False,1,0.6640535836721765,681
7836.png,00361,"small astronaut at bottom edge, sloping pink white cosmic dust stripe in empty sky, empty dark blue starfield, thin grey ground below the figure, dark high contrast digital painting",1,"[1, 0, 1, 3, 0, 0]",0.8185789585113525,0.49774783849716187,0.011390835978090763,0.1067278594280367,0.6987065488532292,0.7474574336299189,0.05053221176667715,0.9494677882333229,0.9847083293228814,0.8656112368797028,0.8656112368797028,0.5,0.0,0.0,0.5535941321293738,0.5698989740606333,0.6972989722903842,0.742718092614407,0.7078994900502604,0.561161333595763,0.8728195549320947,0.6629210334181946,False,1,0.6629210334181946,682
7836.png,00076,"small astronaut at bottom edge, sloping pink white cosmic dust stripe across empty sky, moody blue black cosmic background, tiny rim-lit grey ground below the explorer, dark high contrast digital painting",1,"[1, 1, 0, 1, 0, 0]",0.86883544921875,0.49164167046546936,0.011642957106232643,0.10790253521689211,0.6558768717884645,0.7573558666087963,0.05206245386312233,0.9479375461368776,0.957054013249087,0.8639990837716829,0.8639990837716829,0.5,0.0,0.0,0.7692011459981609,0.5915475858652862,0.6853938079360127,0.6587809723038295,0.7326343825597471,0.5155714220510316,0.5412820232106433,0.6622420444328326,False,1,0.6622420444328326,683
7836.png,00711,"small astronaut at bottom edge, sloping pink white cosmic dust stripe in empty sky, deep blue black cosmic background, small grey ground below the figure, dark high contrast digital painting, square crop",1,"[1, 0, 2, 2, 0, 1]",0.8337963819503784,0.4433656334877014,0.013318860903382301,0.11540736936340894,0.6806855999533707,0.697818332248264,0.048204787231856026,0.9517952127681439,0.9669945029720346,0.8405454745749761,0.8405454745749761,0.5,0.0,0.0,0.6188788979433608,0.7627038951208447,0.6093334304137684,0.7074008392615302,0.5838578523927814,0.6305013935222381,0.6604549370536109,0.6620882453842262,False,1,0.6620882453842262,684
7836.png,00559,"small space explorer at bottom edge, sloping pink white cosmic dust stripe across empty sky, moody blue black cosmic background, thin grey ground below the figure, realistic sci fi landscape, square crop",1,"[0, 1, 0, 3, 1, 1]",0.8648499250411987,0.4498327970504761,0.01452077180147171,0.12050216513188346,0.6854030379745186,0.6380372224030672,0.04470529123339061,0.9552947087666094,0.9603024562191208,0.8135303893935177,0.8135303893935177,0.5,0.0,0.0,0.7521027184213783,0.7397754213675768,0.5576984332927784,0.7166460213379681,0.43447265887031516,0.7347605257156312,0.5802264238368973,0.6620053194704181,False,1,0.6620053194704181,685
7836.png,00749,"small astronaut at bottom edge, sloping pink white cosmic dust stripe across empty sky, deep blue black cosmic background, small rim-lit grey ground below the figure, dark high contrast digital painting, tight square crop",1,"[1, 1, 2, 0, 0, 2]",0.8345205783843994,0.46114861965179443,0.011746658012270927,0.10838200040722135,0.687139152752282,0.6832518400969328,0.05048432795839116,0.9495156720416088,0.9686247685175569,0.8335187669616942,0.8335187669616942,0.5,0.0,0.0,0.6219857967418221,0.6996566677606019,0.6805344995658014,0.7200484395900071,0.547458089079506,0.5625879173953138,0.6799995974086415,0.6617351147228714,False,1,0.6617351147228714,686
7836.png,00914,"tiny astronaut near the lower edge, sloping pink white cosmic dust stripe in empty sky, moody blue black cosmic background, small rim-lit grey ground below the figure, dark high contrast digital painting, square crop",1,"[5, 0, 0, 0, 0, 1]",0.8539340496063232,0.46850594878196716,0.014858328737318516,0.1218947445024539,0.661758321992991,0.7822384304470487,0.045775561007712275,0.9542244389922877,0.9583903676678882,0.8776639208820503,0.8776639208820503,0.5,0.0,0.0,0.7052721643347452,0.673572229626654,0.5435848485569402,0.6703073723901879,0.7948126630222184,0.7028743918459175,0.5573030900246676,0.6616153308175428,False,1,0.6616153308175428,687
7836.png,00708,"small astronaut at bottom edge, sloping pink white cosmic dust stripe in empty sky, deep blue black cosmic background, tiny rim-lit grey ground below the explorer, dark high contrast digital painting, tight square crop",1,"[1, 0, 2, 1, 0, 2]",0.8650085926055908,0.47153621912002563,0.011989885941147804,0.10949833761819311,0.6570659997303111,0.7120886908637153,0.050015745626695605,0.9499842543733044,0.9539821000107799,0.8437308199214845,0.8437308199214845,0.5,0.0,0.0,0.7527834233268519,0.6628288066040158,0.6692205880187954,0.661111411895249,0.6195176166381164,0.5765482097588879,0.5044539732970931,0.6604848188618692,False,1,0.6604848188618692,688
7836.png,00388,"small astronaut at bottom edge, sloping pink white cosmic dust stripe across empty sky, deep blue black cosmic background, small rim-lit grey ground below the figure, dark high contrast digital painting, square crop",1,"[1, 1, 2, 0, 0, 1]",0.8379573225975037,0.45636245608329773,0.012514449656009674,0.11186800103697962,0.6865530173962449,0.7094172724971065,0.05095741544515074,0.9490425845548492,0.9594807182887498,0.8432988208756451,0.8432988208756451,0.5,0.0,0.0,0.6367298854513262,0.7166253781842549,0.6452044018227012,0.7188997380991325,0.6128420906950767,0.5484934046875599,0.5703749068284815,0.6604703321696594,False,1,0.6604703321696594,689
7836.png,00889,"small helmeted explorer at lower edge, sloping pink white cosmic dust stripe across empty sky, moody blue black cosmic background, small grey ground below the figure, dark high contrast digital painting",1,"[3, 1, 0, 2, 0, 0]",0.8177149295806885,0.5097180008888245,0.011899735778570175,0.10908591008269664,0.6914714888435919,0.8429186785662616,0.05201302665687561,0.9479869733431244,0.969701287515265,0.9050491035279643,0.9050491035279643,0.5,0.0,0.0,0.5498873333653825,0.5274603452003117,0.6734004797309914,0.7285389032274577,0.9464446857757775,0.5170439877097132,0.6929055919159367,0.6602000506268407,False,1,0.6602000506268407,690
7836.png,00409,"tiny space explorer at bottom edge, sloping pink white cosmic dust stripe in empty sky, moody blue black cosmic background, small rim-lit grey ground below the figure, moody high contrast digital painting, square crop",1,"[2, 0, 0, 0, 2, 1]",0.8187119960784912,0.4592061936855316,0.015531720593571663,0.12462632383879284,0.6758654290767437,0.7793194806134259,0.04366817507314187,0.9563318249268581,0.9798762260786413,0.8813851502161703,0.8813851502161703,0.5,0.0,0.0,0.5541648809456837,0.7065432823255218,0.5159006983815057,0.6979543224881914,0.7875185882399461,0.7656589267707231,0.8148892275884841,0.6589617117158156,False,1,0.6589617117158156,691
7836.png,00662,"small space explorer at bottom edge, soft pink white nebula stripe in empty sky, empty dark blue starfield, tiny rim-lit grey ground below the explorer, dark high contrast digital painting",1,"[0, 4, 1, 1, 0, 0]",0.858213484287262,0.4952271580696106,0.014657760970294476,0.12106924039695002,0.6994759378256862,0.7178079110604744,0.048572591663100635,0.9514274083368993,0.9809433027680491,0.8522018134487381,0.8522018134487381,0.5,0.0,0.0,0.723631506971216,0.5788357133996781,0.5519512098495383,0.7442259324855575,0.6338092016906998,0.619543538209569,0.8276820216977185,0.6583354237692398,False,1,0.6583354237692398,692
7836.png,00775,"small astronaut at bottom edge, diagonal pink white cosmic dust stripe in empty sky, deep blue black cosmic background, small rim-lit grey ground below the figure, dark high contrast digital painting, square crop",1,"[1, 2, 2, 0, 0, 1]",0.831344485282898,0.45627617835998535,0.013222702778875828,0.11499001164829852,0.6915043220143473,0.6945393880208334,0.04977842882226979,0.9502215711777302,0.9728903726797428,0.8396983490575292,0.8396983490575292,0.5,0.0,0.0,0.6083599358879287,0.7169312644503525,0.6135632887628504,0.7286032493069229,0.575664198590895,0.5836184976218253,0.7311383734122899,0.6576975292318221,False,1,0.6576975292318221,693
7836.png,00769,"small astronaut at bottom edge, diagonal pink white cosmic dust stripe in empty sky, empty dark blue starfield, small rim-lit grey ground below the figure, dark high contrast digital painting, tight square crop",1,"[1, 2, 1, 0, 0, 2]",0.8162387609481812,0.5082340836524963,0.01031338982284069,0.10155486114825174,0.6874093525641903,0.7409334535951967,0.05158960251453178,0.9484103974854682,0.9854022791070906,0.8624441490591706,0.8624441490591706,0.5,0.0,0.0,0.5435543740532269,0.5327213776567992,0.7497265402287081,0.7205779741481536,0.6915969151641906,0.5296588995855519,0.8811390663595836,0.6562776677355123,False,1,0.6562776677355123,694
7836.png,00184,"small astronaut at bottom edge, sloping pink white cosmic dust stripe across empty sky, deep blue black cosmic background, small rim-lit grey ground below the figure, dark high contrast digital painting",1,"[1, 1, 2, 0, 0, 0]",0.8461713194847107,0.4658195972442627,0.011937286704778671,0.1092578908124199,0.6690797777967904,0.6902838812934028,0.052356527498374376,0.9476434725016256,0.9745364777135866,0.8372102575003175,0.8372102575003175,0.5,0.0,0.0,0.6719690220454287,0.6830963339927234,0.6716574806221604,0.684655879284667,0.5650302425191602,0.5068101998562421,0.7508729276286573,0.6562352390501115,False,1,0.6562352390501115,695
7836.png,00390,"small astronaut at bottom edge, sloping pink white cosmic dust stripe across empty sky, deep blue black cosmic background, tiny rim-lit grey ground below the explorer, dark high contrast digital painting",1,"[1, 1, 2, 1, 0, 0]",0.8690266609191895,0.47509127855300903,0.011926744133234024,0.10920963388471744,0.6389892437270838,0.7542187726056134,0.056121643630327796,0.9438783563696722,0.9697226057786764,0.8637003935576466,0.8637003935576466,0.5,0.0,0.0,0.7700214695656888,0.6502248131980572,0.6721465574048654,0.625684788407674,0.7247951939602519,0.39463754965262915,0.6931611688180435,0.656123731830125,False,1,0.656123731830125,696
7836.png,00362,"small astronaut at bottom edge, sloping pink white cosmic dust stripe in empty sky, deep blue black cosmic background, small rim-lit grey ground below the figure, dark high contrast digital painting, tight square crop",1,"[1, 0, 2, 0, 0, 2]",0.8312807083129883,0.4563543200492859,0.012249035760760307,0.11067536203130446,0.6976099855076164,0.6492959481698496,0.04820172972491386,0.9517982702750861,0.9588737546140464,0.8170873221955217,0.8170873221955217,0.5,0.0,0.0,0.6080863242241958,0.7166542234176382,0.6572916207070131,0.740569060079567,0.46260674557165643,0.6305924846452475,0.5630982402127258,0.6551967703220781,False,1,0.6551967703220781,697
7836.png,00716,"small astronaut at bottom edge, sloping pink white cosmic dust stripe in empty sky, dark cosmic background, small rim-lit grey ground below the figure, moody high contrast digital painting",1,"[1, 0, 3, 0, 2, 0]",0.8113178014755249,0.4721919894218445,0.011467891745269299,0.10708824279662683,0.689590731053736,0.7077987105758101,0.04812688591206481,0.9518731140879352,0.9659055865296032,0.8448461269958126,0.8448461269958126,0.5,0.0,0.0,0.5224428049338065,0.660503859661283,0.6936465404667674,0.7248530152240653,0.6087975156367168,0.632822277444299,0.647400314093085,0.6538641047097637,False,1,0.6538641047097637,698
7836.png,00567,"small space explorer at bottom edge, sloping pink white cosmic dust stripe across empty sky, empty dark blue starfield, small rim-lit grey ground below the figure, dark sci fi concept art, square crop",1,"[0, 1, 1, 0, 3, 1]",0.825233519077301,0.470811665058136,0.014469744637608528,0.12029025163166186,0.6691453249248844,0.7509703459563078,0.044470533275066275,0.9555294667249338,0.9810887868520618,0.8685897264044776,0.8685897264044776,0.5,0.0,0.0,0.5821430799774564,0.6653976172780623,0.5598461450895001,0.6847843378104812,0.7166777996042981,0.741754578865321,0.8294261774378071,0.6538048617766758,False,1,0.6538048617766758,699
7836.png,00356,"small astronaut at bottom edge, sloping pink white cosmic dust stripe in empty sky, empty dark blue starfield, tiny rim-lit grey ground below the explorer, dark high contrast digital painting, tight square crop",1,"[1, 0, 1, 1, 0, 2]",0.8277164697647095,0.5072541832923889,0.00997220166027546,0.09986091157342526,0.6538564250980344,0.7678092673972801,0.04851791067774578,0.9514820893222542,0.9612853961873418,0.8707899808290334,0.8707899808290334,0.5,0.0,0.0,0.5927952678990613,0.53619548488626,0.7668944671474855,0.6548213235612229,0.7587560672156405,0.6211726276793326,0.5920105334140331,0.6535207962735384,False,1,0.6535207962735384,700
7836.png,00456,"small helmeted explorer at lower edge, diagonal pink white cosmic dust stripe in empty sky, moody blue black cosmic background, small rim-lit grey ground below the figure, dark high contrast digital painting",1,"[3, 2, 0, 0, 0, 0]",0.8333759307861328,0.5056508779525757,0.01360748428851366,0.11665112210567741,0.6906830956667684,0.8432730215567129,0.056300796315577516,0.9436992036844225,0.9823154365535358,0.9062306683007758,0.9062306683007758,0.5,0.0,0.0,0.6170751066574065,0.5418797920860936,0.5967281814136727,0.7269938191299288,0.9473301426757744,0.389300122919625,0.8441320343184596,0.6534391185293619,False,1,0.6534391185293619,701
7836.png,00832,"tiny space explorer at bottom edge, sloping pink white cosmic dust stripe across empty sky, moody blue black cosmic background, small rim-lit grey ground below the figure, dark sci fi concept art",1,"[2, 1, 0, 0, 3, 0]",0.7846875190734863,0.4599086046218872,0.014779099263250828,0.1215693187578627,0.6777812194997599,0.7635243733723959,0.03770384253458588,0.9622961574654141,0.9783825935816202,0.8760661418467971,0.8760661418467971,0.5,0.0,0.0,0.40819535975075255,0.7040529771767639,0.546882990062246,0.7017088670527791,0.7480486761218966,0.9433519816721563,0.7969826111297752,0.6519329679457276,False,1,0.6519329679457276,702
7836.png,00025,"small astronaut at bottom edge, sloping pink white cosmic dust stripe in empty sky, moody blue black cosmic background, tiny rim-lit grey ground below the explorer, dark high contrast digital painting",1,"[1, 0, 0, 1, 0, 0]",0.8456737995147705,0.4827403128147125,0.011646693572402,0.10791984790761151,0.6651613585944642,0.7369746455439815,0.051945440720772694,0.9480545592792273,0.9582194038614911,0.8551015670148194,0.8551015670148194,0.5,0.0,0.0,0.6698345953564776,0.6231061730701324,0.6852183463913155,0.6769766053196641,0.681704370372358,0.5190575493910685,0.5552534671652426,0.6518332892847643,False,1,0.6518332892847643,703
7836.png,00007,"small astronaut at bottom edge, sloping pink white cosmic dust stripe in empty sky, moody blue black cosmic background, small rim-lit grey ground below the figure, dark high contrast digital painting",1,"[1, 0, 0, 0, 0, 0]",0.8451460599899292,0.46910011768341064,0.013903415761888027,0.11791274639277989,0.6701469110081304,0.6983122649016202,0.04573631059925079,0.9542636894007492,0.9678374427199851,0.8418002990399884,0.8418002990399884,0.5,0.0,0.0,0.6675705227670475,0.6714656823081089,0.5839418069655731,0.6867472349727384,0.5850921256473223,0.7040437641001593,0.6705606349374297,0.6512435743882938,False,1,0.6512435743882938,704
7836.png,00171,"small astronaut at bottom edge, sloping pink white cosmic dust stripe in empty sky, deep blue black cosmic background, small rim-lit grey ground below the figure, dark high contrast digital painting, square crop",1,"[1, 0, 2, 0, 0, 1]",0.8346382975578308,0.4571779668331146,0.012807480059564114,0.11317013766698401,0.6830735321804429,0.6813744439019097,0.048093197849300405,0.9519068021506996,0.9548645805317125,0.8307587966149467,0.8307587966149467,0.5,0.0,0.0,0.6224908276164691,0.7137340925934105,0.6320074408066281,0.7120806820334981,0.5427667209426796,0.6338259328822909,0.5150337111189052,0.6509225478932233,False,1,0.6509225478932233,705
7836.png,00812,"tiny space explorer at bottom edge, sloping pink white cosmic dust stripe in empty sky, empty dark blue starfield, small rim-lit grey ground below the figure, dark sci fi concept art",1,"[2, 0, 1, 0, 3, 0]",0.718672513961792,0.48449137806892395,0.010214303620159626,0.10106583804708506,0.7285381488756801,0.8000239619502314,0.04385281470865934,0.9561471852913407,0.9686588047598401,0.8883940586815413,0.8883940586815413,0.5,0.0,0.0,0.12498222802744913,0.6168980026207955,0.7546827166032518,0.8011817274523515,0.8392563856694377,0.7601580294483686,0.6804076455312403,0.6498992161060437,False,1,0.6498992161060437,706
7836.png,00050,"small space explorer at bottom edge, sloping pink white cosmic dust stripe across empty sky, moody blue black cosmic background, small rim-lit grey ground below the figure, realistic sci fi landscape, square crop",1,"[0, 1, 0, 0, 1, 1]",0.8173165917396545,0.4500225782394409,0.011724120937287807,0.1082779799279974,0.6889524742446653,0.6634758843315973,0.04751689324227802,0.952483106757722,0.9481800363910639,0.8215692425926342,0.8215692425926342,0.5,0.0,0.0,0.5481784111703113,0.7391025772423576,0.6815887316467981,0.7236021666946448,0.4980405559031168,0.6509955533743726,0.43489514399036105,0.6496987734358702,False,1,0.6496987734358702,707
7836.png,00746,"small astronaut at bottom edge, sloping pink white cosmic dust stripe across empty sky, empty dark blue starfield, small grey ground below the figure, dark high contrast digital painting, square crop",1,"[1, 1, 1, 2, 0, 1]",0.7679927945137024,0.47370922565460205,0.010756208561360836,0.10371214278646852,0.6957480075293405,0.7526194254557291,0.04777107232524868,0.9522289276747513,0.9745038869088473,0.8668596435230105,0.8668596435230105,0.5,0.0,0.0,0.3365727760997399,0.6551246991061781,0.7278628117809942,0.736919976540089,0.7207986341085906,0.6434228941617737,0.7504822083307625,0.6494163355666004,False,1,0.6494163355666004,708
7836.png,00831,"tiny space explorer at bottom edge, sloping pink white cosmic dust stripe across empty sky, moody blue black cosmic background, small rim-lit grey ground below the figure, moody high contrast digital painting, square crop",1,"[2, 1, 0, 0, 2, 1]",0.8436084389686584,0.4617415964603424,0.016701778396964073,0.12923536047446177,0.6591208473229629,0.7833901864510996,0.0467383907410885,0.9532616092589115,0.9773834620783637,0.8816438395592866,0.8816438395592866,0.5,0.0,0.0,0.6609739245527344,0.6975543468498786,0.4691887978013257,0.6651384791398492,0.7976907510001993,0.6741891776048318,0.7850043871313632,0.6492426723547051,False,1,0.6492426723547051,709
7836.png,00694,"small astronaut at bottom edge, sloping pink white cosmic dust stripe in empty sky, empty dark blue starfield, tiny rim-lit grey ground below the explorer, dark high contrast digital painting, centered crop",1,"[1, 0, 1, 1, 0, 3]",0.8382564783096313,0.5173338055610657,0.009943955577909946,0.09971938416331073,0.6463917709987411,0.7780213532624423,0.05129585725542737,0.9487041427445726,0.9626745488035807,0.8746909686894156,0.8746909686894156,0.5,0.0,0.0,0.6380133031525178,0.5004595161904174,0.7683288263928598,0.6401921782547623,0.7842747373638808,0.5384103385966493,0.6086645786033367,0.6481182666879335,False,1,0.6481182666879335,710
7836.png,00920,"small space explorer at bottom edge, sloping pink white cosmic dust stripe in empty sky, moody blue black cosmic background, small rim-lit grey ground below the figure, dark sci fi concept art, balanced crop",1,"[0, 0, 0, 0, 3, 4]",0.8749132752418518,0.4765267074108124,0.01578115113079548,0.12562305174925292,0.6619610119705479,0.7093048095703125,0.047306764448389785,0.9526932355516102,0.9702848568745281,0.8466867681246097,0.8466867681246097,0.5,0.0,0.0,0.7952758261282262,0.6451356898797185,0.5057990092999771,0.67070460193283,0.6125610605146947,0.6572558393439071,0.6999017925973097,0.6478414858266768,False,1,0.6478414858266768,711
7836.png,00729,"small astronaut at bottom edge, sloping pink white cosmic dust stripe across empty sky, moody blue black cosmic background, tiny rim-lit grey ground below the explorer, dark high contrast digital painting, centered crop",1,"[1, 1, 0, 1, 0, 3]",0.8359405994415283,0.482072114944458,0.011250394396483898,0.10606787636454261,0.6674309935998514,0.7175937228732638,0.05216014780584281,0.9478398521941572,0.9637086806248589,0.8474028596858956,0.8474028596858956,0.5,0.0,0.0,0.6280778755051587,0.6254751803144067,0.7039878024480695,0.6814246105245645,0.633273973357209,0.5126608641612533,0.621062408677539,0.6477192109728539,False,1,0.6477192109728539,712
7836.png,00763,"small astronaut at bottom edge, diagonal pink white cosmic dust stripe in empty sky, moody blue black cosmic background, tiny rim-lit grey ground below the explorer, dark high contrast digital painting, tight square crop",1,"[1, 2, 0, 1, 0, 2]",0.8460166454315186,0.48644301295280457,0.011932898312807083,0.10923780624310928,0.6725946437561557,0.698007654260706,0.05041433707942345,0.9495856629205766,0.9624142185794322,0.8389412701554059,0.8389412701554059,0.5,0.0,0.0,0.6713054498329178,0.6099787390554527,0.6718610347439856,0.6915442741343567,0.5843309433999567,0.5646731286102518,0.6055435742828402,0.6470078760459986,False,1,0.6470078760459986,713
7836.png,00602,"small space explorer at bottom edge, diagonal pink white cosmic dust stripe in empty sky, moody blue black cosmic background, small rim-lit grey ground below the figure, dark sci fi concept art, square crop",1,"[0, 2, 0, 0, 3, 1]",0.8332430124282837,0.47279298305511475,0.01660081557929516,0.12884415228986978,0.660319688260735,0.7498440212673612,0.04106770484423779,0.9589322951557622,0.9867871536550433,0.870413543605838,0.870413543605838,0.5,0.0,0.0,0.6165048692647671,0.6583731161579587,0.473153634549073,0.6674879541516466,0.7138632611645949,0.8431337315652374,0.8977418233450369,0.6469047702323587,False,1,0.6469047702323587,714
7836.png,00437,"tiny space explorer at bottom edge, diagonal pink white cosmic dust stripe in empty sky, moody blue black cosmic background, small rim-lit grey ground below the figure, dark high contrast digital painting, square crop",1,"[2, 2, 0, 0, 0, 1]",0.835295557975769,0.4689478874206543,0.016893310472369194,0.12997426850099675,0.6632706154016208,0.7651898419415509,0.046178243870726415,0.9538217561292736,0.9948770900496311,0.8771484615288699,0.8771484615288699,0.5,0.0,0.0,0.6253105620239285,0.6720053945869436,0.46170007488550335,0.6732711480355915,0.7522104647730787,0.6908774168914051,0.9947291267695022,0.6452414714234945,False,1,0.6452414714234945,715
7836.png,00723,"small astronaut at bottom edge, sloping pink white cosmic dust stripe in empty sky, near black starfield background, small rim-lit grey ground below the figure, dark high contrast digital painting",1,"[1, 0, 5, 0, 0, 0]",0.849313497543335,0.5069824457168579,0.011628590524196625,0.107835942636009,0.653381067271075,0.7158525254991318,0.0497389551296974,0.9502610448703026,0.9767095889644245,0.8500669199721002,0.8500669199721002,0.5,0.0,0.0,0.6854493828650567,0.5371588945492229,0.6860687138357654,0.6538897226282593,0.6289229483031563,0.5847945220933125,0.7769255675976356,0.6435952743384714,False,1,0.6435952743384714,716
7836.png,00367,"small astronaut at bottom edge, sloping pink white cosmic dust stripe in empty sky, deep blue black cosmic background, small grey ground below the figure, dark high contrast digital painting",1,"[1, 0, 2, 2, 0, 0]",0.8228094577789307,0.4476705491542816,0.013517116196453571,0.1162631334364147,0.6647956395533179,0.717386316370081,0.050431283545852267,0.9495687164541478,0.9703069117113049,0.8492342754677491,0.8492342754677491,0.5,0.0,0.0,0.5717435353490927,0.7474413855348234,0.60066038885255,0.6762598732483447,0.6327556915672586,0.5641682490834895,0.7001662000094465,0.6434449092402891,False,1,0.6434449092402891,717
7836.png,00189,"small astronaut at bottom edge, broad pale pink cosmic dust stripe in empty sky, moody blue black cosmic background, small rim-lit grey ground below the figure, dark high contrast digital painting",1,"[1, 3, 0, 0, 0, 0]",0.8644770383834839,0.48992982506752014,0.011633102782070637,0.10785686247091854,0.616704801014054,0.6455083776403356,0.04463713526245598,0.9553628647375441,0.9820730398186707,0.8212703805600255,0.8212703805600255,0.5,0.0,0.0,0.7505029851799648,0.5976167074972882,0.6858566944213642,0.5820119877412273,0.45314210100422386,0.7367910702244873,0.841226028074802,0.6421001433667259,False,1,0.6421001433667259,718
7836.png,00023,"small astronaut at bottom edge, sloping pink white cosmic dust stripe in empty sky, moody blue black cosmic background, small rim-lit grey ground below the figure, dark high contrast digital painting, square crop",1,"[1, 0, 0, 0, 0, 1]",0.8463050127029419,0.4628669023513794,0.014074333943426609,0.11863529805006016,0.6671858770529946,0.7344942446108217,0.0526019769962727,0.9473980230037273,0.9608901080608128,0.8542897397383369,0.8542897397383369,0.5,0.0,0.0,0.6725425836919265,0.6935647235263626,0.5766188534186826,0.6809442338676843,0.6755061720723785,0.4994976177988827,0.587271567914452,0.6419477299919872,False,1,0.6419477299919872,719
7836.png,00188,"small astronaut at bottom edge, diagonal pink white cosmic dust stripe in empty sky, empty dark blue starfield, small rim-lit grey ground below the figure, dark high contrast digital painting",1,"[1, 2, 1, 0, 0, 0]",0.8216685056686401,0.5187798142433167,0.011497481726109982,0.10722631079222106,0.6769258433132617,0.738997847945602,0.048869675600393854,0.9511303243996061,0.9816392876937101,0.8617725026541251,0.8617725026541251,0.5,0.0,0.0,0.5668486993984635,0.4953328835026608,0.6922472418728725,0.7000325104048329,0.6867600891953078,0.6106926312491467,0.8360259316954658,0.641379411031292,False,1,0.641379411031292,720
7836.png,00187,"small astronaut at bottom edge, diagonal pink white cosmic dust stripe in empty sky, moody blue black cosmic background, tiny rim-lit grey ground below the explorer, dark high contrast digital painting",1,"[1, 2, 0, 1, 0, 0]",0.8273335695266724,0.4891531467437744,0.01193512137979269,0.10924798112456216,0.6716047535729291,0.7213909007884838,0.052022757420646784,0.9479772425793532,0.9735051860561532,0.851118977468822,0.851118977468822,0.5,0.0,0.0,0.5911525750693235,0.6003703178533398,0.6717579138342571,0.6896042984656607,0.6427626255279907,0.5167540828243214,0.7385091472452254,0.6394493183041031,False,1,0.6394493183041031,721
7836.png,00851,"tiny space explorer at bottom edge, diagonal pink white cosmic dust stripe in empty sky, moody blue black cosmic background, small rim-lit grey ground below the figure, moody high contrast digital painting",1,"[2, 2, 0, 0, 2, 0]",0.8559888601303101,0.4752905070781708,0.0185644943267107,0.1362515846759615,0.6490732035947974,0.7589732982494213,0.04427895255293771,0.9557210474470623,0.9949042197539565,0.8750211947695027,0.8750211947695027,0.5,0.0,0.0,0.7140875741436467,0.6495184747908509,0.3980804093775179,0.6454472197550644,0.7366761331941833,0.7474622692992763,0.9950543749218835,0.6388760967015756,False,1,0.6388760967015756,722
7836.png,00366,"small astronaut at bottom edge, sloping pink white cosmic dust stripe in empty sky, deep blue black cosmic background, tiny rim-lit grey ground below the explorer, realistic sci fi landscape",1,"[1, 0, 2, 1, 1, 0]",0.8529926538467407,0.4723946154117584,0.011127443052828312,0.10548669609400188,0.6240300007372372,0.6963427508318866,0.05284312302788779,0.9471568769721123,0.9670262805671942,0.838264400928027,0.838264400928027,0.5,0.0,0.0,0.7012334516085809,0.6597854759917847,0.7098779780232785,0.596367831926886,0.5801705669607362,0.4923132472497829,0.6608359070777888,0.6386298130808724,False,1,0.6386298130808724,723
7836.png,00539,"small space explorer at bottom edge, sloping pink white cosmic dust stripe in empty sky, shadowy blue black sky, small grey ground below the figure, dark high contrast digital painting",1,"[0, 0, 4, 2, 0, 0]",0.9167925715446472,0.5048537254333496,0.020775659009814262,0.14413763911558378,0.6394187298092725,0.8034628408926506,0.047734926114436214,0.9522650738855638,0.9790245337429578,0.8906559610102318,0.8906559610102318,0.5,0.0,0.0,0.9749435643979572,0.5447059909964834,0.3181564209017659,0.6265264904101869,0.8478496954564909,0.6444997842548164,0.8046785981154899,0.6382041967607663,False,1,0.6382041967607663,724
7836.png,00880,"small helmeted explorer at lower edge, sloping pink white cosmic dust stripe in empty sky, deep blue black cosmic background, small rim-lit grey ground below the figure, dark high contrast digital painting, square crop",1,"[3, 0, 2, 0, 0, 1]",0.7787379622459412,0.501503050327301,0.012441678903996944,0.11154227406681713,0.7088411382109499,0.8278311270254629,0.05410895692992624,0.9458910430700738,0.9792703574223923,0.8994399437204625,0.8994399437204625,0.5,0.0,0.0,0.38267097149017604,0.5565853667814066,0.6485055962043564,0.7625797470679524,0.9087428630337984,0.45460074688247804,0.8076256887504893,0.6378002412059898,False,1,0.6378002412059898,725
7836.png,00159,"small astronaut at bottom edge, sloping pink white cosmic dust stripe in empty sky, moody blue black cosmic background, tiny rim-lit grey ground below the explorer, dark high contrast digital painting, tight square crop",1,"[1, 0, 0, 1, 0, 2]",0.841150164604187,0.4735068082809448,0.012412874959409237,0.11141308253256992,0.6598270893605048,0.7091787832754629,0.050362929506788896,0.9496370704932111,0.9491924748444835,0.841341922115479,0.841341922115479,0.5,0.0,0.0,0.6504276013309289,0.6558423431543077,0.6498149331831199,0.6665225643568333,0.6122461372472315,0.5662046945595763,0.4470329001717452,0.6366643497833976,False,1,0.6366643497833976,726
7836.png,00995,"small space explorer at bottom edge, sloping pink white cosmic dust stripe in empty sky, dark cosmic background, small rim-lit grey ground below the figure, dark sci fi concept art, square crop",1,"[0, 0, 3, 0, 3, 1]",0.8434693813323975,0.4655661880970001,0.0143878860399127,0.11994951454638197,0.6643588238331468,0.6729436803747108,0.046034775300648804,0.9539652246993512,0.9643888713650506,0.8295902590864028,0.8295902590864028,0.5,0.0,0.0,0.6603773488410628,0.6839947626354272,0.5632994647546983,0.6754038067035956,0.5216993428977744,0.6951517205682433,0.6292169679333589,0.6363151711826842,False,1,0.6363151711826842,727
7836.png,00761,"small astronaut at bottom edge, diagonal pink white cosmic dust stripe in empty sky, moody blue black cosmic background, small rim-lit grey ground below the figure, moody high contrast digital painting, square crop",1,"[1, 2, 0, 0, 2, 1]",0.8597171902656555,0.46335500478744507,0.016656210646033287,0.1290589425264026,0.6396090485309343,0.7513020833333334,0.05033844909858448,0.9496615509014155,0.9812892790596025,0.8667253361274159,0.8667253361274159,0.5,0.0,0.0,0.7300826051512638,0.6918342208437558,0.47097676745783146,0.6268994749044039,0.7175067680258266,0.566934029902793,0.8318298055528563,0.6350745005428348,False,1,0.6350745005428348,728
7836.png,00674,"small astronaut at bottom edge, sloping pink white cosmic dust stripe in empty sky, moody blue black cosmic background, tiny rim-lit grey ground below the explorer, dark high contrast digital painting, balanced crop",1,"[1, 0, 0, 1, 0, 4]",0.8790566921234131,0.4767739176750183,0.013025080785155296,0.11412747603077576,0.645240623753739,0.6983744303385416,0.055265804714064906,0.944734195285935,0.9523270758303598,0.8353908771684929,0.8353908771684929,0.5,0.0,0.0,0.8130516343566239,0.6442592385576876,0.6223049589202931,0.6379361728066516,0.5852474689631115,0.4201352278171493,0.48461249067819195,0.6350142011288886,False,1,0.6350142011288886,729
7836.png,00305,"small space explorer at bottom edge, diagonal pink white cosmic dust stripe in empty sky, moody blue black cosmic background, small rim-lit grey ground below the figure, dark sci fi concept art",1,"[0, 2, 0, 0, 3, 0]",0.8542076349258423,0.48371583223342896,0.01644388772547245,0.12823372304301411,0.6521536599907625,0.7215547914858217,0.044426351522952906,0.9555736484770471,0.9812107514281746,0.8553925834212212,0.8553925834212212,0.5,0.0,0.0,0.7064458816586083,0.6196475978894165,0.47934024414763565,0.6514842636190333,0.6431721669968887,0.7430708687356725,0.8308883663566721,0.6344273349509693,False,1,0.6344273349509693,730
7836.png,00759,"small astronaut at bottom edge, diagonal pink white cosmic dust stripe in empty sky, moody blue black cosmic background, small rim-lit grey ground below the figure, dark high contrast digital painting, centered crop",1,"[1, 2, 0, 0, 0, 3]",0.8620921969413757,0.46228861808776855,0.015141149051487446,0.12304937647744277,0.6455127191279636,0.6649209481698496,0.048243660556836564,0.9517563394431634,0.9774939241677807,0.8278279303150957,0.8278279303150957,0.5,0.0,0.0,0.740271698939205,0.6956149539606831,0.5318828252740315,0.638469422266546,0.501651581889229,0.6293432555704531,0.7863286769231044,0.6340862450195736,False,1,0.6340862450195736,731
7836.png,00894,"small helmeted explorer at lower edge, diagonal pink white cosmic dust stripe in empty sky, moody blue black cosmic background, small rim-lit grey ground below the figure, dark high contrast digital painting, square crop",1,"[3, 2, 0, 0, 0, 1]",0.8077517747879028,0.5006961226463318,0.013772384263575077,0.11735580200218086,0.6894670467523699,0.7931874593098959,0.052386611854740556,0.9476133881452594,0.9832406961169422,0.8852471817636823,0.8852471817636823,0.5,0.0,0.0,0.507144077253614,0.5594462222359345,0.5895863555033338,0.7246106201187135,0.8221728575685383,0.5059139082506189,0.8552246345127602,0.6338698640472739,False,1,0.6338698640472739,732
7836.png,00660,"small space explorer at bottom edge, soft pink white nebula stripe in empty sky, empty dark blue starfield, small rim-lit grey ground below the figure, dark high contrast digital painting, square crop",1,"[0, 4, 1, 0, 0, 1]",0.8535202741622925,0.48430049419403076,0.01613187976181507,0.12701133713891477,0.6812992584869515,0.7173574942129631,0.05091752739112532,0.9490824726088747,0.9799015743208651,0.8509700526731125,0.8509700526731125,0.5,0.0,0.0,0.7034970127743404,0.6175747561732498,0.4917289434217985,0.7086034803667828,0.6326836687572115,0.5496817740697221,0.8151931184400215,0.6338048101502375,False,1,0.6338048101502375,733
7836.png,00534,"small space explorer at bottom edge, sloping pink white cosmic dust stripe in empty sky, shadowy blue black sky, small rim-lit grey ground below the figure, dark high contrast digital painting, tight square crop",1,"[0, 0, 4, 0, 0, 2]",0.9093635082244873,0.5249868035316467,0.017615072429180145,0.13272178581220245,0.6536456873988934,0.8132459852430555,0.05397768970863456,0.9460223102913654,0.965885241958019,0.8902455503529566,0.8902455503529566,0.5,0.0,0.0,0.9430718969624503,0.47332682325648523,0.4338543957060109,0.6544083221841631,0.8722964967257864,0.4585115404891305,0.6471564104279578,0.6333376674729416,False,1,0.6333376674729416,734
7836.png,00713,"small astronaut at bottom edge, sloping pink white cosmic dust stripe in empty sky, deep blue black cosmic background, thin grey ground below the figure, dark high contrast digital painting",1,"[1, 0, 2, 3, 0, 0]",0.8453371524810791,0.4574880599975586,0.014899718575179577,0.12206440339091318,0.6598721469194283,0.6865726047092015,0.0503302176966285,0.9496697823033715,0.9724674716963831,0.8358355902645973,0.8358355902645973,0.5,0.0,0.0,0.6683903349109049,0.7126346982587834,0.5418653809638814,0.6666108676550007,0.5557562465665598,0.5671792648809295,0.7260683674207664,0.6326486076341876,False,1,0.6326486076341876,735
7836.png,00064,"small astronaut at bottom edge, sloping pink white cosmic dust stripe in empty sky, moody blue black cosmic background, small rim-lit grey ground below the figure, dark high contrast digital painting, tight square crop",1,"[1, 0, 0, 0, 0, 2]",0.8130491375923157,0.46360570192337036,0.013512319885194302,0.11624250464091998,0.6749022191982693,0.714570787217882,0.04954197728332643,0.9504580227166736,0.962328655022923,0.8466828932034672,0.8466828932034672,0.5,0.0,0.0,0.5298704666127285,0.6909454072788463,0.6008694586257822,0.6960666345812387,0.625720051573981,0.5906630069645527,0.6045177839413006,0.6304875136111447,False,1,0.6304875136111447,736
7836.png,00365,"small astronaut at bottom edge, sloping pink white cosmic dust stripe in empty sky, deep blue black cosmic background, tiny rim-lit grey ground below the explorer, dark high contrast digital painting, square crop",1,"[1, 0, 2, 1, 0, 1]",0.8563891649246216,0.4799366593360901,0.01307595893740654,0.11435015932392285,0.631549367091543,0.7469346788194445,0.05093538065974312,0.9490646193402569,0.9475839252729941,0.8578100072924387,0.8578100072924387,0.5,0.0,0.0,0.7158049348292816,0.63304615596586,0.6200480968745774,0.6111042016965266,0.7065931939856719,0.5491498785357011,0.42774858472672944,0.6304141394137275,False,1,0.6304141394137275,737
7836.png,00398,"small astronaut at bottom edge, diagonal pink white cosmic dust stripe in empty sky, empty dark blue starfield, small rim-lit grey ground below the figure, dark high contrast digital painting, square crop",1,"[1, 2, 1, 0, 0, 1]",0.7992454767227173,0.5143335461616516,0.010532129555940628,0.10262616409055066,0.6814449144576287,0.7494382505063658,0.05450269433730599,0.945497305662694,0.9836865720946553,0.8649085841287385,0.8649085841287385,0.5,0.0,0.0,0.4706509298193754,0.5110965393961435,0.738869044294602,0.708888935302999,0.7128492929760816,0.44287028043145316,0.8605700793507528,0.6303018820183377,False,1,0.6303018820183377,738
7836.png,00752,"small astronaut at bottom edge, sloping pink white cosmic dust stripe across empty sky, deep blue black cosmic background, tiny rim-lit grey ground below the explorer, dark high contrast digital painting, square crop",1,"[1, 1, 2, 1, 0, 1]",0.8497629165649414,0.49656838178634644,0.012255419977009296,0.11070420035847464,0.642436247099748,0.7419800934968172,0.051461104830841486,0.9485388951691585,0.9539844311875794,0.8566765416202891,0.8566765416202891,0.5,0.0,0.0,0.6873774501029496,0.5740805819594514,0.6569993485516461,0.6324401869217644,0.6942123317172921,0.5334871814285042,0.5044819209274031,0.6299470879630777,False,1,0.6299470879630777,739
7836.png,00345,"small astronaut at bottom edge, sloping pink white cosmic dust stripe in empty sky, moody blue black cosmic background, tiny rim-lit grey ground below the explorer, dark sci fi concept art",1,"[1, 0, 0, 1, 3, 0]",0.8458539247512817,0.4741148352622986,0.013486100360751152,0.11612967045829051,0.6288879286535326,0.7625297263816551,0.04813868639985193,0.951861313600148,0.943022041168608,0.8648942448655182,0.8648942448655182,0.5,0.0,0.0,0.6706073565226464,0.6536866638448351,0.6020130162795105,0.6058883445227107,0.7455631830692732,0.6324707100709724,0.37305781631533186,0.6298969038558222,False,1,0.6298969038558222,740
7836.png,00401,"small astronaut at bottom edge, diagonal pink white cosmic dust stripe in empty sky, deep blue black cosmic background, small rim-lit grey ground below the figure, dark high contrast digital painting",1,"[1, 2, 2, 0, 0, 0]",0.7860124111175537,0.47176676988601685,0.011666698381304741,0.1080124917836115,0.6819316560948872,0.684127242476852,0.05048764383367449,0.9495123561663255,0.9865696152185127,0.8375005068164999,0.8375005068164999,0.5,0.0,0.0,0.4138793224250074,0.6620114193312936,0.6842794144914076,0.7098428460995935,0.5496456054082072,0.5624891288041409,0.8951338341939241,0.6293265857780929,False,1,0.6293265857780929,741
7836.png,00185,"small astronaut at bottom edge, diagonal pink white cosmic dust stripe in empty sky, moody blue black cosmic background, small rim-lit grey ground below the figure, dark high contrast digital painting, square crop",1,"[1, 2, 0, 0, 0, 1]",0.840366005897522,0.46294349431991577,0.01555297989398241,0.12471158684734314,0.658706714444627,0.7252722846137152,0.051278256627524776,0.9487217433724753,0.9729132936598142,0.853007796988501,0.853007796988501,0.5,0.0,0.0,0.6470634564261919,0.6932931768238164,0.515036570475091,0.6643268661738938,0.6524616972810681,0.5389347073034565,0.7314131647011878,0.6278068335206628,False,1,0.6278068335206628,742
7836.png,00646,"small space explorer at bottom edge, broad pale pink cosmic dust stripe in empty sky, empty dark blue starfield, small rim-lit grey ground below the figure, moody high contrast digital painting",1,"[0, 3, 1, 0, 2, 0]",0.8707647323608398,0.5279337763786316,0.012996441684663296,0.11400193719697616,0.6227347106157046,0.7239419442635996,0.04848550755477755,0.9515144924452225,0.9814463015927747,0.8550932075930026,0.8550932075930026,0.5,0.0,0.0,0.7774780266819957,0.46287872048039047,0.6235772763234608,0.5938293368874819,0.6491373503231849,0.6221380014024367,0.8337122915609586,0.625601429208371,False,1,0.625601429208371,743
7836.png,00337,"small astronaut at bottom edge, sloping pink white cosmic dust stripe in empty sky, moody blue black cosmic background, small rim-lit grey ground below the figure, dark high contrast digital painting, balanced crop",1,"[1, 0, 0, 0, 0, 4]",0.8446495532989502,0.46596068143844604,0.01467988919466734,0.12116059258136426,0.6571510738597597,0.6798604329427084,0.0496912276283762,0.9503087723716238,0.9653617726774957,0.8316176196897862,0.8316176196897862,0.5,0.0,0.0,0.665440443179296,0.6825961386270218,0.551025369051677,0.6612781392191102,0.538983405097238,0.5862164490998557,0.6408807277195668,0.6242541286428098,False,1,0.6242541286428098,744
7836.png,00814,"tiny space explorer at bottom edge, sloping pink white cosmic dust stripe in empty sky, empty dark blue starfield, tiny rim-lit grey ground below the explorer, realistic sci fi landscape, square crop",1,"[2, 0, 1, 1, 1, 1]",0.719354510307312,0.48819974064826965,0.008906878530979156,0.0943762604206119,0.6786069066017846,0.8073724817346645,0.04675086791270696,0.953249132087293,0.9538657231608529,0.8877279576433221,0.8877279576433221,0.5,0.0,0.0,0.12790808284654323,0.6037504931689627,0.8224805905869239,0.7033270393662602,0.8576193778076542,0.6738174500515673,0.5030587735940399,0.6242162052437458,False,1,0.6242162052437458,745
7836.png,00348,"small astronaut at bottom edge, sloping pink white cosmic dust stripe in empty sky, moody blue black cosmic background, small grey ground below the figure, moody high contrast digital painting",1,"[1, 0, 0, 2, 2, 0]",0.8616933226585388,0.46647483110427856,0.017080016434192657,0.13069053689610682,0.6309405372035257,0.6957284432870371,0.04484333293584613,0.9551566670641539,0.9772093391508897,0.8428245007817985,0.8428245007817985,0.5,0.0,0.0,0.7385604753376164,0.6807732889335103,0.4544408012658978,0.6099110237166435,0.5786354925583492,0.7306479026090993,0.7829168907189843,0.6241904857962094,False,1,0.6241904857962094,746
7836.png,00123,"small space explorer at bottom edge, sloping pink white cosmic dust stripe across empty sky, moody blue black cosmic background, small rim-lit grey ground below the figure, dark sci fi concept art",1,"[0, 1, 0, 0, 3, 0]",0.8616425395011902,0.4790962338447571,0.01650865189731121,0.12848599883766018,0.6554755995196526,0.6778394911024305,0.046507820359602166,0.9534921796403978,0.9721265669015886,0.8331753472505508,0.8331753472505508,0.5,0.0,0.0,0.7383426088539712,0.6360257734801784,0.47678346650193515,0.6579945634160475,0.5339333351221349,0.6810584718957254,0.7219813838947015,0.6230914875816829,False,1,0.6230914875816829,747
7836.png,00676,"small astronaut at bottom edge, sloping pink white cosmic dust stripe in empty sky, moody blue black cosmic background, tiny rim-lit grey ground below the explorer, moody high contrast digital painting, tight square crop",1,"[1, 0, 0, 1, 2, 2]",0.8629465699195862,0.47600436210632324,0.013655278831720352,0.11685580358595953,0.6463026826744106,0.6957210964626737,0.05295268760822998,0.94704731239177,0.9485846361370932,0.8342579799727412,0.8342579799727412,0.5,0.0,0.0,0.7439370723858835,0.6469875961270044,0.5946537650630734,0.6400175839568344,0.5786171338028469,0.4890490320397559,0.43974574310753867,0.6224587374712203,False,1,0.6224587374712203,748
7836.png,00363,"small astronaut at bottom edge, sloping pink white cosmic dust stripe in empty sky, deep blue black cosmic background, small rim-lit grey ground below the figure, realistic sci fi landscape, square crop",1,"[1, 0, 2, 0, 1, 1]",0.8559281826019287,0.4882061779499054,0.012438378296792507,0.11152747776576187,0.6499814530603342,0.6915068449797453,0.05491517349953111,0.9450848265004689,0.957163028467735,0.8333903752095965,0.8333903752095965,0.5,0.0,0.0,0.7138272594953475,0.6037276705667254,0.6486555545141904,0.647227196861721,0.5680862692043174,0.43058144811951354,0.5425889669952663,0.6217776723466207,False,1,0.6217776723466207,749
7836.png,00385,"small astronaut at bottom edge, sloping pink white cosmic dust stripe across empty sky, empty dark blue starfield, tiny rim-lit grey ground below the explorer, dark high contrast digital painting, square crop",1,"[1, 1, 1, 1, 0, 1]",0.8087539672851562,0.522313117980957,0.010368234477937222,0.1018245278797659,0.6437062509283801,0.7850816514756945,0.050385417964915045,0.949614582035085,0.9592901543749031,0.8775098777513229,0.8775098777513229,0.5,0.0,0.0,0.5114436160517479,0.4828060220394489,0.7469935080252348,0.6349291261682031,0.8019175014016205,0.5655347046154169,0.5680903054135218,0.6217183552293075,False,1,0.6217183552293075,750
7836.png,00395,"small astronaut at bottom edge, diagonal pink white cosmic dust stripe in empty sky, moody blue black cosmic background, tiny rim-lit grey ground below the explorer, dark high contrast digital painting, square crop",1,"[1, 2, 0, 1, 0, 1]",0.8366433382034302,0.48830318450927734,0.013194562867283821,0.11486758841067318,0.6600098576327802,0.7188161214192709,0.05126934051478193,0.9487306594852181,0.9558356861212789,0.846690122682754,0.846690122682754,0.5,0.0,0.0,0.6310927180429248,0.6033837466302322,0.6148040300623234,0.6668807515651033,0.6363285878304047,0.5392003416055128,0.5266759426370019,0.6217019595840583,False,1,0.6217019595840583,751
7836.png,00376,"small astronaut at bottom edge, sloping pink white cosmic dust stripe across empty sky, moody blue black cosmic background, tiny rim-lit grey ground below the explorer, dark high contrast digital painting, tight square crop",1,"[1, 1, 0, 1, 0, 2]",0.8514226078987122,0.48833027482032776,0.012587041594088078,0.11219198542715998,0.6418444507782973,0.6992696126302084,0.05173438369655277,0.9482656163034472,0.9539938797826694,0.8373630673463341,0.8373630673463341,0.5,0.0,0.0,0.694497746155884,0.6032877015124835,0.6419208682299076,0.6312803911344217,0.5874844127104726,0.5253454897682349,0.5045951966954971,0.621122635288196,False,1,0.621122635288196,752
7836.png,00664,"small space explorer at bottom edge, wide sloping cosmic dust band in empty sky, moody blue black cosmic background, small rim-lit grey ground below the figure, dark high contrast digital painting, square crop",1,"[0, 5, 0, 0, 0, 1]",0.881456732749939,0.4593874216079712,0.012604218907654285,0.11226851253870912,0.5788928136357613,0.5121889467592593,0.03817451093408989,0.9618254890659101,0.9723326143524889,0.7615904700852331,0.7615904700852331,0.5,0.0,0.0,0.8233481271153762,0.7059007626764235,0.6411452773398922,0.5079084793501997,0.11999423817519621,0.9293295398963543,0.7244516118007787,0.6202889339469774,False,1,0.6202889339469774,753
7836.png,00442,"small helmeted explorer at lower edge, sloping pink white cosmic dust stripe in empty sky, moody blue black cosmic background, small rim-lit grey ground below the figure, dark high contrast digital painting, tight square crop",1,"[3, 0, 0, 0, 0, 2]",0.8006529808044434,0.516716480255127,0.012701060622930527,0.11269898235090912,0.6799219808162674,0.8284222638165509,0.05591890074485865,0.9440810992551414,0.9729831602047936,0.8978150354977061,0.8978150354977061,0.5,0.0,0.0,0.47668930909730656,0.5026481614808995,0.6367825298375963,0.7059043070489343,0.9102200367457552,0.40067779010630306,0.7322507692837987,0.6199518787471869,False,1,0.6199518787471869,754
7836.png,00700,"small astronaut at bottom edge, sloping pink white cosmic dust stripe in empty sky, empty dark blue starfield, small grey ground below the figure, moody high contrast digital painting",1,"[1, 0, 1, 2, 2, 0]",0.8251469135284424,0.5196120738983154,0.012194259092211723,0.11042761924542122,0.6557278485530786,0.7380648012514467,0.05037188819252848,0.9496281118074715,0.9762241939631161,0.8597438384883892,0.8597438384883892,0.5,0.0,0.0,0.5817715306808174,0.4923822168819212,0.6598024569833134,0.6584889182400376,0.6844285272465113,0.5659377918966754,0.7711063435671339,0.6195943395681812,False,1,0.6195943395681812,755
7836.png,00336,"small space explorer at bottom edge, wide sloping cosmic dust band in empty sky, moody blue black cosmic background, small rim-lit grey ground below the figure, dark high contrast digital painting",1,"[0, 5, 0, 0, 0, 0]",0.8834837675094604,0.45927613973617554,0.012570279650390148,0.1121172584858823,0.5857592382803679,0.518411706995081,0.04251636983134207,0.9574836301686579,0.9751415425283685,0.7634328472124903,0.7634328472124903,0.5,0.0,0.0,0.8320443752090444,0.7062952978465817,0.6426782146620471,0.5213652212870192,0.13554410408567028,0.7999742153204195,0.7581268295038283,0.6181023689702883,False,1,0.6181023689702883,756
7836.png,00344,"small astronaut at bottom edge, sloping pink white cosmic dust stripe in empty sky, moody blue black cosmic background, tiny rim-lit grey ground below the explorer, moody high contrast digital painting, square crop",1,"[1, 0, 0, 1, 2, 1]",0.8612773418426514,0.4863806664943695,0.01405328419059515,0.11854654862371637,0.6350049031571771,0.7307886194299767,0.050987402907001086,0.9490125970929989,0.9432597830705505,0.8496612443401492,0.8496612443401492,0.5,0.0,0.0,0.7367758624393068,0.6101997801845291,0.5775183156507326,0.6178763224865124,0.6662462982393951,0.5475999998228107,0.37590801746102076,0.6171365603046587,False,1,0.6171365603046587,757
7836.png,00192,"tiny space explorer at bottom edge, sloping pink white cosmic dust stripe in empty sky, moody blue black cosmic background, small rim-lit grey ground below the figure, moody high contrast digital painting",1,"[2, 0, 0, 0, 2, 0]",0.7995584011077881,0.46604201197624207,0.01680336706340313,0.12962780204648666,0.6597990293757825,0.7814325403284142,0.04667961856805029,0.9533203814319497,0.9795545946733761,0.8812176955836442,0.8812176955836442,0.5,0.0,0.0,0.47199341695451297,0.6823077919533844,0.4652114608554466,0.6664675727137725,0.7927988487648086,0.6759401542485481,0.8110333057157038,0.6168084839469267,False,1,0.6168084839469267,758
7836.png,00392,"small astronaut at bottom edge, diagonal pink white cosmic dust stripe in empty sky, moody blue black cosmic background, small rim-lit grey ground below the figure, dark high contrast digital painting, tight square crop",1,"[1, 2, 0, 0, 0, 2]",0.837162971496582,0.46693527698516846,0.015304227359592915,0.12371025567669365,0.6552960926422513,0.6797078450520834,0.04991035844974323,0.9500896415502568,0.973942293684207,0.8331883635528687,0.8331883635528687,0.5,0.0,0.0,0.633322013822759,0.6791408389123678,0.5251849129137763,0.6576427678528396,0.5386021078675741,0.5796879692037302,0.743749471530045,0.6160033858463715,False,1,0.6160033858463715,759
7836.png,00451,"small helmeted explorer at lower edge, sloping pink white cosmic dust stripe in empty sky, deep blue black cosmic background, small rim-lit grey ground below the figure, dark high contrast digital painting",1,"[3, 0, 2, 0, 0, 0]",0.8015820980072021,0.5236768126487732,0.012652581557631493,0.1124836946300729,0.6738336796716987,0.8228567617910879,0.05469462867664061,0.9453053713233593,0.9733898166247547,0.8958203860941163,0.8958203860941163,0.5,0.0,0.0,0.48067534518540644,0.4779712228117826,0.6389644388582383,0.6939725228123655,0.8963125733467586,0.4371520548167033,0.7371260251162992,0.615697657307077,False,1,0.615697657307077,760
7836.png,00696,"small astronaut at bottom edge, sloping pink white cosmic dust stripe in empty sky, empty dark blue starfield, tiny rim-lit grey ground below the explorer, moody high contrast digital painting, square crop",1,"[1, 0, 1, 1, 2, 1]",0.8260636329650879,0.5192899703979492,0.011631983332335949,0.10785167283049414,0.6337989477567298,0.7939588758680557,0.051563932207475294,0.9484360677925248,0.9548112576430403,0.8801963693966168,0.8801963693966168,0.5,0.0,0.0,0.5857043787071823,0.49352419227535216,0.6859092906549622,0.6155129046306302,0.8241005268962833,0.5304236851255355,0.5143944424113562,0.6153115098882872,False,1,0.6153115098882872,761
7836.png,00862,"tiny space explorer at bottom edge, broad pale pink cosmic dust stripe in empty sky, empty dark blue starfield, small rim-lit grey ground below the figure, dark high contrast digital painting",1,"[2, 3, 1, 0, 0, 0]",0.8436925411224365,0.5429947376251221,0.01286209374666214,0.11341117117225331,0.6512437061435848,0.7396652786820024,0.049972375767580506,0.9500276242324195,0.9808146390547572,0.8615219716991993,0.8615219716991993,0.5,0.0,0.0,0.6613347339522924,0.40948207274028237,0.629564602091158,0.6497009462843701,0.6884279115220964,0.5778403112148335,0.8261395192610976,0.6142814523428201,False,1,0.6142814523428201,762
7836.png,00697,"small astronaut at bottom edge, sloping pink white cosmic dust stripe in empty sky, empty dark blue starfield, tiny rim-lit grey ground below the explorer, dark sci fi concept art",1,"[1, 0, 1, 1, 3, 0]",0.7570956945419312,0.5078774690628052,0.009731368161737919,0.09864769719429804,0.6459256526574945,0.8156574390552663,0.048261957808658565,0.9517380421913414,0.9575648608693074,0.8916671345157008,0.8916671345157008,0.5,0.0,0.0,0.289822771241215,0.5339857075566692,0.7791902143805753,0.6392786847621771,0.8783224051664366,0.6287981326163697,0.5474063894268133,0.6138922042249683,False,1,0.6138922042249683,763
7836.png,00429,"tiny space explorer at bottom edge, sloping pink white cosmic dust stripe across empty sky, moody blue black cosmic background, small rim-lit grey ground below the figure, moody high contrast digital painting",1,"[2, 1, 0, 0, 2, 0]",0.818358302116394,0.4677388668060303,0.017830535769462585,0.13353102923838558,0.6454093345902072,0.7722552264178241,0.04579178105562893,0.954208218944371,0.9757666070936546,0.8766410499372816,0.8766410499372816,0.5,0.0,0.0,0.5526474869152254,0.6762918173997406,0.4256528339791005,0.6382668104100337,0.7698659387184741,0.702391154225223,0.7656205011096819,0.611512932447076,False,1,0.611512932447076,764
7836.png,00670,"small astronaut at bottom edge, sloping pink white cosmic dust stripe in empty sky, moody blue black cosmic background, small rim-lit grey ground below the figure, moody high contrast digital painting, centered crop",1,"[1, 0, 0, 0, 2, 3]",0.8587018251419067,0.4723314344882965,0.016363896429538727,0.12792144632366664,0.6223636013508391,0.6900555645978009,0.04794610667957871,0.9520538933204213,0.9746022312548988,0.8386643129821376,0.8386643129821376,0.5,0.0,0.0,0.7257265540375365,0.6600094756063364,0.4825051222383794,0.5931020411162277,0.5644597088866262,0.6382081632706751,0.7516612229070648,0.609994392747514,False,1,0.609994392747514,765
7836.png,00067,"small astronaut at bottom edge, sloping pink white cosmic dust stripe in empty sky, moody blue black cosmic background, tiny rim-lit grey ground below the explorer, dark high contrast digital painting, square crop",1,"[1, 0, 0, 1, 0, 1]",0.8396896123886108,0.48805299401283264,0.013358800671994686,0.11558027804082618,0.6383320993134649,0.7411092122395834,0.05200789869821931,0.9479921013017807,0.9445718011595411,0.854210741195344,0.854210741195344,0.5,0.0,0.0,0.6441616385196126,0.6042707639718174,0.607581026693117,0.6243969241628902,0.6920361130842851,0.5171967630006864,0.3916373248731842,0.6098534353630145,False,1,0.6098534353630145,766
7836.png,00178,"small astronaut at bottom edge, sloping pink white cosmic dust stripe across empty sky, moody blue black cosmic background, tiny rim-lit grey ground below the explorer, dark high contrast digital painting, square crop",1,"[1, 1, 0, 1, 0, 1]",0.8570528626441956,0.49997031688690186,0.013432345353066921,0.11589799546612928,0.6301282506202233,0.7267710367838541,0.05249670343678706,0.947503296563213,0.9489377574497484,0.8484606718398084,0.8484606718398084,0.5,0.0,0.0,0.7186522861149496,0.5620194706381939,0.6043610078569693,0.6083191135893217,0.6562068834035437,0.5026339922824355,0.44397918602051967,0.6075332273488904,False,1,0.6075332273488904,767
7836.png,00263,"small space explorer at bottom edge, sloping pink white cosmic dust stripe in empty sky, shadowy blue black sky, small rim-lit grey ground below the figure, dark high contrast digital painting, square crop",1,"[0, 0, 4, 0, 0, 1]",0.9004587531089783,0.5330034494400024,0.01843217946588993,0.13576516293176955,0.6444518148531355,0.8016510009765625,0.05366931299413737,0.9463306870058626,0.960587659393061,0.8840762227701173,0.8840762227701173,0.5,0.0,0.0,0.9048693159094698,0.4449048646165349,0.40301022138614695,0.6363902739783253,0.8433221439072234,0.4676988887976385,0.5836456209009268,0.6071213347263252,False,1,0.6071213347263252,768
7836.png,00343,"small astronaut at bottom edge, sloping pink white cosmic dust stripe in empty sky, moody blue black cosmic background, tiny rim-lit grey ground below the explorer, realistic sci fi landscape, tight square crop",1,"[1, 0, 0, 1, 1, 2]",0.777156412601471,0.4730719327926636,0.010407417081296444,0.10201674902336598,0.6059421694514111,0.7277357313368055,0.043526112373090425,0.9564738876269095,0.9503948298961828,0.8523259057502174,0.8523259057502174,0.5,0.0,0.0,0.3758859136532732,0.6573841367276742,0.7450453753330866,0.5609195032248037,0.6586175292221957,0.7698913459050528,0.46144749733731916,0.6060823144541343,False,1,0.6060823144541343,769
7836.png,00673,"small astronaut at bottom edge, sloping pink white cosmic dust stripe in empty sky, moody blue black cosmic background, small rim-lit grey ground below the figure, moody space painting",1,"[1, 0, 0, 0, 5, 0]",0.8086395263671875,0.5066205263137817,0.011079601012170315,0.1052596836978447,0.625029602585212,0.6864974410445602,0.04716226353704844,0.9528377364629516,0.9775605784366436,0.8379291719194139,0.8379291719194139,0.5,0.0,0.0,0.5109526493280404,0.5384420319638997,0.7121787148839268,0.5983268404071335,0.5555684223756513,0.661560899165152,0.787127770696334,0.6058706954879812,False,1,0.6058706954879812,770
7836.png,00701,"small astronaut at bottom edge, sloping pink white cosmic dust stripe in empty sky, empty dark blue starfield, thin grey ground below the figure, dark high contrast digital painting, square crop",1,"[1, 0, 1, 3, 0, 1]",0.7628313302993774,0.4938927888870239,0.011845625005662441,0.1088376084157606,0.6812999745951813,0.7122548421223959,0.050437829729158175,0.9495621702708418,0.9858413136301704,0.8500297012759068,0.8500297012759068,0.5,0.0,0.0,0.314429409725028,0.5835665429949297,0.6759169801836127,0.7086048837876526,0.6199328069548615,0.5639732211734821,0.886402491487653,0.6056672563055763,False,1,0.6056672563055763,771
7836.png,00717,"small astronaut at bottom edge, sloping pink white cosmic dust stripe in empty sky, dark cosmic background, tiny rim-lit grey ground below the explorer, dark high contrast digital painting, square crop",1,"[1, 0, 3, 1, 0, 1]",0.7928048372268677,0.49038687348365784,0.011762738227844238,0.1084561580909274,0.6404369438722934,0.7711272063078703,0.05000090747248164,0.9499990925275184,0.9462689335353911,0.8687607119302514,0.8687607119302514,0.5,0.0,0.0,0.4430197317480563,0.5959963027384376,0.6797829224744575,0.6285219749005433,0.7670471636428855,0.576990277154416,0.4119836273234936,0.6049581471164533,False,1,0.6049581471164533,772
7836.png,00743,"small astronaut at bottom edge, sloping pink white cosmic dust stripe across empty sky, empty dark blue starfield, tiny rim-lit grey ground below the explorer, dark high contrast digital painting, tight square crop",1,"[1, 1, 1, 1, 0, 2]",0.8063965439796448,0.5229027271270752,0.01081852801144123,0.10401215319106336,0.6193827139871005,0.7728260181568287,0.04897398144822422,0.9510260185517758,0.9628188556959755,0.8731945858028896,0.8731945858028896,0.5,0.0,0.0,0.5013299572552096,0.48071564073082196,0.7248222509653133,0.5872601315238659,0.7712922727998092,0.6075850874250506,0.6103946214215096,0.6049311991978782,False,1,0.6049311991978782,773
7836.png,00685,"small astronaut at bottom edge, sloping pink white cosmic dust stripe in empty sky, moody blue black cosmic background, thin grey ground below the figure, moody high contrast digital painting",1,"[1, 0, 0, 3, 2, 0]",0.8591137528419495,0.4712512493133545,0.018499745056033134,0.13601376789146433,0.6265010650057269,0.7172687671802662,0.048351223887263935,0.951648776112736,0.9789701849224783,0.8516420538550731,0.8516420538550731,0.5,0.0,0.0,0.727493778531048,0.6638391293938,0.4004906471065389,0.6012105959403934,0.6324619514792215,0.6261386628259242,0.8040270298848505,0.6045245190031759,False,1,0.6045245190031759,774
7836.png,00686,"small astronaut at bottom edge, sloping pink white cosmic dust stripe in empty sky, moody blue black cosmic background, faint grey ground below the figure, dark high contrast digital painting, square crop",1,"[1, 0, 0, 4, 0, 1]",0.8225235342979431,0.4722887873649597,0.016674470156431198,0.12912966412266083,0.6517812582303106,0.756351047092014,0.05132437678881167,0.9486756232111884,0.9651931278854419,0.8654330648924106,0.8654330648924106,0.5,0.0,0.0,0.5705168856753299,0.6601606753461586,0.47026001460155775,0.6507544348294385,0.7301234696918132,0.5375606671575323,0.6388589066791912,0.6017281223483554,False,1,0.6017281223483554,775
7836.png,00864,"small helmeted explorer at lower edge, sloping pink white cosmic dust stripe in empty sky, moody blue black cosmic background, small rim-lit grey ground below the figure, dark high contrast digital painting, centered crop",1,"[3, 0, 0, 0, 0, 3]",0.7406814694404602,0.5101428031921387,0.014056740328669548,0.11856112486253471,0.6794329114597099,0.8394362838179976,0.046472059349452165,0.9535279406505478,0.9836280264243341,0.9082067122306575,0.9082067122306575,0.5,0.0,0.0,0.21940356748695614,0.5259542647730387,0.5773705876389295,0.7049458344141882,0.9377426356676725,0.6821238858542596,0.8598681966146382,0.6007561899367675,False,1,0.6007561899367675,776
7836.png,00699,"small astronaut at bottom edge, sloping pink white cosmic dust stripe in empty sky, empty dark blue starfield, small grey ground below the figure, realistic sci fi landscape, square crop",1,"[1, 0, 1, 2, 1, 1]",0.7886964678764343,0.48860570788383484,0.012508157640695572,0.11183987500303982,0.6628963090368686,0.733245849609375,0.05326334902552323,0.9467366509744768,0.965000245601122,0.85431850928551,0.85431850928551,0.5,0.0,0.0,0.42539428207879404,0.6023111899852731,0.6454894549921517,0.6725375866238696,0.6723865958489441,0.4797936164635814,0.6365465111643075,0.5994745483994404,False,1,0.5994745483994404,777
7836.png,00349,"small astronaut at bottom edge, sloping pink white cosmic dust stripe in empty sky, moody blue black cosmic background, thin grey ground below the figure, dark high contrast digital painting, square crop",1,"[1, 0, 0, 3, 0, 1]",0.8435046672821045,0.4633494019508362,0.017739571630954742,0.133189983223044,0.6376935899720698,0.6782492178457754,0.04811016339801775,0.9518898366019822,0.9735258146810498,0.8330787537775026,0.8330787537775026,0.5,0.0,0.0,0.6605287302475393,0.6918540849605179,0.4291092846045119,0.6231455807234553,0.5349571887943804,0.6333204848442794,0.738756456322144,0.5979325742621562,False,1,0.5979325742621562,778
7836.png,00793,"small astronaut at bottom edge, wide sloping cosmic dust band in empty sky, moody blue black cosmic background, small rim-lit grey ground below the figure, dark high contrast digital painting",1,"[1, 5, 0, 0, 0, 0]",0.8697865009307861,0.4457794725894928,0.013004227541387081,0.11403607999833684,0.53412973605772,0.5640168366608797,0.041451442040082144,0.9585485579599179,0.9701721664794589,0.7833340050792589,0.7833340050792589,0.5,0.0,0.0,0.7732812840416381,0.7541459475828223,0.623231244111361,0.42018230241783067,0.24950537276040835,0.8317011975527412,0.6985507884600073,0.5977106691294821,False,1,0.5977106691294821,779
7836.png,00733,"small astronaut at bottom edge, sloping pink white cosmic dust stripe across empty sky, moody blue black cosmic background, small grey ground below the figure, dark high contrast digital painting, tight square crop",1,"[1, 1, 0, 2, 0, 2]",0.8383087515830994,0.4539787769317627,0.016376381739974022,0.12797023771164145,0.6409426124935609,0.6369222005208334,0.04876561693776928,0.9512343830622307,0.9683646885622027,0.8132199620185964,0.8132199620185964,0.5,0.0,0.0,0.6382375624320445,0.7250763976043875,0.48201062878032996,0.6295129785879264,0.43168636466984606,0.6137928107799157,0.6768815934696452,0.5975530588629197,False,1,0.5975530588629197,780
7836.png,00364,"small astronaut at bottom edge, sloping pink white cosmic dust stripe in empty sky, deep blue black cosmic background, small rim-lit grey ground below the figure, moody high contrast digital painting",1,"[1, 0, 2, 0, 2, 0]",0.8464903831481934,0.47864866256713867,0.01574786938726902,0.1254905151287101,0.6353875369900341,0.6736715811270254,0.050690179554977684,0.9493098204450223,0.970795712648697,0.8295697911926586,0.8295697911926586,0.5,0.0,0.0,0.6733378474995986,0.6376125782968465,0.507142248230672,0.618626203976743,0.5235182719044665,0.5564550603124246,0.7060262565682012,0.5971326130856874,False,1,0.5971326130856874,781
7836.png,00357,"small astronaut at bottom edge, sloping pink white cosmic dust stripe in empty sky, empty dark blue starfield, tiny rim-lit grey ground below the explorer, realistic sci fi landscape, square crop",1,"[1, 0, 1, 1, 1, 1]",0.7736384272575378,0.515051007270813,0.0098381657153368,0.09918752802311791,0.5990579881492529,0.8183056866681134,0.047978980855862184,0.9520210191441378,0.9524570522003978,0.8919363261411788,0.8919363261411788,0.5,0.0,0.0,0.36079328971230373,0.5085528758486363,0.7737191092453284,0.5474279619898486,0.8849400304190457,0.6372287556381492,0.4861707300788524,0.5950896111522872,False,1,0.5950896111522872,782
7836.png,00709,"small astronaut at bottom edge, sloping pink white cosmic dust stripe in empty sky, deep blue black cosmic background, tiny rim-lit grey ground below the explorer, realistic sci fi landscape, square crop",1,"[1, 0, 2, 1, 1, 1]",0.8007651567459106,0.45750531554222107,0.011444644071161747,0.10697964325590989,0.6094415287821838,0.6543567798755786,0.04793203652026702,0.952067963479733,0.9503066412406316,0.8177456664100431,0.8177456664100431,0.5,0.0,0.0,0.47717055877127396,0.7125735210055639,0.6947471806547331,0.5677775083578532,0.4752531036888386,0.6386273500908054,0.46039023563866494,0.5939617488699773,False,1,0.5939617488699773,783
7836.png,00595,"small space explorer at bottom edge, sloping pink white cosmic dust stripe across empty sky, shadowy blue black sky, small rim-lit grey ground below the figure, dark high contrast digital painting, square crop",1,"[0, 1, 4, 0, 0, 1]",0.8978085517883301,0.5382689237594604,0.018993444740772247,0.13781670704516288,0.6352146912727705,0.8090187355324074,0.05363716781558242,0.9463628321844175,0.9559460061848793,0.8864746234911054,0.8864746234911054,0.5,0.0,0.0,0.8934996005781133,0.42623682126796036,0.38221812702112257,0.6182874628803956,0.8617331512521378,0.4686565776824958,0.5279985297329131,0.5931419757776291,False,1,0.5931419757776291,784
7836.png,00683,"small astronaut at bottom edge, sloping pink white cosmic dust stripe in empty sky, moody blue black cosmic background, thin grey ground below the figure, dark high contrast digital painting, tight square crop",1,"[1, 0, 0, 3, 0, 2]",0.8403716683387756,0.46167460083961487,0.01735241897404194,0.1317285807030575,0.6389731219115943,0.6633193404586227,0.05026624256465546,0.9497337574353445,0.976302738188796,0.8261610659465101,0.8261610659465101,0.5,0.0,0.0,0.647087749050542,0.6977918709694597,0.4439203817203251,0.6256531930546593,0.49764937318972086,0.5690852512699369,0.7720479817057663,0.5928083224302745,False,1,0.5928083224302745,785
7836.png,00335,"small space explorer at bottom edge, soft pink white nebula stripe in empty sky, empty dark blue starfield, small rim-lit grey ground below the figure, dark high contrast digital painting",1,"[0, 4, 1, 0, 0, 0]",0.836801290512085,0.5076290965080261,0.016896823421120644,0.12998778181475612,0.6623880568981431,0.7440711127387152,0.05375205546845785,0.9462479445315422,0.9786017101695457,0.8617391233523708,0.8617391233523708,0.5,0.0,0.0,0.6317703544063752,0.5348662796263264,0.46156311946103323,0.6715415197879745,0.6994375159756475,0.46523377422914863,0.7996095201636562,0.5927221148247551,False,1,0.5927221148247551,786
7836.png,00333,"small space explorer at bottom edge, soft pink white nebula stripe in empty sky, moody blue black cosmic background, small rim-lit grey ground below the figure, realistic sci fi landscape",1,"[0, 4, 0, 0, 1, 0]",0.8298038840293884,0.484599769115448,0.016216380521655083,0.12734355312168372,0.6575623451762159,0.7212241843894676,0.054954839681974475,0.9450451603180255,0.9704956878370621,0.8494158266539817,0.8494158266539817,0.5,0.0,0.0,0.6017505520818524,0.6165137164896048,0.48836198386279783,0.6620841441282174,0.6423460229992839,0.42939968887167324,0.7024293682835946,0.5914203093583352,False,1,0.5914203093583352,787
7836.png,00119,"small space explorer at bottom edge, sloping pink white cosmic dust stripe in empty sky, shadowy blue black sky, small rim-lit grey ground below the figure, dark high contrast digital painting",1,"[0, 0, 4, 0, 0, 0]",0.8876594305038452,0.5386511087417603,0.01899605616927147,0.13782618100082245,0.6398288326304782,0.8091594554759838,0.05378114273563751,0.9462188572643625,0.9583059524664385,0.8869595455000072,0.8869595455000072,0.5,0.0,0.0,0.8499585235403201,0.4248818349203143,0.38212210989002715,0.6273302053154195,0.8620847920306054,0.4643671885164181,0.5562910668940381,0.5891142296738515,False,1,0.5891142296738515,788
7836.png,00164,"small astronaut at bottom edge, sloping pink white cosmic dust stripe in empty sky, moody blue black cosmic background, thin grey ground below the figure, dark high contrast digital painting",1,"[1, 0, 0, 3, 0, 0]",0.8211961984634399,0.46658357977867126,0.01662701554596424,0.1289457852974041,0.6515045164084019,0.6815750687210649,0.05231009778707825,0.9476899022129217,0.9774088239888572,0.8338820114967732,0.8338820114967732,0.5,0.0,0.0,0.5648224388158292,0.6803877348799732,0.4721235991384477,0.6502120793135331,0.5432680561890897,0.50819346230599,0.7853084418468124,0.5891081085177973,False,1,0.5891081085177973,789
7836.png,00710,"small astronaut at bottom edge, sloping pink white cosmic dust stripe in empty sky, deep blue black cosmic background, tiny rim-lit grey ground below the explorer, moody high contrast digital painting",1,"[1, 0, 2, 1, 2, 0]",0.825276792049408,0.4971303641796112,0.013379803858697414,0.11567110208992311,0.6324612378276971,0.7007242838541666,0.053054239063196194,0.9469457609368038,0.959602522699494,0.8386774486021551,0.8386774486021551,0.5,0.0,0.0,0.5823287267698584,0.5720881476520931,0.6066605384681218,0.6128912757286873,0.591119446299934,0.4860235487780547,0.5718351755830277,0.5862577748461542,False,1,0.5862577748461542,790
7836.png,00665,"small space explorer at bottom edge, wide sloping cosmic dust band in empty sky, moody blue black cosmic background, small rim-lit grey ground below the figure, realistic sci fi landscape",1,"[0, 5, 0, 0, 1, 0]",0.9060704112052917,0.47424423694610596,0.013588560745120049,0.11656998217860398,0.546792463115155,0.4641695375795718,0.0385179290024325,0.9614820709975676,0.9624046964345379,0.7378759560468635,0.7378759560468635,0.5,0.0,0.0,0.928944073775933,0.6532278872757864,0.597550522502742,0.444998572754698,0.0,0.9190982180715456,0.6054294167529073,0.5861022813008848,False,1,0.5861022813008848,791
7836.png,00754,"small astronaut at bottom edge, sloping pink white cosmic dust stripe across empty sky, deep blue black cosmic background, small grey ground below the figure, dark high contrast digital painting",1,"[1, 1, 2, 2, 0, 0]",0.775700569152832,0.46380776166915894,0.013511926867067814,0.11624081411908561,0.6572358636763755,0.6749815764250578,0.05279624805998296,0.947203751940017,0.9758717205969096,0.830437366689664,0.830437366689664,0.5,0.0,0.0,0.3696401520769427,0.6902290311530634,0.6008865918130614,0.6614443093498734,0.5267917792317284,0.4937097750576413,0.7668806686483323,0.5845830947840976,False,1,0.5845830947840976,792
7836.png,00161,"small astronaut at bottom edge, sloping pink white cosmic dust stripe in empty sky, moody blue black cosmic background, tiny rim-lit grey ground below the explorer, moody high contrast digital painting",1,"[1, 0, 0, 1, 2, 0]",0.827663779258728,0.49418994784355164,0.014036339707672596,0.1184750594330832,0.6251518032066862,0.7208958378544561,0.0526248359360482,0.9473751640639518,0.9558493621618394,0.8471543068892562,0.8471543068892562,0.5,0.0,0.0,0.5925692186366877,0.5825130051851684,0.5782428479617954,0.5985663278132886,0.6415255278495262,0.4988165902380856,0.5268398997104309,0.5844204466277276,False,1,0.5844204466277276,793
7836.png,00661,"small space explorer at bottom edge, soft pink white nebula stripe in empty sky, empty dark blue starfield, small rim-lit grey ground below the figure, realistic sci fi landscape",1,"[0, 4, 1, 0, 1, 0]",0.8243348598480225,0.5226294994354248,0.014719171449542046,0.12132259249431676,0.6650788960312848,0.7291994448061342,0.055357065559890284,0.9446429344401097,0.9702077644199778,0.8528063301007944,0.8528063301007944,0.5,0.0,0.0,0.5782877126371766,0.4816843334035621,0.5493835240358937,0.67681499611406,0.6622751582030448,0.4174163286976313,0.698977559214435,0.583024055648045,False,1,0.583024055648045,794
7836.png,00372,"small astronaut at bottom edge, sloping pink white cosmic dust stripe across empty sky, moody blue black cosmic background, small rim-lit grey ground below the figure, dark high contrast digital painting, centered crop",1,"[1, 1, 0, 0, 0, 3]",0.8094554543495178,0.4812602996826172,0.014479869045317173,0.1203323275155815,0.6326166558255575,0.6569151701750578,0.04854953445440698,0.951450465545593,0.9710271637782913,0.8228249222753918,0.8228249222753918,0.5,0.0,0.0,0.5144530886409734,0.6283533640410037,0.5594197122659321,0.6131958621761897,0.48164618723953506,0.6202304727196407,0.7088010399334843,0.5802989971869763,False,1,0.5802989971869763,795
7836.png,00175,"small astronaut at bottom edge, sloping pink white cosmic dust stripe across empty sky, moody blue black cosmic background, small rim-lit grey ground below the figure, dark high contrast digital painting, tight square crop",1,"[1, 1, 0, 0, 0, 2]",0.8202601075172424,0.47799772024154663,0.015070564113557339,0.12276222592294968,0.6352383912662352,0.6572932490596065,0.050307551834432765,0.9496924481655672,0.9664807209490041,0.8214704631245723,0.8214704631245723,0.5,0.0,0.0,0.5608064844430034,0.6399204082879012,0.5347930534221916,0.6183339098615341,0.4825909570419244,0.56785454015599,0.6542953913500087,0.579701004656054,False,1,0.579701004656054,796
7836.png,00379,"small astronaut at bottom edge, sloping pink white cosmic dust stripe across empty sky, moody blue black cosmic background, small grey ground below the figure, dark high contrast digital painting, square crop",1,"[1, 1, 0, 2, 0, 1]",0.8214638233184814,0.45736730098724365,0.016844406723976135,0.12978600357502398,0.6349777642806642,0.6573039867259838,0.04942523166643686,0.9505747683335631,0.965252089833237,0.8215383809100871,0.8215383809100871,0.5,0.0,0.0,0.5659705849561659,0.7130628333711244,0.46360811190059603,0.6178231360209804,0.4826177890691969,0.5941411640219193,0.6395657800144532,0.579376687907192,False,1,0.579376687907192,797
7836.png,00766,"small astronaut at bottom edge, diagonal pink white cosmic dust stripe in empty sky, moody blue black cosmic background, small grey ground below the figure, dark high contrast digital painting, square crop",1,"[1, 2, 0, 2, 0, 1]",0.8384560346603394,0.46211564540863037,0.018658794462680817,0.136597197858085,0.6226668098421532,0.6722056070963541,0.049355642365971855,0.9506443576340281,0.9791204702492952,0.8310421424151282,0.8310421424151282,0.5,0.0,0.0,0.6388694263769826,0.6962282057356157,0.39457767119626463,0.5936962657137218,0.5198549940757707,0.5962144111636803,0.8058287459776964,0.5788079866026158,False,1,0.5788079866026158,798
7836.png,00675,"small astronaut at bottom edge, sloping pink white cosmic dust stripe in empty sky, moody blue black cosmic background, tiny rim-lit grey ground below the explorer, realistic sci fi landscape, centered crop",1,"[1, 0, 0, 1, 1, 3]",0.8363263607025146,0.4998098313808441,0.012253533117473125,0.11069567795299474,0.5878894519039365,0.6865867332175926,0.05206402356101175,0.9479359764389883,0.9539787193812304,0.8315373655778087,0.8315373655778087,0.5,0.0,0.0,0.6297328425029892,0.5625884507911941,0.6570857218632402,0.5255399900329598,0.5557915518656025,0.5155246566482936,0.5044134441596694,0.5758266141930973,False,1,0.5758266141930973,799
7836.png,00360,"small astronaut at bottom edge, sloping pink white cosmic dust stripe in empty sky, empty dark blue starfield, small grey ground below the figure, realistic sci fi landscape",1,"[1, 0, 1, 2, 1, 0]",0.7733373641967773,0.5047048330307007,0.012447838671505451,0.11156988245716427,0.63234406737318,0.7428950557002315,0.05105704598718094,0.948942954012819,0.9681883761777901,0.8600704842051488,0.8600704842051488,0.5,0.0,0.0,0.35950168923238374,0.5452338693334173,0.6482257892757037,0.6126616463872665,0.6964987028833133,0.5455251504427822,0.6747678484547945,0.5739774715483039,False,1,0.5739774715483039,800
7836.png,00872,"small helmeted explorer at lower edge, sloping pink white cosmic dust stripe in empty sky, moody blue black cosmic background, small grey ground below the figure, realistic sci fi landscape",1,"[3, 0, 0, 2, 1, 0]",0.8101889491081238,0.5601073503494263,0.013531000353395939,0.11632282816969307,0.6499098092188067,0.8560519748263888,0.053815851916282284,0.9461841480837178,0.9370851355493613,0.9038048676110485,0.9038048676110485,0.5,0.0,0.0,0.5175998784857359,0.34881156581858863,0.6000553916120248,0.647086790065361,0.9792630795541364,0.4633331113079425,0.3018824153466042,0.573947728302004,False,1,0.573947728302004,801
7836.png,00205,"small helmeted explorer at lower edge, sloping pink white cosmic dust stripe in empty sky, moody blue black cosmic background, small rim-lit grey ground below the figure, dark high contrast digital painting, square crop",1,"[3, 0, 0, 0, 0, 1]",0.756066083908081,0.5122544765472412,0.014659259468317032,0.1210754288380472,0.6678718897640392,0.8368360731336805,0.056626281073007156,0.9433737189269928,0.9806088722350941,0.9028788089816225,0.9028788089816225,0.5,0.0,0.0,0.28540560499885953,0.518467605957629,0.551888490919721,0.6822886738776911,0.931245048431809,0.3796030812980103,0.823672655740798,0.5728321247218358,False,1,0.5728321247218358,802
7836.png,00341,"small astronaut at bottom edge, sloping pink white cosmic dust stripe in empty sky, moody blue black cosmic background, small rim-lit grey ground below the figure, cinematic sci fi painting",1,"[1, 0, 0, 0, 4, 0]",0.8485286831855774,0.4892541170120239,0.014868255704641342,0.12193545712647057,0.5569253483547963,0.7245816831235533,0.05155845927892814,0.9484415407210719,0.975691534288533,0.8531546035156807,0.8531546035156807,0.5,0.0,0.0,0.6820824251301317,0.6000123411108395,0.5431722321696659,0.46485688749676196,0.6507359742638493,0.5305867379711827,0.7647204805688369,0.5727417554684797,False,1,0.5727417554684797,803
7836.png,00705,"small astronaut at bottom edge, sloping pink white cosmic dust stripe in empty sky, deep blue black cosmic background, small rim-lit grey ground below the figure, realistic sci fi landscape, tight square crop",1,"[1, 0, 2, 0, 1, 2]",0.8072319030761719,0.49376580119132996,0.01286111306399107,0.11340684751808891,0.6329306450485342,0.6559052643952547,0.052222406953845356,0.9477775930461546,0.9622174955619691,0.8193230256564126,0.8193230256564126,0.5,0.0,0.0,0.5049137586264387,0.5840167610881395,0.6296084216828506,0.6138112147305732,0.4791225644639455,0.5108060014196758,0.6031851336159848,0.5726456252254596,False,1,0.5726456252254596,804
7836.png,00074,"small astronaut at bottom edge, sloping pink white cosmic dust stripe across empty sky, moody blue black cosmic background, small rim-lit grey ground below the figure, dark high contrast digital painting, square crop",1,"[1, 1, 0, 0, 0, 1]",0.808115541934967,0.4732976257801056,0.01557120680809021,0.1247846417155982,0.631335341997223,0.6970621744791666,0.05147361327777819,0.9485263867222218,0.9601706763205671,0.837696349132516,0.837696349132516,0.5,0.0,0.0,0.508704686584232,0.6565839720668254,0.5142961702542685,0.610684757719299,0.5819683127880029,0.5331145221017677,0.5786465625891838,0.5720753119925496,False,1,0.5720753119925496,805
7836.png,00301,"small space explorer at bottom edge, sloping pink white cosmic dust stripe across empty sky, shadowy blue black sky, small rim-lit grey ground below the figure, dark high contrast digital painting",1,"[0, 1, 4, 0, 0, 0]",0.8734320998191833,0.5414701104164124,0.019432155415415764,0.13939926619396448,0.6312715094772993,0.8082834879557291,0.0527492232964665,0.9472507767035335,0.9530096028439491,0.8858672619951047,0.8858672619951047,0.5,0.0,0.0,0.7889213870219084,0.414887437023882,0.36617912549768483,0.6105596594633289,0.8598958634899428,0.4951107656682828,0.4927950586655823,0.5699009983564091,False,1,0.5699009983564091,806
7836.png,00771,"small astronaut at bottom edge, diagonal pink white cosmic dust stripe in empty sky, empty dark blue starfield, small rim-lit grey ground below the figure, moody high contrast digital painting",1,"[1, 2, 1, 0, 2, 0]",0.8305723071098328,0.5392319560050964,0.01280289888381958,0.11314989564210645,0.6024284344817108,0.7381947835286459,0.05597581897515981,0.9440241810248402,0.9803934342421429,0.8586748027950133,0.8586748027950133,0.5,0.0,0.0,0.6050471890620797,0.4228225177091771,0.6322125907171983,0.554033324875963,0.6847533359977066,0.3989820472622514,0.8210898480433858,0.5681878269970774,False,1,0.5681878269970774,807
7836.png,00180,"small astronaut at bottom edge, sloping pink white cosmic dust stripe across empty sky, moody blue black cosmic background, small grey ground below the figure, dark high contrast digital painting",1,"[1, 1, 0, 2, 0, 0]",0.8085489273071289,0.4711700677871704,0.016041766852140427,0.12665609678235165,0.6353665459879887,0.6465962727864584,0.05091680489919415,0.9490831951008059,0.974353228927394,0.8180180868246671,0.8180180868246671,0.5,0.0,0.0,0.5105639673384387,0.6641269477664598,0.49532925158368746,0.6185850660465768,0.45586060903053066,0.5497032989926806,0.7486760246170927,0.5673578797127824,False,1,0.5673578797127824,808
7836.png,00066,"small astronaut at bottom edge, sloping pink white cosmic dust stripe in empty sky, moody blue black cosmic background, small rim-lit grey ground below the figure, moody high contrast digital painting",1,"[1, 0, 0, 0, 2, 0]",0.830027163028717,0.4843604862689972,0.017125530168414116,0.1308645489367312,0.6168414030310128,0.6837050826461226,0.05053965013908054,0.9494603498609194,0.9710483064528187,0.8341880709326407,0.8341880709326407,0.5,0.0,0.0,0.6027084486167524,0.6173620621996212,0.4526772151232983,0.5822796988405848,0.5485906830728036,0.5609397250406862,0.7090545117643581,0.5652358732349412,False,1,0.5652358732349412,809
7836.png,00765,"small astronaut at bottom edge, diagonal pink white cosmic dust stripe in empty sky, moody blue black cosmic background, tiny rim-lit grey ground below the explorer, moody high contrast digital painting",1,"[1, 2, 0, 1, 2, 0]",0.8104453086853027,0.4941434860229492,0.014518169686198235,0.12049136768332508,0.6232001752601551,0.6928603560836227,0.05421781865139023,0.9457821813486098,0.9708703072136833,0.8369849851523803,0.8369849851523803,0.5,0.0,0.0,0.5186996950892077,0.5826777294300203,0.5578078638274969,0.5947415492724243,0.5714685168526316,0.45135747167545154,0.7069205436620996,0.5639470346651895,False,1,0.5639470346651895,810
7836.png,00689,"small astronaut at bottom edge, sloping pink white cosmic dust stripe in empty sky, empty dark blue starfield, small rim-lit grey ground below the figure, dark high contrast digital painting, balanced crop",1,"[1, 0, 1, 0, 0, 4]",0.8125337362289429,0.5363650918006897,0.01235711108893156,0.11116254355191572,0.595476573947594,0.7261194299768517,0.051180335066240035,0.9488196649337599,0.974274127371168,0.8536954516906329,0.8536954516906329,0.5,0.0,0.0,0.5276593263731981,0.43298660587965176,0.652354108477412,0.5404091466419747,0.6545786030116829,0.5418520465451744,0.7477277048453621,0.5633956812014486,False,1,0.5633956812014486,811
7836.png,00207,"small helmeted explorer at lower edge, sloping pink white cosmic dust stripe in empty sky, moody blue black cosmic background, tiny rim-lit grey ground below the explorer, dark high contrast digital painting",1,"[3, 0, 0, 1, 0, 0]",0.8396098613739014,0.5446057319641113,0.013801099732518196,0.11747808192389846,0.6076695256358357,0.7941171151620371,0.057990955061152344,0.9420090449388476,0.9548701911636742,0.8780299057842481,0.8780299057842481,0.5,0.0,0.0,0.643819496084029,0.4037705052099986,0.5883470666892636,0.5643047564839402,0.824495946245564,0.3389458764338505,0.5151009749437279,0.5621723539677351,False,1,0.5621723539677351,812
7836.png,00065,"small astronaut at bottom edge, sloping pink white cosmic dust stripe in empty sky, moody blue black cosmic background, small rim-lit grey ground below the figure, realistic sci fi landscape, square crop",1,"[1, 0, 0, 0, 1, 1]",0.8241949081420898,0.5137850046157837,0.013652949593961239,0.11684583687047322,0.620324069305287,0.6936526828342015,0.05213103146757059,0.9478689685324294,0.9461776641467174,0.8331333790910843,0.8331333790910843,0.5,0.0,0.0,0.5776873012479761,0.5130413209553119,0.5947547762417011,0.5891049891089031,0.5734484380229599,0.5135283159778116,0.41088943183654525,0.5614975183231637,False,1,0.5614975183231637,813
7836.png,00068,"small astronaut at bottom edge, sloping pink white cosmic dust stripe in empty sky, moody blue black cosmic background, tiny rim-lit grey ground below the explorer, realistic sci fi landscape",1,"[1, 0, 0, 1, 1, 0]",0.829461932182312,0.5048059225082397,0.012799439951777458,0.11313460987592372,0.5611552836727441,0.7223872432002315,0.05124432080192076,0.9487556791980792,0.955707073039987,0.8482801617674293,0.8482801617674293,0.5,0.0,0.0,0.600283533282941,0.5448754699501348,0.6323675096832776,0.4731466672481166,0.6452523552164993,0.5399457442440007,0.5251340472090039,0.5614433328879881,False,1,0.5614433328879881,814
7836.png,00695,"small astronaut at bottom edge, sloping pink white cosmic dust stripe in empty sky, empty dark blue starfield, tiny rim-lit grey ground below the explorer, realistic sci fi landscape, tight square crop",1,"[1, 0, 1, 1, 1, 2]",0.7269599437713623,0.5149414539337158,0.009901560842990875,0.09950658693267936,0.6057830983559814,0.805307458948206,0.0497754118464475,0.9502245881535525,0.9586807710110328,0.8867031165826426,0.8867031165826426,0.5,0.0,0.0,0.16053640160259722,0.5089412827274531,0.7704854946658053,0.5606077574776941,0.8524591552995372,0.5837083812168392,0.5607846300248934,0.5613455165984662,False,1,0.5613455165984662,815
7836.png,00154,"small space explorer at bottom edge, soft pink white nebula stripe in empty sky, moody blue black cosmic background, small rim-lit grey ground below the figure, dark high contrast digital painting",1,"[0, 4, 0, 0, 0, 0]",0.8233047723770142,0.4752620756626129,0.020699379965662956,0.143872790914971,0.636368933790117,0.6737563521773726,0.04712304163384251,0.9528769583661575,0.9833347252713407,0.833364238962241,0.833364238962241,0.5,0.0,0.0,0.573868500700139,0.6496192746173992,0.32084061801144426,0.6205495344084997,0.5237301036987242,0.6627294221733272,0.8563519158266768,0.5609144873761106,False,1,0.5609144873761106,816
7836.png,00169,"small astronaut at bottom edge, sloping pink white cosmic dust stripe in empty sky, empty dark blue starfield, tiny rim-lit grey ground below the explorer, realistic sci fi landscape",1,"[1, 0, 1, 1, 1, 0]",0.7775729894638062,0.5351470112800598,0.011411888524889946,0.10682644113181879,0.5628077652831693,0.8392803050853588,0.050250030446695716,0.9497499695533043,0.9612883018658297,0.9023462870052339,0.9023462870052339,0.5,0.0,0.0,0.37767308366993535,0.4373051493918939,0.6962998613893217,0.4763851821576625,0.9373528651662385,0.5695682526364889,0.5920453685360189,0.556499198397733,False,1,0.556499198397733,817
7836.png,00172,"small astronaut at bottom edge, sloping pink white cosmic dust stripe in empty sky, deep blue black cosmic background, small rim-lit grey ground below the figure, realistic sci fi landscape",1,"[1, 0, 2, 0, 1, 0]",0.8025467395782471,0.4990047812461853,0.013431637547910213,0.11589494185645124,0.620775629390203,0.6745435926649307,0.053247822052670216,0.9467521779473298,0.9600236151323015,0.8269126020072446,0.8269126020072446,0.5,0.0,0.0,0.48481378552732385,0.5654426496534029,0.6043919557367469,0.5899899514941607,0.5256973149613975,0.480256205566685,0.5768834995201321,0.5563823760870272,False,1,0.5563823760870272,818
7836.png,00731,"small astronaut at bottom edge, sloping pink white cosmic dust stripe across empty sky, moody blue black cosmic background, tiny rim-lit grey ground below the explorer, moody high contrast digital painting, square crop",1,"[1, 1, 0, 1, 2, 1]",0.8311635851860046,0.49756914377212524,0.015288608148694038,0.12364711136413191,0.6049784888647104,0.7274119059244791,0.05528718327566426,0.9447128167243357,0.9493674075645149,0.8478583250324361,0.8478583250324361,0.5,0.0,0.0,0.6075838504679015,0.5705325125931104,0.5258248711271177,0.5590308928291532,0.6578083317681317,0.41949830459138554,0.44913010489240235,0.5563175261905855,False,1,0.5563175261905855,819
7836.png,00724,"small astronaut at bottom edge, sloping pink white cosmic dust stripe across empty sky, moody blue black cosmic background, small rim-lit grey ground below the figure, dark high contrast digital painting, balanced crop",1,"[1, 1, 0, 0, 0, 4]",0.8187748193740845,0.4897727370262146,0.015988893806934357,0.12644719770297147,0.6175962625131614,0.6643846299913195,0.05118912113202408,0.9488108788679759,0.9677425041912134,0.824605391938128,0.824605391938128,0.5,0.0,0.0,0.5544344012200523,0.5981736423879964,0.4974464126736604,0.5837590639797353,0.500311392737559,0.5415902866819144,0.6694224514650842,0.5558191864136636,False,1,0.5558191864136636,820
7836.png,00386,"small astronaut at bottom edge, sloping pink white cosmic dust stripe across empty sky, empty dark blue starfield, tiny rim-lit grey ground below the explorer, realistic sci fi landscape",1,"[1, 1, 1, 1, 1, 0]",0.8036823868751526,0.548444390296936,0.011891089379787445,0.10904627173721917,0.5515942987676047,0.8344946967230903,0.051130738176216536,0.9488692618237835,0.9643766316394753,0.9005021814916099,0.9005021814916099,0.5,0.0,0.0,0.48968586312461454,0.3901610493832509,0.6738022084650996,0.45440915636152324,0.9253942542744126,0.5433296675270582,0.6290702303175976,0.5548509363905842,False,1,0.5548509363905842,821
7836.png,00782,"small astronaut at bottom edge, broad pale pink cosmic dust stripe in empty sky, moody blue black cosmic background, tiny rim-lit grey ground below the explorer, dark high contrast digital painting, square crop",1,"[1, 3, 0, 1, 0, 1]",0.7485998272895813,0.49367958307266235,0.012504969723522663,0.11182562194561076,0.5951411276495435,0.7725914849175347,0.05134541481613608,0.9486545851838639,0.9743761367421302,0.874570500375669,0.874570500375669,0.5,0.0,0.0,0.25337437337814767,0.5843224360338459,0.6456339076086568,0.5397517427527362,0.7707062048356962,0.5369338893378491,0.7489506580715785,0.5534770820968224,False,1,0.5534770820968224,822
7836.png,00165,"small astronaut at bottom edge, sloping pink white cosmic dust stripe in empty sky, empty dark blue starfield, small rim-lit grey ground below the figure, dark high contrast digital painting, tight square crop",1,"[1, 0, 1, 0, 0, 2]",0.8523170948028564,0.543195903301239,0.013234138488769531,0.1150397256984279,0.5567078046083139,0.71173095703125,0.05250704074874801,0.947492959251252,0.9746894205557355,0.8468393505131477,0.8468393505131477,0.5,0.0,0.0,0.6983352136676954,0.4087688664203657,0.6130594442611361,0.46443054770452635,0.6186236864663491,0.5023260167411756,0.7527065037057218,0.5526571942036518,False,1,0.5526571942036518,823
7836.png,00738,"small astronaut at bottom edge, sloping pink white cosmic dust stripe across empty sky, moody blue black cosmic background, faint grey ground below the figure, dark high contrast digital painting",1,"[1, 1, 0, 4, 0, 0]",0.7934557795524597,0.47524821758270264,0.017378218472003937,0.13182647105951042,0.6432872252920736,0.706697252061632,0.05417964126362165,0.9458203587363784,0.9661416384060584,0.8422792166666785,0.8422792166666785,0.5,0.0,0.0,0.44581236070097774,0.6496684066083267,0.4429282775215866,0.6341079244301024,0.6060451145233292,0.4524948758387673,0.6502302541382238,0.5515439503105959,False,1,0.5515439503105959,824
7836.png,00633,"small space explorer at bottom edge, diagonal pink white cosmic dust stripe in empty sky, shadowy blue black sky, small rim-lit grey ground below the figure, dark high contrast digital painting",1,"[0, 2, 4, 0, 0, 0]",0.8612323999404907,0.5267139077186584,0.022299863398075104,0.1493313878529062,0.6106779708095024,0.7928851092303241,0.05255834241670176,0.9474416575832982,0.98364403150204,0.8851316856082082,0.8851316856082082,0.5,0.0,0.0,0.7365830557155175,0.4672036036043651,0.2655185501635072,0.5702006735628384,0.8214173241690191,0.5007976059690881,0.8600600756668438,0.5505696945713233,False,1,0.5505696945713233,825
7836.png,00753,"small astronaut at bottom edge, sloping pink white cosmic dust stripe across empty sky, deep blue black cosmic background, tiny rim-lit grey ground below the explorer, realistic sci fi landscape",1,"[1, 1, 2, 1, 1, 0]",0.832674503326416,0.5012220740318298,0.012932722456753254,0.11372212826338264,0.5415703827918896,0.7196790907118057,0.054785427902010575,0.9452145720979894,0.964049918441592,0.8474906747429272,0.8474906747429272,0.5,0.0,0.0,0.6140658897800162,0.557581531104988,0.6264130982360738,0.4347643983596259,0.638485035495948,0.43444690857705864,0.6251533846824355,0.5493953421853751,False,1,0.5493953421853751,826
7836.png,00718,"small astronaut at bottom edge, sloping pink white cosmic dust stripe in empty sky, dark cosmic background, tiny rim-lit grey ground below the explorer, realistic sci fi landscape",1,"[1, 0, 3, 1, 1, 0]",0.8193120360374451,0.5168243646621704,0.01184161752462387,0.10881919648951591,0.5707117016085926,0.7120694760923033,0.05739303403046597,0.942606965969534,0.9664936488574969,0.8436424321023728,0.8436424321023728,0.5,0.0,0.0,0.5567391319912894,0.5022656715730331,0.6761035823168167,0.49187522783956183,0.6194696014314182,0.35675950668428463,0.6544503793403317,0.5492147801234389,False,1,0.5492147801234389,827
7836.png,00382,"small astronaut at bottom edge, sloping pink white cosmic dust stripe across empty sky, empty dark blue starfield, small rim-lit grey ground below the figure, dark high contrast digital painting, tight square crop",1,"[1, 1, 1, 0, 0, 2]",0.8539400100708008,0.5409348607063293,0.013649733737111092,0.11683207494995153,0.5432767815706322,0.7151862250434027,0.05081479633457469,0.9491852036654254,0.9712107249157995,0.84829076753559,0.84829076753559,0.5,0.0,0.0,0.7052977355182717,0.416785094135838,0.5948942512587202,0.43810857953037236,0.6272579504002912,0.5527424007456722,0.7110016876113022,0.5478055882784334,False,1,0.5478055882784334,828
7836.png,00739,"small astronaut at bottom edge, sloping pink white cosmic dust stripe across empty sky, empty dark blue starfield, small rim-lit grey ground below the figure, dark high contrast digital painting, centered crop",1,"[1, 1, 1, 0, 0, 3]",0.8150061368942261,0.5352556705474854,0.012495305389165878,0.11178240196545196,0.5727273627420495,0.7218989619502315,0.05240687026934617,0.9475931297306538,0.9718262305101122,0.8508773743853555,0.8508773743853555,0.5,0.0,0.0,0.5382662532999613,0.43691991231894334,0.6460719356773926,0.4958254979013343,0.644032204081575,0.5053103571314512,0.7183807601927624,0.5477220824752344,False,1,0.5477220824752344,829
7836.png,00736,"small astronaut at bottom edge, sloping pink white cosmic dust stripe across empty sky, moody blue black cosmic background, thin grey ground below the figure, dark high contrast digital painting, square crop",1,"[1, 1, 0, 3, 0, 1]",0.8401422500610352,0.4705640375614166,0.01958504505455494,0.139946579288509,0.6042269754977466,0.6524793836805557,0.05107010474694525,0.9489298952530547,0.9708764516815314,0.8199164763311255,0.8199164763311255,0.5,0.0,0.0,0.6461035141966097,0.6662755478428308,0.36063218871251335,0.5575580853689788,0.47056173555201275,0.5451360958585943,0.7069942074510958,0.5460190193866803,False,1,0.5460190193866803,830
7836.png,00381,"small astronaut at bottom edge, sloping pink white cosmic dust stripe across empty sky, moody blue black cosmic background, thin grey ground below the figure, dark high contrast digital painting",1,"[1, 1, 0, 3, 0, 0]",0.8111141920089722,0.47959673404693604,0.018042102456092834,0.13432089359475255,0.6227341595941023,0.6582121672453703,0.05084586159536316,0.9491541384046368,0.9754516140209968,0.823489746506239,0.823489746506239,0.5,0.0,0.0,0.5215692933045436,0.6342513161562258,0.4176476762416015,0.5938282570015313,0.4848872136916773,0.5518168854335825,0.7618441637907748,0.545964018337927,False,1,0.545964018337927,831
7836.png,00396,"small astronaut at bottom edge, diagonal pink white cosmic dust stripe in empty sky, moody blue black cosmic background, tiny rim-lit grey ground below the explorer, realistic sci fi landscape",1,"[1, 2, 0, 1, 1, 0]",0.8178094029426575,0.505477249622345,0.013016290962696075,0.11408896073983703,0.5779075178925588,0.676271226671007,0.05472725887522624,0.9452727411247738,0.9672697170364175,0.8286214548029075,0.8286214548029075,0.5,0.0,0.0,0.5502926366242764,0.5424953683853284,0.622695305663737,0.5059775078134862,0.5300144469283685,0.4361799159174671,0.6637543783182966,0.5453853070647567,False,1,0.5453853070647567,832
7836.png,00672,"small astronaut at bottom edge, sloping pink white cosmic dust stripe in empty sky, moody blue black cosmic background, small rim-lit grey ground below the figure, cinematic sci fi painting, square crop",1,"[1, 0, 0, 0, 4, 1]",0.8155559301376343,0.48217758536338806,0.01721283420920372,0.13119769132573836,0.6036082020549483,0.6849483913845485,0.052151112362842825,0.9478488876371571,0.9687507869100734,0.8337240441780666,0.8337240441780666,0.5,0.0,0.0,0.5406249392684391,0.6251012488823793,0.44930086657490187,0.5563454201220609,0.5516975493885826,0.5129300536235547,0.6815103860571463,0.5444907473218757,False,1,0.5444907473218757,833
7836.png,00369,"small astronaut at bottom edge, sloping pink white cosmic dust stripe in empty sky, dark cosmic background, small rim-lit grey ground below the figure, realistic sci fi landscape",1,"[1, 0, 3, 0, 1, 0]",0.8318451642990112,0.5092952251434326,0.013711132109165192,0.11709454346452354,0.560983858916284,0.7293571189597801,0.055769926342303135,0.9442300736576968,0.9553659453772781,0.8497644183875506,0.8497644183875506,0.5,0.0,0.0,0.6105079153041487,0.5289592407342876,0.5922341719130206,0.4728107109348003,0.6626691653403641,0.40511612692288235,0.5210443918006179,0.5432103465516938,False,1,0.5432103465516938,834
7836.png,00667,"small space explorer at bottom edge, wide sloping cosmic dust band in empty sky, empty dark blue starfield, small rim-lit grey ground below the figure, dark high contrast digital painting",1,"[0, 5, 1, 0, 0, 0]",0.8771826028823853,0.5059714317321777,0.014905053190886974,0.122086253079071,0.4595097103919184,0.6578906023943866,0.03927672918484803,0.960723270815152,0.9704418670293624,0.8263922892686496,0.8263922892686496,0.5,0.0,0.0,0.8050115428322439,0.5407433110228308,0.5416439376251503,0.2739428137936784,0.48408366508545997,0.8964915774119967,0.7017841302060233,0.5430737536379451,False,1,0.5430737536379451,835
7836.png,00404,"small astronaut at bottom edge, broad pale pink cosmic dust stripe in empty sky, moody blue black cosmic background, tiny rim-lit grey ground below the explorer, dark high contrast digital painting",1,"[1, 3, 0, 1, 0, 0]",0.763802170753479,0.5044455528259277,0.012697553262114525,0.11268342052899585,0.5881058572424042,0.7299307364004631,0.051816028118371445,0.9481839718816285,0.9791497635884497,0.8561631742564684,0.8561631742564684,0.5,0.0,0.0,0.31859444409781285,0.5461531130346433,0.6369402465874336,0.5259640987859477,0.6641025604815082,0.5229130890536806,0.8061799331606762,0.5429888246418985,False,1,0.5429888246418985,836
7836.png,00027,"small astronaut at bottom edge, sloping pink white cosmic dust stripe across empty sky, moody blue black cosmic background, small rim-lit grey ground below the figure, dark high contrast digital painting",1,"[1, 1, 0, 0, 0, 0]",0.7712157368659973,0.4936893582344055,0.014564492739737034,0.12068344020509622,0.6309220245247807,0.6838056776258682,0.052512986774482406,0.9474870132255175,0.9705692213256166,0.8334468538256952,0.8334468538256952,0.5,0.0,0.0,0.350399626456151,0.5842877794897077,0.5558612373954734,0.6098747427766603,0.5488420568019898,0.5021488690938158,0.7033109345182896,0.5424782181407996,False,1,0.5424782181407996,837
7836.png,00374,"small astronaut at bottom edge, sloping pink white cosmic dust stripe across empty sky, moody blue black cosmic background, small rim-lit grey ground below the figure, moody high contrast digital painting, square crop",1,"[1, 1, 0, 0, 2, 1]",0.8327997922897339,0.4870290756225586,0.01876796968281269,0.13699623966668825,0.5949684074153189,0.6883064552589699,0.04930271062377,0.95069728937623,0.9625545258768797,0.8349928613235928,0.8349928613235928,0.5,0.0,0.0,0.6146033960577417,0.6079009313100956,0.39053344183463246,0.5394132475766399,0.5600889128651098,0.5977913861080362,0.6072256674126839,0.5420760539873681,False,1,0.5420760539873681,838
7836.png,00352,"small astronaut at bottom edge, sloping pink white cosmic dust stripe in empty sky, empty dark blue starfield, small rim-lit grey ground below the figure, dark high contrast digital painting, centered crop",1,"[1, 0, 1, 0, 0, 3]",0.8089786767959595,0.5367020964622498,0.012456200085580349,0.1116073478117832,0.5779186482684675,0.7182509810836226,0.054178122117600855,0.9458218778823991,0.9737873289730649,0.8490080645410828,0.8490080645410828,0.5,0.0,0.0,0.5124076496706943,0.4317918003884491,0.6478460834806539,0.5059993209992438,0.6349163758686867,0.4525401351692162,0.7418916560013981,0.5415714668058591,False,1,0.5415714668058591,839
7836.png,00882,"small helmeted explorer at lower edge, sloping pink white cosmic dust stripe in empty sky, deep blue black cosmic background, tiny rim-lit grey ground below the explorer, dark high contrast digital painting",1,"[3, 0, 2, 1, 0, 0]",0.8485053777694702,0.5270726680755615,0.015672313049435616,0.12518910914866202,0.6003386251436174,0.7202504475911459,0.058212576249196374,0.9417874237508036,0.9570172295679394,0.8451417456423849,0.8451417456423849,0.5,0.0,0.0,0.6819824418025434,0.4659316661704159,0.510196952995941,0.5499377399951229,0.6399127817892444,0.3323432020055124,0.5408410370433213,0.540901836094692,False,1,0.540901836094692,840
7836.png,00350,"small astronaut at bottom edge, sloping pink white cosmic dust stripe in empty sky, moody blue black cosmic background, thin grey ground below the figure, realistic sci fi landscape",1,"[1, 0, 0, 3, 1, 0]",0.7956823706626892,0.4838317036628723,0.015915390104055405,0.12615621310127934,0.6314576755856548,0.6467002586082177,0.05206023116151089,0.9479397688384891,0.9592827347208175,0.8146505824113327,0.8146505824113327,0.5,0.0,0.0,0.4553647320191109,0.6192367910491445,0.5003954983197617,0.6109245057126051,0.4561204560314868,0.515637642141363,0.5680013538807777,0.5404388259698394,False,1,0.5404388259698394,841
7836.png,00768,"small astronaut at bottom edge, diagonal pink white cosmic dust stripe in empty sky, moody blue black cosmic background, thin grey ground below the figure, dark high contrast digital painting",1,"[1, 2, 0, 3, 0, 0]",0.8250390291213989,0.4842270314693451,0.018993880599737167,0.13781828833553683,0.6134100136054834,0.6524364330150463,0.051763518486749975,0.94823648151325,0.980489627848619,0.8215770889561321,0.8215770889561321,0.5,0.0,0.0,0.5813086922589891,0.6178352085552637,0.3822021008784434,0.5755549003648089,0.47045440744292183,0.5244774882206047,0.8222430781855955,0.5398410813301838,False,1,0.5398410813301838,842
7836.png,00070,"small astronaut at bottom edge, sloping pink white cosmic dust stripe in empty sky, empty dark blue starfield, small rim-lit grey ground below the figure, dark high contrast digital painting, square crop",1,"[1, 0, 1, 0, 0, 1]",0.8586826920509338,0.5512517690658569,0.013821148313581944,0.11756337998535915,0.5286877320919278,0.7259114583333334,0.05011585678331953,0.9498841432166805,0.9681551601734731,0.8527506384105329,0.8527506384105329,0.5,0.0,0.0,0.7256444705384166,0.3802078589630804,0.5874825835268174,0.4095171241369715,0.6540589090097711,0.5735656367492142,0.674369633866681,0.5391732688967971,False,1,0.5391732688967971,843
7836.png,00537,"small space explorer at bottom edge, sloping pink white cosmic dust stripe in empty sky, shadowy blue black sky, tiny rim-lit grey ground below the explorer, dark high contrast digital painting, square crop",1,"[0, 0, 4, 1, 0, 1]",0.8914037346839905,0.5623427033424377,0.018236754462122917,0.13504352802753236,0.609657693289058,0.7594632749204283,0.05801183505191438,0.9419881649480856,0.9438245211048245,0.8602192356669875,0.8602192356669875,0.5,0.0,0.0,0.8660220853197881,0.34088641719167456,0.4103238837773383,0.5682011451317875,0.7379005209649928,0.3383238069364106,0.38267845624000985,0.539065529792579,False,1,0.539065529792579,844
7836.png,00680,"small astronaut at bottom edge, sloping pink white cosmic dust stripe in empty sky, moody blue black cosmic background, small grey ground below the figure, realistic sci fi landscape, tight square crop",1,"[1, 0, 0, 2, 1, 2]",0.8087607026100159,0.47474387288093567,0.01602461375296116,0.12658836341844837,0.6147614548313527,0.6212485984519677,0.0533120996137635,0.9466879003862365,0.9643153299095008,0.8037657004204684,0.8037657004204684,0.5,0.0,0.0,0.5114725114891328,0.6514564940975045,0.4960157191496265,0.5782034397081464,0.3925200781235659,0.47834120902374505,0.6283353061852567,0.5382573958295718,False,1,0.5382573958295718,845
7836.png,00655,"small space explorer at bottom edge, soft pink white nebula stripe in empty sky, moody blue black cosmic background, small rim-lit grey ground below the figure, realistic sci fi landscape, square crop",1,"[0, 4, 0, 0, 1, 1]",0.8681640625,0.49223750829696655,0.022247040644288063,0.14915441878901228,0.5759062377514652,0.7130121301721642,0.05038988857692239,0.9496101114230776,0.9695117730883652,0.8471213521932242,0.8471213521932242,0.5,0.0,0.0,0.7663208078857439,0.5894351215757908,0.26731210529700433,0.502055421459108,0.621825170983563,0.5654015133991771,0.6906335724180659,0.5359577604196275,False,1,0.5359577604196275,846
7836.png,00156,"small astronaut at bottom edge, sloping pink white cosmic dust stripe in empty sky, moody blue black cosmic background, small rim-lit grey ground below the figure, realistic sci fi landscape, tight square crop",1,"[1, 0, 0, 0, 1, 2]",0.7992733716964722,0.5102745294570923,0.013921093195676804,0.11798768238963253,0.6130955703654181,0.6574876573350695,0.05240537526251387,0.9475946247374861,0.9566351810499861,0.8188546006688986,0.8188546006688986,0.5,0.0,0.0,0.4707706029582791,0.5254872467087377,0.5831823417862843,0.574938658032832,0.4830767579567554,0.5053548972923859,0.5362607963929258,0.5357082748272993,False,1,0.5357082748272993,847
7836.png,00791,"small astronaut at bottom edge, soft pink white nebula stripe in empty sky, moody blue black cosmic background, tiny rim-lit grey ground below the explorer, dark high contrast digital painting",1,"[1, 4, 0, 1, 0, 0]",0.8758919835090637,0.5170720815658569,0.01901799626648426,0.1379057513901587,0.584886492048547,0.7239973280164932,0.05944633872492084,0.9405536612750791,0.9691583631303456,0.8488242516797687,0.8488242516797687,0.5,0.0,0.0,0.799474614463266,0.5013874240276779,0.38131567583241155,0.5196548230192439,0.6492757470954333,0.29558619325104796,0.6863966690408522,0.5355416522412981,False,1,0.5355416522412981,848
7836.png,00715,"small astronaut at bottom edge, sloping pink white cosmic dust stripe in empty sky, dark cosmic background, small rim-lit grey ground below the figure, realistic sci fi landscape, square crop",1,"[1, 0, 3, 0, 1, 1]",0.8152609467506409,0.5179599523544312,0.013524685986340046,0.1162956834381227,0.572292945260264,0.7283432571976273,0.05472306176682825,0.9452769382331717,0.9510882021336368,0.8488190345472698,0.8488190345472698,0.5,0.0,0.0,0.5393594213957161,0.49823959548205454,0.600330499427957,0.4949741313972509,0.6601356570810425,0.4363049587463438,0.4697600847669352,0.534483582547809,False,1,0.534483582547809,849
7836.png,00397,"small astronaut at bottom edge, diagonal pink white cosmic dust stripe in empty sky, moody blue black cosmic background, small grey ground below the figure, dark high contrast digital painting",1,"[1, 2, 0, 2, 0, 0]",0.7577311992645264,0.4855354130268097,0.01655038446187973,0.12864829754753745,0.6311220744033673,0.679653591579861,0.051348208050467234,0.9486517919495328,0.9856751820585115,0.8350072798049762,0.8350072798049762,0.5,0.0,0.0,0.292549170828803,0.6131965146505257,0.4751385932237737,0.6102667982829777,0.538466535519249,0.5368506715866336,0.8844108005320054,0.5307875351751573,False,1,0.5307875351751573,850
7836.png,00687,"small astronaut at bottom edge, sloping pink white cosmic dust stripe in empty sky, moody blue black cosmic background, faint grey ground below the figure, realistic sci fi landscape",1,"[1, 0, 0, 4, 1, 0]",0.7992645502090454,0.4863598942756653,0.017223309725522995,0.13123760789317593,0.6171684693390082,0.6916939064308449,0.05383996204949142,0.9461600379505086,0.9581285637289292,0.8340439839223441,0.8340439839223441,0.5,0.0,0.0,0.47073275760665995,0.6102734253408229,0.4488963181026211,0.582920679719386,0.5685537113636461,0.46261480742459665,0.5541644178736076,0.5303307620644385,False,1,0.5303307620644385,851
7836.png,00026,"small astronaut at bottom edge, sloping pink white cosmic dust stripe in empty sky, empty dark blue starfield, small rim-lit grey ground below the figure, dark high contrast digital painting",1,"[1, 0, 1, 0, 0, 0]",0.8120526671409607,0.5448527336120605,0.013295507989823818,0.11530614896797056,0.559823140817805,0.7354657208478009,0.05252848052415094,0.9474715194758491,0.9732464815666071,0.8572239025113789,0.8572239025113789,0.5,0.0,0.0,0.52559547615078,0.40289479350933644,0.6103592840621888,0.4705359486354869,0.6779337644345715,0.5016872697962127,0.7354076332652555,0.5303143099610474,False,1,0.5303143099610474,852
7836.png,00691,"small astronaut at bottom edge, sloping pink white cosmic dust stripe in empty sky, empty dark blue starfield, small rim-lit grey ground below the figure, moody high contrast digital painting, tight square crop",1,"[1, 0, 1, 0, 2, 2]",0.8278541564941406,0.5443407297134399,0.013682788237929344,0.11697345099606724,0.5485853427398081,0.733425564236111,0.05277168755273536,0.9472283124472647,0.9694524851201767,0.8554619102868279,0.8554619102868279,0.5,0.0,0.0,0.5933859622385219,0.40471003566876884,0.5934614260649544,0.4485122381164361,0.6728356792527702,0.4944414967607069,0.6899227905429488,0.5294366260762823,False,1,0.5294366260762823,853
7836.png,00072,"small astronaut at bottom edge, sloping pink white cosmic dust stripe in empty sky, empty dark blue starfield, tiny rim-lit grey ground below the explorer, dark high contrast digital painting",1,"[1, 0, 1, 1, 0, 0]",0.8249105215072632,0.5556955933570862,0.01256529800593853,0.11209504005948938,0.5371369439752862,0.7797908076533565,0.05318495088513499,0.946815049114865,0.9533013345695148,0.8729513975481162,0.8729513975481162,0.5,0.0,0.0,0.5807573775421592,0.3644528672056323,0.6429033951079308,0.42607579473611246,0.7886963730160188,0.4821293019697335,0.4962925241592438,0.5278857072381724,False,1,0.5278857072381724,854
7836.png,00340,"small astronaut at bottom edge, sloping pink white cosmic dust stripe in empty sky, moody blue black cosmic background, small rim-lit grey ground below the figure, dark sci fi concept art, square crop",1,"[1, 0, 0, 0, 3, 1]",0.8417748808860779,0.4954307973384857,0.019181566312909126,0.13849753179356347,0.571737976581471,0.689371179651331,0.05138990258967234,0.9486100974103276,0.9700816996391926,0.8362469048645521,0.8362469048645521,0.5,0.0,0.0,0.6531077170763341,0.5781137372835313,0.37531806948769,0.4938865100105659,0.5627495202009859,0.5356084822894793,0.6974662144338583,0.5274918183784749,False,1,0.5274918183784749,855
7836.png,00712,"small astronaut at bottom edge, sloping pink white cosmic dust stripe in empty sky, deep blue black cosmic background, small grey ground below the figure, realistic sci fi landscape",1,"[1, 0, 2, 2, 1, 0]",0.797622561454773,0.47547292709350586,0.015623136423528194,0.12499254547183282,0.5978598372342229,0.6279031259042245,0.05309644880292135,0.9469035511970787,0.9641422053116847,0.8068010906382156,0.8068010906382156,0.5,0.0,0.0,0.46368840796879907,0.648871728733931,0.5121890966162939,0.5450798392768748,0.40914887397279215,0.48476601031086375,0.6262597783838445,0.5269147587651851,False,1,0.5269147587651851,856
7836.png,00762,"small astronaut at bottom edge, diagonal pink white cosmic dust stripe in empty sky, moody blue black cosmic background, small rim-lit grey ground below the figure, dark sci fi concept art",1,"[1, 2, 0, 0, 3, 0]",0.8589310646057129,0.49574559926986694,0.018367240205407143,0.13552579166124484,0.5223056659308586,0.7219696044921875,0.05385102729498201,0.946148972705018,0.9796096118201643,0.8519603848322735,0.8519603848322735,0.5,0.0,0.0,0.726710021755963,0.5769976486380084,0.4054362135997841,0.39700962251883687,0.6442087305767897,0.4622851448409363,0.8116928862672466,0.5267743719335335,False,1,0.5267743719335335,857
7836.png,00163,"small astronaut at bottom edge, sloping pink white cosmic dust stripe in empty sky, moody blue black cosmic background, small grey ground below the figure, realistic sci fi landscape",1,"[1, 0, 0, 2, 1, 0]",0.7802741527557373,0.48305395245552063,0.015671171247959137,0.12518454875885895,0.6136346802906025,0.6421446623625578,0.05054089628764887,0.9494591037123511,0.9613737539539128,0.8135505351532565,0.8135505351532565,0.5,0.0,0.0,0.3892614326204428,0.6219942051722356,0.5102431718681104,0.5759951996122235,0.44473661540807974,0.5609025990178602,0.5930698225231618,0.526676950682792,False,1,0.526676950682792,858
7836.png,00828,"tiny space explorer at bottom edge, sloping pink white cosmic dust stripe in empty sky, shadowy blue black sky, small rim-lit grey ground below the figure, dark high contrast digital painting",1,"[2, 0, 4, 0, 0, 0]",0.8839237093925476,0.5464460849761963,0.02298060432076454,0.1515935497333727,0.6052376424012381,0.774566650390625,0.057191869078303856,0.9428081309216961,0.9685554821104769,0.8722489349204703,0.8722489349204703,0.5,0.0,0.0,0.8339317842651303,0.3972457768148142,0.2425918760644442,0.559538779020813,0.7756418856418997,0.3627527363806035,0.6791689478881895,0.5247380329212572,False,1,0.5247380329212572,859
7836.png,00078,"small astronaut at bottom edge, diagonal pink white cosmic dust stripe in empty sky, moody blue black cosmic background, small rim-lit grey ground below the figure, dark high contrast digital painting",1,"[1, 2, 0, 0, 0, 0]",0.768307089805603,0.49835270643234253,0.015809042379260063,0.1257340144084331,0.621392440496146,0.664889865451389,0.052340297798643125,0.9476597022013569,0.9818522162659943,0.8272517784767988,0.8272517784767988,0.5,0.0,0.0,0.33792114460708855,0.5677544947318883,0.5046744192579662,0.5911987709753382,0.5015739102313346,0.507293725029719,0.8385786548617047,0.5238387018193966,False,1,0.5238387018193966,860
7836.png,00265,"small space explorer at bottom edge, sloping pink white cosmic dust stripe in empty sky, shadowy blue black sky, tiny rim-lit grey ground below the explorer, dark high contrast digital painting",1,"[0, 0, 4, 1, 0, 0]",0.8792705535888672,0.5648770332336426,0.019398164004087448,0.13927729177467318,0.5976658598765549,0.7757913094979747,0.055061236203436,0.944938763796564,0.9392560317867399,0.8676858629602341,0.8676858629602341,0.5,0.0,0.0,0.8139691284215522,0.33190128548307096,0.3674153180901165,0.5446996846288842,0.7787021489629425,0.42622985841584893,0.32790850032528485,0.5235291914288465,False,1,0.5235291914288465,861
7836.png,00741,"small astronaut at bottom edge, sloping pink white cosmic dust stripe across empty sky, empty dark blue starfield, small rim-lit grey ground below the figure, moody high contrast digital painting, square crop",1,"[1, 1, 1, 0, 2, 1]",0.8515694737434387,0.5488634705543518,0.015093459747731686,0.12285544248315451,0.526113564578064,0.7507736771195024,0.05182876761552431,0.9481712323844756,0.9621802954548248,0.8621441451293076,0.8621441451293076,0.5,0.0,0.0,0.6951278201179752,0.38867525571352224,0.5338483174530703,0.404472299540605,0.7161863498416206,0.5225335461371236,0.6027391550689288,0.5228718383821,False,1,0.5228718383821,862
7836.png,00671,"small astronaut at bottom edge, sloping pink white cosmic dust stripe in empty sky, moody blue black cosmic background, small rim-lit grey ground below the figure, dark sci fi concept art, tight square crop",1,"[1, 0, 0, 0, 3, 2]",0.8416985273361206,0.48497962951660156,0.01846369169652462,0.13588116755652574,0.5529967289365827,0.6868178756148727,0.05434116471389085,0.9456588352861092,0.9729867921123826,0.8346459947993075,0.8346459947993075,0.5,0.0,0.0,0.6527801502153605,0.615166971637211,0.40183453177315565,0.4571576232631692,0.5563691465579452,0.447682670092187,0.7322943109021952,0.5228427285987238,False,1,0.5228427285987238,863
7836.png,00751,"small astronaut at bottom edge, sloping pink white cosmic dust stripe across empty sky, deep blue black cosmic background, small rim-lit grey ground below the figure, moody high contrast digital painting",1,"[1, 1, 2, 0, 2, 0]",0.7758281230926514,0.4936903417110443,0.015785975381731987,0.12564225157856726,0.617908493412085,0.6671091715494791,0.053671714159184515,0.9463282858408155,0.970895360965668,0.8255930994346845,0.8255930994346845,0.5,0.0,0.0,0.37018737540440827,0.5842842927032548,0.5056044218863847,0.5843709705903782,0.507119666605,0.4676273518151197,0.7072209039773285,0.5221837945928041,False,1,0.5221837945928041,864
7836.png,00790,"small astronaut at bottom edge, soft pink white nebula stripe in empty sky, moody blue black cosmic background, small rim-lit grey ground below the figure, realistic sci fi landscape",1,"[1, 4, 0, 0, 1, 0]",0.8390604257583618,0.551314115524292,0.017199410125613213,0.13114652159174187,0.5695916395524478,0.7592988190827547,0.053845549007080225,0.9461544509929197,0.9725271342072508,0.8673439532762117,0.8673439532762117,0.5,0.0,0.0,0.6414623443865627,0.379986817834004,0.4498194642160359,0.48968014279561495,0.7374895672841328,0.4624483573557652,0.7267836395517632,0.5205287668243028,False,1,0.5205287668243028,865
7836.png,00354,"small astronaut at bottom edge, sloping pink white cosmic dust stripe in empty sky, empty dark blue starfield, small rim-lit grey ground below the figure, moody high contrast digital painting, square crop",1,"[1, 0, 1, 0, 2, 1]",0.834690272808075,0.5506706833839417,0.014692907221615314,0.1212143028755902,0.5353576591243348,0.745401453088831,0.0513504933109982,0.9486495066890018,0.9646053842245578,0.8603790580760361,0.8603790580760361,0.5,0.0,0.0,0.6227138083368196,0.382268021455782,0.5504810232105964,0.4225887722592615,0.7027618629335314,0.5367825877025846,0.6318126618147559,0.5192576779784936,False,1,0.5192576779784936,866
7836.png,00764,"small astronaut at bottom edge, diagonal pink white cosmic dust stripe in empty sky, moody blue black cosmic background, tiny rim-lit grey ground below the explorer, realistic sci fi landscape, square crop",1,"[1, 2, 0, 1, 1, 1]",0.8324871063232422,0.524111270904541,0.01376947108656168,0.11734338961595442,0.5662198822019309,0.6650899251302084,0.05750352550989767,0.9424964744901023,0.9589430519130369,0.8209528427627371,0.8209528427627371,0.5,0.0,0.0,0.6132619317699453,0.47643090848115366,0.5897121531910514,0.4830722105910257,0.5020738332657826,0.35346767672781104,0.5639290203123289,0.5189340181093491,False,1,0.5189340181093491,867
7836.png,00334,"small space explorer at bottom edge, soft pink white nebula stripe in empty sky, moody blue black cosmic background, tiny rim-lit grey ground below the explorer, dark high contrast digital painting",1,"[0, 4, 0, 1, 0, 0]",0.8439651131629944,0.4955546259880066,0.022762347012758255,0.15087195568679507,0.5899751857792088,0.6253486915870949,0.04262192511864294,0.9573780748813571,0.9712031208396354,0.8107298615905948,0.8107298615905948,0.5,0.0,0.0,0.662504104174956,0.5776747191710493,0.24990512436933454,0.5296275878675138,0.40276567590582807,0.7968294474289189,0.710910525109372,0.5185721538440526,False,1,0.5185721538440526,868
7836.png,00181,"small astronaut at bottom edge, sloping pink white cosmic dust stripe across empty sky, empty dark blue starfield, small rim-lit grey ground below the figure, dark high contrast digital painting, square crop",1,"[1, 1, 1, 0, 0, 1]",0.8534471392631531,0.5485124588012695,0.014147444628179073,0.11894303101980827,0.516912815496951,0.7322918927228009,0.054373067117186646,0.9456269328828133,0.9642028469909668,0.8533413476324385,0.8533413476324385,0.5,0.0,0.0,0.7031832543524712,0.38991972149663023,0.5735000255541194,0.3864407747779734,0.6700027820575646,0.44673221411682096,0.626986789408633,0.5178894096004006,False,1,0.5178894096004006,869
7836.png,00659,"small space explorer at bottom edge, soft pink white nebula stripe in empty sky, moody blue black cosmic background, small grey ground below the figure, dark high contrast digital painting",1,"[0, 4, 0, 2, 0, 0]",0.8424532413482666,0.4723590612411499,0.025389859452843666,0.1593419576032743,0.599153192968022,0.6288977728949653,0.045460593505471755,0.9545394064945283,0.9822687798415424,0.8135465460441277,0.8135465460441277,0.5,0.0,0.0,0.656017973473477,0.6599115286050677,0.16406291509405757,0.5476145433249142,0.41163436702541556,0.7122580969472017,0.843572683977223,0.517628076433263,False,1,0.517628076433263,870
7836.png,00077,"small astronaut at bottom edge, sloping pink white cosmic dust stripe across empty sky, empty dark blue starfield, small rim-lit grey ground below the figure, dark high contrast digital painting",1,"[1, 1, 1, 0, 0, 0]",0.8000015020370483,0.5419719219207764,0.013367224484682083,0.11561671369089369,0.5579389796763998,0.7392363371672453,0.05451614278898403,0.945483857211016,0.9703029623693589,0.8576362942229877,0.8576362942229877,0.5,0.0,0.0,0.47389437873786777,0.41310833065132535,0.6072117568004987,0.4668433907819337,0.6873560426431523,0.4424696159066467,0.7001188527860612,0.5168799941139629,False,1,0.5168799941139629,871
7836.png,00024,"small astronaut at bottom edge, sloping pink white cosmic dust stripe in empty sky, moody blue black cosmic background, small rim-lit grey ground below the figure, realistic sci fi landscape",1,"[1, 0, 0, 0, 1, 0]",0.8022757172584534,0.5161309242248535,0.014646702446043491,0.12102356153263501,0.5709675311485801,0.6957244873046875,0.051867618233066806,0.9481323817669332,0.9543042433052042,0.8357832015665767,0.8357832015665767,0.5,0.0,0.0,0.48365106381237705,0.5047241730029325,0.5524141583433702,0.49237659970011677,0.5786256070746171,0.5213760846992668,0.508316032022721,0.5165460742454658,False,1,0.5165460742454658,872
7836.png,00735,"small astronaut at bottom edge, sloping pink white cosmic dust stripe across empty sky, moody blue black cosmic background, small grey ground below the figure, moody high contrast digital painting",1,"[1, 1, 0, 2, 2, 0]",0.7901515364646912,0.47516438364982605,0.018923921510577202,0.13756424502964862,0.6111037024576476,0.6457180447048612,0.05139009061209598,0.948609909387904,0.968773929375716,0.8163413742780972,0.8163413742780972,0.5,0.0,0.0,0.4316367194012661,0.6499656287383898,0.3847767919876167,0.5710350176676596,0.4536660316420213,0.5356028806100578,0.6817878326559567,0.5139671856127049,False,1,0.5139671856127049,873
7836.png,00734,"small astronaut at bottom edge, sloping pink white cosmic dust stripe across empty sky, moody blue black cosmic background, small grey ground below the figure, realistic sci fi landscape, square crop",1,"[1, 1, 0, 2, 1, 1]",0.7989917993545532,0.4885333478450775,0.017233548685908318,0.13127661134378932,0.5938135444299333,0.6335285328052662,0.04963673997054364,0.9503632600294564,0.9595227987672371,0.809619540526127,0.809619540526127,0.5,0.0,0.0,0.46956262024849055,0.6025677329400521,0.448501023933502,0.5371499600622381,0.4232060318397309,0.587839778837442,0.5708793943715511,0.5130830121788796,False,1,0.5130830121788796,874
7836.png,00654,"small space explorer at bottom edge, soft pink white nebula stripe in empty sky, moody blue black cosmic background, small rim-lit grey ground below the figure, dark high contrast digital painting, tight square crop",1,"[0, 4, 0, 0, 0, 2]",0.8514464497566223,0.4866607189178467,0.024958839640021324,0.1579836689029006,0.5731102252617477,0.609771728515625,0.03975263496063078,0.9602473650393692,0.9764855885662379,0.8057809733090582,0.8057809733090582,0.5,0.0,0.0,0.6946000308899897,0.6092068913270097,0.17782896898914213,0.49657582756946894,0.36384087760500144,0.8823131005082692,0.7742401083398028,0.5112233566553641,False,1,0.5112233566553641,875
7836.png,00897,"small helmeted explorer at lower edge, diagonal pink white cosmic dust stripe in empty sky, empty dark blue starfield, small rim-lit grey ground below the figure, dark high contrast digital painting",1,"[3, 2, 1, 0, 0, 0]",0.7991666793823242,0.5693485140800476,0.015114789828658104,0.1229422215052994,0.5748571151372525,0.8169290048104746,0.05629743407244744,0.9437025659275525,0.9728948789834821,0.8924929260360535,0.8924929260360535,0.5,0.0,0.0,0.470312878773156,0.31604824106415874,0.5329688249744237,0.4999993627371016,0.8814998820803014,0.38940029293013884,0.7311923978479316,0.5109610860368601,False,1,0.5109610860368601,876
7836.png,00692,"small astronaut at bottom edge, sloping pink white cosmic dust stripe in empty sky, empty dark blue starfield, small rim-lit grey ground below the figure, dark sci fi concept art, square crop",1,"[1, 0, 1, 0, 3, 1]",0.8170780539512634,0.5423175096511841,0.014160392805933952,0.11899744873707988,0.5089889572405735,0.7635565863715278,0.05074244859979187,0.9492575514002082,0.9687496360359458,0.8695905340644495,0.8695905340644495,0.5,0.0,0.0,0.5471550524055835,0.41188309502380627,0.5729485100857198,0.3709116863194312,0.7481291722037144,0.5548978288552976,0.6814965886460446,0.5109374511235355,False,1,0.5109374511235355,877
7836.png,00536,"small space explorer at bottom edge, sloping pink white cosmic dust stripe in empty sky, shadowy blue black sky, small rim-lit grey ground below the figure, moody high contrast digital painting",1,"[0, 0, 4, 0, 2, 0]",0.8801028728485107,0.5530288815498352,0.024313583970069885,0.15592813719810125,0.5683440171054809,0.7874931052879051,0.05045148257361134,0.9495485174263887,0.9650159682874998,0.8797170721362932,0.8797170721362932,0.5,0.0,0.0,0.8175398884891829,0.3739073415028388,0.1986614769998014,0.48723506632971286,0.80794340984227,0.5635664672536962,0.6367350047296457,0.5083940279981176,False,1,0.5083940279981176,878
7836.png,00726,"small astronaut at bottom edge, sloping pink white cosmic dust stripe across empty sky, moody blue black cosmic background, small rim-lit grey ground below the figure, moody high contrast digital painting, tight square crop",1,"[1, 1, 0, 0, 2, 2]",0.8177763819694519,0.49048373103141785,0.019143598154187202,0.13836039228835398,0.5858075962458483,0.6588321261935763,0.053046275459912855,0.9469537245400872,0.9659966876864344,0.8211075979134268,0.8211075979134268,0.5,0.0,0.0,0.5501509722675401,0.5956529071029222,0.3767079579696745,0.521459992684907,0.4864364102136816,0.48626080533380456,0.6484924927096953,0.507734015547745,False,1,0.507734015547745,879
7836.png,00384,"small astronaut at bottom edge, sloping pink white cosmic dust stripe across empty sky, empty dark blue starfield, small rim-lit grey ground below the figure, moody high contrast digital painting",1,"[1, 1, 1, 0, 2, 0]",0.8365525007247925,0.5547299385070801,0.014138451777398586,0.11890522182561448,0.5052082119958916,0.7510743317780672,0.05309193639354858,0.9469080636064514,0.9701016022757917,0.8634215920175466,0.8634215920175466,0.5,0.0,0.0,0.630703013205982,0.3678764688616234,0.5738832161121047,0.3635022242311079,0.7169376466052543,0.4849004467798601,0.697704819901273,0.507453931852291,False,1,0.507453931852291,880
7836.png,00347,"small astronaut at bottom edge, sloping pink white cosmic dust stripe in empty sky, moody blue black cosmic background, small grey ground below the figure, realistic sci fi landscape, square crop",1,"[1, 0, 0, 2, 1, 1]",0.7813851833343506,0.47664153575897217,0.01711426116526127,0.1308214858701019,0.6048702728901725,0.6541561550564237,0.0548484914684962,0.9451515085315038,0.9582180405451202,0.816816905870441,0.816816905870441,0.5,0.0,0.0,0.3940279012297694,0.6447285811462906,0.45311365289675787,0.5588188123770736,0.47475176844242917,0.4325680801064163,0.5552371228613965,0.5064067671447724,False,1,0.5064067671447724,881
7836.png,00879,"small helmeted explorer at lower edge, sloping pink white cosmic dust stripe in empty sky, empty dark blue starfield, small grey ground below the figure, dark high contrast digital painting",1,"[3, 0, 1, 2, 0, 0]",0.840645968914032,0.5789240002632141,0.015306247398257256,0.12371841980181146,0.5177234972559104,0.808431554723669,0.05365267541378064,0.9463473245862194,0.9684352111325611,0.88870280545734,0.88870280545734,0.5,0.0,0.0,0.6482645349164282,0.2820996202361252,0.5251021707203478,0.3880295397885633,0.8602658630239131,0.4681945658009993,0.677727062901791,0.5053576133960476,False,1,0.5053576133960476,882
7836.png,00658,"small space explorer at bottom edge, soft pink white nebula stripe in empty sky, moody blue black cosmic background, tiny rim-lit grey ground below the explorer, realistic sci fi landscape",1,"[0, 4, 0, 1, 1, 0]",0.7728040218353271,0.5107088685035706,0.017532218247652054,0.13240928308714633,0.6183785565916793,0.6433495415581597,0.046202950617725926,0.953797049382274,0.9617432305604865,0.8156849070970651,0.8156849070970651,0.5,0.0,0.0,0.3572135797304388,0.523947355018891,0.43702156433098727,0.5852921951328729,0.447747451310462,0.6901413383239144,0.5974993431030738,0.5044520590817195,False,1,0.5044520590817195,883
7836.png,00084,"small helmeted explorer at lower edge, sloping pink white cosmic dust stripe in empty sky, moody blue black cosmic background, small rim-lit grey ground below the figure, dark high contrast digital painting",1,"[3, 0, 0, 0, 0, 0]",0.7504515051841736,0.578971803188324,0.014084343798458576,0.11867747805905962,0.5987828077748959,0.8289031982421875,0.05442510606780491,0.9455748939321951,0.9780320065557981,0.8995640533964122,0.8995640533964122,0.5,0.0,0.0,0.2613183172524684,0.28193014128247385,0.576191365302922,0.5468886665813264,0.9114218291251771,0.44518183776717224,0.7927795508593843,0.502816991705587,False,1,0.502816991705587,884
7836.png,00160,"small astronaut at bottom edge, sloping pink white cosmic dust stripe in empty sky, moody blue black cosmic background, tiny rim-lit grey ground below the explorer, realistic sci fi landscape, square crop",1,"[1, 0, 0, 1, 1, 1]",0.8109912872314453,0.5237385034561157,0.013953797519207,0.11812619319696627,0.5441197553319835,0.6989972149884259,0.05532514770017185,0.9446748522998282,0.9533122323548907,0.8358473915207097,0.8358473915207097,0.5,0.0,0.0,0.5210420155002287,0.47775250620700815,0.5817785553612899,0.4397606300447438,0.5868037265449245,0.41836724516022356,0.49642317374230016,0.5025072775740517,False,1,0.5025072775740517,885
7836.png,00452,"small helmeted explorer at lower edge, sloping pink white cosmic dust stripe across empty sky, moody blue black cosmic background, small rim-lit grey ground below the figure, dark high contrast digital painting, square crop",1,"[3, 1, 0, 0, 0, 1]",0.8024121522903442,0.5862045288085938,0.014857722446322441,0.12189225753230777,0.5865501479441386,0.7711170337818287,0.05532113904891755,0.9446788609510824,0.972440361956438,0.8721283389259894,0.8721283389259894,0.5,0.0,0.0,0.48423638820329706,0.25628746842609207,0.5436100536293653,0.5229152371674176,0.7670217438275746,0.41848667335823253,0.7257433586140747,0.502374632046083,False,1,0.502374632046083,886
7836.png,00167,"small astronaut at bottom edge, sloping pink white cosmic dust stripe in empty sky, empty dark blue starfield, small rim-lit grey ground below the figure, moody high contrast digital painting",1,"[1, 0, 1, 0, 2, 0]",0.8360894918441772,0.5563092231750488,0.01413837168365717,0.11890488502856882,0.5029541168040625,0.7538819489655672,0.05525666612600681,0.9447433338739932,0.9711925258179777,0.8641455490539984,0.8641455490539984,0.5,0.0,0.0,0.628716643669649,0.3622773237793976,0.5738866295000546,0.35908467377837044,0.7239535156310681,0.42040749024032004,0.710783505250353,0.5011576668665813,False,1,0.5011576668665813,887
7836.png,00378,"small astronaut at bottom edge, sloping pink white cosmic dust stripe across empty sky, moody blue black cosmic background, tiny rim-lit grey ground below the explorer, moody high contrast digital painting",1,"[1, 1, 0, 1, 2, 0]",0.8139215111732483,0.5217429995536804,0.015427964739501476,0.12420935850209305,0.5766130038903032,0.7042790165653935,0.05960854491634536,0.9403914550836546,0.9523432478551396,0.836531216304734,0.836531216304734,0.5,0.0,0.0,0.5336130650336568,0.4848273015801905,0.5201265800337731,0.5034405338039286,0.6000022595391387,0.2907536468610169,0.4848063711981121,0.5005230860047113,False,1,0.5005230860047113,888
7836.png,00183,"small astronaut at bottom edge, sloping pink white cosmic dust stripe across empty sky, empty dark blue starfield, tiny rim-lit grey ground below the explorer, dark high contrast digital painting",1,"[1, 1, 1, 1, 0, 0]",0.8364987373352051,0.5594037175178528,0.013901893049478531,0.11790628927024432,0.49953151263904494,0.7732555248119213,0.054180810139060134,0.9458191898609398,0.9553329623439162,0.8700682950854767,0.8700682950854767,0.5,0.0,0.0,0.6304723611305736,0.35130620303536386,0.5840072489417947,0.3523770925575232,0.7723655538907145,0.45246005198444117,0.520648970216503,0.4997633824763518,False,1,0.4997633824763518,889
7836.png,00209,"small helmeted explorer at lower edge, sloping pink white cosmic dust stripe across empty sky, moody blue black cosmic background, small rim-lit grey ground below the figure, dark high contrast digital painting",1,"[3, 1, 0, 0, 0, 0]",0.8716260194778442,0.5950332880020142,0.015041397884488106,0.12264337684721546,0.4853520107111527,0.7836789731626158,0.05267212204392878,0.9473278779560712,0.9670139021774273,0.8776230756432875,0.8776230756432875,0.5,0.0,0.0,0.7811730627015648,0.22498626945758915,0.535997571122654,0.32458826385667117,0.7984123913126371,0.4974078134957778,0.660687507067496,0.4986393204663558,False,1,0.4986393204663558,890
7836.png,00776,"small astronaut at bottom edge, diagonal pink white cosmic dust stripe in empty sky, deep blue black cosmic background, small rim-lit grey ground below the figure, realistic sci fi landscape",1,"[1, 2, 2, 0, 1, 0]",0.814141571521759,0.5023386478424072,0.016007600352168083,0.12652114586964539,0.5429884788320395,0.6632142243561922,0.055660927416537616,0.9443390725834624,0.9707589402373041,0.8231168644119591,0.8231168644119591,0.5,0.0,0.0,0.5345571531294526,0.5536228662187661,0.49669695900626576,0.43754356705973124,0.4973867017648413,0.4083634898046548,0.7055854055098669,0.49784068791374947,False,1,0.49784068791374947,891
7836.png,00656,"small space explorer at bottom edge, soft pink white nebula stripe in empty sky, moody blue black cosmic background, small rim-lit grey ground below the figure, moody high contrast digital painting",1,"[0, 4, 0, 0, 2, 0]",0.8254075646400452,0.4893012046813965,0.02339453250169754,0.15295271328648452,0.5917180519869798,0.6743322301793983,0.05408780787274321,0.9459121921272567,0.979825031124732,0.8304837770502155,0.8304837770502155,0.5,0.0,0.0,0.5828897585364282,0.5998453980018812,0.2288169556670172,0.5330432374962911,0.5251691476877149,0.45523083257183805,0.8142754699164299,0.4950986580997444,False,1,0.4950986580997444,892
7836.png,00406,"small astronaut at bottom edge, soft pink white nebula stripe in empty sky, moody blue black cosmic background, small rim-lit grey ground below the figure, dark high contrast digital painting",1,"[1, 4, 0, 0, 0, 0]",0.8515818119049072,0.5402633547782898,0.02035524882376194,0.14267182210850865,0.5586365833345739,0.7299815990306713,0.05569322349254842,0.9443067765074515,0.9733180667820834,0.8536627046978268,0.8536627046978268,0.5,0.0,0.0,0.6951807524678749,0.4191658296618176,0.33301225818744473,0.4682105466000061,0.6642296595580623,0.4074013052901934,0.7362658423630124,0.49509835096778354,False,1,0.49509835096778354,893
7836.png,00727,"small astronaut at bottom edge, sloping pink white cosmic dust stripe across empty sky, moody blue black cosmic background, small rim-lit grey ground below the figure, dark sci fi concept art, square crop",1,"[1, 1, 0, 0, 3, 1]",0.8227885961532593,0.5033434629440308,0.01927121728658676,0.13882080999110602,0.5506099412051129,0.6932536937572338,0.05274667640541637,0.9472533235945836,0.9667388117250809,0.8368505877938757,0.8368505877938757,0.5,0.0,0.0,0.5716540362067501,0.5500604270658311,0.3720416930522148,0.4524800234608347,0.5724514163779869,0.4951866442093032,0.6573895477425321,0.49468311391811726,False,1,0.49468311391811726,894
7836.png,00744,"small astronaut at bottom edge, sloping pink white cosmic dust stripe across empty sky, empty dark blue starfield, tiny rim-lit grey ground below the explorer, realistic sci fi landscape, square crop",1,"[1, 1, 1, 1, 1, 1]",0.6895400285720825,0.5450129508972168,0.011181043460965157,0.10574045328522645,0.5622763700866015,0.844663831922743,0.04837585803066935,0.9516241419693307,0.9530088107940015,0.9037689362133003,0.9037689362133003,0.5,0.0,0.0,0.0,0.4023267642980961,0.7073061866436536,0.47534375981680915,0.9508055963135618,0.625404747309262,0.4927855630669952,0.49424725910757344,False,1,0.49424725910757344,895
7836.png,00767,"small astronaut at bottom edge, diagonal pink white cosmic dust stripe in empty sky, moody blue black cosmic background, small grey ground below the figure, realistic sci fi landscape",1,"[1, 2, 0, 2, 1, 0]",0.7922011613845825,0.4908630847930908,0.017474256455898285,0.13219022829202726,0.5683982124735382,0.6466409188729746,0.05273628672913964,0.9472637132708603,0.9715312503574395,0.8168369632091276,0.8168369632091276,0.5,0.0,0.0,0.4404298822804995,0.5943079584738526,0.4392416520890289,0.48734127780364067,0.4559721737755064,0.4954961798203912,0.7148443504886511,0.49394580295017665,False,1,0.49394580295017665,896
7836.png,00394,"small astronaut at bottom edge, diagonal pink white cosmic dust stripe in empty sky, moody blue black cosmic background, small rim-lit grey ground below the figure, moody high contrast digital painting",1,"[1, 2, 0, 0, 2, 0]",0.7584761381149292,0.5009016990661621,0.01750480942428112,0.1323057422196071,0.6074114367612278,0.6659353750723379,0.05222303113218591,0.947776968867814,0.9780597715735724,0.8270048122010014,0.8270048122010014,0.5,0.0,0.0,0.2957450573459362,0.5587173782070776,0.4380709356189152,0.5637989568047592,0.5041865023605121,0.5107874055155369,0.7931124155535069,0.4939220448809371,False,1,0.4939220448809371,897
7836.png,00728,"small astronaut at bottom edge, sloping pink white cosmic dust stripe across empty sky, moody blue black cosmic background, small rim-lit grey ground below the figure, cinematic sci fi painting",1,"[1, 1, 0, 0, 4, 0]",0.80472731590271,0.5019896626472473,0.016375958919525146,0.12796858567447383,0.49920040853994985,0.7121740270543983,0.05014641946567394,0.949853580534326,0.9727853882348177,0.8474841430084568,0.8474841430084568,0.5,0.0,0.0,0.4941687473086329,0.554860147108577,0.48202737193123735,0.3517281984610526,0.619730860644336,0.5726550945622318,0.7298797531069926,0.49268011284656654,False,1,0.49268011284656654,898
7836.png,00756,"small astronaut at bottom edge, sloping pink white cosmic dust stripe across empty sky, dark cosmic background, small rim-lit grey ground below the figure, realistic sci fi landscape",1,"[1, 1, 3, 0, 1, 0]",0.8241087198257446,0.5343488454818726,0.014527739956974983,0.12053107465286694,0.5283965919435145,0.7305687798394098,0.05976044493709694,0.940239555062903,0.9574530735477792,0.8493304099093063,0.8493304099093063,0.5,0.0,0.0,0.5773175419341838,0.4401349407489321,0.5574054395987056,0.4089465509424165,0.6656969477862874,0.28622814823188136,0.546066211909557,0.4919101835076295,False,1,0.4919101835076295,899
7836.png,00789,"small astronaut at bottom edge, soft pink white nebula stripe in empty sky, moody blue black cosmic background, small rim-lit grey ground below the figure, dark high contrast digital painting, square crop",1,"[1, 4, 0, 0, 0, 1]",0.845879077911377,0.5136889219284058,0.021858682855963707,0.14784682227211957,0.565095773143863,0.718118738245081,0.05727511631086113,0.9427248836891389,0.9716577123408761,0.8474386839696603,0.8474386839696603,0.5,0.0,0.0,0.6707152669171279,0.5133819694257431,0.28056440145438066,0.48086919427814107,0.6345859182696448,0.36027258374498755,0.7163604571872685,0.4915292454321064,False,1,0.4915292454321064,900
7836.png,00887,"small helmeted explorer at lower edge, sloping pink white cosmic dust stripe across empty sky, moody blue black cosmic background, tiny rim-lit grey ground below the explorer, dark high contrast digital painting, square crop",1,"[3, 1, 0, 1, 0, 1]",0.8046101927757263,0.573843240737915,0.016119886189699173,0.12696411378692474,0.5666961818454188,0.7889856409143517,0.05322676607765204,0.9467732339223479,0.9546400165733233,0.8773421735989447,0.8773421735989447,0.5,0.0,0.0,0.4936662735523386,0.3001127816927228,0.4922075450684311,0.48400565728544925,0.8116730616331664,0.4808835180950711,0.5123414955428885,0.4914192761797507,False,1,0.4914192761797507,901
7836.png,00332,"small space explorer at bottom edge, soft pink white nebula stripe in empty sky, moody blue black cosmic background, small rim-lit grey ground below the figure, dark high contrast digital painting, square crop",1,"[0, 4, 0, 0, 0, 1]",0.8403321504592896,0.48685160279273987,0.025749994441866875,0.16046804804030887,0.5662725258948397,0.60833740234375,0.04102642904763971,0.9589735709523602,0.97602951878672,0.8045984846453577,0.8045984846453577,0.5,0.0,0.0,0.6469182121037618,0.6085301377745553,0.15265015605196852,0.48317538110941644,0.36025668364616176,0.8443634454256885,0.7687724537215997,0.491353008426908,False,1,0.491353008426908,902
7836.png,00597,"small space explorer at bottom edge, sloping pink white cosmic dust stripe across empty sky, shadowy blue black sky, tiny rim-lit grey ground below the explorer, dark high contrast digital painting",1,"[0, 1, 4, 1, 0, 0]",0.8679854869842529,0.5637331604957581,0.019937925040721893,0.14120171755584948,0.580347661045762,0.7634740758825233,0.05868395180419357,0.9413160481958064,0.9378794710887522,0.8605998452334181,0.8605998452334181,0.5,0.0,0.0,0.765554695227292,0.3359567351084105,0.3479115491097262,0.510759672972372,0.7479229892573038,0.3182996922193206,0.3114054150615689,0.4913341445542132,False,1,0.4913341445542132,903
7836.png,00884,"small helmeted explorer at lower edge, sloping pink white cosmic dust stripe across empty sky, moody blue black cosmic background, small rim-lit grey ground below the figure, dark high contrast digital painting, tight square crop",1,"[3, 1, 0, 0, 0, 2]",0.816836953163147,0.598950207233429,0.014087817631661892,0.1186921127609661,0.5567542232243118,0.764175980179398,0.05538102814364965,0.9446189718563504,0.9622503418612326,0.8669458996026982,0.8669458996026982,0.5,0.0,0.0,0.5461206980319394,0.21109934995734503,0.5760430447764185,0.464521518387069,0.7496769565137568,0.41670242069803415,0.6035789159447518,0.4895864573592156,False,1,0.4895864573592156,904
7836.png,00393,"small astronaut at bottom edge, diagonal pink white cosmic dust stripe in empty sky, moody blue black cosmic background, small rim-lit grey ground below the figure, realistic sci fi landscape, square crop",1,"[1, 2, 0, 0, 1, 1]",0.7928696870803833,0.5213585495948792,0.016030428931117058,0.12661133018461285,0.5838925008622379,0.6494462754991319,0.054629324726279,0.945370675273721,0.9654571819665825,0.8162219967137282,0.8162219967137282,0.5,0.0,0.0,0.4432979462248239,0.48619031810269786,0.49578295439149433,0.517706810250744,0.4629823939534732,0.4390976301785527,0.6420245549660165,0.48958551584416804,False,1,0.48958551584416804,905
7836.png,00177,"small astronaut at bottom edge, sloping pink white cosmic dust stripe across empty sky, moody blue black cosmic background, small rim-lit grey ground below the figure, moody high contrast digital painting",1,"[1, 1, 0, 0, 2, 0]",0.7664240598678589,0.4990762174129486,0.01755528338253498,0.13249635233671522,0.5950956739528414,0.6726837158203125,0.05321844766758303,0.946781552332417,0.968351154137678,0.8277514462630222,0.8277514462630222,0.5,0.0,0.0,0.3298426963074188,0.5651893821646858,0.43613913044057784,0.5396626631081972,0.521049725395384,0.48113134527230267,0.6767193341793337,0.4884095045802795,False,1,0.4884095045802795,906
7836.png,00338,"small astronaut at bottom edge, sloping pink white cosmic dust stripe in empty sky, moody blue black cosmic background, small rim-lit grey ground below the figure, realistic sci fi landscape, centered crop",1,"[1, 0, 0, 0, 1, 3]",0.7777175307273865,0.5027933120727539,0.01593722403049469,0.12624271872268392,0.5416907628133736,0.6798276548032408,0.049772301129517874,0.9502276988704821,0.9658121594571211,0.8316645711575512,0.8316645711575512,0.5,0.0,0.0,0.37829318487045127,0.5520109142755588,0.4995187767169422,0.4350003177743581,0.5389014968034583,0.5838010576044452,0.6462802509201595,0.488297938153591,False,1,0.488297938153591,907
7836.png,00760,"small astronaut at bottom edge, diagonal pink white cosmic dust stripe in empty sky, moody blue black cosmic background, small rim-lit grey ground below the figure, realistic sci fi landscape, tight square crop",1,"[1, 2, 0, 0, 1, 2]",0.7964217066764832,0.5062541365623474,0.016887878999114037,0.12995337240377425,0.5343385894276268,0.6533372667100695,0.050601140061300016,0.9493988599387,0.9729543473838116,0.8208822404748386,0.8208822404748386,0.5,0.0,0.0,0.45853658162372923,0.5397410184079079,0.46191185372197807,0.4205916109076106,0.4727054733099002,0.5591077795456638,0.7319053428583246,0.4827359889944124,False,1,0.4827359889944124,908
7836.png,00895,"small helmeted explorer at lower edge, diagonal pink white cosmic dust stripe in empty sky, moody blue black cosmic background, small rim-lit grey ground below the figure, realistic sci fi landscape",1,"[3, 2, 0, 0, 1, 0]",0.7501538991928101,0.59384685754776,0.013619416393339634,0.11670225530528378,0.6117235577501194,0.7991592972366899,0.05694637318739479,0.9430536268126052,0.958980619321445,0.8814865770052113,0.8814865770052113,0.5,0.0,0.0,0.26004154805899377,0.2291926018421644,0.5962099540431469,0.5722498031114229,0.8370957013680099,0.37006670060700797,0.5643794023005712,0.48219448587916913,False,1,0.48219448587916913,909
7836.png,00399,"small astronaut at bottom edge, diagonal pink white cosmic dust stripe in empty sky, empty dark blue starfield, small rim-lit grey ground below the figure, realistic sci fi landscape",1,"[1, 2, 1, 0, 1, 0]",0.7803840637207031,0.5331485867500305,0.014931309968233109,0.12219373948051966,0.5055030787405018,0.7908551251446759,0.05470834488059336,0.9452916551194066,0.9689191706465267,0.8805207197362018,0.8805207197362018,0.5,0.0,0.0,0.3897329652446702,0.44439029946423936,0.5405545789380584,0.3640801007670554,0.816344658802529,0.43674341325182436,0.6835290773969274,0.4801465663767476,False,1,0.4801465663767476,910
7836.png,00730,"small astronaut at bottom edge, sloping pink white cosmic dust stripe across empty sky, moody blue black cosmic background, tiny rim-lit grey ground below the explorer, realistic sci fi landscape, tight square crop",1,"[1, 1, 0, 1, 1, 2]",0.7716426849365234,0.5166227221488953,0.014003151096403599,0.11833491072546427,0.5393332313165488,0.6806527596932871,0.052456265924648575,0.9475437340753514,0.9556846510037382,0.8290709789890999,0.8290709789890999,0.5,0.0,0.0,0.3522312903321492,0.5029805684560784,0.579663234262497,0.4303800540122538,0.5409633262675663,0.5038387314578663,0.5248652375760244,0.4800633989482287,False,1,0.4800633989482287,911
7836.png,00747,"small astronaut at bottom edge, sloping pink white cosmic dust stripe across empty sky, empty dark blue starfield, small grey ground below the figure, realistic sci fi landscape",1,"[1, 1, 1, 2, 1, 0]",0.7655346393585205,0.5119956731796265,0.015326042659580708,0.12379839522215426,0.5484535715261871,0.7406576651114004,0.05795205122206706,0.942047948777933,0.9679170743593551,0.8565961462442777,0.8565961462442777,0.5,0.0,0.0,0.32602696430160494,0.5193851590957262,0.5242916317337406,0.44825399437123,0.6909077557268725,0.3401049234805701,0.671515309683073,0.4798300864652967,False,1,0.4798300864652967,912
7836.png,00186,"small astronaut at bottom edge, diagonal pink white cosmic dust stripe in empty sky, moody blue black cosmic background, small rim-lit grey ground below the figure, realistic sci fi landscape",1,"[1, 2, 0, 0, 1, 0]",0.8055001497268677,0.5222926139831543,0.016765331849455833,0.12948100960934708,0.5189126363832576,0.6807793511284722,0.051132466250938265,0.9488675337490617,0.9734921141093548,0.8331527676418551,0.8331527676418551,0.5,0.0,0.0,0.49748430696466983,0.4828787162539826,0.4666991803664007,0.39036000130120146,0.5412796617469908,0.5432781836645434,0.7383524324320734,0.4788158382917225,False,1,0.4788158382917225,913
7836.png,00158,"small astronaut at bottom edge, sloping pink white cosmic dust stripe in empty sky, moody blue black cosmic background, small rim-lit grey ground below the figure, dark sci fi concept art",1,"[1, 0, 0, 0, 3, 0]",0.8047935962677002,0.4965265691280365,0.019275592640042305,0.13883656809372055,0.5286203681537776,0.697207980685764,0.052540528798115944,0.947459471201884,0.9695044282773561,0.8392552918847244,0.8392552918847244,0.5,0.0,0.0,0.4944530988694468,0.5742288232137985,0.3718819870266723,0.40938510504720443,0.5823326634741263,0.501328320225024,0.6905455181517285,0.47776698494241054,False,1,0.47776698494241054,914
7836.png,00355,"small astronaut at bottom edge, sloping pink white cosmic dust stripe in empty sky, empty dark blue starfield, small rim-lit grey ground below the figure, dark sci fi concept art",1,"[1, 0, 1, 0, 3, 0]",0.7842712998390198,0.5384963154792786,0.014493339695036411,0.1203882872003602,0.5006295060676058,0.7948229754412616,0.056622516680651686,0.9433774833193483,0.9678263868130578,0.8814177354729511,0.8814177354729511,0.5,0.0,0.0,0.40640972400510195,0.4254306339759657,0.5588525691862587,0.3545289277528709,0.8262597989857494,0.37971523238502164,0.6704280896926356,0.47686281440705114,False,1,0.47686281440705114,915
7836.png,00792,"small astronaut at bottom edge, soft pink white nebula stripe in empty sky, empty dark blue starfield, small rim-lit grey ground below the figure, dark high contrast digital painting",1,"[1, 4, 1, 0, 0, 0]",0.8533679246902466,0.5747787356376648,0.019277893006801605,0.13884485228773016,0.513281898712386,0.7939543547453703,0.05495779474487139,0.9450422052551286,0.9671410482412597,0.8814724411229636,0.8814724411229636,0.5,0.0,0.0,0.7028434133234049,0.29679610815462143,0.3717980279528891,0.3793249448238304,0.8240892292005891,0.42931164982452286,0.6622118149570345,0.47616874218556005,False,1,0.47616874218556005,916
7836.png,00684,"small astronaut at bottom edge, sloping pink white cosmic dust stripe in empty sky, moody blue black cosmic background, thin grey ground below the figure, realistic sci fi landscape, square crop",1,"[1, 0, 0, 3, 1, 1]",0.7627135515213013,0.4883674085140228,0.018464406952261925,0.1358837994474026,0.5942165871313159,0.6638127079716436,0.05404119609645596,0.945958803903544,0.958868650999147,0.8215750301533093,0.8215750301533093,0.5,0.0,0.0,0.3139241231385457,0.6031560489088366,0.40180785795068563,0.5379398386238975,0.49888223423230055,0.4566195192135248,0.5630370548309535,0.4758980243134818,False,1,0.4758980243134818,917
7836.png,00455,"small helmeted explorer at lower edge, sloping pink white cosmic dust stripe across empty sky, empty dark blue starfield, small rim-lit grey ground below the figure, dark high contrast digital painting",1,"[3, 1, 1, 0, 0, 0]",0.8570623397827148,0.5852023363113403,0.016097910702228546,0.12687754215080202,0.466836539638721,0.8308958830656828,0.05835927899096148,0.9416407210090385,0.9681358763446382,0.8971045750016484,0.8971045750016484,0.5,0.0,0.0,0.7186929442967567,0.2598406094818192,0.4930849357205974,0.2883018515014335,0.9164012885021938,0.3279725439011662,0.6741384470603602,0.47498430738379144,False,1,0.47498430738379144,918
7836.png,00389,"small astronaut at bottom edge, sloping pink white cosmic dust stripe across empty sky, deep blue black cosmic background, small rim-lit grey ground below the figure, realistic sci fi landscape",1,"[1, 1, 2, 0, 1, 0]",0.8157396912574768,0.5200682282447815,0.015727350488305092,0.12540873370026942,0.5085824341442555,0.7062993932653358,0.05848685089670059,0.9415131491032994,0.9629813972186007,0.839960608599276,0.839960608599276,0.5,0.0,0.0,0.541413298856559,0.4907649819289368,0.5079710908406574,0.3701149869188481,0.60505091730228,0.32417184340302385,0.6123432725857473,0.4739052097986111,False,1,0.4739052097986111,919
7836.png,00208,"small helmeted explorer at lower edge, sloping pink white cosmic dust stripe in empty sky, empty dark blue starfield, small rim-lit grey ground below the figure, dark high contrast digital painting",1,"[3, 0, 1, 0, 0, 0]",0.8434311151504517,0.5868389010429382,0.015717605128884315,0.12536987329053306,0.47249064042066724,0.8369530571831597,0.05762883448475095,0.942371165515249,0.9681256533322421,0.9000839143292074,0.9000839143292074,0.5,0.0,0.0,0.6602131818428232,0.25403838550375923,0.5083649353117692,0.2993826947416173,0.9315373763078848,0.3497343948552277,0.6740158870850022,0.47388586317323433,False,1,0.47388586317323433,920
7836.png,00444,"small helmeted explorer at lower edge, sloping pink white cosmic dust stripe in empty sky, moody blue black cosmic background, small rim-lit grey ground below the figure, moody high contrast digital painting",1,"[3, 0, 0, 0, 2, 0]",0.8140174746513367,0.5995476245880127,0.01464166771620512,0.12100275912641463,0.5539179323022208,0.7099948459201388,0.05305751720120714,0.9469424827987929,0.9634711746252697,0.843621784568694,0.843621784568694,0.5,0.0,0.0,0.5340247610884323,0.20898128567748575,0.5526249876354774,0.45896298727782536,0.614285371319952,0.48592588447885854,0.6182150356793155,0.47376755101935353,False,1,0.47376755101935353,921
7836.png,00787,"small astronaut at bottom edge, broad pale pink cosmic dust stripe in empty sky, empty dark blue starfield, tiny rim-lit grey ground below the explorer, dark high contrast digital painting",1,"[1, 3, 1, 1, 0, 0]",0.81914222240448,0.5590376853942871,0.0142778679728508,0.11949003294355057,0.46622009623157934,0.7626676206235533,0.054321166906326615,0.9456788330936734,0.9728720076564189,0.8687624223946685,0.8687624223946685,0.5,0.0,0.0,0.5560106089726214,0.3526039215570256,0.5679562424387332,0.28709375263223885,0.7459077627879326,0.44827845704646024,0.7309182018308791,0.47330372997261755,False,1,0.47330372997261755,922
7836.png,00788,"small astronaut at bottom edge, broad pale pink cosmic dust stripe in empty sky, deep blue black cosmic background, small rim-lit grey ground below the figure, dark high contrast digital painting",1,"[1, 3, 2, 0, 0, 0]",0.8158513307571411,0.522562563419342,0.015041494742035866,0.1226437717213388,0.4601010424772129,0.6327752007378472,0.04546392497945084,0.9545360750205492,0.9772752569486525,0.8142915179789539,0.8142915179789539,0.5,0.0,0.0,0.541892247124009,0.48192164620275224,0.5359935691321625,0.2751016997762137,0.42132355329476107,0.7121588436301123,0.7837071552082042,0.4729887277287432,False,1,0.4729887277287432,923
7836.png,00732,"small astronaut at bottom edge, sloping pink white cosmic dust stripe across empty sky, moody blue black cosmic background, tiny rim-lit grey ground below the explorer, dark sci fi concept art",1,"[1, 1, 0, 1, 3, 0]",0.8549032211303711,0.5143919587135315,0.019491322338581085,0.13961132596813586,0.5274018246244376,0.6953215422453703,0.05602055508972264,0.9439794449102774,0.9316060949481317,0.8296087187186401,0.8296087187186401,0.5,0.0,0.0,0.7094300387761427,0.5108894454128788,0.3640299312362443,0.40699701711763125,0.5776186999459122,0.3976492414856292,0.23619619145713952,0.4728979851398036,False,1,0.4728979851398036,924
7836.png,00669,"small astronaut at bottom edge, sloping pink white cosmic dust stripe in empty sky, moody blue black cosmic background, small rim-lit grey ground below the figure, realistic sci fi landscape, balanced crop",1,"[1, 0, 0, 0, 1, 4]",0.7915964126586914,0.5020898580551147,0.01645459607243538,0.12827546948826724,0.5394149032708029,0.6647141068070023,0.05501432130431428,0.9449856786956857,0.9570767228208996,0.8212816801708209,0.8212816801708209,0.5,0.0,0.0,0.43783542999990793,0.5545049175311607,0.4789171501359395,0.43054011379136126,0.5011347123112401,0.427627575879024,0.5415542800028602,0.47248416371947327,False,1,0.47248416371947327,925
7836.png,00690,"small astronaut at bottom edge, sloping pink white cosmic dust stripe in empty sky, empty dark blue starfield, small rim-lit grey ground below the figure, realistic sci fi landscape, centered crop",1,"[1, 0, 1, 0, 1, 3]",0.7852414846420288,0.5362301468849182,0.01478658802807331,0.12160011524695735,0.4813061305688072,0.7891077112268517,0.05327666455894634,0.9467233354410537,0.9656735287289633,0.8795863432022446,0.8795863432022446,0.5,0.0,0.0,0.41057194554769894,0.4334650352450714,0.5465708722271057,0.31665919337228005,0.8119780994168975,0.4793969119209864,0.6446182575694097,0.47202577484720226,False,1,0.47202577484720226,926
7836.png,00682,"small astronaut at bottom edge, sloping pink white cosmic dust stripe in empty sky, moody blue black cosmic background, small grey ground below the figure, dark sci fi concept art",1,"[1, 0, 0, 2, 3, 0]",0.7633101940155029,0.47906529903411865,0.01865878328680992,0.13659715694995236,0.5652653988301148,0.6522770634403935,0.05191196571604923,0.9480880342839507,0.9680516630165021,0.8189658231508602,0.8189658231508602,0.5,0.0,0.0,0.31648379860954134,0.6361354487631523,0.3945780857941026,0.48120162479385936,0.4700561636697174,0.5200548572731639,0.6731288441154253,0.47198227789829683,False,1,0.47198227789829683,927
7836.png,00750,"small astronaut at bottom edge, sloping pink white cosmic dust stripe across empty sky, deep blue black cosmic background, small rim-lit grey ground below the figure, realistic sci fi landscape, square crop",1,"[1, 1, 2, 0, 1, 1]",0.8058854937553406,0.532261848449707,0.015492304228246212,0.12446808517947969,0.52366088706836,0.6953102394386574,0.05455474834310369,0.9454452516568963,0.953392123236496,0.8344738704746089,0.8344738704746089,0.5,0.0,0.0,0.4991374839796535,0.44753411292243206,0.517504423651245,0.39966556969055805,0.577590455706678,0.44131945554866026,0.49738095644876085,0.47184122862663885,False,1,0.47184122862663885,928
7836.png,00448,"small helmeted explorer at lower edge, sloping pink white cosmic dust stripe in empty sky, empty dark blue starfield, small rim-lit grey ground below the figure, dark high contrast digital painting, square crop",1,"[3, 0, 1, 0, 0, 1]",0.8531582951545715,0.588533341884613,0.016211438924074173,0.1273241490215983,0.4701591346569388,0.8169708251953125,0.057587696868844816,0.9424123031311552,0.9661136508793522,0.8907039076096654,0.8907039076096654,0.5,0.0,0.0,0.7019440747987804,0.24803096942595448,0.4885586415302642,0.29481343591907344,0.8816043857654683,0.3509599919517138,0.6498947218654894,0.46859225552827305,False,1,0.46859225552827305,929
7836.png,00725,"small astronaut at bottom edge, sloping pink white cosmic dust stripe across empty sky, moody blue black cosmic background, small rim-lit grey ground below the figure, realistic sci fi landscape, centered crop",1,"[1, 1, 0, 0, 1, 3]",0.8046727180480957,0.5216878056526184,0.01608547754585743,0.12682853600770383,0.4968553037398823,0.7028339527271412,0.053451189611171825,0.9465488103888282,0.96473696260189,0.8405147548836813,0.8405147548836813,0.5,0.0,0.0,0.49393451526753085,0.4850229842623365,0.4935816056898715,0.3471322883997525,0.5963912335530265,0.4741973544707094,0.6333901070978806,0.46851443204356336,False,1,0.46851443204356336,930
7836.png,00358,"small astronaut at bottom edge, sloping pink white cosmic dust stripe in empty sky, empty dark blue starfield, tiny rim-lit grey ground below the explorer, moody high contrast digital painting",1,"[1, 0, 1, 1, 2, 0]",0.8520420789718628,0.5720566511154175,0.014867444522678852,0.12193213080512803,0.45900543799414606,0.7703580503110533,0.0579990064795621,0.9420009935204379,0.9569026965469366,0.8677420096815146,0.8677420096815146,0.5,0.0,0.0,0.6971553592597859,0.3064468990951472,0.5432059439415897,0.2729545464094272,0.7651251431629879,0.3387060036359688,0.5394679423342511,0.46537344449210466,False,1,0.46537344449210466,931
7836.png,00380,"small astronaut at bottom edge, sloping pink white cosmic dust stripe across empty sky, moody blue black cosmic background, small grey ground below the figure, realistic sci fi landscape",1,"[1, 1, 0, 2, 1, 0]",0.7606308460235596,0.5041571259498596,0.01663338765501976,0.12897049141187203,0.548534390773034,0.6671346028645834,0.05320838640681664,0.9467916135931833,0.963270058915038,0.8242416478296843,0.8242416478296843,0.5,0.0,0.0,0.3049890401907406,0.5471756924071105,0.47187320634403673,0.4484123830239331,0.5071832161432774,0.4814310965269765,0.6158039326174037,0.4611731847118682,False,1,0.4611731847118682,932
7836.png,00893,"small helmeted explorer at lower edge, sloping pink white cosmic dust stripe across empty sky, deep blue black cosmic background, small rim-lit grey ground below the figure, dark high contrast digital painting",1,"[3, 1, 2, 0, 0, 0]",0.7899477481842041,0.5875576734542847,0.01513975951820612,0.12304373010521959,0.5217233617924771,0.8044721815321182,0.05638419673870145,0.9436158032612986,0.965864909296898,0.8854509946902872,0.8854509946902872,0.5,0.0,0.0,0.43076244063649743,0.25149007290764813,0.5319400504164586,0.3958684294053151,0.8503719060201187,0.38681540633664385,0.6469126495530418,0.460333132986802,False,1,0.460333132986802,933
7836.png,00535,"small space explorer at bottom edge, sloping pink white cosmic dust stripe in empty sky, shadowy blue black sky, small rim-lit grey ground below the figure, realistic sci fi landscape, square crop",1,"[0, 0, 4, 0, 1, 1]",0.8515246510505676,0.5823412537574768,0.020329058170318604,0.1425800062081588,0.5500669030584858,0.7902396873191551,0.05794010955719022,0.9420598904428098,0.9370771480907077,0.8727442505667449,0.8727442505667449,0.5,0.0,0.0,0.6949355248178565,0.2699841995743585,0.3339427986773228,0.45141578339715777,0.8148067599762183,0.34046069688838343,0.3017866566115237,0.4593328173346334,False,1,0.4593328173346334,934
7836.png,00707,"small astronaut at bottom edge, sloping pink white cosmic dust stripe in empty sky, deep blue black cosmic background, small rim-lit grey ground below the figure, dark sci fi concept art",1,"[1, 0, 2, 0, 3, 0]",0.8127329349517822,0.4945531487464905,0.018314288929104805,0.1353302956809923,0.485515253435191,0.6932972095630787,0.05494572776725377,0.9450542722327462,0.9622486779689948,0.8352024751786455,0.8352024751786455,0.5,0.0,0.0,0.5285139153266514,0.5812253243820833,0.407417536274182,0.32490818511469766,0.5725601566990393,0.42967115662640437,0.6035589681462205,0.45928998066392035,False,1,0.45928998066392035,935
7836.png,00745,"small astronaut at bottom edge, sloping pink white cosmic dust stripe across empty sky, empty dark blue starfield, tiny rim-lit grey ground below the explorer, moody high contrast digital painting",1,"[1, 1, 1, 1, 2, 0]",0.8605836033821106,0.5668476819992065,0.01548522524535656,0.12443964499047946,0.44064379466172654,0.7986275001808449,0.06097084280982292,0.9390291571901771,0.9556561141347918,0.8791738029249005,0.8791738029249005,0.5,0.0,0.0,0.7337996323886656,0.3249146107129718,0.5177926607354936,0.2369696039322131,0.8357668099120334,0.25016723206724756,0.5245231194390828,0.4591358923998826,False,1,0.4591358923998826,936
7836.png,00881,"small helmeted explorer at lower edge, sloping pink white cosmic dust stripe in empty sky, deep blue black cosmic background, small rim-lit grey ground below the figure, realistic sci fi landscape",1,"[3, 0, 2, 0, 1, 0]",0.8182530999183655,0.598978579044342,0.015436270274221897,0.12424278761450057,0.526060025807237,0.8151409007884838,0.0581767602546285,0.9418232397453715,0.9362166169823856,0.8836948626621749,0.8836948626621749,0.5,0.0,0.0,0.5521961555259839,0.2109987614511878,0.5197877809530327,0.4043673748585581,0.8770316434334262,0.3334102540935651,0.29147006230988365,0.45723904753340233,False,1,0.45723904753340233,937
7836.png,00179,"small astronaut at bottom edge, sloping pink white cosmic dust stripe across empty sky, moody blue black cosmic background, tiny rim-lit grey ground below the explorer, realistic sci fi landscape",1,"[1, 1, 0, 1, 1, 0]",0.8186777830123901,0.5489017963409424,0.014422512613236904,0.1200937659216202,0.48872712006056934,0.7224194561993634,0.059914157446913995,0.940085842553086,0.9545191540509591,0.8450226309934854,0.8450226309934854,0.5,0.0,0.0,0.554018102352242,0.38853937670205363,0.561837498528061,0.3312027652710749,0.6453328512983171,0.28164865081630613,0.5108925187453669,0.4567902932697298,False,1,0.4567902932697298,938
7836.png,00875,"small helmeted explorer at lower edge, sloping pink white cosmic dust stripe in empty sky, empty dark blue starfield, small rim-lit grey ground below the figure, realistic sci fi landscape, square crop",1,"[3, 0, 1, 0, 1, 1]",0.8029506802558899,0.5779173374176025,0.014652466401457787,0.1210473725508232,0.4840378842629855,0.7960352014612267,0.05579679541660937,0.9442032045833906,0.9611999598327144,0.8809269542282816,0.8809269542282816,0.5,0.0,0.0,0.48654674463491,0.28566861032118374,0.5521728372165836,0.32201285359578297,0.8292889936436337,0.4043156269733926,0.5909862680495657,0.45662596641541275,False,1,0.45662596641541275,939
7836.png,00450,"small helmeted explorer at lower edge, sloping pink white cosmic dust stripe in empty sky, empty dark blue starfield, tiny rim-lit grey ground below the explorer, dark high contrast digital painting",1,"[3, 0, 1, 1, 0, 0]",0.8409925699234009,0.5919272303581238,0.01572044938802719,0.1253812162487954,0.46938519463158557,0.8148656774450233,0.058760320807597265,0.9412396791924027,0.9606586709537853,0.8882551767583584,0.8882551767583584,0.5,0.0,0.0,0.6497514992384902,0.2359983863574937,0.5082499761173608,0.2932966769455464,0.87634389620807,0.31602446000735807,0.5844969526606203,0.45592333745249214,False,1,0.45592333745249214,940
7836.png,00375,"small astronaut at bottom edge, sloping pink white cosmic dust stripe across empty sky, moody blue black cosmic background, small rim-lit grey ground below the figure, dark sci fi concept art",1,"[1, 1, 0, 0, 3, 0]",0.7841506004333496,0.4978879690170288,0.01906764507293701,0.13808564397842743,0.5177002803177972,0.7011017975983797,0.05359535351820589,0.9464046464817941,0.9651891651772408,0.8397752682233469,0.8397752682233469,0.5,0.0,0.0,0.40589190753869175,0.5694021598211891,0.37949249121433126,0.38798403949387983,0.5920628038903616,0.4699023348885827,0.638811399212639,0.4551723224374843,False,1,0.4551723224374843,941
7836.png,00890,"small helmeted explorer at lower edge, sloping pink white cosmic dust stripe across empty sky, empty dark blue starfield, small rim-lit grey ground below the figure, dark high contrast digital painting, square crop",1,"[3, 1, 1, 0, 0, 1]",0.8508069515228271,0.5867568254470825,0.016611812636256218,0.1288868210340228,0.4593527219892028,0.8058143898292824,0.05823520194119781,0.9417647980588022,0.965397126354565,0.8853135800146709,0.8853135800146709,0.5,0.0,0.0,0.691856498609439,0.25432937368228525,0.4727211931752441,0.2736351496843698,0.8537259094291981,0.3316691235055297,0.6413045700883876,0.45463742074655855,False,1,0.45463742074655855,942
7836.png,00770,"small astronaut at bottom edge, diagonal pink white cosmic dust stripe in empty sky, empty dark blue starfield, small rim-lit grey ground below the figure, realistic sci fi landscape, square crop",1,"[1, 2, 1, 0, 1, 1]",0.7609696984291077,0.5414685010910034,0.014993048273026943,0.12244610354366914,0.5033412621941046,0.7791827166521991,0.05600123390513143,0.9439987660948685,0.9679625442328943,0.8746242994732725,0.8746242994732725,0.5,0.0,0.0,0.3064427619742181,0.41489314267444133,0.5379969067042082,0.35984339696772594,0.7871768329452105,0.39822487007308965,0.6720604314499838,0.45403049945460344,False,1,0.45403049945460344,943
7836.png,00264,"small space explorer at bottom edge, sloping pink white cosmic dust stripe in empty sky, shadowy blue black sky, small rim-lit grey ground below the figure, realistic sci fi landscape",1,"[0, 0, 4, 0, 1, 0]",0.8566731214523315,0.5838756561279297,0.02024160698056221,0.1422730015869568,0.5450269531328652,0.798702663845486,0.06062910241510089,0.9393708975848991,0.93231659256849,0.8746593313988814,0.8746593313988814,0.5,0.0,0.0,0.7170231460124807,0.26454417874662073,0.3370542448377334,0.4415385461108152,0.8359546341029417,0.2603485716100756,0.24471408887029425,0.45347355561172686,False,1,0.45347355561172686,944
7836.png,00877,"small helmeted explorer at lower edge, sloping pink white cosmic dust stripe in empty sky, empty dark blue starfield, tiny rim-lit grey ground below the explorer, dark high contrast digital painting, square crop",1,"[3, 0, 1, 1, 0, 1]",0.8202919960021973,0.5883290767669678,0.015464269556105137,0.12435541627168933,0.4841288244982196,0.7943589952256945,0.05745314019394654,0.9425468598060535,0.961339891016467,0.8796209269869747,0.8796209269869747,0.5,0.0,0.0,0.5609432902748698,0.2487551644062077,0.5186463062690682,0.3221910772479103,0.8251003729651794,0.3549687869787327,0.592663852089192,0.451664788425627,False,1,0.451664788425627,945
7836.png,00874,"small helmeted explorer at lower edge, sloping pink white cosmic dust stripe in empty sky, empty dark blue starfield, small rim-lit grey ground below the figure, dark high contrast digital painting, tight square crop",1,"[3, 0, 1, 0, 0, 2]",0.8399531245231628,0.5866839289665222,0.0158766470849514,0.1260025677712617,0.4435352544854939,0.8223679154007524,0.057161016487870135,0.9428389835121299,0.9644243582646906,0.8929440778125222,0.8929440778125222,0.5,0.0,0.0,0.6452921405433161,0.254587818520584,0.5019526708804765,0.2426362544356424,0.8950910099998731,0.3636719156869822,0.6296424074590994,0.45124530433289617,False,1,0.45124530433289617,946
7836.png,00737,"small astronaut at bottom edge, sloping pink white cosmic dust stripe across empty sky, moody blue black cosmic background, thin grey ground below the figure, realistic sci fi landscape",1,"[1, 1, 0, 3, 1, 0]",0.749992847442627,0.5020033717155457,0.01733569987118244,0.13166510498679004,0.5630300316282938,0.6659760651765047,0.05498519829688982,0.9450148017031101,0.9592462125966724,0.8222936524448501,0.8222936524448501,0.5,0.0,0.0,0.2593506146801096,0.5548115434186272,0.4445636986609186,0.47682077724570143,0.504288181621756,0.4284952263870579,0.5675635034251754,0.4505630635220112,False,1,0.4505630635220112,947
7836.png,00785,"small astronaut at bottom edge, broad pale pink cosmic dust stripe in empty sky, empty dark blue starfield, small rim-lit grey ground below the figure, dark high contrast digital painting, square crop",1,"[1, 3, 1, 0, 0, 1]",0.7902247905731201,0.5456894636154175,0.014408520422875881,0.120035496511973,0.4547261263947094,0.6773743806061922,0.0500160179520484,0.9499839820479516,0.9855296165064669,0.834418788290863,0.834418788290863,0.5,0.0,0.0,0.4319509892468059,0.3999282778592652,0.5624280503256409,0.264567999575903,0.5327710846776414,0.576540096474872,0.8826656681013297,0.44908091560164154,False,1,0.44908091560164154,948
7836.png,00742,"small astronaut at bottom edge, sloping pink white cosmic dust stripe across empty sky, empty dark blue starfield, small rim-lit grey ground below the figure, dark sci fi concept art",1,"[1, 1, 1, 0, 3, 0]",0.749602198600769,0.5375903844833374,0.015039347112178802,0.12263501584856913,0.49995793805529243,0.7798320628978588,0.05480625465406423,0.9451937453459358,0.9636436426183843,0.8744709676987908,0.8744709676987908,0.5,0.0,0.0,0.2576746793117874,0.42864249260008824,0.5360823086000036,0.35321279630128316,0.7887994644892241,0.43382642519988973,0.6202826916859078,0.44725990439658436,False,1,0.44725990439658436,949
7836.png,00353,"small astronaut at bottom edge, sloping pink white cosmic dust stripe in empty sky, empty dark blue starfield, small rim-lit grey ground below the figure, realistic sci fi landscape, tight square crop",1,"[1, 0, 1, 0, 1, 2]",0.7944181561470032,0.5565981268882751,0.015246715396642685,0.12347759066584789,0.45758406866181717,0.7963126853660301,0.0550610438028739,0.9449389561971261,0.962766344146687,0.881622611913045,0.881622611913045,0.5,0.0,0.0,0.44994108399315513,0.3612530538438017,0.5275429381833099,0.27016896274805496,0.8299823897168374,0.42623559053145654,0.6097650795665782,0.4470312694019328,False,1,0.4470312694019328,950
7836.png,00780,"small astronaut at bottom edge, broad pale pink cosmic dust stripe in empty sky, moody blue black cosmic background, small rim-lit grey ground below the figure, realistic sci fi landscape, square crop",1,"[1, 3, 0, 0, 1, 1]",0.8409180045127869,0.5198631286621094,0.018479466438293457,0.13593920125664066,0.4669548917562714,0.6156378851996528,0.051794585624002396,0.9482054143759976,0.9719733119134459,0.8033036057541322,0.8033036057541322,0.5,0.0,0.0,0.6494316037325745,0.4914921353946652,0.401246368856617,0.28853379665280177,0.3784996377676318,0.5235519170037519,0.72014406561291,0.44635573892298996,False,1,0.44635573892298996,951
7836.png,00866,"small helmeted explorer at lower edge, sloping pink white cosmic dust stripe in empty sky, moody blue black cosmic background, small rim-lit grey ground below the figure, moody high contrast digital painting, square crop",1,"[3, 0, 0, 0, 2, 1]",0.7707139253616333,0.5780089497566223,0.017972644418478012,0.13406209165337535,0.6042044145004853,0.7074324996383101,0.05742918676742628,0.9425708132325737,0.9652313909119283,0.841290687651026,0.841290687651026,0.5,0.0,0.0,0.3482467885150609,0.28534381088008387,0.42027059541347633,0.5575138705798133,0.6078824022855237,0.35568242216024404,0.6393176281794324,0.44519776046521914,False,1,0.44519776046521914,952
7836.png,00449,"small helmeted explorer at lower edge, sloping pink white cosmic dust stripe in empty sky, empty dark blue starfield, small rim-lit grey ground below the figure, realistic sci fi landscape",1,"[3, 0, 1, 0, 1, 0]",0.776604413986206,0.5759118795394897,0.01422896422445774,0.11928522215453909,0.5004218734071469,0.7819315592447916,0.05733422934418593,0.942665770655814,0.9616310860718006,0.8741284386040512,0.8741284386040512,0.5,0.0,0.0,0.3735177663468905,0.29277869619967745,0.5700319693140663,0.3541220115957636,0.7940458319270055,0.358511451982451,0.5961548836387401,0.44461724558200894,False,1,0.44461724558200894,953
7836.png,00377,"small astronaut at bottom edge, sloping pink white cosmic dust stripe across empty sky, moody blue black cosmic background, tiny rim-lit grey ground below the explorer, realistic sci fi landscape, square crop",1,"[1, 1, 0, 1, 1, 1]",0.8033370971679688,0.5560634136199951,0.014991341158747673,0.12243913246486057,0.48578179881104555,0.7156818531177662,0.05575595974619998,0.9442440402538,0.9547087056498074,0.8434839891217862,0.8434839891217862,0.5,0.0,0.0,0.48820452446292845,0.363148809072238,0.5380675575507912,0.3254305577500902,0.6284964602907179,0.40553222832435665,0.5131649838842013,0.44426081354119673,False,1,0.44426081354119673,954
7836.png,00176,"small astronaut at bottom edge, sloping pink white cosmic dust stripe across empty sky, moody blue black cosmic background, small rim-lit grey ground below the figure, realistic sci fi landscape, square crop",1,"[1, 1, 0, 0, 1, 1]",0.7903609275817871,0.5523435473442078,0.015777887776494026,0.12561006240144149,0.5211201311406205,0.7267783836082176,0.05675017721312851,0.9432498227868715,0.9417432923246308,0.8455363690640291,0.8455363690640291,0.5,0.0,0.0,0.43253503507854957,0.3763371033595504,0.5059306544075195,0.3946862247456032,0.6562252421590461,0.37591189146472465,0.3577273617746176,0.44322866146952405,False,1,0.44322866146952405,955
7836.png,00657,"small space explorer at bottom edge, soft pink white nebula stripe in empty sky, moody blue black cosmic background, tiny rim-lit grey ground below the explorer, dark high contrast digital painting, square crop",1,"[0, 4, 0, 1, 0, 1]",0.7778974771499634,0.4970126152038574,0.025285961106419563,0.15901560019828107,0.5565552630710796,0.6272153501157408,0.04103862310686653,0.9589613768931334,0.968514294989753,0.8115862484626306,0.8115862484626306,0.5,0.0,0.0,0.3790651789011142,0.5725056110846843,0.16737049883892774,0.46413159851226804,0.40743021201538193,0.8440001525305232,0.6786751704862436,0.44180968200213283,False,1,0.44180968200213283,956
7836.png,00892,"small helmeted explorer at lower edge, sloping pink white cosmic dust stripe across empty sky, empty dark blue starfield, tiny rim-lit grey ground below the explorer, dark high contrast digital painting",1,"[3, 1, 1, 1, 0, 0]",0.7965769171714783,0.5883528590202332,0.015376619063317776,0.12400249619793054,0.4936362714971724,0.7945217556423612,0.05778817892772185,0.9422118210722782,0.9595621503085076,0.8792213574760614,0.8792213574760614,0.5,0.0,0.0,0.4592024552427575,0.24867084757016422,0.5222230987099419,0.3408236651469693,0.825507090010154,0.34498710743119193,0.5713511656794157,0.43932222535295523,False,1,0.43932222535295523,957
7836.png,00773,"small astronaut at bottom edge, diagonal pink white cosmic dust stripe in empty sky, empty dark blue starfield, tiny rim-lit grey ground below the explorer, realistic sci fi landscape",1,"[1, 2, 1, 1, 1, 0]",0.7811902165412903,0.5533756017684937,0.014743705280125141,0.12142366029783958,0.47169528295363594,0.7762038619429977,0.05912352712580528,0.9408764728741947,0.9677230866103609,0.8721431207023893,0.8721431207023893,0.5,0.0,0.0,0.39319146781661984,0.37267809078788905,0.5483592168838354,0.2978239621063193,0.7797330636949963,0.3052035944998321,0.6691896611544984,0.43880238327679766,False,1,0.43880238327679766,958
7836.png,00071,"small astronaut at bottom edge, sloping pink white cosmic dust stripe in empty sky, empty dark blue starfield, small rim-lit grey ground below the figure, realistic sci fi landscape",1,"[1, 0, 1, 0, 1, 0]",0.7917438745498657,0.5549935698509216,0.015576024539768696,0.124803944407894,0.45776018271718644,0.8031927038122108,0.0592560883989777,0.9407439116010223,0.9662502237179994,0.8839471305194524,0.8839471305194524,0.5,0.0,0.0,0.4384680610803518,0.3669417987718482,0.5141005403396627,0.2705141090967319,0.8471746581387897,0.3012542477054746,0.6515320439277837,0.4368984413968631,False,1,0.4368984413968631,959
7836.png,00373,"small astronaut at bottom edge, sloping pink white cosmic dust stripe across empty sky, moody blue black cosmic background, small rim-lit grey ground below the figure, realistic sci fi landscape, tight square crop",1,"[1, 1, 0, 0, 1, 2]",0.7659028768539429,0.5459270477294922,0.015140354633331299,0.12304614838885165,0.5149422899090546,0.6885387279369213,0.0549473973034243,0.9450526026965756,0.9553400809866722,0.8316788547127505,0.8316788547127505,0.5,0.0,0.0,0.3276067520198678,0.39908595478039477,0.5319155414716346,0.3825789608517038,0.5606693319813757,0.4296214167803289,0.5207343130339587,0.43339049026573423,False,1,0.43339049026573423,960
7836.png,00166,"small astronaut at bottom edge, sloping pink white cosmic dust stripe in empty sky, empty dark blue starfield, small rim-lit grey ground below the figure, realistic sci fi landscape, square crop",1,"[1, 0, 1, 0, 1, 1]",0.8078387975692749,0.5674469470977783,0.015469937585294247,0.12437820381921523,0.45199511019115085,0.8017080801504629,0.060201618036368636,0.9397983819636314,0.9598105589111533,0.8816601815372099,0.8816601815372099,0.5,0.0,0.0,0.5075174165330999,0.32278999550098886,0.5184153578651745,0.25921578467823764,0.8434647773153567,0.27308444853989794,0.5743292460181151,0.43309476497028304,False,1,0.43309476497028304,961
7836.png,00898,"small helmeted explorer at lower edge, broad pale pink cosmic dust stripe in empty sky, moody blue black cosmic background, small rim-lit grey ground below the figure, dark high contrast digital painting",1,"[3, 3, 0, 0, 0, 0]",0.8188143968582153,0.5759356021881104,0.01848687045276165,0.13596643134524658,0.41626000631244436,0.8442411069516783,0.04717946514665333,0.9528205348533467,0.9526541693948933,0.9039265192059052,0.9039265192059052,0.5,0.0,0.0,0.5546041938786678,0.29269459068402504,0.40097039595982864,0.18918252925484763,0.9497492617661972,0.6610484182563252,0.488533896390705,0.43234949782101095,False,1,0.43234949782101095,962
7836.png,00596,"small space explorer at bottom edge, sloping pink white cosmic dust stripe across empty sky, shadowy blue black sky, small rim-lit grey ground below the figure, realistic sci fi landscape",1,"[0, 1, 4, 0, 1, 0]",0.8647280931472778,0.5839046239852905,0.022005828097462654,0.1483436149534676,0.5099428279171264,0.7870262993706598,0.05959239730127389,0.9404076026987261,0.9332523781282651,0.869954971287004,0.869954971287004,0.5,0.0,0.0,0.7515800434300981,0.26444147703655274,0.27552948154063983,0.37278107136329897,0.8067769227618914,0.2912347265179411,0.25593288140454246,0.428806203791056,False,1,0.428806203791056,963
7836.png,00445,"small helmeted explorer at lower edge, sloping pink white cosmic dust stripe in empty sky, moody blue black cosmic background, tiny rim-lit grey ground below the explorer, dark high contrast digital painting, square crop",1,"[3, 0, 0, 1, 0, 1]",0.7733614444732666,0.5674244165420532,0.020257774740457535,0.14232980973941312,0.5204896734035273,0.7856061017071759,0.04879187668960248,0.9512081233103975,0.9477304579813137,0.8759916805231311,0.8759916805231311,0.5,0.0,0.0,0.3596049968138305,0.32286987460881955,0.3364785026643805,0.39345066074989277,0.8032280341020944,0.6130104641394429,0.4295053120420289,0.42533270477851826,False,1,0.42533270477851826,964
7836.png,00075,"small astronaut at bottom edge, sloping pink white cosmic dust stripe across empty sky, moody blue black cosmic background, small rim-lit grey ground below the figure, realistic sci fi landscape",1,"[1, 1, 0, 0, 1, 0]",0.7713335752487183,0.544576108455658,0.015966340899467468,0.1263579870822081,0.47826703225374395,0.726408216688368,0.05465375548889589,0.9453462445111042,0.9570444277087901,0.8491637686304101,0.8491637686304101,0.5,0.0,0.0,0.3509051687544686,0.4038755314443685,0.4983505490425373,0.3107032026109815,0.6553002433241207,0.438369773907144,0.5411671056562989,0.42346414499041213,False,1,0.42346414499041213,965
7836.png,00405,"small astronaut at bottom edge, broad pale pink cosmic dust stripe in empty sky, empty dark blue starfield, small rim-lit grey ground below the figure, dark high contrast digital painting",1,"[1, 3, 1, 0, 0, 0]",0.8212057948112488,0.5513646006584167,0.015792833641171455,0.12566954142182368,0.3763051136369335,0.7033030192057291,0.05017441832360753,0.9498255816763925,0.9880515464805072,0.846535621525417,0.846535621525417,0.5,0.0,0.0,0.5648636084213067,0.3798078294627538,0.5053278433851036,0.11087937911833617,0.5975633694812521,0.5718209354056475,0.9129001688040965,0.4230596558419787,False,1,0.4230596558419787,966
7836.png,00740,"small astronaut at bottom edge, sloping pink white cosmic dust stripe across empty sky, empty dark blue starfield, small rim-lit grey ground below the figure, realistic sci fi landscape, tight square crop",1,"[1, 1, 1, 0, 1, 2]",0.8106338977813721,0.5699828863143921,0.016082970425486565,0.12681865172555087,0.4309149144913053,0.7931060791015625,0.05764310464026236,0.9423568953597377,0.9601860256415243,0.8787598540999162,0.8787598540999162,0.5,0.0,0.0,0.5195087673359838,0.313799158141826,0.49368178141892993,0.21790305378949315,0.8219694990460509,0.34930924962559123,0.5788305800123662,0.42201533142065084,False,1,0.42201533142065084,967
7836.png,00865,"small helmeted explorer at lower edge, sloping pink white cosmic dust stripe in empty sky, moody blue black cosmic background, small rim-lit grey ground below the figure, realistic sci fi landscape, tight square crop",1,"[3, 0, 0, 0, 1, 2]",0.8177216053009033,0.6042084693908691,0.01585649512708187,0.12592257592299275,0.4870321963991561,0.7291480170355902,0.05574273314005126,0.9442572668599487,0.9477402807454725,0.8481547072160922,0.8481547072160922,0.5,0.0,0.0,0.5499159730909321,0.192456876376092,0.5027633763616712,0.32788107290645213,0.6621466469145284,0.405926283491023,0.429623073586924,0.42045510045694734,False,1,0.42045510045694734,968
7836.png,00693,"small astronaut at bottom edge, sloping pink white cosmic dust stripe in empty sky, empty dark blue starfield, small rim-lit grey ground below the figure, cinematic sci fi painting",1,"[1, 0, 1, 0, 4, 0]",0.8233219385147095,0.5532904267311096,0.01701170951128006,0.13042894430025898,0.363318419197892,0.7818484836154513,0.05183275662905795,0.948167243370942,0.9818772906889319,0.8800658109445691,0.8800658109445691,0.5,0.0,0.0,0.5739421457086952,0.3729800676267515,0.45709200330564526,0.08542820114381638,0.793838236768633,0.5224147029981392,0.8388792629934662,0.4198694575286459,False,1,0.4198694575286459,969
7836.png,00182,"small astronaut at bottom edge, sloping pink white cosmic dust stripe across empty sky, empty dark blue starfield, small rim-lit grey ground below the figure, realistic sci fi landscape",1,"[1, 1, 1, 0, 1, 0]",0.789140522480011,0.5642823576927185,0.016260972246527672,0.12751851726917024,0.4319609656960727,0.8018793176721642,0.056415406062534354,0.9435845939374656,0.9671409376445781,0.8845284883595026,0.8845284883595026,0.5,0.0,0.0,0.42729933525151303,0.33400962902494025,0.4865887482588026,0.2199530931977477,0.843892677539757,0.38588559900993413,0.6622104890536661,0.41806352340432457,False,1,0.41806352340432457,970
7836.png,00781,"small astronaut at bottom edge, broad pale pink cosmic dust stripe in empty sky, moody blue black cosmic background, small rim-lit grey ground below the figure, moody high contrast digital painting",1,"[1, 3, 0, 0, 2, 0]",0.8167027235031128,0.5290146470069885,0.01689138449728489,0.12996685922682324,0.3936282951399631,0.6429211651837384,0.05099278416627156,0.9490072158337285,0.9818031530018699,0.8178276804748612,0.8178276804748612,0.5,0.0,0.0,0.5455448349789243,0.45904663650842925,0.4617751667769163,0.14482915575996305,0.44667699464348,0.547439678044507,0.8379904532427394,0.41272774112856836,False,1,0.41272774112856836,971
7836.png,00863,"tiny space explorer at bottom edge, soft pink white nebula stripe in empty sky, moody blue black cosmic background, small rim-lit grey ground below the figure, dark high contrast digital painting",1,"[2, 4, 0, 0, 0, 0]",0.8149527311325073,0.5117409229278564,0.0308107640594244,0.17552995202934568,0.5239592194467395,0.6123668529369213,0.04108495756011773,0.9589150424398822,0.9749904062548064,0.8061834299265347,0.8061834299265347,0.5,0.0,0.0,0.5380371354955644,0.5202883424472295,0.0,0.40025023813666183,0.37032575493320935,0.8426197280669023,0.7563149117201213,0.40809188859385714,False,1,0.40809188859385714,972
7836.png,00443,"small helmeted explorer at lower edge, sloping pink white cosmic dust stripe in empty sky, moody blue black cosmic background, small rim-lit grey ground below the figure, realistic sci fi landscape, square crop",1,"[3, 0, 0, 0, 1, 1]",0.8250261545181274,0.6069468259811401,0.016881486400961876,0.12992877433794978,0.47882054503004434,0.6997030752676504,0.054671099877375194,0.9453289001226248,0.9474468287348697,0.8352208646603353,0.8352208646603353,0.5,0.0,0.0,0.5812534585025719,0.18274839496879958,0.462161151459463,0.31178797073630526,0.5885675792851099,0.4378530392424741,0.42610498422198345,0.4066665996755397,False,1,0.4066665996755397,973
7836.png,00677,"small astronaut at bottom edge, sloping pink white cosmic dust stripe in empty sky, moody blue black cosmic background, tiny rim-lit grey ground below the explorer, dark sci fi concept art, square crop",1,"[1, 0, 0, 1, 3, 1]",0.7935216426849365,0.5267640948295593,0.020857706665992737,0.14442197431828974,0.5295320963844371,0.6822820592809608,0.059341742587575554,0.9406582574124245,0.9326180445785672,0.8227809256864944,0.8227809256864944,0.5,0.0,0.0,0.4460949222789448,0.4670256718350704,0.3152747259251065,0.41117189979869645,0.5450347333531986,0.29870238555850914,0.24832808731765374,0.40439172186363154,False,1,0.40439172186363154,974
7836.png,00891,"small helmeted explorer at lower edge, sloping pink white cosmic dust stripe across empty sky, empty dark blue starfield, small rim-lit grey ground below the figure, realistic sci fi landscape",1,"[3, 1, 1, 0, 1, 0]",0.7427588701248169,0.5820645093917847,0.014711689203977585,0.121291752415313,0.48029363240972445,0.7724004674840858,0.05684524194516899,0.943154758054831,0.9602190121031253,0.8697281781076545,0.8697281781076545,0.5,0.0,0.0,0.22831589208142275,0.2709653601501727,0.5496960836482779,0.3146749108462956,0.7702288771926359,0.3730796646328912,0.5792260426963911,0.40167799650449826,False,1,0.40167799650449826,975
7836.png,00454,"small helmeted explorer at lower edge, sloping pink white cosmic dust stripe across empty sky, moody blue black cosmic background, tiny rim-lit grey ground below the explorer, dark high contrast digital painting",1,"[3, 1, 0, 1, 0, 0]",0.819103479385376,0.6153941750526428,0.017154904082417488,0.13097673107242175,0.45867648893082646,0.7748011836299189,0.05736825395408716,0.9426317460459128,0.9509644265230422,0.8687745290541414,0.8687745290541414,0.5,0.0,0.0,0.5558443962796996,0.15279943518285866,0.45154026586828566,0.2723098757278772,0.7762279536060125,0.3574977699256422,0.4682761840147229,0.3994452982121561,False,1,0.3994452982121561,976
7836.png,00758,"small astronaut at bottom edge, sloping pink white cosmic dust stripe across empty sky, shadowy blue black sky, small rim-lit grey ground below the figure, dark high contrast digital painting",1,"[1, 1, 4, 0, 0, 0]",0.844421923160553,0.6034781336784363,0.02248573675751686,0.14995244832118235,0.5138690593231333,0.7526657669632524,0.061369328264209586,0.9386306717357904,0.9496815964608345,0.8571566495331572,0.8571566495331572,0.5,0.0,0.0,0.6644638796804215,0.19504618512807392,0.25922419471753777,0.38047565559737645,0.7209144354894517,0.2382953088862337,0.452896801233839,0.3975610600773821,False,1,0.3975610600773821,977
7836.png,00868,"small helmeted explorer at lower edge, sloping pink white cosmic dust stripe in empty sky, moody blue black cosmic background, tiny rim-lit grey ground below the explorer, dark high contrast digital painting, tight square crop",1,"[3, 0, 0, 1, 0, 2]",0.7676068544387817,0.5715494155883789,0.02150285430252552,0.14663851575396392,0.4976489708884137,0.7837880452473959,0.05011330382492077,0.9498866961750793,0.9500563317871187,0.8751762303800296,0.8751762303800296,0.5,0.0,0.0,0.33491704196640354,0.30824523562329265,0.29281040824670423,0.34868770836782975,0.7986849482212486,0.5736416960524112,0.45738936669065827,0.3961822554132721,False,1,0.3961822554132721,978
7836.png,00870,"small helmeted explorer at lower edge, sloping pink white cosmic dust stripe in empty sky, moody blue black cosmic background, tiny rim-lit grey ground below the explorer, moody high contrast digital painting",1,"[3, 0, 0, 1, 2, 0]",0.782526969909668,0.6167290210723877,0.016764428466558456,0.12947752108593388,0.5005954485808128,0.7720856843171297,0.05707647085416644,0.9429235291458335,0.9418245243431779,0.8658266980123857,0.8658266980123857,0.5,0.0,0.0,0.3989263171460923,0.14806691502447833,0.4667345360321786,0.3544621822725794,0.7694422751299589,0.3661907510862931,0.3587012228838192,0.39361352825984985,False,1,0.39361352825984985,979
7836.png,00383,"small astronaut at bottom edge, sloping pink white cosmic dust stripe across empty sky, empty dark blue starfield, small rim-lit grey ground below the figure, realistic sci fi landscape, square crop",1,"[1, 1, 1, 0, 1, 1]",0.8081223368644714,0.5842048525810242,0.016735242679715157,0.12936476599026164,0.41437276809120593,0.8000753897207756,0.06085310870966059,0.9391468912903395,0.9578169129329739,0.8802987199125626,0.8802987199125626,0.5,0.0,0.0,0.5087338377334522,0.2633770562266504,0.46787729215136187,0.18548394097478024,0.8393848969579547,0.25367483862484336,0.5504281498937982,0.3915886288988666,False,1,0.3915886288988666,980
7836.png,00206,"small helmeted explorer at lower edge, sloping pink white cosmic dust stripe in empty sky, moody blue black cosmic background, small rim-lit grey ground below the figure, realistic sci fi landscape",1,"[3, 0, 0, 0, 1, 0]",0.7609654068946838,0.6082558631896973,0.015482836402952671,0.12443004622257708,0.49006544539371344,0.7456015127676504,0.055375270248683627,0.9446247297513164,0.9391238183881564,0.8539640998360347,0.8539640998360347,0.5,0.0,0.0,0.3064243507220791,0.1781073765397596,0.5178899428201007,0.3338256002350869,0.7032617859679794,0.41687396343809824,0.32632344200346963,0.3846267543390215,False,1,0.3846267543390215,981
7836.png,00538,"small space explorer at bottom edge, sloping pink white cosmic dust stripe in empty sky, shadowy blue black sky, tiny rim-lit grey ground below the explorer, realistic sci fi landscape",1,"[0, 0, 4, 1, 1, 0]",0.8264153599739075,0.5997188091278076,0.020832179114222527,0.14433356890973953,0.5001435252841597,0.7295153582537616,0.06338379389956299,0.936616206100437,0.9349921839579444,0.8430960201409345,0.8430960201409345,0.5,0.0,0.0,0.587213334247077,0.20837437351428556,0.31617070158800076,0.35357650806903673,0.6630645846896452,0.17827911253468748,0.27679078036350624,0.3740984843436475,False,1,0.3740984843436475,982
7836.png,00678,"small astronaut at bottom edge, sloping pink white cosmic dust stripe in empty sky, moody blue black cosmic background, tiny rim-lit grey ground below the explorer, cinematic sci fi painting",1,"[1, 0, 0, 1, 4, 0]",0.7398070693016052,0.5238430500030518,0.01632520742714405,0.12777013511436877,0.4350656897488234,0.720338609483507,0.06272937363394901,0.937270626366051,0.9694516798308926,0.8460874294618745,0.8460874294618745,0.5,0.0,0.0,0.21565227486362887,0.4773818502410426,0.4840386388328647,0.2260376965430593,0.6401330868552725,0.19777600266189296,0.6899131362227755,0.3738949032319055,False,1,0.3738949032319055,983
7836.png,00869,"small helmeted explorer at lower edge, sloping pink white cosmic dust stripe in empty sky, moody blue black cosmic background, tiny rim-lit grey ground below the explorer, realistic sci fi landscape, square crop",1,"[3, 0, 0, 1, 1, 1]",0.8147844672203064,0.6301999688148499,0.018347354605793953,0.1354524071613124,0.467262674208686,0.7674662272135416,0.05851426296151408,0.9414857370384859,0.9375344572213202,0.8623867016538278,0.8623867016538278,0.5,0.0,0.0,0.5373152609846134,0.1003074500369916,0.406179954588615,0.28913698524791404,0.7578988545548777,0.32335516634714584,0.30726916935898657,0.37238030638325637,False,1,0.37238030638325637,984
7836.png,00876,"small helmeted explorer at lower edge, sloping pink white cosmic dust stripe in empty sky, empty dark blue starfield, small rim-lit grey ground below the figure, moody high contrast digital painting",1,"[3, 0, 1, 0, 2, 0]",0.8103200793266296,0.6248421669006348,0.016036875545978546,0.1266367859114347,0.4403196846543446,0.6956120243778935,0.057673445004182144,0.9423265549958179,0.9605379431892346,0.8349472938564353,0.8349472938564353,0.5,0.0,0.0,0.5181624445233174,0.119302828671359,0.4955249643874018,0.23633441677816708,0.5783445768942351,0.34840533088583636,0.5830495914254845,0.37157525276826187,False,1,0.37157525276826187,985
7836.png,00403,"small astronaut at bottom edge, broad pale pink cosmic dust stripe in empty sky, moody blue black cosmic background, small rim-lit grey ground below the figure, realistic sci fi landscape",1,"[1, 3, 0, 0, 1, 0]",0.8237088918685913,0.5453047752380371,0.018062276765704155,0.13439597005008802,0.3531598708093707,0.6443814878110532,0.05489751603563912,0.9451024839643609,0.980998177174281,0.8169571743373564,0.8169571743373564,0.5,0.0,0.0,0.5756022269432309,0.401292139663337,0.4168867875364862,0.06551959205066918,0.4503261503525586,0.4311075101189922,0.8283398909846771,0.36937036158168446,False,1,0.36937036158168446,986
7836.png,00878,"small helmeted explorer at lower edge, sloping pink white cosmic dust stripe in empty sky, empty dark blue starfield, tiny rim-lit grey ground below the explorer, realistic sci fi landscape",1,"[3, 0, 1, 1, 1, 0]",0.8326610326766968,0.608619749546051,0.016387196257710457,0.12801248477281604,0.37043616188442247,0.8039669460720487,0.06383334905381005,0.9361666509461899,0.9530499120674869,0.8800534359770856,0.8800534359770856,0.5,0.0,0.0,0.6140080989052464,0.17681726555217703,0.4815824611007502,0.09937747335793143,0.8491093885263429,0.1648856895173647,0.4932783112776402,0.36651962007152905,False,1,0.36651962007152905,987
7836.png,00371,"small astronaut at bottom edge, sloping pink white cosmic dust stripe in empty sky, shadowy blue black sky, small rim-lit grey ground below the figure, dark high contrast digital painting",1,"[1, 0, 4, 0, 0, 0]",0.83451908826828,0.5963740348815918,0.0261418204754591,0.1616843235303259,0.48792663205039866,0.7832483362268517,0.061923986235306795,0.9380760137646932,0.9542314223672518,0.8716346405931763,0.8716346405931763,0.5,0.0,0.0,0.6219794039459404,0.2202328285804912,0.14032338491543583,0.3296339778549272,0.7973362857978077,0.22177059825473075,0.5074430082978899,0.36629646520167214,False,1,0.36629646520167214,988
7836.png,00873,"small helmeted explorer at lower edge, sloping pink white cosmic dust stripe in empty sky, moody blue black cosmic background, thin grey ground below the figure, dark high contrast digital painting",1,"[3, 0, 0, 3, 0, 0]",0.748908519744873,0.5877926349639893,0.020038416609168053,0.14155711430079398,0.4722117968137964,0.7355459707754629,0.04788608181765793,0.952113918182342,0.9478676309270617,0.8538090843981904,0.8538090843981904,0.5,0.0,0.0,0.25469870497298147,0.2506570479259854,0.34430965597485896,0.2988362201711375,0.6781342985331353,0.6399964607902676,0.43114982856996964,0.36367540876263593,False,1,0.36367540876263593,989
7836.png,00786,"small astronaut at bottom edge, broad pale pink cosmic dust stripe in empty sky, empty dark blue starfield, small rim-lit grey ground below the figure, realistic sci fi landscape",1,"[1, 3, 1, 0, 1, 0]",0.788666844367981,0.5492828488349915,0.018241025507450104,0.13505934068938033,0.3542504641338538,0.7342653627748842,0.05564242913000149,0.9443575708699985,0.9797061583953396,0.8568857947322653,0.8568857947322653,0.5,0.0,0.0,0.4252671932966677,0.3871884054418382,0.4101636248020821,0.06765692460511794,0.6749342262278828,0.4089146021083022,0.8128503480227416,0.3623370258682701,False,1,0.3623370258682701,990
7836.png,00453,"small helmeted explorer at lower edge, sloping pink white cosmic dust stripe across empty sky, moody blue black cosmic background, small rim-lit grey ground below the figure, realistic sci fi landscape",1,"[3, 1, 0, 0, 1, 0]",0.774643063545227,0.6146810054779053,0.016709662973880768,0.12926586159493453,0.4644300287111918,0.7189958360460068,0.05774337882886635,0.9422566211711336,0.9460367714049085,0.8425452979115815,0.8425452979115815,0.5,0.0,0.0,0.36510331269568347,0.15532788366220773,0.4688796734832239,0.28358559840087216,0.6367776712342306,0.3463218194671234,0.40920032002730145,0.3585287071800191,False,1,0.3585287071800191,991
7836.png,00720,"small astronaut at bottom edge, sloping pink white cosmic dust stripe in empty sky, shadowy blue black sky, small rim-lit grey ground below the figure, dark high contrast digital painting, square crop",1,"[1, 0, 4, 0, 0, 1]",0.8254480361938477,0.6001420021057129,0.02722703479230404,0.1650061659220771,0.48195315365677277,0.7735352692780672,0.06349505375245391,0.9365049462475461,0.9572438111355973,0.8673163645888908,0.8673163645888908,0.5,0.0,0.0,0.5830633868725726,0.20687399873757195,0.10665700649143628,0.3179272219566694,0.7730645988117649,0.17496439072461478,0.5435574410026314,0.3434283694838954,False,1,0.3434283694838954,992
7836.png,00446,"small helmeted explorer at lower edge, sloping pink white cosmic dust stripe in empty sky, moody blue black cosmic background, tiny rim-lit grey ground below the explorer, realistic sci fi landscape",1,"[3, 0, 0, 1, 1, 0]",0.8231884241104126,0.6497112512588501,0.01824009418487549,0.13505589281803104,0.40205995361809466,0.7988219084563077,0.05825635808643693,0.9417436419135631,0.9347067172527225,0.87602147692563,0.87602147692563,0.5,0.0,0.0,0.573369351197703,0.031132776616807023,0.4101985684652405,0.16135342539259276,0.8362526108268639,0.3310388266444516,0.27336842391884236,0.34175504891644,False,1,0.34175504891644,993
7836.png,00886,"small helmeted explorer at lower edge, sloping pink white cosmic dust stripe across empty sky, moody blue black cosmic background, small rim-lit grey ground below the figure, moody high contrast digital painting",1,"[3, 1, 0, 0, 2, 0]",0.8066897392272949,0.633754551410675,0.017769871279597282,0.13330368066785434,0.4044719695561716,0.6619387026186343,0.053057583025197266,0.9469424169748027,0.9506317921652332,0.8194286205526131,0.8194286205526131,0.5,0.0,0.0,0.5025878037728747,0.08770514719416178,0.4279569779170148,0.16608046715102698,0.49419933936724436,0.4859239234101523,0.46428835174798067,0.3300845710768517,False,1,0.3300845710768517,994
7836.png,00783,"small astronaut at bottom edge, broad pale pink cosmic dust stripe in empty sky, moody blue black cosmic background, tiny rim-lit grey ground below the explorer, realistic sci fi landscape",1,"[1, 3, 0, 1, 1, 0]",0.8092138171195984,0.5395665168762207,0.019852520897984505,0.14089897408421576,0.3197279046117925,0.6395438865379052,0.061796373884915747,0.9382036261150842,0.9709789352309878,0.8103618051285343,0.8103618051285343,0.5,0.0,0.0,0.513416432860812,0.42163637635400897,0.3509798091532267,0.0,0.43823761596025484,0.22557250370476245,0.7082228454307212,0.310002887014652,False,1,0.310002887014652,995
7836.png,00888,"small helmeted explorer at lower edge, sloping pink white cosmic dust stripe across empty sky, moody blue black cosmic background, tiny rim-lit grey ground below the explorer, realistic sci fi landscape",1,"[3, 1, 0, 1, 1, 0]",0.795876145362854,0.6584925055503845,0.01973067596554756,0.14046592457086368,0.3761009936543799,0.7754618326822916,0.060976677536474067,0.9390233224635259,0.935708647399841,0.8647577170492335,0.8647577170492335,0.5,0.0,0.0,0.4561960511955551,0.0,0.3553687015428967,0.11047934706795469,0.7778788293892606,0.24999340031047373,0.28538019984006213,0.2819923016949028,False,1,0.2819923016949028,996
7836.png,00885,"small helmeted explorer at lower edge, sloping pink white cosmic dust stripe across empty sky, moody blue black cosmic background, small rim-lit grey ground below the figure, realistic sci fi landscape, square crop",1,"[3, 1, 0, 0, 1, 1]",0.7073382139205933,0.6204649806022644,0.01814388856291771,0.13469925227304608,0.444160214072998,0.6727707474320023,0.05738083401041929,0.9426191659895807,0.9463075487751715,0.8219250541957885,0.8219250541957885,0.5,0.0,0.0,0.07635657685726063,0.13482156423157254,0.4138130673284679,0.24386104321950963,0.5212672060374884,0.3571229771678557,0.41244657138074226,0.2771494089093864,False,1,0.2771494089093864,997
7836.png,00722,"small astronaut at bottom edge, sloping pink white cosmic dust stripe in empty sky, shadowy blue black sky, tiny rim-lit grey ground below the explorer, dark high contrast digital painting",1,"[1, 0, 4, 1, 0, 0]",0.8439139127731323,0.6318230628967285,0.02739785425364971,0.1655229719816851,0.4108402468729608,0.7170585349754051,0.0693677976774559,0.9306322023225441,0.9432100193339945,0.8370396154186217,0.8370396154186217,0.5,0.0,0.0,0.662284447708464,0.0945529844673173,0.1014192539665768,0.17856094554693366,0.6319366086294623,0.0,0.3753114181329819,0.2660098033719086,False,1,0.2660098033719086,998
7836.png,00867,"small helmeted explorer at lower edge, sloping pink white cosmic dust stripe in empty sky, moody blue black cosmic background, small rim-lit grey ground below the figure, dark sci fi concept art",1,"[3, 0, 0, 0, 3, 0]",0.764870285987854,0.6212157011032104,0.020783530548214912,0.14416494216075873,0.3747321244595676,0.6066905834056713,0.05560756208434213,0.9443924379156579,0.9324151710779821,0.7900311500186287,0.7900311500186287,0.5,0.0,0.0,0.32317680018574907,0.13215998390583905,0.3178797086010047,0.10779665258672717,0.35614149798971617,0.4099533825281645,0.2458959107468718,0.24270321367850373,False,1,0.24270321367850373,999
7836.png,00721,"small astronaut at bottom edge, sloping pink white cosmic dust stripe in empty sky, shadowy blue black sky, small rim-lit grey ground below the figure, realistic sci fi landscape",1,"[1, 0, 4, 0, 1, 0]",0.7791662216186523,0.6462603807449341,0.027306195348501205,0.16524586333249375,0.34209363757107647,0.7353939480251735,0.06828036851663126,0.9317196314833688,0.9438807046207549,0.8458052885546581,0.8458052885546581,0.5,0.0,0.0,0.38450826102655006,0.04336738197914647,0.10422770889851651,0.043832112378500876,0.6777544135154332,0.03239735684198245,0.3833520199667457,0.1864033045765967,False,1,0.1864033045765967,1000
