target_name,id,prompt,seed_index,combo,clip_iisim,lpips_alex,pixel_mse_01,pixel_rmse_01,pixel_ssim_01,color_hist_sim,edge_rmse,edge_sim,layout_sim,visual_specific_score,region_score,heuristic_score,saliency_component_count,largest_component_fraction,clip_norm,lpips_norm,rmse_norm,ssim_norm,color_norm,edge_norm,layout_norm,combined_score,is_pareto,pareto_rank,selection_score,rank
1159_29.png,00601,"single slender palm tree rising from shallow turquoise ocean, gentle surf and reflective foreground water, low sun reflection behind the tree, shallow turquoise sea, muted colors",1,"[0, 2, 0, 0, 2, 2]",0.9245162010192871,0.4505194425582886,0.018735721707344055,0.136878492493686,0.7824886166564698,0.8581633391203703,0.1051125870530431,0.8948874129469568,0.9778625895954893,0.8949566150546995,0.8949566150546995,0.5,0.0,0.0,0.876771307746248,1.0,0.9975029752975679,0.9989618289377861,0.7765068029304932,0.7754768893402937,0.8878515409884558,0.9219430068488013,True,0,0.9519430068488013,1
1159_29.png,00894,"solitary slender palm tree in shallow ocean, gentle surf and reflective foreground water, low sun reflection behind the tree, clear turquoise ocean, natural ocean photograph",1,"[3, 2, 0, 0, 0, 1]",0.9285949468612671,0.48109954595565796,0.01880023442208767,0.13711394685475167,0.7794192346926161,0.8657791702835649,0.10922505966264785,0.8907749403373522,0.9692255161326204,0.8952169589722014,0.8952169589722014,0.5,0.0,0.0,0.9177139151016774,0.9166281535273486,0.9950809382823415,0.9928430869959142,0.8179892876931607,0.6482857968101515,0.7971785000344174,0.9038671837149508,True,0,0.9338671837149508,2
1159_29.png,00303,"single slender palm tree rising from shallow turquoise ocean, gentle surf and reflective foreground water, low sun reflection behind the tree, calm turquoise water, muted colors",1,"[0, 2, 0, 0, 1, 2]",0.9241654872894287,0.4580432176589966,0.019118569791316986,0.13826991643635642,0.775146725829448,0.8495664243344908,0.09924836749222397,0.900751632507776,0.9758900019029887,0.8927459627088402,0.8927459627088402,0.5,0.0,0.0,0.8732508298611195,0.9794876094943176,0.9831898817631481,0.9843259394118244,0.7296804777442597,0.9568462414510476,0.8671430770166636,0.916015906480539,False,1,0.916015906480539,3
1159_29.png,00456,"solitary slender palm tree in shallow ocean, gentle surf and reflective foreground water, low sun reflection behind the tree, clear turquoise ocean, soft atmospheric tropical photo",1,"[3, 2, 0, 0, 0, 0]",0.9181680083274841,0.4856870174407959,0.018669327720999718,0.13663574832744071,0.783009400759481,0.8752266212745949,0.10603609080103933,0.8939639091989606,0.9696872729785415,0.9006768023889122,0.9006768023889122,0.5,0.0,0.0,0.8130479057823431,0.9041211334108146,1.0,1.0,0.8694483777627289,0.7469146442352471,0.8020260792035661,0.8753497573677915,True,0,0.9053497573677916,4
1159_29.png,00084,"solitary slender palm tree in shallow ocean, shallow surf and reflective water in foreground, low sun reflection behind the tree, clear turquoise ocean, soft atmospheric tropical photo",1,"[3, 0, 0, 0, 0, 0]",0.9260912537574768,0.48689818382263184,0.019571423530578613,0.13989790395348536,0.7571945906287775,0.8740663881655092,0.1071594500749424,0.8928405499250576,0.9671715310498042,0.8992583733582101,0.8992583733582101,0.5,0.0,0.0,0.8925817476025569,0.9008190785967047,0.9664433411216135,0.9485387731705198,0.8631287323770237,0.7121712411988602,0.7756155164226844,0.8905657223604662,False,1,0.8905657223604662,5
1159_29.png,00767,"single slender palm tree in calm turquoise water, gentle surf and reflective foreground water, low sun reflection behind the tree, hazy island silhouette on right horizon, calm turquoise water, soft atmospheric tropical photo",1,"[1, 2, 0, 2, 1, 0]",0.9140883088111877,0.46495622396469116,0.01930835098028183,0.13895449247966699,0.7556069694369871,0.8805293330439815,0.09828970501286975,0.9017102949871303,0.9664815342968123,0.9051331099746498,0.9051331099746498,0.5,0.0,0.0,0.7720957254075115,0.9606403841303766,0.9761478864094372,0.9453738870506393,0.8983315889921816,0.9864958804132501,0.7683718471276206,0.8848588723977255,False,1,0.8848588723977255,6
1159_29.png,00444,"solitary slender palm tree in shallow ocean, shallow surf and reflective water in foreground, low sun reflection behind the tree, shallow turquoise sea, soft atmospheric tropical photo",1,"[3, 0, 0, 0, 2, 0]",0.9232707023620605,0.4989582300186157,0.019374093040823936,0.13919085113908866,0.7637441115438937,0.8936869303385416,0.10966404120595939,0.8903359587940406,0.9693569844860673,0.9076481011274713,0.9076481011274713,0.5,0.0,0.0,0.8642689444070831,0.8679392577916794,0.9737165471919448,0.9615950916067474,0.9699993843501816,0.634708918033144,0.7985586706961002,0.8795102178046639,False,1,0.8795102178046639,7
1159_29.png,00466,"single slender palm tree rising from shallow turquoise ocean, shallow surf and reflective water in foreground, low sun reflection behind the tree, soft teal ocean water, muted colors",1,"[0, 0, 0, 0, 4, 2]",0.9218742847442627,0.48404112458229065,0.020339395850896835,0.14261625381034532,0.7522683862341468,0.8531838876229746,0.1025781738530992,0.8974218261469008,0.9842794445948895,0.8948862775007317,0.8948862775007317,0.5,0.0,0.0,0.8502516507475332,0.9086084016494673,0.9384806228102978,0.9387184986661974,0.7493843501816172,0.8538615533671926,0.9552164602123188,0.8789599515165248,False,1,0.8789599515165248,8
1159_29.png,00304,"single slender palm tree rising from shallow turquoise ocean, gentle surf and reflective foreground water, low sun reflection behind the tree, shallow turquoise sea, natural ocean photograph",1,"[0, 2, 0, 0, 2, 1]",0.9297596216201782,0.5153675675392151,0.022967342287302017,0.1515498013436574,0.7227259549633863,0.8571342185691551,0.1144523513168901,0.8855476486831099,0.9794647255864868,0.8915450205125056,0.8915450205125056,0.5,0.0,0.0,0.9294049650465129,0.823201777649509,0.8465843304458875,0.879826345323929,0.7709013113341132,0.4866154345750377,0.9046709582309018,0.8479014901592283,True,0,0.8779014901592284,9
1159_29.png,00603,"single slender palm tree rising from shallow turquoise ocean, gentle surf and reflective foreground water, low sun reflection behind the tree, soft teal ocean water, soft atmospheric tropical photo",1,"[0, 2, 0, 0, 4, 0]",0.9303277730941772,0.5185333490371704,0.023861028254032135,0.1544701532789818,0.7282264481460714,0.8541762740523726,0.11529726801395702,0.884702731986043,0.9829520158668547,0.8906156826920537,0.8906156826920537,0.5,0.0,0.0,0.9351080913553241,0.8145707718748131,0.816543687100696,0.8907914512423917,0.754789755587022,0.4604837400937398,0.9412809530132532,0.8438321705607641,True,0,0.8738321705607641,10
1159_29.png,00330,"single slender palm tree rising from shallow turquoise ocean, calm reflective water in foreground, low sunset reflection behind the tree, faint distant land on right horizon, clear turquoise ocean, soft atmospheric tropical photo",1,"[0, 3, 1, 1, 0, 0]",0.9354284405708313,0.5453224182128906,0.023291634395718575,0.15261597031673513,0.7177163985297306,0.8498156512225116,0.10670518213596979,0.8932948178640302,0.9632270361639397,0.8877156365353287,0.8877156365353287,0.5,0.0,0.0,0.9863087873138346,0.7415345844741023,0.835617021513521,0.8698399104579673,0.7310379855937944,0.7262208996268342,0.7342057324412719,0.842426950999358,True,0,0.8724269509993581,11
1159_29.png,00142,"single slender palm tree rising from shallow turquoise ocean, gentle surf and reflective foreground water, low sun reflection behind the tree, shallow turquoise sea, soft atmospheric tropical photo",1,"[0, 2, 0, 0, 2, 0]",0.9209044575691223,0.47919756174087524,0.021316247060894966,0.1460008460965037,0.7573858495488379,0.8649941903573494,0.10876021713323418,0.8912397828667659,0.979286636747699,0.8970386370137151,0.8970386370137151,0.5,0.0,0.0,0.8405164883292927,0.9218136146060024,0.9036645006479269,0.9489200434033264,0.8137135997044873,0.6626625075589403,0.9028013600802919,0.8710791477053816,False,1,0.8710791477053816,12
1159_29.png,00895,"solitary slender palm tree in shallow ocean, gentle surf and reflective foreground water, low sun reflection behind the tree, calm turquoise water, soft atmospheric tropical photo",1,"[3, 2, 0, 0, 1, 0]",0.9169809818267822,0.48412322998046875,0.019554639235138893,0.13983790342800084,0.764150894169919,0.8775216561776621,0.1069551994757865,0.8930448005242135,0.9713000711254781,0.9017104396885183,0.9017104396885183,0.5,0.0,0.0,0.8011324881952705,0.9083845541835994,0.9670605456320707,0.9624060033617513,0.881949147325002,0.7184883305323939,0.8189574290475218,0.8666570840213896,False,1,0.8666570840213896,13
1159_29.png,00640,"single slender palm tree rising from shallow turquoise ocean, calm reflective water in foreground, low sun reflection behind the tree, faint distant land on right horizon, shallow turquoise sea, soft atmospheric tropical photo",1,"[0, 3, 0, 1, 2, 0]",0.9367923736572266,0.5442529320716858,0.026570765301585197,0.16300541494559376,0.6611638382430098,0.8613897252965858,0.10759429532388483,0.8924057046761151,0.9540980629901031,0.8907869856181245,0.8907869856181245,0.5,0.0,0.0,1.0,0.7444503703761483,0.7287444227438502,0.7571036897394042,0.7940805269962453,0.6987222902768875,0.6383686688782336,0.8287159572650176,True,0,0.8587159572650176,14
1159_29.png,00206,"solitary slender palm tree in shallow ocean, shallow surf and reflective water in foreground, low sun reflection behind the tree, calm turquoise water, soft atmospheric tropical photo",1,"[3, 0, 0, 0, 1, 0]",0.9267672896385193,0.5119435787200928,0.021461952477693558,0.14649898456198787,0.7204948746900995,0.8774329291449653,0.10752461895178927,0.8924753810482107,0.9567900240798756,0.8985692062980832,0.8985692062980832,0.5,0.0,0.0,0.8993678217312326,0.8325367451099688,0.8985403237303705,0.8753787384100269,0.8814658622175708,0.7008772502563584,0.6666292017067383,0.8564713725481177,False,1,0.8564713725481177,15
1159_29.png,00059,"single slender palm tree rising from shallow turquoise ocean, gentle surf and reflective foreground water, low sun reflection behind the tree, clear turquoise ocean, natural ocean photograph",1,"[0, 2, 0, 0, 0, 1]",0.9276708364486694,0.49789920449256897,0.022310269996523857,0.14936622776425687,0.7417239880337886,0.8337651005497686,0.11040277896070931,0.8895972210392907,0.9783891636399055,0.8822311553391288,0.8822311553391288,0.5,0.0,0.0,0.9084376593010259,0.8708265244703062,0.8690459914269869,0.9176984847741095,0.6436126331342739,0.6118611398131861,0.8933795789401925,0.8546906165584198,False,1,0.8546906165584198,16
1159_29.png,00141,"single slender palm tree rising from shallow turquoise ocean, gentle surf and reflective foreground water, low sun reflection behind the tree, calm turquoise water, natural ocean photograph",1,"[0, 2, 0, 0, 1, 1]",0.9147199392318726,0.47179853916168213,0.020725727081298828,0.14396432572446144,0.7562131893953867,0.83135986328125,0.09951492581426587,0.9004850741857341,0.9755117922818662,0.8843840728979426,0.8843840728979426,0.5,0.0,0.0,0.7784360558202761,0.9419858869657236,0.9246134764962582,0.9465823725142087,0.6305116049990768,0.9486020906877498,0.8631725867096545,0.854155014972064,False,1,0.854155014972064,17
1159_29.png,00311,"single slender palm tree rising from shallow turquoise ocean, gentle surf and reflective foreground water, low sun reflection behind the tree, subtle right horizon landform, clear turquoise ocean, soft atmospheric tropical photo",1,"[0, 2, 0, 3, 0, 0]",0.9233025312423706,0.4861319661140442,0.022826027125120163,0.15108284854714701,0.7433941860992883,0.8389044867621528,0.10854131286771496,0.891458687132285,0.9670913516320089,0.8829358298656702,0.8829358298656702,0.5,0.0,0.0,0.8645884439296287,0.9029080507736429,0.8513877112471299,0.9210279859815043,0.6716062303761623,0.6694328074086868,0.7747737832054454,0.8485606486039068,False,1,0.8485606486039068,18
1159_29.png,00397,"single slender palm tree in calm turquoise water, gentle surf and reflective foreground water, low sun reflection behind the tree, hazy island silhouette on right horizon, clear turquoise ocean, soft atmospheric tropical photo",1,"[1, 2, 0, 2, 0, 0]",0.9059096574783325,0.4698275923728943,0.0192007627338171,0.13856681685676805,0.7646584268459234,0.8620277687355324,0.09785307599418139,0.9021469240058186,0.9598878184620191,0.8956414830254299,0.8956414830254299,0.5,0.0,0.0,0.6899981093286681,0.9473593636654368,0.9801357705340394,0.9634177580107686,0.7975558702210187,1.0,0.6991502214811829,0.8436402011447828,False,1,0.8436402011447828,19
1159_29.png,00578,"single slender palm tree rising from shallow turquoise ocean, water fills foreground around the palm, low sunset reflection behind the tree, very soft distant coastline, clear turquoise ocean, soft atmospheric tropical photo",1,"[0, 1, 1, 4, 0, 0]",0.9358143210411072,0.5645738840103149,0.02637852169573307,0.1624146597316051,0.7139590066850867,0.8615281846788193,0.11150510841105125,0.8884948915889488,0.9578946692151583,0.8902398290046324,0.8902398290046324,0.5,0.0,0.0,0.9901822702894163,0.6890484882049042,0.7348213158994603,0.8623496367342618,0.7948346980237635,0.5777681499195414,0.6782258998269719,0.8133991871997546,True,0,0.8433991871997546,20
1159_29.png,00866,"solitary slender palm tree in shallow ocean, shallow surf and reflective water in foreground, low sun reflection behind the tree, shallow turquoise sea, natural ocean photograph",1,"[3, 0, 0, 0, 2, 1]",0.9217503070831299,0.5143799185752869,0.020694829523563385,0.14385697592943966,0.7359447714625672,0.878152917932581,0.1113705763272802,0.8886294236727198,0.9648492030897634,0.8991589519730661,0.8991589519730661,0.5,0.0,0.0,0.849007158225258,0.825894447347826,0.925717746453047,0.9061777502282224,0.8853875515606723,0.5819289758604189,0.7512354368581479,0.8403275085723053,False,1,0.8403275085723053,21
1159_29.png,00140,"single slender palm tree rising from shallow turquoise ocean, gentle surf and reflective foreground water, low sun reflection behind the tree, clear turquoise ocean, muted colors",1,"[0, 2, 0, 0, 0, 2]",0.9082503914833069,0.46241295337677,0.02036946266889572,0.1427216264933094,0.771530214690244,0.8339419894748265,0.10461611840675607,0.8953838815932439,0.9761967140862838,0.883897596638564,0.883897596638564,0.5,0.0,0.0,0.7134944871374518,0.9675742117319147,0.9373966907167165,0.977116508115463,0.6445761251000437,0.790831736781887,0.8703629785813061,0.8371373361085673,False,1,0.8371373361085673,22
1159_29.png,00205,"solitary slender palm tree in shallow ocean, shallow surf and reflective water in foreground, low sun reflection behind the tree, clear turquoise ocean, natural ocean photograph",1,"[3, 0, 0, 0, 0, 1]",0.9294087886810303,0.5207352042198181,0.02345230244100094,0.1531414458629699,0.6997463100762835,0.8562446876808449,0.10842011209251223,0.8915798879074878,0.9578800501640367,0.8889390802568082,0.8889390802568082,0.5,0.0,0.0,0.9258832905339591,0.8085677597248114,0.83021163756643,0.8340169548225598,0.766056147263437,0.6731813208887599,0.6780724272616682,0.8368401832300516,False,1,0.8368401832300516,23
1159_29.png,00022,"single slender palm tree rising from shallow turquoise ocean, gentle surf and reflective foreground water, low sun reflection behind the tree, clear turquoise ocean, soft atmospheric tropical photo",1,"[0, 2, 0, 0, 0, 0]",0.9119873046875,0.4794493317604065,0.02120034769177437,0.14560339175917011,0.7563275686150855,0.8552477801287616,0.10987232171055755,0.8901276782894425,0.9789504893773202,0.8921962863347117,0.8921962863347117,0.5,0.0,0.0,0.7510057653509349,0.9211272032115733,0.9077529750024782,0.946810384842779,0.760626115865296,0.6282671912552709,0.8992724443645717,0.8340408572356831,False,1,0.8340408572356831,24
1159_29.png,00945,"single slender palm tree rising from shallow turquoise ocean, shallow surf and reflective water in foreground, low sun reflection behind the tree, minimal horizon detail, shallow turquoise sea, soft atmospheric tropical photo",1,"[0, 0, 0, 5, 2, 0]",0.9215164184570312,0.519128143787384,0.022191258147358894,0.14896730563233965,0.7182772013282808,0.8770910192418983,0.11002500287154345,0.8899749971284565,0.9689128317125909,0.8999647739963322,0.8999647739963322,0.5,0.0,0.0,0.8466593752168887,0.8129491574560137,0.87314956447326,0.8709578578639982,0.8796035215169619,0.6235450482726711,0.7938959012068268,0.8308379252854252,False,1,0.8308379252854252,25
1159_29.png,00184,"single slender palm tree in calm turquoise water, water fills foreground around the palm, soft pale sunset haze, clear turquoise ocean, soft atmospheric tropical photo",1,"[1, 1, 2, 0, 0, 0]",0.9166438579559326,0.48300430178642273,0.023234469816088676,0.1524285728336019,0.734757507998569,0.8593371355975116,0.10707215689928823,0.8929278431007117,0.948602556463378,0.8889469673968049,0.8889469673968049,0.5,0.0,0.0,0.7977484258366221,0.9114351360732589,0.8375447141612795,0.9038109679773432,0.7829003262944039,0.7148710559905613,0.5806761772601966,0.8301559837171768,False,1,0.8301559837171768,26
1159_29.png,00478,"single slender palm tree rising from shallow turquoise ocean, shallow surf and reflective water in foreground, low sun reflection behind the tree, hazy island silhouette on right horizon, soft teal ocean water, soft atmospheric tropical photo",1,"[0, 0, 0, 2, 4, 0]",0.9240836501121521,0.5315357446670532,0.021501103416085243,0.14663254555549815,0.7446474105566171,0.8735701949508101,0.1099801226356248,0.8900198773643752,0.9583365795087575,0.8962808607071473,0.8962808607071473,0.5,0.0,0.0,0.8724293451336752,0.7791217834216048,0.8971664283027888,0.9235262599467325,0.860426029674321,0.6249331100985834,0.6828651274915032,0.8299608592732268,False,1,0.8299608592732268,27
1159_29.png,00302,"single slender palm tree rising from shallow turquoise ocean, gentle surf and reflective foreground water, low sun reflection behind the tree, clear turquoise ocean, soft hazy tropical photo",1,"[0, 2, 0, 0, 0, 3]",0.9098755121231079,0.47706225514411926,0.02062387764453888,0.14361015857013346,0.7572060477872912,0.825693201135706,0.09983421176398292,0.9001657882360171,0.9740291251568737,0.8814257914250484,0.8814257914250484,0.5,0.0,0.0,0.7298075105123719,0.9276351924941955,0.9282566706740061,0.9485616127509819,0.5996460013544297,0.9387271729365214,0.8476073680596556,0.8299445009010552,False,1,0.8299445009010552,28
1159_29.png,00442,"solitary slender palm tree in shallow ocean, shallow surf and reflective water in foreground, low sun reflection behind the tree, clear turquoise ocean, muted colors",1,"[3, 0, 0, 0, 0, 2]",0.9234027862548828,0.5214512944221497,0.022846996784210205,0.1511522304969735,0.720479618563604,0.855253431532118,0.10475966720367337,0.8952403327963266,0.964221143774866,0.8910423894231405,0.8910423894231405,0.5,0.0,0.0,0.8655948075942763,0.8066154523165084,0.850674003291551,0.8753483256747733,0.7606568983562148,0.7863920407536021,0.7446419942729854,0.8289465393208024,False,1,0.8289465393208024,29
1159_29.png,00641,"single slender palm tree rising from shallow turquoise ocean, calm reflective water in foreground, low sun reflection behind the tree, hazy island silhouette on right horizon, clear turquoise ocean, natural ocean photograph",1,"[0, 3, 0, 2, 0, 1]",0.9278566241264343,0.5271220803260803,0.02703697979450226,0.16442925467964106,0.670695779090194,0.8752650508174189,0.10656878108869312,0.8934312189113068,0.9725093286849583,0.9010720652237876,0.9010720652237876,0.5,0.0,0.0,0.9103026031433009,0.7911549456720981,0.714097879252346,0.7761053933188046,0.8696576987009786,0.730439529116269,0.8316523610387925,0.8284048519415439,False,1,0.8284048519415439,30
1159_29.png,00612,"single slender palm tree rising from shallow turquoise ocean, gentle surf and reflective foreground water, low sun reflection behind the tree, subtle right horizon landform, calm turquoise water, soft atmospheric tropical photo",1,"[0, 2, 0, 3, 1, 0]",0.9139158725738525,0.497778058052063,0.02163970097899437,0.14710438803446474,0.7385560701790893,0.8591653329354746,0.10482532214910832,0.8951746778508917,0.9662586742236502,0.8931872719135057,0.8931872719135057,0.5,0.0,0.0,0.7703648038368662,0.871156811203066,0.8923127490409529,0.9113833138132377,0.7819645385704616,0.7843614559856018,0.7660322351482022,0.8256491873511584,False,1,0.8256491873511584,31
1159_29.png,00867,"solitary slender palm tree in shallow ocean, shallow surf and reflective water in foreground, low sun reflection behind the tree, gentle turquoise water, soft atmospheric tropical photo",1,"[3, 0, 0, 0, 3, 0]",0.9152191877365112,0.5053809285163879,0.02144223265349865,0.14643166547403144,0.7202933263872512,0.8658447265625,0.10123952073303547,0.8987604792669646,0.9545899765450679,0.8951142900055762,0.8951142900055762,0.5,0.0,0.0,0.7834475314772844,0.8504287796177417,0.8992328117442845,0.8749769565306537,0.8183463645878226,0.8952635927296286,0.6435328368231887,0.825577898206793,False,1,0.825577898206793,32
1159_29.png,00602,"single slender palm tree rising from shallow turquoise ocean, gentle surf and reflective foreground water, low sun reflection behind the tree, gentle turquoise water, natural ocean photograph",1,"[0, 2, 0, 0, 3, 1]",0.9111459851264954,0.47761842608451843,0.021587515249848366,0.14692690444519807,0.7498907028207776,0.8172516999421298,0.09992733397645089,0.9000726660235491,0.9743637835548242,0.8776614547931654,0.8776614547931654,0.5,0.0,0.0,0.7425605672971297,0.926118879823405,0.8941384609150227,0.9339786417838664,0.5536661946684736,0.9358470769293231,0.8511206523628904,0.8251055317234017,False,1,0.8251055317234017,33
1159_29.png,00341,"single slender palm tree in calm turquoise water, shallow surf and reflective water in foreground, low sun reflection behind the tree, soft teal ocean water, soft atmospheric tropical photo",1,"[1, 0, 0, 0, 4, 0]",0.9279695749282837,0.5212844014167786,0.026709092780947685,0.1634291674730912,0.6707216958401573,0.8527719003182869,0.10871255742523653,0.8912874425747634,0.9784663890200183,0.8913912378483999,0.8913912378483999,0.5,0.0,0.0,0.9114364076287391,0.8070704598696339,0.7243854280654366,0.7761570577603323,0.7471403065936089,0.6641365332620471,0.8941903003128613,0.8227576902510734,False,1,0.8227576902510734,34
1159_29.png,00865,"solitary slender palm tree in shallow ocean, shallow surf and reflective water in foreground, low sun reflection behind the tree, calm turquoise water, muted colors",1,"[3, 0, 0, 0, 1, 2]",0.9199213981628418,0.522194504737854,0.022549999877810478,0.15016657376996545,0.7199240193389022,0.8586194073712384,0.10327562364439813,0.8967243763556019,0.9652192622338923,0.8932761174882964,0.8932761174882964,0.5,0.0,0.0,0.8306485002668479,0.8045892061808226,0.8608131107870138,0.8742407514728364,0.7789909499476699,0.8322907346988687,0.7551203624727405,0.8217463598706468,False,1,0.8217463598706468,35
1159_29.png,00886,"solitary slender palm tree in shallow ocean, water fills foreground around the palm, low sun reflection behind the tree, shallow turquoise sea, soft atmospheric tropical photo",1,"[3, 1, 0, 0, 2, 0]",0.9086459875106812,0.4800250232219696,0.020159289240837097,0.14198341185095215,0.7200942309250852,0.8465898301866318,0.10342691326995022,0.8965730867300498,0.9644553429720611,0.8876570725339139,0.8876570725339139,0.5,0.0,0.0,0.7174654952481925,0.9195576709073371,0.9449904476591616,0.87458006433244,0.7134673397771343,0.8276116293067727,0.747100645746771,0.8197476874442495,False,1,0.8197476874442495,36
1159_29.png,00010,"single slender palm tree rising from shallow turquoise ocean, shallow surf and reflective water in foreground, low sun reflection behind the tree, shallow turquoise sea, soft atmospheric tropical photo",1,"[0, 0, 0, 0, 2, 0]",0.9151493310928345,0.4970228672027588,0.0211858581751585,0.14555362645828684,0.7303346105728281,0.8564752649377892,0.11296111532849358,0.8870388846715064,0.9704491031830978,0.8899672994936519,0.8899672994936519,0.5,0.0,0.0,0.7827463078060793,0.8732157203809583,0.9082648933218825,0.894994024272657,0.7673120728929381,0.5327365769119958,0.8100238647538137,0.818620342038472,False,1,0.818620342038472,37
1159_29.png,00647,"single slender palm tree rising from shallow turquoise ocean, calm reflective water in foreground, low sunset reflection behind the tree, faint distant land on right horizon, clear turquoise ocean, natural ocean photograph",1,"[0, 3, 1, 1, 0, 1]",0.9339745044708252,0.561976969242096,0.024433771148324013,0.15631305495167067,0.7038163793359634,0.846403333875868,0.10594298889349676,0.8940570111065033,0.9628463244314301,0.8863707190177027,0.8863707190177027,0.5,0.0,0.0,0.9717141209215946,0.6961285682342326,0.7975863993848397,0.842130543740069,0.712451517576802,0.7497941122490478,0.7302089746665552,0.8171691562023281,False,1,0.8171691562023281,38
1159_29.png,00613,"single slender palm tree rising from shallow turquoise ocean, gentle surf and reflective foreground water, low sun reflection behind the tree, very soft distant coastline, clear turquoise ocean, soft atmospheric tropical photo",1,"[0, 2, 0, 4, 0, 0]",0.9223462343215942,0.5209665298461914,0.024425065144896507,0.1562852044977275,0.7376553167233043,0.843130041051794,0.10506078619583194,0.8949392138041681,0.9641162178502307,0.8854604868748122,0.8854604868748122,0.5,0.0,0.0,0.8549890987241558,0.8079370867556401,0.7978728873056234,0.9095876826359834,0.6946222988364222,0.7770789930497038,0.7435404692364673,0.8167432982515681,False,1,0.8167432982515681,39
1159_29.png,00443,"solitary slender palm tree in shallow ocean, shallow surf and reflective water in foreground, low sun reflection behind the tree, calm turquoise water, natural ocean photograph",1,"[3, 0, 0, 0, 1, 1]",0.9227436780929565,0.5223076343536377,0.022059522569179535,0.1485244847463863,0.7148333978016453,0.8416250723379629,0.10538622046669958,0.8946137795333005,0.9560140313097812,0.8830489116506948,0.8830489116506948,0.5,0.0,0.0,0.8589786545599881,0.8042807760608826,0.8777047087145476,0.8640927151981002,0.6864249215046481,0.7670139192151132,0.658482735832008,0.8167031117854179,False,1,0.8167031117854179,40
1159_29.png,00231,"single slender palm tree rising from shallow turquoise ocean, shallow surf and reflective water in foreground, low sun reflection behind the tree, minimal horizon detail, clear turquoise ocean, soft atmospheric tropical photo",1,"[0, 0, 0, 5, 0, 0]",0.9223915338516235,0.5221056938171387,0.023277834057807922,0.15257075099050907,0.7137458387042118,0.8604532877604166,0.11319401687274457,0.8868059831272554,0.9739554608185403,0.8923771657504349,0.8923771657504349,0.5,0.0,0.0,0.8554438171457563,0.8048313352001644,0.8360821769747637,0.8619246912955371,0.7889798682509389,0.5255333673888373,0.8468340309339191,0.8160207091401089,False,1,0.8160207091401089,41
1159_29.png,00089,"single slender palm tree rising from shallow turquoise ocean, shallow surf and reflective water in foreground, low sun reflection behind the tree, soft teal ocean water, soft atmospheric tropical photo",1,"[0, 0, 0, 0, 4, 0]",0.9196360111236572,0.514976441860199,0.02500777505338192,0.15813846797468958,0.7216703405318744,0.8509532787181713,0.10884502279702205,0.891154977202978,0.9832182672276979,0.8914768708897589,0.8914768708897589,0.5,0.0,0.0,0.8277837742107644,0.8242681203507978,0.7788090113177102,0.8777220023739146,0.7372345010158223,0.6600396268606635,0.944076091974337,0.8139417107720142,False,1,0.8139417107720142,42
1159_29.png,00898,"solitary slender palm tree in shallow ocean, calm reflective water in foreground, low sun reflection behind the tree, clear turquoise ocean, soft atmospheric tropical photo",1,"[3, 3, 0, 0, 0, 0]",0.9146522283554077,0.49325433373451233,0.021435031667351723,0.14640707519567395,0.7063575134947851,0.8236620867693866,0.10517269987163409,0.8948273001283659,0.9759037049419719,0.8790182350795464,0.8790182350795464,0.5,0.0,0.0,0.7777563714427258,0.8834900346845758,0.8994857633741759,0.8471962359024038,0.5885827741180818,0.7736177121985919,0.8672869331758428,0.8135532645131,False,1,0.8135532645131,43
1159_29.png,00751,"single slender palm tree in calm turquoise water, water fills foreground around the palm, soft pale sunset haze, shallow turquoise sea, soft atmospheric tropical photo",1,"[1, 1, 2, 0, 2, 0]",0.9148107171058655,0.4975324273109436,0.02304605394601822,0.15180926831395447,0.7301476922606526,0.8701720061125578,0.10996083484868463,0.8900391651513153,0.9485042367679356,0.8927919579071986,0.8927919579071986,0.5,0.0,0.0,0.7793472876046151,0.871826484819648,0.8439152840818964,0.894621406941259,0.8419165178846273,0.6255296453041136,0.5796440052160706,0.8127219932784188,False,1,0.8127219932784188,44
1159_29.png,00749,"single slender palm tree in calm turquoise water, water fills foreground around the palm, soft pale sunset haze, clear turquoise ocean, muted colors",1,"[1, 1, 2, 0, 0, 2]",0.9106525778770447,0.4784773588180542,0.023995323106646538,0.1549042385044597,0.7293384763149073,0.8619102195457176,0.10789302327434425,0.8921069767256558,0.952450093780103,0.8905870594055729,0.8905870594055729,0.5,0.0,0.0,0.7376077263839594,0.923777134700436,0.8120784035565228,0.8930082536727599,0.7969155944098997,0.6894831930244268,0.6210680889640158,0.8116075547368231,False,1,0.8116075547368231,45
1159_29.png,00327,"single slender palm tree rising from shallow turquoise ocean, calm reflective water in foreground, low sun reflection behind the tree, hazy island silhouette on right horizon, clear turquoise ocean, soft atmospheric tropical photo",1,"[0, 3, 0, 2, 0, 0]",0.926857590675354,0.5373634099960327,0.028033163398504257,0.16743107058877768,0.6648515236379154,0.8704607928240741,0.10582176487018576,0.8941782351298142,0.9724870173564739,0.8991671425375631,0.8991671425375631,0.5,0.0,0.0,0.9002742670058707,0.7632335696772566,0.6832192443784031,0.7644550052680545,0.8434895031705967,0.7535433447496626,0.8314181340161669,0.8113895944279412,False,1,0.8113895944279412,46
1159_29.png,00400,"single slender palm tree in calm turquoise water, gentle surf and reflective foreground water, low sunset reflection behind the tree, faint distant land on right horizon, clear turquoise ocean, soft atmospheric tropical photo",1,"[1, 2, 1, 1, 0, 0]",0.9162222743034363,0.5281170010566711,0.02082245796918869,0.14429988901308513,0.7544025190412855,0.8609506112557871,0.10384003171253345,0.8961599682874666,0.9531289565569901,0.8917095552771155,0.8917095552771155,0.5,0.0,0.0,0.7935165529471737,0.7884424506446808,0.9211616538062084,0.9429728430489894,0.7916887274518258,0.8148346479029848,0.6281948724324536,0.811003868783095,False,1,0.811003868783095,47
1159_29.png,00215,"single slender palm tree rising from shallow turquoise ocean, shallow surf and reflective water in foreground, low sun reflection behind the tree, soft teal ocean water, natural ocean photograph",1,"[0, 0, 0, 0, 4, 1]",0.922751784324646,0.5232316851615906,0.02627682499587536,0.16210128005625174,0.6773032723807366,0.8783009847005209,0.11356493353506301,0.886435066464937,0.972447865346848,0.8999772894473319,0.8999772894473319,0.5,0.0,0.0,0.8590600252249061,0.801761496740846,0.7380449434852485,0.7892772783443877,0.8861940528227548,0.5140616081830158,0.8310071114878183,0.8082563638375092,False,1,0.8082563638375092,48
1159_29.png,00750,"single slender palm tree in calm turquoise water, water fills foreground around the palm, soft pale sunset haze, calm turquoise water, natural ocean photograph",1,"[1, 1, 2, 0, 1, 1]",0.9089352488517761,0.4879751205444336,0.023751307278871536,0.1541145913885883,0.7265027751221296,0.8763721607349536,0.10592585425802205,0.894074145741978,0.9487576453136553,0.8970449524031524,0.8970449524031524,0.5,0.0,0.0,0.7203691116955971,0.8978829798574657,0.8202012284426325,0.8873553489423626,0.875687988672043,0.7503240545035065,0.5823043187520063,0.8069192371491345,False,1,0.8069192371491345,49
1159_29.png,00331,"single slender palm tree rising from shallow turquoise ocean, calm reflective water in foreground, soft pale sunset haze, clear turquoise ocean, soft atmospheric tropical photo",1,"[0, 3, 2, 0, 0, 0]",0.9322319030761719,0.5498589277267456,0.02604382485151291,0.16138099284461263,0.695177756931859,0.8428785536024305,0.10732223050720321,0.8926777694927968,0.9524312947002582,0.8822188273836242,0.8822188273836242,0.5,0.0,0.0,0.9542218212190762,0.7291665041639691,0.7454542871911295,0.8249096498120868,0.6932524779905187,0.7071367466289933,0.6208707339520438,0.8063079608764346,False,1,0.8063079608764346,50
1159_29.png,00326,"single slender palm tree rising from shallow turquoise ocean, calm reflective water in foreground, low sun reflection behind the tree, faint distant land on right horizon, calm turquoise water, soft atmospheric tropical photo",1,"[0, 3, 0, 1, 1, 0]",0.9291008114814758,0.5320581197738647,0.026716453954577446,0.16345168691260867,0.6540524453020254,0.8533393012152777,0.11038282677332242,0.8896171732266775,0.9543492351967034,0.8862385432155527,0.8862385432155527,0.5,0.0,0.0,0.9227918035807879,0.7776976097803223,0.7241537784335224,0.7429272924172214,0.7502308686818934,0.6124782236829166,0.6410055050558457,0.8026929669560445,False,1,0.8026929669560445,51
1159_29.png,00638,"single slender palm tree rising from shallow turquoise ocean, calm reflective water in foreground, low sun reflection behind the tree, faint distant land on right horizon, clear turquoise ocean, muted colors",1,"[0, 3, 0, 1, 0, 2]",0.9245748519897461,0.5251007080078125,0.025930605828762054,0.16102982900308271,0.673867516964828,0.8360477023654515,0.10411072112800049,0.8958892788719995,0.9607761158169229,0.8819379368330377,0.8819379368330377,0.5,0.0,0.0,0.8773600484394781,0.7966658996539342,0.7490665873360282,0.7824281794010491,0.6560456812165246,0.8064627301401311,0.7084756744586087,0.8025093742461276,False,1,0.8025093742461276,52
1159_29.png,00152,"single slender palm tree rising from shallow turquoise ocean, calm reflective water in foreground, low sun reflection behind the tree, faint distant land on right horizon, clear turquoise ocean, soft atmospheric tropical photo",1,"[0, 3, 0, 1, 0, 0]",0.925744354724884,0.525977611541748,0.026324154809117317,0.16224720277748186,0.6712410751399923,0.8490707962601274,0.1095595718328161,0.8904404281671839,0.9597624917528994,0.8856885065261516,0.8856885065261516,0.5,0.0,0.0,0.8890995617950369,0.7942751599676554,0.7365438872695884,0.7771924283799115,0.7269808532906489,0.6379399605147421,0.6978345265438296,0.8016448378816097,False,1,0.8016448378816097,53
1159_29.png,00600,"single slender palm tree rising from shallow turquoise ocean, gentle surf and reflective foreground water, low sun reflection behind the tree, calm turquoise water, soft hazy tropical photo",1,"[0, 2, 0, 0, 1, 3]",0.9062336087226868,0.48498278856277466,0.02150159887969494,0.14663423501929876,0.7314401380472476,0.8323935049551504,0.10442272444337726,0.8955772755566227,0.9734751248452682,0.8827241486436893,0.8827241486436893,0.5,0.0,0.0,0.6932499443568247,0.9060411027823062,0.8971490493770282,0.8971978677190846,0.6361417225881918,0.79681305065944,0.841791405840658,0.7997731100707776,False,1,0.7997731100707776,54
1159_29.png,00001,"single slender palm tree rising from shallow turquoise ocean, shallow surf and reflective water in foreground, low sun reflection behind the tree, clear turquoise ocean, soft atmospheric tropical photo",1,"[0, 0, 0, 0, 0, 0]",0.9135526418685913,0.5031687021255493,0.022990169003605843,0.1516250935815238,0.7137781333105856,0.8377278645833334,0.11072137778407576,0.8892786222159242,0.973133621069679,0.8828517810520092,0.8828517810520092,0.5,0.0,0.0,0.7667186800720849,0.8564600672371161,0.8458098254155018,0.861989069846282,0.6651973157667923,0.6020074735958938,0.8382062579357483,0.7946588619411323,False,1,0.7946588619411323,55
1159_29.png,00308,"single slender palm tree rising from shallow turquoise ocean, gentle surf and reflective foreground water, low sun reflection behind the tree, faint distant land on right horizon, shallow turquoise sea, soft atmospheric tropical photo",1,"[0, 2, 0, 1, 2, 0]",0.9167141914367676,0.5355925559997559,0.021641934290528297,0.14711197874588017,0.7407757030122564,0.8591088189019097,0.11113891082014506,0.888861089179855,0.9636673048142158,0.8904338106816517,0.8904338106816517,0.5,0.0,0.0,0.7984544360175282,0.7680615248213121,0.89223466603609,0.9158081005200713,0.7816567136612697,0.5890939570654616,0.7388277259358145,0.7937379914577878,False,1,0.7937379914577878,56
1159_29.png,00163,"single slender palm tree in calm turquoise water, shallow surf and reflective water in foreground, low sun reflection behind the tree, hazy island silhouette on right horizon, calm turquoise water, soft atmospheric tropical photo",1,"[1, 0, 0, 2, 1, 0]",0.9140185713768005,0.5207843780517578,0.024210326373577118,0.15559667854288253,0.7030359587564157,0.8781178792317709,0.10622568395702597,0.8937743160429741,0.9514836079320252,0.8982707778557428,0.8982707778557428,0.5,0.0,0.0,0.7713956983637317,0.8084336949993369,0.8049555140237309,0.8405747933679703,0.8851967001169738,0.741050882227484,0.6109218037366181,0.7937033000866471,False,1,0.7937033000866471,57
1159_29.png,00873,"solitary slender palm tree in shallow ocean, shallow surf and reflective water in foreground, low sun reflection behind the tree, subtle right horizon landform, clear turquoise ocean, soft atmospheric tropical photo",1,"[3, 0, 0, 3, 0, 0]",0.9214054942131042,0.543245255947113,0.024675402790308,0.15708406281449433,0.709010197812864,0.8625443070023149,0.10820103188841701,0.891798968111583,0.9620067893544851,0.8926759348609928,0.8926759348609928,0.5,0.0,0.0,0.8455459133976799,0.7471976409808403,0.7896553100037061,0.8524843007267621,0.8003693898910306,0.6799570621898738,0.7213954339757828,0.7936960934666926,False,1,0.7936960934666926,58
1159_29.png,00436,"single isolated slender palm tree in shallow turquoise water, water fills foreground around the palm, soft pale sunset haze, clear turquoise ocean, soft atmospheric tropical photo",1,"[2, 1, 2, 0, 0, 0]",0.9261035919189453,0.511654794216156,0.027121730148792267,0.16468676373282787,0.6987985240925189,0.8145079436125577,0.10708329856472465,0.8929167014352754,0.9358131101153735,0.866212042151072,0.866212042151072,0.5,0.0,0.0,0.8927055985410719,0.8333240706795733,0.711448973299823,0.8321275653887671,0.5387212953272174,0.7145264650998775,0.4464110239675333,0.7932999080620649,False,1,0.7932999080620649,59
1159_29.png,00539,"single slender palm tree rising from shallow turquoise ocean, shallow surf and reflective water in foreground, golden reflection behind the palm, hazy island silhouette on right horizon, clear turquoise ocean, soft atmospheric tropical photo",1,"[0, 0, 4, 2, 0, 0]",0.9218724370002747,0.5514116287231445,0.0245532114058733,0.15669464383275294,0.7081301203281074,0.8722556785300926,0.10883855395929988,0.8911614460407001,0.9623614395048234,0.8968938493537514,0.8968938493537514,0.5,0.0,0.0,0.8502331030224416,0.7249333088929276,0.7936611274535955,0.850729886619462,0.8532660222865235,0.6602396959226091,0.725118594111473,0.7927944219368015,False,1,0.7927944219368015,60
1159_29.png,00792,"single slender palm tree in calm turquoise water, small waves at the trunk base, low sunset reflection behind the tree, clear turquoise ocean, soft atmospheric tropical photo",1,"[1, 4, 1, 0, 0, 0]",0.9140530824661255,0.5162050127983093,0.02460593730211258,0.15686279769949463,0.710156012866115,0.8714927390769676,0.10831307581331914,0.8916869241866808,0.9554214641185573,0.8953464488736851,0.8953464488736851,0.5,0.0,0.0,0.7717421220033458,0.8209186147490048,0.7919313871860614,0.85476845652963,0.8491103860124362,0.6764917529775065,0.6522618938501895,0.7925775192908177,False,1,0.7925775192908177,61
1159_29.png,00380,"single slender palm tree in calm turquoise water, water fills foreground around the palm, low sun reflection behind the tree, hazy island silhouette on right horizon, calm turquoise water, soft atmospheric tropical photo",1,"[1, 1, 0, 2, 1, 0]",0.9231079816818237,0.5350129008293152,0.026861464604735374,0.16389467533979063,0.64582909410046,0.8495059543185763,0.10559598436020916,0.8944040156397909,0.9725947190390649,0.8898380287250991,0.8898380287250991,0.5,0.0,0.0,0.8626355479715968,0.769641863554935,0.7195969107539621,0.7265342320251593,0.729351105091424,0.7605263139903276,0.8325487992951385,0.7912409421437825,False,1,0.7912409421437825,62
1159_29.png,00060,"single slender palm tree rising from shallow turquoise ocean, gentle surf and reflective foreground water, low sun reflection behind the tree, calm turquoise water, soft atmospheric tropical photo",1,"[0, 2, 0, 0, 1, 0]",0.9051570892333984,0.49762964248657227,0.023090101778507233,0.15195427528867766,0.722907489675707,0.8615677445023149,0.1072204087789777,0.8927795912210224,0.9772979190125889,0.8956379257559174,0.8956379257559174,0.5,0.0,0.0,0.6824438003929725,0.8715614429199525,0.842423647831644,0.8801882305735534,0.7950501754601987,0.7102859024011372,0.8819235609719623,0.7905025015889984,False,1,0.7905025015889984,63
1159_29.png,00379,"single slender palm tree in calm turquoise water, water fills foreground around the palm, low sun reflection behind the tree, hazy island silhouette on right horizon, clear turquoise ocean, natural ocean photograph",1,"[1, 1, 0, 2, 0, 1]",0.9223045110702515,0.5285295248031616,0.025472812354564667,0.15960204370422287,0.6776612240195472,0.8321442780671294,0.10515952697511216,0.8948404730248878,0.9603037731214882,0.8797198453132166,0.8797198453132166,0.5,0.0,0.0,0.8545702791253132,0.7873177694749733,0.7637537174787147,0.7899908466559712,0.6347842147386558,0.7740251252708384,0.7035169637620267,0.7902963793659498,False,1,0.7902963793659498,64
1159_29.png,00388,"single slender palm tree in calm turquoise water, water fills foreground around the palm, soft pale sunset haze, clear turquoise ocean, natural ocean photograph",1,"[1, 1, 2, 0, 0, 1]",0.9080089926719666,0.49460336565971375,0.024521220475435257,0.1565925300754645,0.7140586200090089,0.8692728678385416,0.10685626155703495,0.893143738442965,0.9518056989680964,0.8941342387760007,0.8941342387760007,0.5,0.0,0.0,0.711071316601291,0.8798121111310447,0.7947115361136732,0.8625482135911762,0.8370190235793881,0.721548295466694,0.6143031543561495,0.7901641447521394,False,1,0.7901641447521394,65
1159_29.png,00890,"solitary slender palm tree in shallow ocean, water fills foreground around the palm, low sunset reflection behind the tree, clear turquoise ocean, natural ocean photograph",1,"[3, 1, 1, 0, 0, 1]",0.927442193031311,0.56342613697052,0.02613840438425541,0.1616737591084447,0.7120229570440492,0.8557688395182291,0.10636813752068479,0.8936318624793153,0.9537620871897385,0.8886195470889111,0.8886195470889111,0.5,0.0,0.0,0.9061425278993684,0.6921776401488264,0.7424427025910335,0.8584901665608954,0.7634642615280428,0.7366450597171378,0.6348415543252556,0.789602933810799,False,1,0.789602933810799,66
1159_29.png,00773,"single slender palm tree in calm turquoise water, gentle surf and reflective foreground water, low sunset reflection behind the tree, faint distant land on right horizon, calm turquoise water, soft atmospheric tropical photo",1,"[1, 2, 1, 1, 1, 0]",0.9105365872383118,0.5248677730560303,0.021306876093149185,0.14596875039935495,0.7497529975265964,0.8715560347945602,0.10910920647306728,0.8908907935269327,0.9530364737394479,0.8946192881398681,0.8946192881398681,0.5,0.0,0.0,0.736443407899177,0.7973009601959392,0.9039946579071596,0.9337041294654104,0.8494551499107312,0.6518689194603626,0.6272239766378764,0.7888102114229498,False,1,0.7888102114229498,67
1159_29.png,00305,"single slender palm tree rising from shallow turquoise ocean, gentle surf and reflective foreground water, low sun reflection behind the tree, gentle turquoise water, soft atmospheric tropical photo",1,"[0, 2, 0, 0, 3, 0]",0.903357744216919,0.49159732460975647,0.022868363186717033,0.15122289240295939,0.7261995188083891,0.8513403998480902,0.1060610713056079,0.8939389286943921,0.975806382480293,0.8911430814707364,0.8911430814707364,0.5,0.0,0.0,0.6643819060360281,0.8880076096763206,0.8499471288727053,0.886750814496056,0.7393431016437847,0.7461420439118774,0.8662652302122767,0.7867254995541264,False,1,0.7867254995541264,68
1159_29.png,00642,"single slender palm tree rising from shallow turquoise ocean, calm reflective water in foreground, low sun reflection behind the tree, hazy island silhouette on right horizon, calm turquoise water, soft atmospheric tropical photo",1,"[0, 3, 0, 2, 1, 0]",0.9240676164627075,0.548837423324585,0.028425324708223343,0.1685981159687834,0.6451621486336042,0.8771441424334491,0.10771610107103076,0.8922838989289692,0.9669273843170088,0.9003997055835931,0.9003997055835931,0.5,0.0,0.0,0.8722683987449772,0.7319514753944916,0.6712142549782092,0.7252046916652272,0.8798928769316015,0.6949550661451672,0.7730524345180636,0.786154708634504,False,1,0.786154708634504,69
1159_29.png,00872,"solitary slender palm tree in shallow ocean, shallow surf and reflective water in foreground, low sun reflection behind the tree, hazy island silhouette on right horizon, calm turquoise water, soft atmospheric tropical photo",1,"[3, 0, 0, 2, 1, 0]",0.9095973968505859,0.5293163657188416,0.02400725707411766,0.15494275418398132,0.7268034126148997,0.8769955105251737,0.10411193770904748,0.8958880622909525,0.9666748771459946,0.9015437769673605,0.9015437769673605,0.5,0.0,0.0,0.7270157787292295,0.7851725713646847,0.8116822061743816,0.8879546628296449,0.8790832974204277,0.8064251035618629,0.7704015837227127,0.7851965451159933,False,1,0.7851965451159933,70
1159_29.png,00325,"single slender palm tree rising from shallow turquoise ocean, calm reflective water in foreground, low sun reflection behind the tree, faint distant land on right horizon, clear turquoise ocean, natural ocean photograph",1,"[0, 3, 0, 1, 0, 1]",0.9333692193031311,0.5518267154693604,0.02810347080230713,0.167640898358089,0.6497304793302104,0.858541418004919,0.12078802292723524,0.8792119770727648,0.9584594552848918,0.8857597211346596,0.8857597211346596,0.5,0.0,0.0,0.9656382451698134,0.7238016401072258,0.6810608191880849,0.7343115532311202,0.7785661515729856,0.29066495161012823,0.684155092238195,0.7842789064788054,False,1,0.7842789064788054,71
1159_29.png,00486,"single slender palm tree rising from shallow turquoise ocean, shallow surf and reflective water in foreground, low sun reflection behind the tree, minimal horizon detail, clear turquoise ocean, natural ocean photograph",1,"[0, 0, 0, 5, 0, 1]",0.9274082183837891,0.5489910840988159,0.026847850531339645,0.16385313708116683,0.6747307517151327,0.8441342954282406,0.1126552087309779,0.8873447912690221,0.9694226647944709,0.8843156428457603,0.8843156428457603,0.5,0.0,0.0,0.905801489083168,0.7315325434402211,0.7200242003547134,0.7841490179068371,0.7000923474727568,0.542197696302635,0.7992481905108101,0.784254734496474,False,1,0.784254734496474,72
1159_29.png,00563,"single slender palm tree rising from shallow turquoise ocean, water fills foreground around the palm, low sun reflection behind the tree, minimal horizon detail, clear turquoise ocean, soft atmospheric tropical photo",1,"[0, 1, 0, 5, 0, 0]",0.90673828125,0.4972209334373474,0.021668216213583946,0.14720127789385506,0.7372328935502314,0.8148605911820024,0.10596887021351832,0.8940311297864817,0.979559672647328,0.8755100959866353,0.8755100959866353,0.5,0.0,0.0,0.6983158665616825,0.8726757239170171,0.891316076799329,0.9087455918122481,0.5406421227605743,0.7489936513871378,0.9056677239494214,0.7833955494067754,False,1,0.7833955494067754,73
1159_29.png,00271,"single slender palm tree rising from shallow turquoise ocean, water fills foreground around the palm, low sun reflection behind the tree, soft teal ocean water, soft atmospheric tropical photo",1,"[0, 1, 0, 0, 4, 0]",0.9167486429214478,0.5188720226287842,0.024911200627684593,0.15783282493728798,0.7062120228529081,0.832082677770544,0.11219516057236006,0.8878048394276399,0.9800486166740698,0.8811786221312328,0.8811786221312328,0.5,0.0,0.0,0.7988002613434296,0.8136474315473636,0.7819530548031755,0.8469062036734122,0.6344486855876381,0.556426126122305,0.9108007174282412,0.782987836801298,False,1,0.782987836801298,74
1159_29.png,00165,"single slender palm tree in calm turquoise water, shallow surf and reflective water in foreground, low sunset reflection behind the tree, clear turquoise ocean, muted colors",1,"[1, 0, 1, 0, 0, 2]",0.9159519672393799,0.5375785827636719,0.0232841894030571,0.15259157710390536,0.7267075199397885,0.8599164044415509,0.10826726658022932,0.8917327334197707,0.9521839365962386,0.8895056260148654,0.8895056260148654,0.5,0.0,0.0,0.7908032002603861,0.7626469349391201,0.8358679459989566,0.8877635030000667,0.7860555316136184,0.6779085469498375,0.618273938684236,0.7816464261502553,False,1,0.7816464261502553,75
1159_29.png,00933,"single slender palm tree rising from shallow turquoise ocean, shallow surf and reflective water in foreground, low sun reflection behind the tree, hazy island silhouette on right horizon, bright turquoise tropical water, soft atmospheric tropical photo",1,"[0, 0, 0, 2, 5, 0]",0.9152393937110901,0.5385729074478149,0.023898432031273842,0.15459117708095066,0.7095037982490456,0.8582820185908565,0.10167325381611371,0.8983267461838863,0.9473215125534997,0.8901055720409454,0.8901055720409454,0.5,0.0,0.0,0.7836503598258667,0.7599360649386779,0.81529875739642,0.8534682817779828,0.777153235239796,0.8818490390194476,0.567227623487478,0.7809546281663319,False,1,0.7809546281663319,76
1159_29.png,00611,"single slender palm tree rising from shallow turquoise ocean, gentle surf and reflective foreground water, low sun reflection behind the tree, subtle right horizon landform, clear turquoise ocean, natural ocean photograph",1,"[0, 2, 0, 3, 0, 1]",0.923416793346405,0.5306722521781921,0.02565382979810238,0.16016812978274542,0.682478539770296,0.8372876202618634,0.11445648901230206,0.8855435109876979,0.9586410499264759,0.878447867948828,0.878447867948828,0.5,0.0,0.0,0.8657354113167449,0.781475960000936,0.7579305871286103,0.7995940541676028,0.6627993597241891,0.4864874633883663,0.6860614947302166,0.7799721862280473,False,1,0.7799721862280473,77
1159_29.png,00734,"single slender palm tree in calm turquoise water, water fills foreground around the palm, low sun reflection behind the tree, hazy island silhouette on right horizon, calm turquoise water, natural ocean photograph",1,"[1, 1, 0, 2, 1, 1]",0.9176735877990723,0.5309152603149414,0.02516355738043785,0.15863025367324435,0.677295446713632,0.840897171585648,0.1045261042800942,0.8954738957199058,0.9631016493351978,0.8844399205825482,0.8844399205825482,0.5,0.0,0.0,0.808084893536058,0.7808134365030459,0.7737501831012032,0.7892616780580433,0.6824601366742592,0.7936157055034126,0.73288940636086,0.7799266211382255,False,1,0.7799266211382255,78
1159_29.png,00691,"single slender palm tree in calm turquoise water, shallow surf and reflective water in foreground, low sunset reflection behind the tree, shallow turquoise sea, muted colors",1,"[1, 0, 1, 0, 2, 2]",0.9208340048789978,0.552493155002594,0.023473942652344704,0.15321208389792465,0.7247422645961368,0.8532647026909722,0.11150706700495618,0.8884929329950438,0.9559429255605499,0.8861302278713128,0.8861302278713128,0.5,0.0,0.0,0.8398092815209613,0.7219846974459776,0.8294850087005687,0.8838458119341454,0.7498245398017609,0.5777075742702321,0.6577362590838554,0.7784657684347331,False,1,0.7784657684347331,79
1159_29.png,00568,"single slender palm tree rising from shallow turquoise ocean, water fills foreground around the palm, low sunset reflection behind the tree, soft teal ocean water, soft atmospheric tropical photo",1,"[0, 1, 1, 0, 4, 0]",0.9192386865615845,0.5372646450996399,0.025324402377009392,0.15913642693302307,0.7138840295308262,0.859710693359375,0.1144283074106728,0.8855716925893272,0.9593167621847632,0.8886832568549359,0.8886832568549359,0.5,0.0,0.0,0.8237954150023573,0.7635028366470884,0.7685433550528583,0.8622001715116668,0.7849350489441608,0.48735906766169584,0.6931552036736719,0.7777099572561534,False,1,0.7777099572561534,80
1159_29.png,00636,"single slender palm tree rising from shallow turquoise ocean, calm reflective water in foreground, low sun reflection behind the tree, shallow turquoise sea, natural ocean photograph",1,"[0, 3, 0, 0, 2, 1]",0.9293147325515747,0.5390137434005737,0.030471598729491234,0.17456116042662878,0.6347148582922131,0.8274931731047453,0.1094733885605315,0.8905266114394685,0.9660635713268939,0.8772689561663282,0.8772689561663282,0.5,0.0,0.0,0.9249391514954253,0.7587341949876368,0.6098744932724837,0.7043782600436239,0.6094502247121838,0.6406054480693826,0.7639840213609875,0.7768774336174791,False,1,0.7768774336174791,81
1159_29.png,00221,"single slender palm tree rising from shallow turquoise ocean, shallow surf and reflective water in foreground, low sun reflection behind the tree, faint distant land on right horizon, soft teal ocean water, soft atmospheric tropical photo",1,"[0, 0, 0, 1, 4, 0]",0.919421911239624,0.5447845458984375,0.023208102211356163,0.15234205660734715,0.6961219451061,0.8574930826822916,0.11358115354638929,0.8864188464536107,0.9598159989991312,0.8880816832656212,0.8880816832656212,0.5,0.0,0.0,0.825634631354989,0.7430010088167464,0.8384346764514587,0.8267918670958211,0.7728559995074802,0.5135599535442413,0.6983962520808148,0.7767737820346498,False,1,0.7767737820346498,82
1159_29.png,00735,"single slender palm tree in calm turquoise water, water fills foreground around the palm, low sun reflection behind the tree, hazy island silhouette on right horizon, shallow turquoise sea, soft atmospheric tropical photo",1,"[1, 1, 0, 2, 2, 0]",0.9140190482139587,0.5270258784294128,0.02527199126780033,0.15897166812926236,0.6740975021011353,0.8520129168475116,0.10605911312388468,0.8939408868761153,0.9708399386372734,0.8904531107154753,0.8904531107154753,0.5,0.0,0.0,0.7714004848734327,0.7914172250259355,0.770238171489839,0.7828866494501021,0.7430062180631658,0.746202606813176,0.8141269025819735,0.7761018475393625,False,1,0.7761018475393625,83
1159_29.png,00943,"single slender palm tree rising from shallow turquoise ocean, shallow surf and reflective water in foreground, low sun reflection behind the tree, minimal horizon detail, clear turquoise ocean, muted colors",1,"[0, 0, 0, 5, 0, 2]",0.9160375595092773,0.5271128416061401,0.023611465469002724,0.1536602273491834,0.7048801619028993,0.8477653220847801,0.11478464412396465,0.8852153558760354,0.9666131215959851,0.8846423938139604,0.8846423938139604,0.5,0.0,0.0,0.7916623787517262,0.7911801335902175,0.8248751130835696,0.8442511696791001,0.7198700978883211,0.47633823903262823,0.7697532664959083,0.7759422051567538,False,1,0.7759422051567538,84
1159_29.png,00855,"single isolated slender palm tree in shallow turquoise water, gentle surf and reflective foreground water, low sunset reflection behind the tree, clear turquoise ocean, natural ocean photograph",1,"[2, 2, 1, 0, 0, 1]",0.920573353767395,0.539028525352478,0.02853911742568016,0.16893524625039075,0.6936924746896896,0.8548075358072916,0.10321117109861758,0.8967888289013825,0.9435015107546844,0.887239783379702,0.887239783379702,0.5,0.0,0.0,0.8371928556556202,0.7586938943186456,0.6677463131770422,0.8219487740209003,0.7582281598226929,0.8342841314925726,0.5271247829781842,0.7758240047356791,False,1,0.7758240047356791,85
1159_29.png,00547,"single slender palm tree rising from shallow turquoise ocean, water fills foreground around the palm, low sun reflection behind the tree, soft teal ocean water, natural ocean photograph",1,"[0, 1, 0, 0, 4, 1]",0.9078286290168762,0.4998130798339844,0.023382600396871567,0.1529137024496875,0.717263236184689,0.8179615162037037,0.10714776873684075,0.8928522312631593,0.9788052367657251,0.8763420105869175,0.8763420105869175,0.5,0.0,0.0,0.7092608193068656,0.8656086441034921,0.8325543547471501,0.8689365418059923,0.5575324755279201,0.7125325231565562,0.8977475648950999,0.775316082165721,False,1,0.775316082165721,86
1159_29.png,00864,"solitary slender palm tree in shallow ocean, shallow surf and reflective water in foreground, low sun reflection behind the tree, clear turquoise ocean, soft hazy tropical photo",1,"[3, 0, 0, 0, 0, 3]",0.9124341011047363,0.5384976863861084,0.023745426908135414,0.15409551229070695,0.7074227030685293,0.8521338568793403,0.10157490159391903,0.898425098406081,0.9616990662916354,0.8902488332961586,0.8902488332961586,0.5,0.0,0.0,0.7554907249408268,0.7601411433429794,0.8203974884782361,0.8493196666769594,0.743664963368836,0.8848908894537805,0.718164920075417,0.7747954996436562,False,1,0.7747954996436562,87
1159_29.png,00419,"single isolated slender palm tree in shallow turquoise water, shallow surf and reflective water in foreground, low sunset reflection behind the tree, shallow turquoise sea, soft atmospheric tropical photo",1,"[2, 0, 1, 0, 2, 0]",0.9248299598693848,0.5528210401535034,0.027050428092479706,0.16447014346828942,0.6846384593826851,0.8511979844835068,0.10688756797048045,0.8931124320295195,0.9427950423236457,0.8841874526926391,0.8841874526926391,0.5,0.0,0.0,0.8799208311295444,0.7210907701067838,0.713677270523054,0.803899803950143,0.7385673828726215,0.7205800466034591,0.5197081920164788,0.7744684194537652,False,1,0.7744684194537652,88
1159_29.png,00137,"single slender palm tree rising from shallow turquoise ocean, water fills foreground around the palm, soft pale sunset haze, calm turquoise water, soft atmospheric tropical photo",1,"[0, 1, 2, 0, 1, 0]",0.9145275354385376,0.5357600450515747,0.025226540863513947,0.1588286525269101,0.7174600182050954,0.8721782543041088,0.10871276302908932,0.8912872369709107,0.9461840037373936,0.8936675481241464,0.8936675481241464,0.5,0.0,0.0,0.776504699155899,0.7676048922412112,0.7717093231860075,0.8693288222115745,0.852844302160931,0.6641301743191098,0.5552859184745734,0.7731842361303182,False,1,0.7731842361303182,89
1159_29.png,00021,"single slender palm tree rising from shallow turquoise ocean, water fills foreground around the palm, low sunset reflection behind the tree, clear turquoise ocean, soft atmospheric tropical photo",1,"[0, 1, 1, 0, 0, 0]",0.9201783537864685,0.5466691255569458,0.027150623500347137,0.1647744625248316,0.6934112081019321,0.8745654070818866,0.11303378897418494,0.8869662110258151,0.9575699831499036,0.8955066036758649,0.8955066036758649,0.5,0.0,0.0,0.8332278306820058,0.7378629985257755,0.7105468463676128,0.8213880755846592,0.8658468263251864,0.5304889168614372,0.6748173062774774,0.7728654451365864,False,1,0.7728654451365864,90
1159_29.png,00446,"solitary slender palm tree in shallow ocean, shallow surf and reflective water in foreground, low sun reflection behind the tree, faint distant land on right horizon, calm turquoise water, soft atmospheric tropical photo",1,"[3, 0, 0, 1, 1, 0]",0.9093305468559265,0.5430814623832703,0.02399391122162342,0.15489968115404054,0.7136596271507848,0.8780076768663195,0.10395810636640221,0.8960418936335978,0.9657169802087737,0.9018615134033579,0.9018615134033579,0.5,0.0,0.0,0.7243371282377746,0.7476441983936933,0.812125283433186,0.8617528305580857,0.8845964415440504,0.8111828195137528,0.760345465919411,0.7713072772583454,False,1,0.7713072772583454,91
1159_29.png,00769,"single slender palm tree in calm turquoise water, gentle surf and reflective foreground water, low sunset reflection behind the tree, clear turquoise ocean, muted colors",1,"[1, 2, 1, 0, 0, 2]",0.9079878330230713,0.5247394442558289,0.024475684389472008,0.15644706577456802,0.7199073484046545,0.8597689028139467,0.10268211830644375,0.8973178816935563,0.9534329399910835,0.8916438528572375,0.8916438528572375,0.5,0.0,0.0,0.7108589152333065,0.7976508285037531,0.7962078767190063,0.8742075183510574,0.7852521086006278,0.8506467456740161,0.6313861272582216,0.7690051410185215,False,1,0.7690051410185215,92
1159_29.png,00639,"single slender palm tree rising from shallow turquoise ocean, calm reflective water in foreground, low sun reflection behind the tree, faint distant land on right horizon, calm turquoise water, natural ocean photograph",1,"[0, 3, 0, 1, 1, 1]",0.9268050193786621,0.5508987903594971,0.02834104187786579,0.1683479785381036,0.6528799819802439,0.8556603325737847,0.11561555372777745,0.8843844462722226,0.9565363622714365,0.8858889783077684,0.8858889783077684,0.5,0.0,0.0,0.899746554311329,0.7263314821026029,0.6737873316171725,0.740590013907484,0.762873237702395,0.45063975776957615,0.6639662293881684,0.7681884358281698,False,1,0.7681884358281698,93
1159_29.png,00622,"single slender palm tree rising from shallow turquoise ocean, gentle surf and reflective foreground water, low sunset reflection behind the tree, hazy island silhouette on right horizon, calm turquoise water, soft atmospheric tropical photo",1,"[0, 2, 1, 2, 1, 0]",0.9269159436225891,0.5912985801696777,0.026285476982593536,0.16212796483825218,0.7354630201144063,0.8479326036241318,0.10371005943343305,0.896289940566567,0.9527942825049601,0.8858300073301498,0.8858300073301498,0.5,0.0,0.0,0.9008600161305377,0.6161878037175417,0.7377704464257939,0.9052173900598698,0.7207812596195279,0.8188544476066477,0.6246814237908008,0.7681434751447364,False,1,0.7681434751447364,94
1159_29.png,00324,"single slender palm tree rising from shallow turquoise ocean, calm reflective water in foreground, low sun reflection behind the tree, shallow turquoise sea, soft atmospheric tropical photo",1,"[0, 3, 0, 0, 2, 0]",0.9181669354438782,0.5284702777862549,0.025604864582419395,0.1600152010979563,0.6661549563448398,0.840555261682581,0.11454877729687458,0.8854512227031254,0.9708761854319565,0.8823330327896466,0.8823330327896466,0.5,0.0,0.0,0.8130371361355156,0.7874792971563328,0.7595037112515728,0.7670533682173996,0.6805977959736502,0.48363315921255295,0.8145074258127749,0.7680068126462916,False,1,0.7680068126462916,95
1159_29.png,00741,"single slender palm tree in calm turquoise water, water fills foreground around the palm, low sunset reflection behind the tree, shallow turquoise sea, natural ocean photograph",1,"[1, 1, 1, 0, 2, 1]",0.9190135598182678,0.5562662482261658,0.027579713612794876,0.16607141118445062,0.6850229566114961,0.879146999782986,0.10965347601903333,0.8903465239809667,0.9613075938328532,0.8994989520622527,0.8994989520622527,0.5,0.0,0.0,0.8215355841097451,0.711697951685998,0.6972055871688954,0.8046662902813215,0.8908021917133533,0.635035679520814,0.7140551948959185,0.7674115350685874,False,1,0.7674115350685874,96
1159_29.png,00061,"single slender palm tree rising from shallow turquoise ocean, gentle surf and reflective foreground water, low sun reflection behind the tree, faint distant land on right horizon, clear turquoise ocean, soft atmospheric tropical photo",1,"[0, 2, 0, 1, 0, 0]",0.9144961833953857,0.5457227230072021,0.023204712197184563,0.15233092987697724,0.722934110096509,0.8535591408058449,0.11011745720106686,0.8898825427989332,0.9593046596911612,0.8874214352804891,0.8874214352804891,0.5,0.0,0.0,0.7761899861430545,0.7404432163573915,0.8385491332518865,0.8802412977666203,0.7514283075786496,0.6206856086368304,0.6930281502333204,0.7666957314656272,False,1,0.7666957314656272,97
1159_29.png,00857,"single isolated slender palm tree in shallow turquoise water, gentle surf and reflective foreground water, low sunset reflection behind the tree, faint distant land on right horizon, clear turquoise ocean, soft atmospheric tropical photo",1,"[2, 2, 1, 1, 0, 0]",0.9099953174591064,0.5280008912086487,0.022230280563235283,0.14909822454756222,0.7334890384296024,0.8474821867766202,0.10595653024018846,0.8940434697598115,0.9401567422386132,0.8823135469131357,0.8823135469131357,0.5,0.0,0.0,0.7310101210747629,0.788759005899498,0.8718028471849193,0.9012823032347255,0.7183278950932704,0.7493753037015991,0.49201099890035865,0.7662527276120272,False,1,0.7662527276120272,98
1159_29.png,00733,"single slender palm tree in calm turquoise water, water fills foreground around the palm, low sun reflection behind the tree, hazy island silhouette on right horizon, clear turquoise ocean, muted colors",1,"[1, 1, 0, 2, 0, 2]",0.9117633104324341,0.5257467031478882,0.02457108534872532,0.15675166777015587,0.6796477712201728,0.8373622187861689,0.10608956622272085,0.8939104337772792,0.9700258106828127,0.8836868124123862,0.8836868124123862,0.5,0.0,0.0,0.7487573024188626,0.794904695417944,0.793074542068136,0.793950982546232,0.6632056886043216,0.7452607493761575,0.8055800889333466,0.7650471772588394,False,1,0.7650471772588394,99
1159_29.png,00774,"single slender palm tree in calm turquoise water, gentle surf and reflective foreground water, low sunset reflection behind the tree, hazy island silhouette on right horizon, clear turquoise ocean, soft atmospheric tropical photo",1,"[1, 2, 1, 2, 0, 0]",0.9129939079284668,0.5365283489227295,0.02468991093337536,0.1571302355798379,0.7333459194876774,0.8570805302372685,0.11107670267573276,0.8889232973242672,0.9562374659154214,0.8880568858533486,0.8880568858533486,0.5,0.0,0.0,0.7611100873298695,0.765510232469859,0.789180346846297,0.9009969989347244,0.7706088776703811,0.5910179387191242,0.6608283793228098,0.764767125131724,False,1,0.764767125131724,100
1159_29.png,00502,"single slender palm tree rising from shallow turquoise ocean, shallow surf and reflective water in foreground, low sunset reflection behind the tree, hazy island silhouette on right horizon, gentle turquoise water, soft atmospheric tropical photo",1,"[0, 0, 1, 2, 3, 0]",0.9250786304473877,0.580298662185669,0.025676831603050232,0.16023991888118963,0.7320605476581608,0.8452074969256366,0.10551155510923221,0.8944884448907677,0.943506943023788,0.8821157179330628,0.8821157179330628,0.5,0.0,0.0,0.8824169959386465,0.6461773515440357,0.757192117673491,0.8984346399266949,0.7059379424983071,0.7631375529437899,0.5271818115956929,0.7642475319797001,False,1,0.7642475319797001,101
1159_29.png,00144,"single slender palm tree rising from shallow turquoise ocean, gentle surf and reflective foreground water, low sun reflection behind the tree, faint distant land on right horizon, calm turquoise water, soft atmospheric tropical photo",1,"[0, 2, 0, 1, 1, 0]",0.9150389432907104,0.5461763143539429,0.024468814954161644,0.1564251097303807,0.6983583124693858,0.8568443015769676,0.1079076404191956,0.8920923595808044,0.9565268488973055,0.889117631342378,0.889117631342378,0.5,0.0,0.0,0.7816382308102843,0.7392065708290758,0.7964337308993618,0.8312500137013318,0.76932216954996,0.689031112050324,0.6638663568369053,0.763907549045751,False,1,0.763907549045751,102
1159_29.png,00582,"single slender palm tree rising from shallow turquoise ocean, water fills foreground around the palm, soft pale sunset haze, gentle turquoise water, soft atmospheric tropical photo",1,"[0, 1, 2, 0, 3, 0]",0.9197384119033813,0.5617045760154724,0.026324104517698288,0.1622470477934754,0.7075533842841477,0.8692559136284723,0.10922167453479524,0.8907783254652047,0.9473818139270331,0.8924139378310407,0.8924139378310407,0.5,0.0,0.0,0.8288116771690667,0.6968712055620123,0.7365454815360897,0.8495801766572862,0.8369266761066313,0.6483904924885905,0.5678606745939072,0.7629356466500608,False,1,0.7629356466500608,103
1159_29.png,00103,"single slender palm tree rising from shallow turquoise ocean, shallow surf and reflective water in foreground, low sunset reflection behind the tree, gentle turquoise water, soft atmospheric tropical photo",1,"[0, 0, 1, 0, 3, 0]",0.9287326335906982,0.5905716419219971,0.026813587173819542,0.16374854861591764,0.7182208502148467,0.8372401484736689,0.10423515919124618,0.8957648408087538,0.9484264082953144,0.8799610427552778,0.8799610427552778,0.5,0.0,0.0,0.919096019777858,0.6181696866167978,0.7211000654737655,0.8708455232229204,0.6625407868004677,0.8026140933906512,0.5788269525053686,0.7626336546965107,False,1,0.7626336546965107,104
1159_29.png,00682,"single slender palm tree in calm turquoise water, shallow surf and reflective water in foreground, low sun reflection behind the tree, hazy island silhouette on right horizon, gentle turquoise water, soft atmospheric tropical photo",1,"[1, 0, 0, 2, 3, 0]",0.9132147431373596,0.5309991836547852,0.024690913036465645,0.15713342431343386,0.6954150648958596,0.853994298864294,0.10732164909195284,0.8926783509080471,0.9426593703887783,0.8852667313845046,0.8852667313845046,0.5,0.0,0.0,0.7633268396351722,0.7805846327049029,0.789147545454273,0.8253827177487496,0.7537985593794253,0.7071547287161536,0.5182838916490647,0.7625828496986753,False,1,0.7625828496986753,105
1159_29.png,00389,"single slender palm tree in calm turquoise water, water fills foreground around the palm, soft pale sunset haze, calm turquoise water, soft atmospheric tropical photo",1,"[1, 1, 2, 0, 1, 0]",0.9074759483337402,0.5148937702178955,0.023811722174286842,0.15431047331366346,0.7178902331974242,0.8560909695095485,0.10935030385905305,0.8906496961409469,0.9473776929173898,0.8864438685121062,0.8864438685121062,0.5,0.0,0.0,0.7057205970692201,0.8244935115922924,0.8181862592953271,0.8701864458467505,0.7652188635104351,0.6444122278685277,0.5678174117366713,0.7625296036573277,False,1,0.7625296036573277,106
1159_29.png,00652,"single slender palm tree rising from shallow turquoise ocean, calm reflective water in foreground, soft pale sunset haze, faint distant land on right horizon, clear turquoise ocean, soft atmospheric tropical photo",1,"[0, 3, 2, 1, 0, 0]",0.9228348731994629,0.5723745226860046,0.024617338553071022,0.1568991349659743,0.6992585248633185,0.8481304027416088,0.10958908620602097,0.8904109137939791,0.9568436536319965,0.8846712317880159,0.8846712317880159,0.5,0.0,0.0,0.8598940745403155,0.6677812726691263,0.7915575983802496,0.8330445662842996,0.7218586468016993,0.6370271361072307,0.6671922112257282,0.7620040157517578,False,1,0.7620040157517578,107
1159_29.png,00921,"single slender palm tree rising from shallow turquoise ocean, shallow surf and reflective water in foreground, low sun reflection behind the tree, soft teal ocean water, soft hazy tropical photo",1,"[0, 0, 0, 0, 4, 3]",0.9157266616821289,0.5365903377532959,0.02552342787384987,0.15976053290424977,0.6755962368808185,0.8393142135054976,0.11263687512800495,0.8873631248719951,0.9782286656920232,0.8839142229210768,0.8839142229210768,0.5,0.0,0.0,0.788541574426636,0.7653412296644124,0.7621233942719523,0.7858743425636291,0.6738379609678014,0.5427647203812154,0.8916946520880666,0.7602402296263511,False,1,0.7602402296263511,108
1159_29.png,00610,"single slender palm tree rising from shallow turquoise ocean, gentle surf and reflective foreground water, low sun reflection behind the tree, hazy island silhouette on right horizon, shallow turquoise sea, soft atmospheric tropical photo",1,"[0, 2, 0, 2, 2, 0]",0.9115135669708252,0.5491485595703125,0.023707976564764977,0.15397394768195358,0.7283288941538202,0.8561508743851274,0.10571269240151514,0.8942873075984848,0.9564749118871596,0.889563433510209,0.889563433510209,0.5,0.0,0.0,0.7462503679629333,0.7311032113133078,0.8216479812735684,0.8909956749889868,0.765545157914179,0.7569167523737714,0.6633211158281032,0.7597782870919543,False,1,0.7597782870919543,109
1159_29.png,00760,"single slender palm tree in calm turquoise water, gentle surf and reflective foreground water, low sun reflection behind the tree, calm turquoise water, muted colors",1,"[1, 2, 0, 0, 1, 2]",0.9066880345344543,0.5046268701553345,0.023099398240447044,0.1519848618792248,0.7124043514771133,0.8100439001012733,0.10753273878477608,0.8924672612152239,0.9701933258945766,0.8709219616498166,0.8709219616498166,0.5,0.0,0.0,0.6978114881019335,0.8524846012443806,0.8421090142264755,0.8592504675405285,0.5144062057501702,0.7006261189962165,0.8073386838696981,0.7595736369759756,False,1,0.7595736369759756,110
1159_29.png,00784,"single slender palm tree in calm turquoise water, calm reflective water in foreground, low sun reflection behind the tree, hazy island silhouette on right horizon, clear turquoise ocean, soft atmospheric tropical photo",1,"[1, 3, 0, 2, 0, 0]",0.924730658531189,0.5726500749588013,0.029531853273510933,0.17184834381951702,0.6369137744719487,0.8622979058159722,0.10967525923317663,0.8903247407668233,0.9801137118665229,0.8956704592588802,0.8956704592588802,0.5,0.0,0.0,0.8789240404842991,0.6670300226983767,0.6377802929705957,0.7087617485810741,0.7990272732869546,0.63436196541528,0.9114840946249939,0.75951206640931,False,1,0.75951206640931,111
1159_29.png,00846,"single isolated slender palm tree in shallow turquoise water, water fills foreground around the palm, soft pale sunset haze, calm turquoise water, soft atmospheric tropical photo",1,"[2, 1, 2, 0, 1, 0]",0.9156996011734009,0.5130218267440796,0.02632991410791874,0.16226495033715302,0.6991008580071479,0.8205549452039932,0.10858933504996049,0.8914106649500395,0.9335591836606965,0.8679552948064501,0.8679552948064501,0.5,0.0,0.0,0.7882699400011008,0.8295970713113838,0.7363613243038445,0.8327302610537826,0.5716585606107256,0.6679475710544737,0.42274903167223593,0.758902064583055,False,1,0.758902064583055,112
1159_29.png,00487,"single slender palm tree rising from shallow turquoise ocean, shallow surf and reflective water in foreground, low sun reflection behind the tree, minimal horizon detail, calm turquoise water, soft atmospheric tropical photo",1,"[0, 0, 0, 5, 1, 0]",0.9150555729866028,0.5409902930259705,0.02464478462934494,0.15698657467868055,0.6785321652074164,0.8450972945601851,0.11201678982125189,0.8879832101787482,0.9710729367838017,0.8853024934714054,0.8853024934714054,0.5,0.0,0.0,0.7818051603361087,0.7533454430343544,0.7906581365065483,0.7917270477667734,0.7053376839253831,0.5619428001193298,0.8165729452807189,0.7584618142670596,False,1,0.7584618142670596,113
1159_29.png,00087,"single slender palm tree rising from shallow turquoise ocean, shallow surf and reflective water in foreground, low sun reflection behind the tree, shallow turquoise sea, muted colors",1,"[0, 0, 0, 0, 2, 2]",0.9166884422302246,0.5363287329673767,0.02590094320476055,0.1609376997622389,0.6863404894221967,0.8334661413122108,0.10970377893637374,0.8902962210636263,0.959615285925769,0.8785864981479179,0.8785864981479179,0.5,0.0,0.0,0.798195964493671,0.7660544540039365,0.750014288752551,0.8072927614613711,0.6419842393646502,0.6334799042922958,0.6962891419816333,0.7580919563578925,False,1,0.7580919563578925,114
1159_29.png,00180,"single slender palm tree in calm turquoise water, water fills foreground around the palm, low sun reflection behind the tree, hazy island silhouette on right horizon, clear turquoise ocean, soft atmospheric tropical photo",1,"[1, 1, 0, 2, 0, 0]",0.9142330288887024,0.5347220301628113,0.0258218664675951,0.1606918369662725,0.6668626310586571,0.832551744249132,0.10588685801541882,0.8941131419845811,0.9689948095667968,0.8813868465200723,0.8813868465200723,0.5,0.0,0.0,0.7735484311017827,0.7704348767189535,0.7525433937128604,0.7684641013889724,0.6370036323339292,0.7515301354120295,0.7947565146268348,0.7575654913384245,False,1,0.7575654913384245,115
1159_29.png,00896,"solitary slender palm tree in shallow ocean, gentle surf and reflective foreground water, low sun reflection behind the tree, faint distant land on right horizon, clear turquoise ocean, soft atmospheric tropical photo",1,"[3, 2, 0, 1, 0, 0]",0.905902087688446,0.5483790636062622,0.02204066514968872,0.14846098864580123,0.7406436571766529,0.878299289279514,0.11011303804880836,0.8898869619511917,0.9671334531661481,0.9001218074919279,0.9001218074919279,0.5,0.0,0.0,0.6899221234871638,0.7332011211386109,0.878357870988729,0.9155448702013717,0.8861848180754792,0.6208222847577846,0.7752157701985679,0.7574196137148266,False,1,0.7574196137148266,116
1159_29.png,00893,"solitary slender palm tree in shallow ocean, water fills foreground around the palm, soft pale sunset haze, clear turquoise ocean, soft atmospheric tropical photo",1,"[3, 1, 2, 0, 0, 0]",0.9139500856399536,0.553141713142395,0.025985704734921455,0.16120082113600245,0.7269082912544311,0.8685172752097801,0.10989987505656412,0.8901001249434359,0.9576328883912308,0.8938943952528497,0.8938943952528497,0.5,0.0,0.0,0.7707082359079171,0.7202165055939929,0.7473076508127475,0.8881637359714255,0.8329034045434957,0.6274150177542847,0.6754776931026687,0.7572407808666142,False,1,0.7572407808666142,117
1159_29.png,00030,"single slender palm tree rising from shallow turquoise ocean, shallow surf and reflective water in foreground, low sun reflection behind the tree, calm turquoise water, muted colors",1,"[0, 0, 0, 0, 1, 2]",0.9189960360527039,0.5339686274528503,0.02702757902443409,0.16440066613135754,0.670094799961285,0.8280990035445601,0.1091133035282777,0.8908866964717224,0.9508558880453734,0.8746260729692295,0.8746260729692295,0.5,0.0,0.0,0.8213596798782312,0.7724889108159195,0.7143919596925676,0.7749073553275901,0.6127501077387181,0.6517422051991809,0.6043319245101948,0.75634864573569,False,1,0.75634864573569,118
1159_29.png,00770,"single slender palm tree in calm turquoise water, gentle surf and reflective foreground water, low sunset reflection behind the tree, calm turquoise water, natural ocean photograph",1,"[1, 2, 1, 0, 1, 1]",0.9091835021972656,0.5507819056510925,0.02558145299553871,0.15994203010947033,0.7119754771263015,0.8720804850260416,0.10061077163190191,0.8993892283680981,0.9533698038003245,0.8978964089506181,0.8978964089506181,0.5,0.0,0.0,0.7228610883087108,0.7266501498924882,0.7602563957283079,0.8583955164432037,0.8523117650680293,0.9147096274372509,0.6307233158979876,0.7561375687449,False,1,0.7561375687449,119
1159_29.png,00644,"single slender palm tree rising from shallow turquoise ocean, calm reflective water in foreground, low sunset reflection behind the tree, clear turquoise ocean, muted colors",1,"[0, 3, 1, 0, 0, 2]",0.9171701669692993,0.5630371570587158,0.02573505789041519,0.1604215007111428,0.6958349047172662,0.8770169858579283,0.1144104736523255,0.8855895263476745,0.963418617297204,0.8972977013171947,0.8972977013171947,0.5,0.0,0.0,0.8030315359191654,0.6932381327530037,0.7553242486246927,0.8262196587206979,0.8792002708859207,0.48791063248010064,0.7362169743297632,0.7556043945754708,False,1,0.7556043945754708,120
1159_29.png,00062,"single slender palm tree rising from shallow turquoise ocean, gentle surf and reflective foreground water, low sunset reflection behind the tree, clear turquoise ocean, soft atmospheric tropical photo",1,"[0, 2, 1, 0, 0, 0]",0.9265102744102478,0.5910674333572388,0.028504712507128716,0.16883338682597324,0.6987159945497086,0.8571285671657987,0.10786810439631789,0.8921318956036821,0.9590634137698542,0.8897667014398689,0.8897667014398689,0.5,0.0,0.0,0.8967878930023622,0.6168179891786203,0.6687941056034483,0.8319630446543053,0.7708705288431944,0.6902538873540123,0.6904955213982519,0.7549005973265966,False,1,0.7549005973265966,121
1159_29.png,00353,"single slender palm tree in calm turquoise water, shallow surf and reflective water in foreground, low sunset reflection behind the tree, calm turquoise water, muted colors",1,"[1, 0, 1, 0, 1, 2]",0.9138903021812439,0.5546264052391052,0.024264851585030556,0.15577179329079624,0.7193712708055586,0.8506006311487267,0.10744876525008809,0.8925512347499119,0.9554008791505306,0.8862433920095023,0.8862433920095023,0.5,0.0,0.0,0.7701081272541469,0.71616872590085,0.8031541695957092,0.8731388600581782,0.7353136735824659,0.7032232634964969,0.6520457903682697,0.7542751322128677,False,1,0.7542751322128677,122
1159_29.png,00761,"single slender palm tree in calm turquoise water, gentle surf and reflective foreground water, low sun reflection behind the tree, shallow turquoise sea, natural ocean photograph",1,"[1, 2, 0, 0, 2, 1]",0.9066438674926758,0.4992433190345764,0.023665443062782288,0.15383576652645603,0.7146041712550352,0.7920769585503473,0.10832746433291539,0.8916725356670846,0.9739647272641011,0.8633129642839561,0.8633129642839561,0.5,0.0,0.0,0.6973681376408729,0.8671620073893227,0.8230694026985402,0.86363575738006,0.41654251061996017,0.6760467429552971,0.8469313111992127,0.7538199854264821,False,1,0.7538199854264821,123
1159_29.png,00598,"single slender palm tree rising from shallow turquoise ocean, water fills foreground around the palm, muted sunset reflection behind the tree, clear turquoise ocean, soft atmospheric tropical photo",1,"[0, 1, 5, 0, 0, 0]",0.9129233360290527,0.5447829961776733,0.02679123915731907,0.16368029556827868,0.6966042238024165,0.8758471453631366,0.1102854015550421,0.8897145984449579,0.9511405150848231,0.8957594278861114,0.8957594278861114,0.5,0.0,0.0,0.7604016838941128,0.7430052338868824,0.7218021608056819,0.8277532785205229,0.8728282952656531,0.6154914036185417,0.6073199735658853,0.7534605367497444,False,1,0.7534605367497444,124
1159_29.png,00348,"single slender palm tree in calm turquoise water, shallow surf and reflective water in foreground, low sun reflection behind the tree, hazy island silhouette on right horizon, shallow turquoise sea, soft atmospheric tropical photo",1,"[1, 0, 0, 2, 2, 0]",0.9022177457809448,0.5224373936653137,0.023599760606884956,0.15362213579717265,0.7125652332525453,0.8722568088107638,0.10693877133589696,0.8930612286641031,0.9503851753521,0.8951640290676997,0.8951640290676997,0.5,0.0,0.0,0.6529385579682223,0.8039270076883276,0.8252669476137089,0.8595711816382233,0.8532721787847072,0.7189964221986851,0.599390325773279,0.7511895315396117,False,1,0.7511895315396117,125
1159_29.png,00455,"solitary slender palm tree in shallow ocean, water fills foreground around the palm, low sunset reflection behind the tree, clear turquoise ocean, soft atmospheric tropical photo",1,"[3, 1, 1, 0, 0, 0]",0.9138239026069641,0.5468446612358093,0.02647021785378456,0.16269670511041262,0.7186726674628818,0.848062585901331,0.10724475737492695,0.8927552426250731,0.9513658695689038,0.8843656724881552,0.8843656724881552,0.5,0.0,0.0,0.7694416057782745,0.7373844280815062,0.7319200133100602,0.8717462104551287,0.7214892569106692,0.7095328458304682,0.6096857721725624,0.7505552788568676,False,1,0.7505552788568676,126
1159_29.png,00181,"single slender palm tree in calm turquoise water, water fills foreground around the palm, low sunset reflection behind the tree, clear turquoise ocean, natural ocean photograph",1,"[1, 1, 1, 0, 0, 1]",0.9031311273574829,0.5282163619995117,0.027103856205940247,0.16463248830634933,0.6964559166246986,0.8785270408347801,0.10329579457237452,0.8967042054276255,0.9648478053947657,0.9021532013542731,0.9021532013542731,0.5,0.0,0.0,0.6621071173006,0.7881715586478736,0.7120072857105733,0.8274576315924868,0.887425352459521,0.8316668855914809,0.7512207636871582,0.7504656831234394,False,1,0.7504656831234394,127
1159_29.png,00209,"solitary slender palm tree in shallow ocean, water fills foreground around the palm, low sun reflection behind the tree, clear turquoise ocean, soft atmospheric tropical photo",1,"[3, 1, 0, 0, 0, 0]",0.9065139293670654,0.515786349773407,0.023904509842395782,0.15461083352209115,0.6693781920201252,0.81939697265625,0.1045268126188802,0.8954731873811198,0.9713263613118486,0.8764095255410742,0.8764095255410742,0.5,0.0,0.0,0.6960638137473345,0.8220600336965593,0.8150965584317696,0.7734788139739597,0.565351228221388,0.7935937979084886,0.8192334266010572,0.7499983052435469,False,1,0.7499983052435469,128
1159_29.png,00398,"single slender palm tree in calm turquoise water, gentle surf and reflective foreground water, low sunset reflection behind the tree, clear turquoise ocean, natural ocean photograph",1,"[1, 2, 1, 0, 0, 1]",0.9101161360740662,0.5539345145225525,0.02753644809126854,0.16594109825859457,0.7080691545275734,0.8800924795645256,0.10343686292342641,0.8965631370765736,0.9536715501058755,0.9005730238020124,0.9005730238020124,0.5,0.0,0.0,0.7322229029702686,0.7180550572139497,0.6985460708556587,0.8506083527064006,0.8959521024441309,0.8273039051184174,0.6338910850779731,0.7496321073551657,False,1,0.7496321073551657,129
1159_29.png,00447,"solitary slender palm tree in shallow ocean, shallow surf and reflective water in foreground, low sun reflection behind the tree, hazy island silhouette on right horizon, clear turquoise ocean, soft atmospheric tropical photo",1,"[3, 0, 0, 2, 0, 0]",0.9086368680000305,0.559124231338501,0.025373799726366997,0.15929155572837814,0.7080635433474276,0.8745173701533565,0.10236839441791638,0.8976316055820837,0.9620318842374578,0.9001102553702311,0.9001102553702311,0.5,0.0,0.0,0.7173739532501597,0.7039061098414234,0.7669475991586931,0.8505971669485817,0.8655851751523737,0.8603496392668889,0.7216588830898024,0.7496080133798873,False,1,0.7496080133798873,130
1159_29.png,00026,"single slender palm tree in calm turquoise water, shallow surf and reflective water in foreground, low sunset reflection behind the tree, clear turquoise ocean, soft atmospheric tropical photo",1,"[1, 0, 1, 0, 0, 0]",0.9192694425582886,0.5593975186347961,0.027310552075505257,0.16525904536667654,0.67647949826933,0.8603945131655092,0.11157095509767373,0.8884290449023262,0.9515334020878919,0.8884343770578716,0.8884343770578716,0.5,0.0,0.0,0.8241041448780756,0.7031610349731805,0.7055621114296828,0.7876351037094121,0.7886597303453794,0.5757316349549298,0.6114445488022451,0.7489344786211416,False,1,0.7489344786211416,131
1159_29.png,00573,"single slender palm tree rising from shallow turquoise ocean, water fills foreground around the palm, low sunset reflection behind the tree, hazy island silhouette on right horizon, clear turquoise ocean, muted colors",1,"[0, 1, 1, 2, 0, 2]",0.9158429503440857,0.5608780384063721,0.02754228562116623,0.16595868648903628,0.6826002576723226,0.8884672941984953,0.11139862020375776,0.8886013797962422,0.9479182993713499,0.9004044251922776,0.9004044251922776,0.5,0.0,0.0,0.7897088844799817,0.6991246304688659,0.6983651468542117,0.7998366959896298,0.9415686757372407,0.5810616311686551,0.5734927636195363,0.7487958331480109,False,1,0.7487958331480109,132
1159_29.png,00394,"single slender palm tree in calm turquoise water, gentle surf and reflective foreground water, low sun reflection behind the tree, shallow turquoise sea, soft atmospheric tropical photo",1,"[1, 2, 0, 0, 2, 0]",0.9112581610679626,0.5192657709121704,0.025247331708669662,0.15889408959640275,0.686597333491812,0.8048073097511574,0.10819469670408251,0.8918053032959175,0.9705665078611873,0.8684084471138295,0.8684084471138295,0.5,0.0,0.0,0.7436865937043038,0.8125739387273829,0.771036194840617,0.8078047741726541,0.48588314966447127,0.6801529976023062,0.811256393252079,0.7485410139755532,False,1,0.7485410139755532,133
1159_29.png,00066,"single slender palm tree in calm turquoise water, shallow surf and reflective water in foreground, low sun reflection behind the tree, shallow turquoise sea, soft atmospheric tropical photo",1,"[1, 0, 0, 0, 2, 0]",0.9136267900466919,0.5136195421218872,0.025757722556591034,0.16049212615138175,0.6650782932173838,0.7990338360821759,0.11063047624492746,0.8893695237550725,0.9658111363951191,0.8640067868302783,0.8640067868302783,0.5,0.0,0.0,0.7674629823305994,0.8279674942604047,0.7545977493162868,0.7649070651789336,0.454435756941452,0.6048188883272493,0.7613339289419,0.7475735221152378,False,1,0.7475735221152378,134
1159_29.png,00508,"single slender palm tree rising from shallow turquoise ocean, shallow surf and reflective water in foreground, low sunset reflection behind the tree, minimal horizon detail, clear turquoise ocean, soft atmospheric tropical photo",1,"[0, 0, 1, 5, 0, 0]",0.9359660744667053,0.6267759203910828,0.02944306470453739,0.17158981527042155,0.6478764126502081,0.8843123824508101,0.11499289086385463,0.8850071091361453,0.9544488728051043,0.8985828348615362,0.8985828348615362,0.5,0.0,0.0,0.9917055770017782,0.5194644106092161,0.6404396861224912,0.7306155141940909,0.9189373884134703,0.4698975565340758,0.6420515127094716,0.7473937324034409,False,1,0.7473937324034409,135
1159_29.png,00167,"single slender palm tree in calm turquoise water, shallow surf and reflective water in foreground, low sunset reflection behind the tree, shallow turquoise sea, soft atmospheric tropical photo",1,"[1, 0, 1, 0, 2, 0]",0.9208700656890869,0.5694752931594849,0.02753208763897419,0.16592795918402115,0.6680213878071758,0.8670575177228009,0.11136557969585523,0.8886344203041447,0.949110807869898,0.8910200916556906,0.8910200916556906,0.5,0.0,0.0,0.8401712613171038,0.6756855663804019,0.6986812279401087,0.7707740561619804,0.8249522871390755,0.582083512332814,0.5860118619451139,0.7466843019858672,False,1,0.7466843019858672,136
1159_29.png,00393,"single slender palm tree in calm turquoise water, gentle surf and reflective foreground water, low sun reflection behind the tree, calm turquoise water, natural ocean photograph",1,"[1, 2, 0, 0, 1, 1]",0.9078745245933533,0.503940999507904,0.023886248469352722,0.15455176630939138,0.7089918676270888,0.790622287326389,0.11178092310252179,0.8882190768974783,0.9713009639607952,0.8609168990031515,0.8609168990031515,0.5,0.0,0.0,0.7097215208655924,0.8543545197850284,0.8157041622786365,0.8524477599254456,0.40861909745736685,0.569237716947886,0.818966802140575,0.7453741867558895,False,1,0.7453741867558895,137
1159_29.png,00553,"single slender palm tree rising from shallow turquoise ocean, water fills foreground around the palm, low sun reflection behind the tree, faint distant land on right horizon, soft teal ocean water, soft atmospheric tropical photo",1,"[0, 1, 0, 1, 4, 0]",0.9168534874916077,0.5510839223861694,0.026758519932627678,0.16358031645839202,0.6657831878709201,0.829586452907986,0.10547954009633745,0.8945204599036626,0.959934096572314,0.8783828840893385,0.8783828840893385,0.5,0.0,0.0,0.79985269516395,0.7258267487240289,0.7228306110913292,0.7663122563646465,0.6208520593486424,0.7641277174637802,0.6996360546755032,0.7453544959928433,False,1,0.7453544959928433,138
1159_29.png,00169,"single slender palm tree in calm turquoise water, shallow surf and reflective water in foreground, low sunset reflection behind the tree, faint distant land on right horizon, calm turquoise water, soft atmospheric tropical photo",1,"[1, 0, 1, 1, 1, 0]",0.9174503684043884,0.5607613921165466,0.024010583758354187,0.15495348901639547,0.7053989505425464,0.835055881076389,0.10955071384497908,0.890449286155021,0.9461897544318304,0.8766703475249985,0.8766703475249985,0.5,0.0,0.0,0.8058442086822499,0.699442648247961,0.8115717806917461,0.8452853628312583,0.6506433540602111,0.6382139215249568,0.555346289959709,0.7452822820620838,False,1,0.7452822820620838,139
1159_29.png,00234,"single slender palm tree rising from shallow turquoise ocean, shallow surf and reflective water in foreground, low sunset reflection behind the tree, shallow turquoise sea, muted colors",1,"[0, 0, 1, 0, 2, 2]",0.9349633455276489,0.6080551743507385,0.029755474999547005,0.17249775360724848,0.6689944459968096,0.8620159007884838,0.1164609679646029,0.8835390320353971,0.9457825734979621,0.886302331266799,0.886302331266799,0.5,0.0,0.0,0.9816401454141647,0.5705035828594754,0.6311000406413674,0.7727138251535589,0.7974912269900881,0.424492675313334,0.5510716553104771,0.7448775447822739,False,1,0.7448775447822739,140
1159_29.png,00697,"single slender palm tree in calm turquoise water, shallow surf and reflective water in foreground, low sunset reflection behind the tree, faint distant land on right horizon, gentle turquoise water, soft atmospheric tropical photo",1,"[1, 0, 1, 1, 3, 0]",0.9239420294761658,0.5708532333374023,0.026128612458705902,0.16164347329448814,0.6567643518508726,0.8442247178819445,0.11071449703933064,0.8892855029606693,0.9393103703031705,0.8790131231437435,0.8790131231437435,0.5,0.0,0.0,0.8710077517524608,0.6719288290185617,0.7427542422121602,0.7483334153886466,0.7005848673274648,0.6022202821722973,0.4831256840428824,0.7443520612835148,False,1,0.7443520612835148,141
1159_29.png,00779,"single slender palm tree in calm turquoise water, calm reflective water in foreground, low sun reflection behind the tree, clear turquoise ocean, muted colors",1,"[1, 3, 0, 0, 0, 2]",0.9184073209762573,0.5253267884254456,0.026840558275580406,0.16383088315571154,0.6593202404594479,0.7627495659722223,0.10657705239104497,0.893422947608955,0.9784926413825422,0.8516338646271429,0.8516338646271429,0.5,0.0,0.0,0.8154501353385618,0.7960495269221469,0.7202531187359353,0.7534285202052551,0.2567998522440444,0.7301837131917283,0.8944659007870854,0.7437673059748029,False,1,0.7437673059748029,142
1159_29.png,00312,"single slender palm tree rising from shallow turquoise ocean, gentle surf and reflective foreground water, low sunset reflection behind the tree, clear turquoise ocean, muted colors",1,"[0, 2, 1, 0, 0, 2]",0.9178189039230347,0.5670561790466309,0.027607383206486702,0.16615469661278523,0.700094144310721,0.8637248851634839,0.11197457516667991,0.8880254248333201,0.9559253038800402,0.8906701577912378,0.8906701577912378,0.5,0.0,0.0,0.8095435823674556,0.6822809008629543,0.6963488589717941,0.8347103543225683,0.8067998522440443,0.5632484204955615,0.6575512645523846,0.7434172608156435,False,1,0.7434172608156435,143
1159_29.png,00401,"single slender palm tree in calm turquoise water, gentle surf and reflective foreground water, soft pale sunset haze, clear turquoise ocean, soft atmospheric tropical photo",1,"[1, 2, 2, 0, 0, 0]",0.9131259918212891,0.5537834167480469,0.02445993572473526,0.15639672542842853,0.7078342530543474,0.8562797263816551,0.1126052814161447,0.8873947185838553,0.9519821830812673,0.8863104649923476,0.8863104649923476,0.5,0.0,0.0,0.7624359505170627,0.7184670015522258,0.7967257103287017,0.8501400820534284,0.7662469987071354,0.5437418548475218,0.6161559059033108,0.7432476601007643,False,1,0.7432476601007643,144
1159_29.png,00314,"single slender palm tree rising from shallow turquoise ocean, gentle surf and reflective foreground water, low sunset reflection behind the tree, shallow turquoise sea, soft atmospheric tropical photo",1,"[0, 2, 1, 0, 2, 0]",0.9272741675376892,0.5981279611587524,0.02881615050137043,0.16975320468659916,0.6993317579926149,0.8530341254340278,0.1113616324075911,0.8886383675924089,0.9582967985613559,0.8865481448149268,0.8865481448149268,0.5,0.0,0.0,0.9044558815434579,0.597568569638256,0.659332259598052,0.8331905548334725,0.7485686141722591,0.5822055945822312,0.6824475022983811,0.7431533960592855,False,1,0.7431533960592855,145
1159_29.png,00614,"single slender palm tree rising from shallow turquoise ocean, gentle surf and reflective foreground water, low sunset reflection behind the tree, clear turquoise ocean, soft hazy tropical photo",1,"[0, 2, 1, 0, 0, 3]",0.9214427471160889,0.587061882019043,0.02787589654326439,0.16696076348431205,0.699577085072083,0.865915369104456,0.10971502685477269,0.8902849731452274,0.9554847630355516,0.892358609304945,0.892358609304945,0.5,0.0,0.0,0.8459198594680751,0.6277384954590246,0.6880571297774423,0.8336796086913162,0.818731145724312,0.6331320271960434,0.652926413530107,0.7428938435460971,False,1,0.7428938435460971,146
1159_29.png,00723,"single slender palm tree in calm turquoise water, shallow surf and reflective water in foreground, muted sunset reflection behind the tree, clear turquoise ocean, soft atmospheric tropical photo",1,"[1, 0, 5, 0, 0, 0]",0.9190249443054199,0.5766624808311462,0.027253447100520134,0.16508618082843923,0.7183852356149681,0.8459308765552662,0.10712827962241778,0.8928717203775822,0.9529670500056546,0.8837674065831546,0.8837674065831546,0.5,0.0,0.0,0.8216498620288578,0.6560908286077549,0.7073403087343996,0.8711732217153855,0.7098781013359604,0.7131352850448934,0.6264951578910543,0.7412216899709322,False,1,0.7412216899709322,147
1159_29.png,00131,"single slender palm tree rising from shallow turquoise ocean, water fills foreground around the palm, low sunset reflection behind the tree, calm turquoise water, natural ocean photograph",1,"[0, 1, 1, 0, 1, 1]",0.9192095994949341,0.579461932182312,0.0272358488291502,0.16503287196540634,0.6805123366233513,0.8679120099103009,0.1119050336860617,0.8880949663139384,0.9622251244103275,0.8938386675515793,0.8938386675515793,0.5,0.0,0.0,0.8235034379105928,0.6484585644121692,0.7078886784435905,0.7956744736777421,0.8296065997660533,0.5653992085337206,0.7236875417765563,0.7408536200285238,False,1,0.7408536200285238,148
1159_29.png,00417,"single isolated slender palm tree in shallow turquoise water, shallow surf and reflective water in foreground, low sunset reflection behind the tree, clear turquoise ocean, muted colors",1,"[2, 0, 1, 0, 0, 2]",0.9122018218040466,0.5323553085327148,0.02752198465168476,0.16589751249396345,0.7063239812056735,0.8370152226200811,0.1089631612018406,0.8910368387981594,0.9414144628202233,0.876802636322437,0.876802636322437,0.5,0.0,0.0,0.7531590964026986,0.7768873713303641,0.6989944224376626,0.8471293900597519,0.6613156436618858,0.6563858267736923,0.5052147015544276,0.7393563849550047,False,1,0.7393563849550047,149
1159_29.png,00493,"single slender palm tree rising from shallow turquoise ocean, shallow surf and reflective water in foreground, low sunset reflection behind the tree, bright turquoise tropical water, soft atmospheric tropical photo",1,"[0, 0, 1, 0, 5, 0]",0.9227721691131592,0.5988267660140991,0.027723180130124092,0.16650279316012717,0.7100794350357702,0.8486288565176506,0.10289468857887961,0.8971053114211204,0.9481210622947613,0.8854940568892871,0.8854940568892871,0.5,0.0,0.0,0.8592646485146264,0.5956633880122411,0.692768111014021,0.8546158003962891,0.7245736625007707,0.8440723443935283,0.5756213932922475,0.7389351746081863,False,1,0.7389351746081863,150
1159_29.png,00810,"single isolated slender palm tree in shallow turquoise water, shallow surf and reflective water in foreground, low sunset reflection behind the tree, calm turquoise water, muted colors",1,"[2, 0, 1, 0, 1, 2]",0.9129730463027954,0.5439698696136475,0.025663308799266815,0.16019771783414025,0.7072224473753608,0.8436431884765625,0.11104452249684792,0.8889554775031521,0.9420722146930085,0.8791882948791581,0.8791882948791581,0.5,0.0,0.0,0.7609006775304482,0.7452220956867883,0.75762622514796,0.8489204615850814,0.6974173490118822,0.592013211514527,0.5121198602004713,0.738802134902806,False,1,0.738802134902806,151
1159_29.png,00812,"single isolated slender palm tree in shallow turquoise water, shallow surf and reflective water in foreground, low sunset reflection behind the tree, gentle turquoise water, soft atmospheric tropical photo",1,"[2, 0, 1, 0, 3, 0]",0.9211492538452148,0.5546988844871521,0.03062574565410614,0.17500213042733548,0.6550902492850887,0.8495048240379051,0.11126057767408469,0.8887394223259153,0.9460544518602325,0.8825468590031741,0.8825468590031741,0.5,0.0,0.0,0.8429737627470737,0.7159711226206356,0.6053383884431569,0.7449961306502573,0.7293449485932402,0.5853310286410511,0.5539258672125339,0.7386005769104778,False,1,0.7386005769104778,152
1159_29.png,00688,"single slender palm tree in calm turquoise water, shallow surf and reflective water in foreground, low sun reflection behind the tree, minimal horizon detail, clear turquoise ocean, soft atmospheric tropical photo",1,"[1, 0, 0, 5, 0, 0]",0.9057067632675171,0.5146629810333252,0.023875033482909203,0.1545154797517362,0.7045702897328393,0.7950823748553241,0.10648155470350684,0.8935184452964932,0.9696727695171312,0.8644530784420947,0.8644530784420947,0.5,0.0,0.0,0.6879614494508677,0.8251227220371858,0.81607742946043,0.8436334466762633,0.4329126392907717,0.7331372782036167,0.8018738201130206,0.7382360823554658,False,1,0.7382360823554658,153
1159_29.png,00574,"single slender palm tree rising from shallow turquoise ocean, water fills foreground around the palm, low sunset reflection behind the tree, hazy island silhouette on right horizon, calm turquoise water, natural ocean photograph",1,"[0, 1, 1, 2, 1, 1]",0.9249854683876038,0.5851941108703613,0.029368482530117035,0.17137235054149497,0.6644121290638937,0.8688908329716435,0.11333974199620803,0.886660258003792,0.9445389949305643,0.8902397641246796,0.8902397641246796,0.5,0.0,0.0,0.8814818316058022,0.6328306799892878,0.6426766700567981,0.7635790823491219,0.8349381271932526,0.5210263616475425,0.5380164172305896,0.737623426555362,False,1,0.737623426555362,154
1159_29.png,00915,"single slender tropical palm tree in shallow water, shallow surf and reflective water in foreground, low sun reflection behind the tree, calm turquoise water, soft atmospheric tropical photo",1,"[5, 0, 0, 0, 1, 0]",0.9176236391067505,0.5299617648124695,0.029223525896668434,0.17094889849504277,0.5984932865808095,0.8415459526909723,0.10846199715359162,0.8915380028464084,0.9346970516317114,0.8776733900335228,0.8776733900335228,0.5,0.0,0.0,0.8075835066448721,0.7834129921556698,0.6470325737913418,0.6321713947394387,0.6859939666317806,0.6718858942233187,0.434694507136775,0.737600790857744,False,1,0.737600790857744,155
1159_29.png,00358,"single slender palm tree in calm turquoise water, shallow surf and reflective water in foreground, low sunset reflection behind the tree, faint distant land on right horizon, shallow turquoise sea, soft atmospheric tropical photo",1,"[1, 0, 1, 1, 2, 0]",0.9161779880523682,0.5674315094947815,0.024448206648230553,0.15635922309934439,0.7044742647518496,0.8420952690972222,0.11134069773301639,0.8886593022669836,0.9517118197036567,0.8803159908279257,0.8803159908279257,0.5,0.0,0.0,0.7930720058586879,0.6812576213765149,0.7971114837277922,0.8434420230979768,0.6889860247491228,0.5828530649446374,0.6133175984932902,0.7368923780399103,False,1,0.7368923780399103,156
1159_29.png,00440,"single isolated slender palm tree in shallow turquoise water, gentle surf and reflective foreground water, low sunset reflection behind the tree, clear turquoise ocean, soft atmospheric tropical photo",1,"[2, 2, 1, 0, 0, 0]",0.9148645401000977,0.5422587990760803,0.029026322066783905,0.17037113037948626,0.6836944512808025,0.8435861093026621,0.10983743999475655,0.8901625600052434,0.948009030191515,0.8807724512263361,0.8807724512263361,0.5,0.0,0.0,0.7798875648871222,0.7498870606252064,0.6529758731881417,0.8020179456364898,0.6971064458535989,0.6293460175389235,0.5744452667339291,0.736771604892044,False,1,0.736771604892044,157
1159_29.png,00884,"solitary slender palm tree in shallow ocean, water fills foreground around the palm, low sun reflection behind the tree, clear turquoise ocean, muted colors",1,"[3, 1, 0, 0, 0, 2]",0.9017228484153748,0.5161575675010681,0.023094670847058296,0.1519693088984032,0.6867653218763272,0.8161881058304399,0.1054644804549515,0.8945355195450485,0.9735634772647729,0.8750847749174195,0.8750847749174195,0.5,0.0,0.0,0.6479707592122362,0.8210479668962505,0.8422690023238567,0.8081396551311616,0.5478729298774863,0.7645934840287696,0.8427189402175017,0.7367495163430263,False,1,0.7367495163430263,158
1159_29.png,00771,"single slender palm tree in calm turquoise water, gentle surf and reflective foreground water, low sunset reflection behind the tree, shallow turquoise sea, soft atmospheric tropical photo",1,"[1, 2, 1, 0, 2, 0]",0.9104534983634949,0.55349200963974,0.025802385061979294,0.16063120824416185,0.7208042889267777,0.8414024070457176,0.10641472490733375,0.8935852750926663,0.9566569830203132,0.8827173260570687,0.8827173260570687,0.5,0.0,0.0,0.7356093585837675,0.7192614772405221,0.7531670602632409,0.8759955485332602,0.6852120913624331,0.7352041989094162,0.665232520586203,0.7363205739911605,False,1,0.7363205739911605,159
1159_29.png,00623,"single slender palm tree rising from shallow turquoise ocean, gentle surf and reflective foreground water, low sunset reflection behind the tree, subtle right horizon landform, clear turquoise ocean, soft atmospheric tropical photo",1,"[0, 2, 1, 3, 0, 0]",0.9191468954086304,0.5872408747673035,0.02729341760277748,0.16520719597758896,0.7147572275604188,0.855711195203993,0.10822630007478024,0.8917736999252197,0.954696721369765,0.8881301770895768,0.8881301770895768,0.5,0.0,0.0,0.8228740118849036,0.6272504998582977,0.7060954680386606,0.8639408715842378,0.7631502801206671,0.679175564406206,0.6446534568923592,0.7361055722358265,False,1,0.7361055722358265,160
1159_29.png,00063,"single slender palm tree rising from shallow turquoise ocean, calm reflective water in foreground, low sun reflection behind the tree, clear turquoise ocean, soft atmospheric tropical photo",1,"[0, 3, 0, 0, 0, 0]",0.9109784364700317,0.5213443040847778,0.026829468086361885,0.1637970332037851,0.6724469099510242,0.8016040943287037,0.11009025016915117,0.8899097498308488,0.9736910062259363,0.866928456133901,0.866928456133901,0.5,0.0,0.0,0.7408787074509203,0.8069071446586014,0.720601321403146,0.7795962321814971,0.4684356338114884,0.6215270712901663,0.8440577546629394,0.7353966054397876,False,1,0.7353966054397876,161
1159_29.png,00328,"single slender palm tree rising from shallow turquoise ocean, calm reflective water in foreground, low sunset reflection behind the tree, clear turquoise ocean, natural ocean photograph",1,"[0, 3, 1, 0, 0, 1]",0.9194793701171875,0.595929741859436,0.028464259579777718,0.16871354296492536,0.6670181255700821,0.8704093650535301,0.10577757972705895,0.8942224202729411,0.963763867819556,0.8974148349335291,0.8974148349335291,0.5,0.0,0.0,0.8262114057739667,0.6035616691237075,0.670026897666385,0.7687740761004914,0.8432093825032322,0.7549099086544975,0.7398414560349621,0.733712992654353,False,1,0.733712992654353,162
1159_29.png,00936,"single slender palm tree rising from shallow turquoise ocean, shallow surf and reflective water in foreground, low sun reflection behind the tree, subtle right horizon landform, shallow turquoise sea, muted colors",1,"[0, 0, 0, 3, 2, 2]",0.9150359630584717,0.5534341335296631,0.02757563814520836,0.16605914050484652,0.676901164399503,0.8281702112268517,0.10829755883199783,0.8917024411680021,0.9628306772145466,0.8773385849037934,0.8773385849037934,0.5,0.0,0.0,0.7816083151246527,0.7194192673598382,0.6973318113767146,0.788475685385639,0.6131379671242994,0.6769716642120315,0.7300447082928356,0.7326166319023579,False,1,0.7326166319023579,163
1159_29.png,00373,"single slender palm tree in calm turquoise water, water fills foreground around the palm, low sun reflection behind the tree, calm turquoise water, muted colors",1,"[1, 1, 0, 0, 1, 2]",0.918360710144043,0.5309121012687683,0.027240028604865074,0.1650455349437393,0.6405475335738554,0.7508963125723379,0.10488099109055533,0.8951190089094446,0.980143871819604,0.8472237681397785,0.8472237681397785,0.5,0.0,0.0,0.8149822540152833,0.7808220491460158,0.7077584187953654,0.7160055632920913,0.19223665579018656,0.7826397196593564,0.9118007174570979,0.7323021817542734,False,1,0.7323021817542734,164
1159_29.png,00135,"single slender palm tree rising from shallow turquoise ocean, water fills foreground around the palm, low sunset reflection behind the tree, hazy island silhouette on right horizon, clear turquoise ocean, soft atmospheric tropical photo",1,"[0, 1, 1, 2, 0, 0]",0.9181022644042969,0.5791527032852173,0.029131107032299042,0.1706783730655382,0.6694574338883081,0.8764111554181135,0.10834212601800405,0.8916578739819959,0.9452142760111202,0.8955081310340738,0.8955081310340738,0.5,0.0,0.0,0.8123879657573096,0.6493016284070315,0.6498153746740885,0.7736367808051046,0.8759003878593864,0.675593284434891,0.5451055996181151,0.7322897999252259,False,1,0.7322897999252259,165
1159_29.png,00003,"single slender palm tree rising from shallow turquoise ocean, shallow surf and reflective water in foreground, low sun reflection behind the tree, calm turquoise water, soft atmospheric tropical photo",1,"[0, 0, 0, 0, 1, 0]",0.9148485660552979,0.5485769510269165,0.027959084138274193,0.16720970108900438,0.6548800908829819,0.8488944724754051,0.1139180601404982,0.8860819398595018,0.9617714709880738,0.8844854857623726,0.8844854857623726,0.5,0.0,0.0,0.7797272168121366,0.7326616121827623,0.6854963953305724,0.7445771847371871,0.7260204395739703,0.5031400621909857,0.7189250333283204,0.7322773956873267,False,1,0.7322773956873267,166
1159_29.png,00392,"single slender palm tree in calm turquoise water, gentle surf and reflective foreground water, low sun reflection behind the tree, clear turquoise ocean, muted colors",1,"[1, 2, 0, 0, 0, 2]",0.9031002521514893,0.506311297416687,0.02422906458377838,0.15565688093938662,0.7074832438710218,0.7889946831597223,0.1070805589184141,0.8929194410815859,0.971238290780124,0.8618170699564549,0.8618170699564549,0.5,0.0,0.0,0.6617971907974565,0.8478922750117652,0.804336232936397,0.8494403533662563,0.39975374007264747,0.7146111972404823,0.8183088515161938,0.7322083294668151,False,1,0.7322083294668151,167
1159_29.png,00944,"single slender palm tree rising from shallow turquoise ocean, shallow surf and reflective water in foreground, low sun reflection behind the tree, minimal horizon detail, calm turquoise water, natural ocean photograph",1,"[0, 0, 0, 5, 1, 1]",0.922554075717926,0.572543203830719,0.029640736058354378,0.17216485140223708,0.6208663131470928,0.8460625542534722,0.11059574944029926,0.8894042505597007,0.961452230034755,0.8843100831169088,0.8843100831169088,0.5,0.0,0.0,0.8570754186401047,0.6673213900350745,0.6345244896910208,0.6767715056509699,0.7105953333743767,0.6058929234978253,0.7155736032219394,0.7320673990768003,False,1,0.7320673990768003,168
1159_29.png,00185,"single slender palm tree in calm turquoise water, gentle surf and reflective foreground water, low sun reflection behind the tree, clear turquoise ocean, natural ocean photograph",1,"[1, 2, 0, 0, 0, 1]",0.9077324867248535,0.5127074718475342,0.025944925844669342,0.1610742867271786,0.6922903349210423,0.7743999339916088,0.10473194868984187,0.8952680513101581,0.972620205036229,0.8563478292620251,0.8563478292620251,0.5,0.0,0.0,0.7082957392883896,0.8304541105382349,0.7486092662106703,0.8191536408273705,0.32025795727390277,0.7872493225867498,0.8328163543732042,0.7318483388656964,False,1,0.7318483388656964,169
1159_29.png,00233,"single slender palm tree rising from shallow turquoise ocean, shallow surf and reflective water in foreground, low sunset reflection behind the tree, calm turquoise water, soft hazy tropical photo",1,"[0, 0, 1, 0, 1, 3]",0.9244232177734375,0.5979788899421692,0.02728721871972084,0.16518843397684005,0.6975222790223378,0.8415357801649307,0.1096743760992921,0.8903256239007079,0.9508113436452164,0.8804673381685099,0.8804673381685099,0.5,0.0,0.0,0.8758379383545416,0.5979749888848155,0.7062884662064919,0.8295834003643464,0.6859385581481263,0.6343892790959517,0.6038642920144112,0.7317814202244911,False,1,0.7317814202244911,170
1159_29.png,00197,"single isolated slender palm tree in shallow turquoise water, shallow surf and reflective water in foreground, low sunset reflection behind the tree, calm turquoise water, soft atmospheric tropical photo",1,"[2, 0, 1, 0, 1, 0]",0.9190012812614441,0.5597665905952454,0.030326636508107185,0.17414544641795027,0.6600229649981547,0.8520428692853009,0.11092981812247575,0.8890701818775243,0.9488075029723141,0.8843553554299817,0.8843553554299817,0.5,0.0,0.0,0.8214123314849429,0.7021548182699833,0.6141507985072236,0.7548293853172561,0.7431693652650375,0.5955608034572224,0.582827730477619,0.7317044611277976,False,1,0.7317044611277976,171
1159_29.png,00772,"single slender palm tree in calm turquoise water, gentle surf and reflective foreground water, low sunset reflection behind the tree, faint distant land on right horizon, clear turquoise ocean, natural ocean photograph",1,"[1, 2, 1, 1, 0, 1]",0.9130234122276306,0.563579797744751,0.02432902716100216,0.15597764955596094,0.7069833595004091,0.8508046468098959,0.11396326506893345,0.8860367349310665,0.953803604391664,0.8837356691686592,0.8837356691686592,0.5,0.0,0.0,0.7614062526176225,0.691758708194556,0.8010365978854698,0.8484438454371117,0.7364249215046486,0.5017419582323105,0.6352774069281851,0.7311613428960357,False,1,0.7311613428960357,172
1159_29.png,00002,"single slender palm tree rising from shallow turquoise ocean, shallow surf and reflective water in foreground, low sun reflection behind the tree, clear turquoise ocean, natural ocean photograph",1,"[0, 0, 0, 0, 0, 1]",0.9228487610816956,0.5608100295066833,0.02942264825105667,0.1715303129218176,0.6362275304360877,0.8166283501519098,0.10952198846490971,0.8904780115350903,0.9563517189070255,0.8704204053870461,0.8704204053870461,0.5,0.0,0.0,0.8600334816353589,0.6993100460467644,0.6410517660608681,0.7073937369702576,0.5502708859200894,0.6391023438492378,0.6620278210354897,0.7308616829004485,False,1,0.7308616829004485,173
1159_29.png,00207,"solitary slender palm tree in shallow ocean, shallow surf and reflective water in foreground, low sun reflection behind the tree, faint distant land on right horizon, clear turquoise ocean, soft atmospheric tropical photo",1,"[3, 0, 0, 1, 0, 0]",0.9123859405517578,0.5810050368309021,0.026517238467931747,0.16284114488645599,0.6862418299893293,0.8674825032552084,0.10471059131742974,0.8952894086825702,0.9626549638834476,0.8962494122804329,0.8962494122804329,0.5,0.0,0.0,0.7550072874610199,0.6442515320754325,0.7304342116351001,0.8070960861642082,0.8272671304561969,0.7879098662033398,0.728200048509009,0.7305665824076083,False,1,0.7305665824076083,174
1159_29.png,00384,"single slender palm tree in calm turquoise water, water fills foreground around the palm, low sunset reflection behind the tree, shallow turquoise sea, soft atmospheric tropical photo",1,"[1, 1, 1, 0, 2, 0]",0.9122368693351746,0.5832122564315796,0.028278831392526627,0.16816310948756455,0.688846209511571,0.8763512505425347,0.10248463866654572,0.8975153613334543,0.9607481386959611,0.9006380669500419,0.9006380669500419,0.5,0.0,0.0,0.7535109048657265,0.6382338946826518,0.675689015159362,0.8122878564954853,0.8755740934556425,0.8567544218910993,0.7081819672618769,0.7301824742907554,False,1,0.7301824742907554,175
1159_29.png,00776,"single slender palm tree in calm turquoise water, gentle surf and reflective foreground water, soft pale sunset haze, calm turquoise water, soft atmospheric tropical photo",1,"[1, 2, 2, 0, 1, 0]",0.9062561392784119,0.5532014966011047,0.024190641939640045,0.15553341100753898,0.7223359369287291,0.8591421621817129,0.10970860082676073,0.8902913991732393,0.9538181182795953,0.8889795863483235,0.8889795863483235,0.5,0.0,0.0,0.6934761069401998,0.7200535153883554,0.8056063251268707,0.8790488533940073,0.7818383303576925,0.6333307722336536,0.6354297754776079,0.7301316511233615,False,1,0.7301316511233615,176
1159_29.png,00077,"single slender palm tree in calm turquoise water, water fills foreground around the palm, low sunset reflection behind the tree, clear turquoise ocean, soft atmospheric tropical photo",1,"[1, 1, 1, 0, 0, 0]",0.9119004011154175,0.5682626962661743,0.02877514436841011,0.16963238007058118,0.678681267573537,0.8652863679108797,0.10702005139817049,0.8929799486018295,0.9701199166966813,0.8959458309098725,0.8959458309098725,0.5,0.0,0.0,0.750133423957917,0.6789915212592529,0.660575140345818,0.7920242798844954,0.8153050544850092,0.7164825817666901,0.806568025239112,0.7296265819503589,False,1,0.7296265819503589,177
1159_29.png,00361,"single slender palm tree in calm turquoise water, shallow surf and reflective water in foreground, low sunset reflection behind the tree, subtle right horizon landform, clear turquoise ocean, soft atmospheric tropical photo",1,"[1, 0, 1, 3, 0, 0]",0.9146918654441833,0.563920259475708,0.02795116975903511,0.1671860333850741,0.651134901708616,0.8648709897641783,0.10743390362758017,0.8925660963724198,0.9444530543986723,0.8904806900039616,0.8904806900039616,0.5,0.0,0.0,0.7781542500616263,0.6908304927861803,0.6857398567586177,0.7371112367543999,0.8130425414024508,0.7036829057076401,0.5371142031413673,0.7292070196102781,False,1,0.7292070196102781,178
1159_29.png,00101,"single slender palm tree rising from shallow turquoise ocean, shallow surf and reflective water in foreground, low sunset reflection behind the tree, calm turquoise water, muted colors",1,"[0, 0, 1, 0, 1, 2]",0.9223158359527588,0.5919099450111389,0.027918314561247826,0.167087745095946,0.6893718498553175,0.8493160671657985,0.10967442280366602,0.890325577196334,0.9474440242191406,0.8832949870871544,0.8832949870871544,0.5,0.0,0.0,0.8546839587307133,0.6145210135488249,0.6867509141599504,0.8133357083612672,0.7283168133965399,0.6343878346169461,0.5685137657582092,0.7286992536848507,False,1,0.7286992536848507,179
1159_29.png,00917,"single slender tropical palm tree in shallow water, shallow surf and reflective water in foreground, low sunset reflection behind the tree, clear turquoise ocean, soft atmospheric tropical photo",1,"[5, 0, 1, 0, 0, 0]",0.9282504320144653,0.6139550805091858,0.029204417020082474,0.17089299874506994,0.6852027551609166,0.841006808810764,0.10540745419821794,0.894592545801782,0.946613835450475,0.8808832220855625,0.8808832220855625,0.5,0.0,0.0,0.9142556618426626,0.5544184158457031,0.6476075950522067,0.8050247145303665,0.683057316998092,0.7663571995803099,0.5597983437412007,0.728520138706358,False,1,0.728520138706358,180
1159_29.png,00008,"single slender palm tree rising from shallow turquoise ocean, shallow surf and reflective water in foreground, low sun reflection behind the tree, clear turquoise ocean, muted colors",1,"[0, 0, 0, 0, 0, 2]",0.9180169105529785,0.5496398210525513,0.028572669252753258,0.16903452089071408,0.6625951516113465,0.8151392053674767,0.11136037794346362,0.8886396220565363,0.9598321339389366,0.8698029369229395,0.8698029369229395,0.5,0.0,0.0,0.8115311805208201,0.7297638640801437,0.6667251095244613,0.7599569798290507,0.5421596995628883,0.5822443928133828,0.6985656386287076,0.7281680480863694,False,1,0.7281680480863694,181
1159_29.png,00575,"single slender palm tree rising from shallow turquoise ocean, water fills foreground around the palm, low sunset reflection behind the tree, hazy island silhouette on right horizon, shallow turquoise sea, soft atmospheric tropical photo",1,"[0, 1, 1, 2, 2, 0]",0.9138034582138062,0.5696042776107788,0.02833312377333641,0.16832445981893543,0.6803716264505952,0.8729016339337384,0.10857878966161669,0.8914212103383833,0.9463087220261648,0.8940649032938495,0.8940649032938495,0.5,0.0,0.0,0.7692363841748416,0.675333910542915,0.674029260490854,0.7953939712033582,0.8567844609985842,0.6682737202089912,0.5565952261415835,0.7279630840736603,False,1,0.7279630840736603,182
1159_29.png,00288,"single slender palm tree rising from shallow turquoise ocean, water fills foreground around the palm, low sunset reflection behind the tree, faint distant land on right horizon, shallow turquoise sea, soft atmospheric tropical photo",1,"[0, 1, 1, 1, 2, 0]",0.9148492813110352,0.5788106322288513,0.028531551361083984,0.16891285137929554,0.6750560343914797,0.8783919722945602,0.10934122449624456,0.8906587755037554,0.9537284662436438,0.8977526522075954,0.8977526522075954,0.5,0.0,0.0,0.7797343965766883,0.650234231388241,0.6679766814169776,0.7847974613974704,0.8866896509265534,0.6446930355929098,0.6344885975702546,0.7271776935718872,False,1,0.7271776935718872,183
1159_29.png,00712,"single slender palm tree in calm turquoise water, shallow surf and reflective water in foreground, soft pale sunset haze, hazy island silhouette on right horizon, calm turquoise water, soft atmospheric tropical photo",1,"[1, 0, 2, 2, 1, 0]",0.9082208275794983,0.5640894174575806,0.026399126276373863,0.1624780793718767,0.7251822324127322,0.8624182807074652,0.10737341307837406,0.8926265869216259,0.9543111227430325,0.8913697562895349,0.8913697562895349,0.5,0.0,0.0,0.7131977235359862,0.6903693101305481,0.7341689401458963,0.8847228775988879,0.7996829403435323,0.7055537653513743,0.6406053959115369,0.7266661119988485,False,1,0.7266661119988485,184
1159_29.png,00605,"single slender palm tree rising from shallow turquoise ocean, gentle surf and reflective foreground water, low sun reflection behind the tree, faint distant land on right horizon, calm turquoise water, muted colors",1,"[0, 2, 0, 1, 1, 2]",0.9090251922607422,0.5506770610809326,0.026685195043683052,0.16335603767134857,0.6912426122863998,0.8425100821035879,0.10873612651765492,0.891263873482345,0.961081157175608,0.883288124100557,0.883288124100557,0.5,0.0,0.0,0.7212719670879593,0.7269359921374694,0.7251376888684862,0.8170650299918568,0.6912454595825893,0.6634075852788703,0.7116780355045859,0.7250418297839041,False,1,0.7250418297839041,185
1159_29.png,00491,"single slender palm tree rising from shallow turquoise ocean, shallow surf and reflective water in foreground, low sunset reflection behind the tree, gentle turquoise water, muted colors",1,"[0, 0, 1, 0, 3, 2]",0.917407751083374,0.5851392149925232,0.02711259201169014,0.16465901740169028,0.7002139411194447,0.8500275788483797,0.10833560566016778,0.8916643943398322,0.9491436305907393,0.88442367461886,0.88442367461886,0.5,0.0,0.0,0.8054164143777178,0.6329803449737266,0.7117343901455667,0.8349491664895362,0.7321923290032633,0.6757949469176885,0.5863564388349433,0.7248463712238374,False,1,0.7248463712238374,186
1159_29.png,00055,"single slender palm tree rising from shallow turquoise ocean, water fills foreground around the palm, low sunset reflection behind the tree, clear turquoise ocean, natural ocean photograph",1,"[0, 1, 1, 0, 0, 1]",0.921359121799469,0.6031829118728638,0.027829648926854134,0.16682220753501056,0.6637454984072846,0.8823519106264467,0.11668883161724873,0.8833111683827513,0.9640580588345035,0.8990288804827646,0.8990288804827646,0.5,0.0,0.0,0.845080425329252,0.5837870408648784,0.6894824065757532,0.762250169556134,0.9082589423136118,0.41744527836283696,0.7429299088611787,0.7247244761742894,False,1,0.7247244761742894,187
1159_29.png,00323,"single slender palm tree rising from shallow turquoise ocean, calm reflective water in foreground, low sun reflection behind the tree, calm turquoise water, natural ocean photograph",1,"[0, 3, 0, 0, 1, 1]",0.9266300201416016,0.5522658228874207,0.03342136740684509,0.18281511810253848,0.5985280789535213,0.8075346770109953,0.11442223561699058,0.8855777643830094,0.964948454852545,0.8663325131595102,0.8663325131595102,0.5,0.0,0.0,0.8979899052510405,0.7226044827344134,0.5249689051037876,0.6322407525295985,0.50073877978206,0.48754685689347077,0.7522773938578359,0.7247089920977968,False,1,0.7247089920977968,188
1159_29.png,00015,"single slender palm tree rising from shallow turquoise ocean, shallow surf and reflective water in foreground, low sunset reflection behind the tree, calm turquoise water, soft atmospheric tropical photo",1,"[0, 0, 1, 0, 1, 0]",0.9206878542900085,0.597785472869873,0.02765430323779583,0.1662958304883073,0.7153294723132352,0.8304143834997108,0.10445959705967454,0.8955404029403254,0.9505321632162731,0.8772320462472385,0.8772320462472385,0.5,0.0,0.0,0.8383422162975869,0.5985023101383483,0.6948970639442158,0.8650816282614151,0.625361694268301,0.7956726495439798,0.6009334221340096,0.7233868050847251,False,1,0.7233868050847251,189
1159_29.png,00536,"single slender palm tree rising from shallow turquoise ocean, shallow surf and reflective water in foreground, golden reflection behind the palm, shallow turquoise sea, soft atmospheric tropical photo",1,"[0, 0, 4, 0, 2, 0]",0.9161837697029114,0.5410610437393188,0.030945003032684326,0.17591191839293985,0.6266749465809843,0.8084637677228009,0.10948719503212379,0.8905128049678762,0.9766620765191603,0.8708205925178492,0.8708205925178492,0.5,0.0,0.0,0.7931300422888132,0.7531525523323688,0.5959797164749333,0.6883508820320987,0.505799421289171,0.6401784397042173,0.8752484096380264,0.7228168285747257,False,1,0.7228168285747257,190
1159_29.png,00082,"single isolated slender palm tree in shallow turquoise water, shallow surf and reflective water in foreground, low sunset reflection behind the tree, clear turquoise ocean, soft atmospheric tropical photo",1,"[2, 0, 1, 0, 0, 0]",0.9160492420196533,0.5598230957984924,0.030555013567209244,0.17479992439131445,0.6667699947877561,0.8573517975983797,0.11110113242122241,0.8888988675787776,0.94507099278135,0.885937111128113,0.885937111128113,0.5,0.0,0.0,0.7917796482394021,0.7020007657127108,0.6074184115173888,0.7682794331258578,0.7720864372345013,0.5902623723448202,0.5436013949570302,0.7227544596836449,False,1,0.7227544596836449,191
1159_29.png,00700,"single slender palm tree in calm turquoise water, shallow surf and reflective water in foreground, low sunset reflection behind the tree, hazy island silhouette on right horizon, shallow turquoise sea, soft atmospheric tropical photo",1,"[1, 0, 1, 2, 2, 0]",0.911454975605011,0.5788049697875977,0.02733864076435566,0.1653440073433436,0.7037676987236348,0.8584142614293983,0.10622615301164516,0.8937738469883548,0.9612164480834104,0.8913505537058355,0.8913505537058355,0.5,0.0,0.0,0.7456622255834157,0.6502496691445079,0.7046881371637443,0.8420335000655055,0.7778735455273048,0.7410363752446678,0.7130983358038264,0.7220159224551725,False,1,0.7220159224551725,192
1159_29.png,00703,"single slender palm tree in calm turquoise water, shallow surf and reflective water in foreground, low sunset reflection behind the tree, very soft distant coastline, clear turquoise ocean, soft atmospheric tropical photo",1,"[1, 0, 1, 4, 0, 0]",0.9158693552017212,0.5671771764755249,0.028186002746224403,0.16788687484798925,0.6579797224208394,0.8707654034649884,0.11408007483102006,0.88591992516898,0.9407838205008768,0.8900731694685631,0.8900731694685631,0.5,0.0,0.0,0.7899739374546777,0.6819510203869384,0.678530544697872,0.7507562285050812,0.8451486794311398,0.4981292505821078,0.498594142276417,0.7220036069698305,False,1,0.7220036069698305,193
1159_29.png,00798,"single isolated slender palm tree in shallow turquoise water, shallow surf and reflective water in foreground, low sun reflection behind the tree, soft teal ocean water, soft atmospheric tropical photo",1,"[2, 0, 0, 0, 4, 0]",0.9128122329711914,0.5256174206733704,0.029082538560032845,0.1705360330253781,0.6275945445835333,0.7971315737123842,0.10775858819998053,0.8922414118000195,0.9636471277245452,0.8637231278454887,0.8637231278454887,0.5,0.0,0.0,0.7592864271337662,0.7952571637689185,0.6512795770972513,0.6901840793774017,0.4440743704980606,0.6936410186456258,0.7386159044101667,0.7212705988695867,False,1,0.7212705988695867,194
1159_29.png,00214,"single slender palm tree rising from shallow turquoise ocean, shallow surf and reflective water in foreground, low sun reflection behind the tree, gentle turquoise water, muted colors",1,"[0, 0, 0, 0, 3, 2]",0.9140868186950684,0.5408458709716797,0.027788951992988586,0.1667001859416737,0.6653540316365704,0.8182350441261574,0.1113027493518377,0.8886972506481623,0.9460168892950634,0.8684531854426403,0.8684531854426403,0.5,0.0,0.0,0.7720807675646957,0.7537391870705054,0.6907376002123508,0.7654567433390098,0.5590223480884078,0.584026737457517,0.5535315308641682,0.7205941260169033,False,1,0.7205941260169033,195
1159_29.png,00452,"solitary slender palm tree in shallow ocean, water fills foreground around the palm, low sun reflection behind the tree, clear turquoise ocean, natural ocean photograph",1,"[3, 1, 0, 0, 0, 1]",0.9102464914321899,0.5317233204841614,0.025949208065867424,0.16108757886897246,0.6514728561314436,0.8003150092230902,0.10972912969061105,0.8902708703093889,0.9660827257220101,0.8649531039030787,0.8649531039030787,0.5,0.0,0.0,0.7335314150597955,0.7786103874324314,0.7484725345770296,0.7377849410785108,0.4614141476328262,0.632695852838583,0.7641851065156167,0.7205833162835519,False,1,0.7205833162835519,196
1159_29.png,00396,"single slender palm tree in calm turquoise water, gentle surf and reflective foreground water, low sun reflection behind the tree, faint distant land on right horizon, calm turquoise water, soft atmospheric tropical photo",1,"[1, 2, 0, 1, 1, 0]",0.9094834327697754,0.5403462648391724,0.02654910460114479,0.16293895973997377,0.6581418788533937,0.8325783058449074,0.10531992920754232,0.8946800707924577,0.9369349767797706,0.8751852577635226,0.8751852577635226,0.5,0.0,0.0,0.7258718029106765,0.7551012846813256,0.7294280243010165,0.7510794836022633,0.6371483100412489,0.7690641839774163,0.45818851578153214,0.7204800572461549,False,1,0.7204800572461549,197
1159_29.png,00681,"single slender palm tree in calm turquoise water, shallow surf and reflective water in foreground, low sun reflection behind the tree, hazy island silhouette on right horizon, shallow turquoise sea, natural ocean photograph",1,"[1, 0, 0, 2, 2, 1]",0.9050043821334839,0.5440077781677246,0.025349833071231842,0.15921630906170336,0.7063225925152649,0.8492149070457177,0.11115784338049584,0.8888421566195042,0.9540680951865432,0.884055082024708,0.884055082024708,0.5,0.0,0.0,0.6809109206612084,0.74511874397115,0.7677216354141009,0.8471266217375464,0.7277658068090876,0.5885084083545021,0.6380540632550243,0.7200341350573137,False,1,0.7200341350573137,198
1159_29.png,00057,"single slender palm tree rising from shallow turquoise ocean, water fills foreground around the palm, low sunset reflection behind the tree, faint distant land on right horizon, clear turquoise ocean, soft atmospheric tropical photo",1,"[0, 1, 1, 1, 0, 0]",0.9111931920051575,0.5754651427268982,0.02826930768787861,0.1681347902365201,0.677998121008316,0.8762376573350693,0.1090654352006277,0.8909345647993723,0.957403229134522,0.8976146893074658,0.8976146893074658,0.5,0.0,0.0,0.7430344317575346,0.6593551827960344,0.6759803254326682,0.7906624430097473,0.8749553653881667,0.6532226831182711,0.6730667024727343,0.7196190747601766,False,1,0.7196190747601766,199
1159_29.png,00360,"single slender palm tree in calm turquoise water, shallow surf and reflective water in foreground, low sunset reflection behind the tree, hazy island silhouette on right horizon, calm turquoise water, soft atmospheric tropical photo",1,"[1, 0, 1, 2, 1, 0]",0.912743330001831,0.5834237933158875,0.02720899134874344,0.1649514818022058,0.7038020553883252,0.8518846299913193,0.10641955142690332,0.8935804485730967,0.9609013823124332,0.8882815169591642,0.8882815169591642,0.5,0.0,0.0,0.7585947764819633,0.6376571726090653,0.708725910708284,0.8421019892818037,0.7423074555193001,0.7350549236788074,0.7097907372662137,0.7194121726712859,False,1,0.7194121726712859,200
1159_29.png,00938,"single slender palm tree rising from shallow turquoise ocean, shallow surf and reflective water in foreground, low sun reflection behind the tree, subtle right horizon landform, soft teal ocean water, soft atmospheric tropical photo",1,"[0, 0, 0, 3, 4, 0]",0.9096101522445679,0.5473222136497498,0.029486985877156258,0.17171775061756503,0.6644593512776438,0.8555230034722223,0.11508744781499587,0.8849125521850041,0.9749642038715424,0.8896975856015599,0.8896975856015599,0.5,0.0,0.0,0.7271438178637328,0.7360824564687773,0.6391236597599517,0.7636732187398557,0.7621252231730599,0.46697308674091886,0.8574239374051525,0.7192967404083135,False,1,0.7192967404083135,201
1159_29.png,00041,"single slender palm tree rising from shallow turquoise ocean, shallow surf and reflective water in foreground, low sunset reflection behind the tree, shallow turquoise sea, soft atmospheric tropical photo",1,"[0, 0, 1, 0, 2, 0]",0.9285387396812439,0.6136371493339539,0.029758205637335777,0.1725056684208834,0.681987298383444,0.8460201687282985,0.1121553921378408,0.8878446078621592,0.945435410774996,0.8805417708344894,0.8805417708344894,0.5,0.0,0.0,0.9171497052706652,0.5552852052344068,0.6310186237098412,0.7986147758266493,0.7103644646924828,0.557656089483743,0.5474270990921531,0.7191201960596609,False,1,0.7191201960596609,202
1159_29.png,00147,"single slender palm tree rising from shallow turquoise ocean, gentle surf and reflective foreground water, low sunset reflection behind the tree, calm turquoise water, soft atmospheric tropical photo",1,"[0, 2, 1, 0, 1, 0]",0.9168362617492676,0.5793048143386841,0.027414212003350258,0.1655723769333226,0.7158912244058235,0.8310739022714121,0.11069342735635078,0.8893065726436492,0.9558721490318837,0.8764149862537894,0.8764149862537894,0.5,0.0,0.0,0.7996797825009991,0.6488869215228973,0.7023389787214125,0.8662014680631512,0.6289540109585673,0.6028719280923737,0.6569932385329789,0.7191164047566113,False,1,0.7191164047566113,203
1159_29.png,00313,"single slender palm tree rising from shallow turquoise ocean, gentle surf and reflective foreground water, low sunset reflection behind the tree, calm turquoise water, natural ocean photograph",1,"[0, 2, 1, 0, 1, 1]",0.9291166663169861,0.6222339272499084,0.030151711776852608,0.1736424826384736,0.6429808563083119,0.8772034821686922,0.11669854040228038,0.8833014595977197,0.9549753929593953,0.8948921564269923,0.8948921564269923,0.5,0.0,0.0,0.9229509550283481,0.5318474411675234,0.619324611749404,0.7208563358739226,0.8802160930862528,0.41714500378534203,0.6475789849161624,0.7189383830684258,False,1,0.7189383830684258,204
1159_29.png,00012,"single slender palm tree rising from shallow turquoise ocean, shallow surf and reflective water in foreground, low sun reflection behind the tree, faint distant land on right horizon, calm turquoise water, soft atmospheric tropical photo",1,"[0, 0, 0, 1, 1, 0]",0.9131901860237122,0.5650272369384766,0.026244988664984703,0.16200305140640006,0.689126003504179,0.8407677544487848,0.11398937203276356,0.8860106279672364,0.9594446022819859,0.8803381297468831,0.8803381297468831,0.5,0.0,0.0,0.7630803343855678,0.6878124926873785,0.7390553873981143,0.8128456193473607,0.6817552176322116,0.5009345186290801,0.6944972844630587,0.7189088366817822,False,1,0.7189088366817822,205
1159_29.png,00286,"single slender palm tree rising from shallow turquoise ocean, water fills foreground around the palm, low sunset reflection behind the tree, faint distant land on right horizon, clear turquoise ocean, muted colors",1,"[0, 1, 1, 1, 0, 2]",0.9128769636154175,0.5717236399650574,0.028299866244196892,0.16822564086427755,0.6693658076188277,0.8906611689814815,0.11672804488408922,0.8832719551159107,0.949575808474554,0.8998578720271463,0.8998578720271463,0.5,0.0,0.0,0.7599361958256848,0.6695558021263153,0.6750457766636873,0.7734541259564577,0.9535184387120609,0.41623248530022183,0.5908934944854518,0.7188899784900273,False,1,0.7188899784900273,206
1159_29.png,00310,"single slender palm tree rising from shallow turquoise ocean, gentle surf and reflective foreground water, low sun reflection behind the tree, hazy island silhouette on right horizon, calm turquoise water, soft atmospheric tropical photo",1,"[0, 2, 0, 2, 1, 0]",0.9059290289878845,0.5520434379577637,0.025475576519966125,0.15961070302447178,0.7029739965715656,0.8630037660951967,0.11340222394103236,0.8865977760589676,0.9531747100209439,0.889295858367666,0.889295858367666,0.5,0.0,0.0,0.6901925612852736,0.7232107802989529,0.7636646420669253,0.8404512731858237,0.8028720064027579,0.5190939118588044,0.628675197826084,0.7185914550704692,False,1,0.7185914550704692,207
1159_29.png,00058,"single slender palm tree rising from shallow turquoise ocean, water fills foreground around the palm, soft pale sunset haze, clear turquoise ocean, soft atmospheric tropical photo",1,"[0, 1, 2, 0, 0, 0]",0.9091084003448486,0.5742387175559998,0.025633811950683594,0.16010562747974724,0.7031169404331206,0.870786878797743,0.11180117141017394,0.888198828589826,0.9566827836321237,0.8940602421918482,0.8940602421918482,0.5,0.0,0.0,0.7221072130307941,0.6626988383007157,0.7585735265531056,0.8407362284671571,0.8452656528966321,0.5686114746317282,0.6655033785268452,0.718566972486725,False,1,0.718566972486725,208
1159_29.png,00031,"single slender palm tree rising from shallow turquoise ocean, shallow surf and reflective water in foreground, low sun reflection behind the tree, shallow turquoise sea, natural ocean photograph",1,"[0, 0, 0, 0, 2, 1]",0.9180720448493958,0.5654740333557129,0.028375908732414246,0.1684515026125153,0.6447920280532117,0.8253275553385416,0.11050526708730286,0.8894947329126971,0.9561672219632554,0.8739540008144389,0.8739540008144389,0.5,0.0,0.0,0.812084620705005,0.686594372466583,0.6727224155159912,0.7244668648501004,0.5976543741919597,0.608691373584867,0.6600909498243928,0.7179437738687792,False,1,0.7179437738687792,209
1159_29.png,00032,"single slender palm tree rising from shallow turquoise ocean, shallow surf and reflective water in foreground, low sun reflection behind the tree, gentle turquoise water, soft atmospheric tropical photo",1,"[0, 0, 0, 0, 3, 0]",0.9149234890937805,0.5496639609336853,0.029080010950565338,0.17052862208604555,0.6408195286740113,0.8304703323929399,0.11185213625889232,0.8881478637411077,0.9561773946082976,0.87579888080787,0.87579888080787,0.5,0.0,0.0,0.7804792971489155,0.729698050487638,0.6513558108493032,0.7165477792322729,0.6256664409284005,0.5670352271026913,0.6601977434813519,0.7178014303783794,False,1,0.7178014303783794,210
1159_29.png,00891,"solitary slender palm tree in shallow ocean, water fills foreground around the palm, low sunset reflection behind the tree, calm turquoise water, soft atmospheric tropical photo",1,"[3, 1, 1, 0, 1, 0]",0.910210371017456,0.5515362024307251,0.02799116261303425,0.16730559647852264,0.7165148217731049,0.8145011619285301,0.10346019358354176,0.8965398064164583,0.9491924732555729,0.8701529497647135,0.8701529497647135,0.5,0.0,0.0,0.7331688369499403,0.724593678255059,0.6845099528541979,0.8674445949893402,0.538684356338115,0.8265823314007966,0.5868691950327228,0.7177875473658435,False,1,0.7177875473658435,211
1159_29.png,00265,"single slender palm tree rising from shallow turquoise ocean, shallow surf and reflective water in foreground, golden reflection behind the palm, faint distant land on right horizon, clear turquoise ocean, soft atmospheric tropical photo",1,"[0, 0, 4, 1, 0, 0]",0.9149807691574097,0.5518236756324768,0.029357513412833214,0.1713403437980478,0.6580231769977037,0.8053600169994214,0.10702415446269554,0.8929758455373045,0.9667268274067417,0.8682989190691446,0.8682989190691446,0.5,0.0,0.0,0.7810542766267552,0.7238099277448006,0.6430059122802805,0.7508428541988389,0.48889367727636596,0.7163556816486343,0.770946963837926,0.7177255455312938,False,1,0.7177255455312938,212
1159_29.png,00316,"single slender palm tree rising from shallow turquoise ocean, gentle surf and reflective foreground water, low sunset reflection behind the tree, faint distant land on right horizon, calm turquoise water, soft atmospheric tropical photo",1,"[0, 2, 1, 1, 1, 0]",0.9157282114028931,0.5898000001907349,0.027954792603850365,0.1671968678051427,0.7014492086801056,0.8504378707320601,0.10764661601190997,0.89235338398809,0.9560669523025513,0.8862341166857688,0.8862341166857688,0.5,0.0,0.0,0.7885571305831645,0.6202734465392126,0.6856284068524623,0.8374116437966486,0.7344271378439942,0.6971041091718521,0.6590383068093072,0.7170624106859421,False,1,0.7170624106859421,213
1159_29.png,00651,"single slender palm tree rising from shallow turquoise ocean, calm reflective water in foreground, soft pale sunset haze, calm turquoise water, soft atmospheric tropical photo",1,"[0, 3, 2, 0, 1, 0]",0.9216536283493042,0.5897120833396912,0.027435125783085823,0.16563552089780084,0.6739247533387097,0.8404953568070024,0.11433048056719607,0.8856695194328039,0.9497841013755336,0.8781640626397391,0.8781640626397391,0.5,0.0,0.0,0.8480366933833683,0.620513138018091,0.7016894387487307,0.7825422787883508,0.6802715015699076,0.4903846691140962,0.593080178530939,0.7167256190719478,False,1,0.7167256190719478,214
1159_29.png,00844,"single isolated slender palm tree in shallow turquoise water, water fills foreground around the palm, low sunset reflection behind the tree, hazy island silhouette on right horizon, clear turquoise ocean, soft atmospheric tropical photo",1,"[2, 1, 1, 2, 0, 0]",0.9091408252716064,0.5533457398414612,0.029208175837993622,0.17090399596847822,0.6563047979743447,0.8587318702980324,0.10589067077438719,0.8941093292256128,0.9467878890187975,0.8887251846668386,0.8887251846668386,0.5,0.0,0.0,0.722432695690466,0.7196602588602972,0.6474944704447922,0.7474173053665071,0.7796035215169616,0.7514122139023268,0.5616255791348275,0.7162679764636835,False,1,0.7162679764636835,215
1159_29.png,00317,"single slender palm tree rising from shallow turquoise ocean, gentle surf and reflective foreground water, low sunset reflection behind the tree, hazy island silhouette on right horizon, clear turquoise ocean, soft atmospheric tropical photo",1,"[0, 2, 1, 2, 0, 0]",0.9137813448905945,0.5890626311302185,0.025788987055420876,0.1605894985838765,0.7237851586385708,0.8498874240451388,0.11139866618523486,0.8886013338147651,0.9567606814228388,0.8848119439400481,0.8848119439400481,0.5,0.0,0.0,0.769014409787455,0.622283767410539,0.7535961130131938,0.8819378433481759,0.7314289232284675,0.5810602090474982,0.666321158947274,0.7155991282208979,False,1,0.7155991282208979,216
1159_29.png,00294,"single slender palm tree rising from shallow turquoise ocean, water fills foreground around the palm, soft pale sunset haze, shallow turquoise sea, soft atmospheric tropical photo",1,"[0, 1, 2, 0, 2, 0]",0.9084469676017761,0.5853450298309326,0.025250891223549843,0.15890529010561555,0.7172007134309822,0.8769689489293983,0.11010047315506476,0.8898995268449352,0.9510280610859506,0.8963064736311467,0.8963064736311467,0.5,0.0,0.0,0.7154677257617131,0.6324192231591044,0.7709209791029259,0.8688119041427975,0.8789386197131079,0.6212108934403172,0.6061394178963003,0.7139924411104779,False,1,0.7139924411104779,217
1159_29.png,00616,"single slender palm tree rising from shallow turquoise ocean, gentle surf and reflective foreground water, low sunset reflection behind the tree, shallow turquoise sea, natural ocean photograph",1,"[0, 2, 1, 0, 2, 1]",0.9324618577957153,0.6351203918457031,0.03079172410070896,0.17547570800743037,0.6291637810136105,0.8716023763020834,0.1154205023310966,0.8845794976689034,0.9525491221174522,0.8923337179435442,0.8923337179435442,0.5,0.0,0.0,0.9565301155224116,0.4967145204610397,0.6004668608002637,0.6933123159000961,0.8497075663362683,0.456672332961792,0.622107700416515,0.7139378724029805,False,1,0.7139378724029805,218
1159_29.png,00069,"single slender palm tree in calm turquoise water, shallow surf and reflective water in foreground, low sun reflection behind the tree, hazy island silhouette on right horizon, clear turquoise ocean, soft atmospheric tropical photo",1,"[1, 0, 0, 2, 0, 0]",0.9007259607315063,0.5439205765724182,0.024521518498659134,0.15659348166082498,0.7078305752266132,0.8532500090422453,0.10769180283139092,0.8923081971686091,0.9484553002052948,0.8859614331190825,0.8859614331190825,0.5,0.0,0.0,0.6379639623684608,0.745356485417658,0.7947017474864598,0.8501327503889182,0.7497445053253711,0.6957065652892928,0.5791302632677641,0.7134230318847921,False,1,0.7134230318847921,219
1159_29.png,00996,"single slender palm tree rising from shallow turquoise ocean, shallow surf and reflective water in foreground, warm sun glow behind the tree, soft teal ocean water, soft atmospheric tropical photo",1,"[0, 0, 3, 0, 4, 0]",0.9161148071289062,0.5326550006866455,0.03066455014050007,0.17511296394185116,0.6065038380220763,0.7900051540798612,0.10779273432453679,0.8922072656754632,0.9590102657420159,0.8595769154707528,0.8595769154707528,0.5,0.0,0.0,0.7924377933232977,0.776070307767109,0.6041982826771408,0.648140243731977,0.40525764944899395,0.6925849428245138,0.6899375669793708,0.7132209280971362,False,1,0.7132209280971362,220
1159_29.png,00538,"single slender palm tree rising from shallow turquoise ocean, shallow surf and reflective water in foreground, golden reflection behind the palm, faint distant land on right horizon, calm turquoise water, soft atmospheric tropical photo",1,"[0, 0, 4, 1, 1, 0]",0.9073156118392944,0.5342690944671631,0.0271897092461586,0.1648930236430838,0.6662238930629703,0.8024331552010996,0.10415973540928686,0.8958402645907131,0.9569285981171254,0.8660247320706694,0.8660247320706694,0.5,0.0,0.0,0.7041111331822392,0.7716697347175963,0.7093272494330995,0.7671907919703007,0.4729514252293301,0.804946810016592,0.6680839686956653,0.7127430215174702,False,1,0.7127430215174702,221
1159_29.png,00809,"single isolated slender palm tree in shallow turquoise water, shallow surf and reflective water in foreground, low sunset reflection behind the tree, clear turquoise ocean, soft hazy tropical photo",1,"[2, 0, 1, 0, 0, 3]",0.9107853770256042,0.5542263388633728,0.028595395386219025,0.1691017308788382,0.6829137763964447,0.8415069580078125,0.10854826272961747,0.8914517372703825,0.9418740331388856,0.8790610457759266,0.8790610457759266,0.5,0.0,0.0,0.7389407693357043,0.7172594440067706,0.6660337437825281,0.8004616883136348,0.6857815674444379,0.669217861167768,0.5100393262961841,0.7126408113997494,False,1,0.7126408113997494,222
1159_29.png,00680,"single slender palm tree in calm turquoise water, shallow surf and reflective water in foreground, low sun reflection behind the tree, hazy island silhouette on right horizon, calm turquoise water, muted colors",1,"[1, 0, 0, 2, 1, 2]",0.8982617855072021,0.5358555316925049,0.024287858977913857,0.15584562546928887,0.7055133720867025,0.8589522750289351,0.11092358001498001,0.88907641998502,0.9531051776982018,0.8883263062974182,0.8883263062974182,0.5,0.0,0.0,0.6132284768608155,0.7673445629197444,0.8023946836876352,0.8455134595326551,0.7808040386628085,0.5957537364644458,0.6279452390993547,0.7117594560068257,False,1,0.7117594560068257,223
1159_29.png,00724,"single slender palm tree in calm turquoise water, water fills foreground around the palm, low sun reflection behind the tree, clear turquoise ocean, warm tropical sunset photo",1,"[1, 1, 0, 0, 0, 4]",0.9116925597190857,0.5609270334243774,0.030497917905449867,0.17463653084463704,0.6499004388902514,0.8637333622685185,0.11266440541248474,0.8873355945875152,0.9593126291105043,0.8911099969485644,0.8911099969485644,0.5,0.0,0.0,0.7480471040419682,0.698991053251484,0.6090991840302047,0.7346503636824395,0.8068460259804223,0.5419132601301528,0.693111814160643,0.7111515567585014,False,1,0.7111515567585014,224
1159_29.png,00421,"single isolated slender palm tree in shallow turquoise water, shallow surf and reflective water in foreground, low sunset reflection behind the tree, faint distant land on right horizon, calm turquoise water, soft atmospheric tropical photo",1,"[2, 0, 1, 1, 1, 0]",0.9215227365493774,0.5836975574493408,0.02836155891418457,0.16840890390411242,0.6361572833255852,0.8314870198567709,0.10754015219815632,0.8924598478018437,0.9322088831076795,0.8729718822877282,0.8729718822877282,0.5,0.0,0.0,0.8467227964704277,0.6369107977192421,0.6731606135943178,0.7072537009804758,0.6312042110447582,0.7003968359743674,0.40857341329057845,0.7110265048779577,False,1,0.7110265048779577,225
1159_29.png,00635,"single slender palm tree rising from shallow turquoise ocean, calm reflective water in foreground, low sun reflection behind the tree, calm turquoise water, muted colors",1,"[0, 3, 0, 0, 1, 2]",0.9164667725563049,0.5644766688346863,0.030093882232904434,0.17347588372135314,0.6260907746632273,0.8384354202835649,0.11370465880802749,0.8862953411919725,0.9659125077127638,0.8806818100873474,0.8806818100873474,0.5,0.0,0.0,0.7959708357963915,0.6893135301045997,0.6210383567916962,0.6871863488275196,0.6690512836298719,0.5097401666052855,0.7623981372846776,0.7107004361358641,False,1,0.7107004361358641,226
1159_29.png,00922,"single slender palm tree rising from shallow turquoise ocean, shallow surf and reflective water in foreground, low sun reflection behind the tree, bright turquoise tropical water, muted colors",1,"[0, 0, 0, 0, 5, 2]",0.9179431200027466,0.5546929240226746,0.030126990750432014,0.17357128434862726,0.6276725648665072,0.7959888599537037,0.10443759543844276,0.8955624045615572,0.9498438602314201,0.8616106006219958,0.8616106006219958,0.5,0.0,0.0,0.8107904681445813,0.71598737289039,0.6200570037622262,0.6903396110066911,0.43785015083420586,0.7963531185726047,0.5937075342215506,0.7106703111656033,False,1,0.7106703111656033,227
1159_29.png,00480,"single slender palm tree rising from shallow turquoise ocean, shallow surf and reflective water in foreground, low sun reflection behind the tree, subtle right horizon landform, calm turquoise water, muted colors",1,"[0, 0, 0, 3, 1, 2]",0.9121213555335999,0.5574891567230225,0.028054412454366684,0.1674945146993378,0.6738858080366673,0.820596765588831,0.1098643578370645,0.8901356421629355,0.9609149589142939,0.8729990110548602,0.8729990110548602,0.5,0.0,0.0,0.752351372890645,0.7083638838404718,0.6825666169075029,0.782464642229639,0.5718863510435265,0.6285134989797238,0.7099332660732023,0.710455242189914,False,1,0.710455242189914,228
1159_29.png,00009,"single slender palm tree rising from shallow turquoise ocean, shallow surf and reflective water in foreground, low sun reflection behind the tree, calm turquoise water, natural ocean photograph",1,"[0, 0, 0, 0, 1, 1]",0.9172651767730713,0.5567078590393066,0.028924832120537758,0.170073019966536,0.6422244646746234,0.8148425066912616,0.11307656359652055,0.8869234364034795,0.9536547606863129,0.8678332828895481,0.8678332828895481,0.5,0.0,0.0,0.8039852479771014,0.7104939691998887,0.6560424311891146,0.7193484866495399,0.5405436187896326,0.5291659777287309,0.6337148277225007,0.7101111148094593,False,1,0.7101111148094593,229
1159_29.png,00912,"single delicate palm tree in calm turquoise sea, water fills foreground around the palm, low sunset reflection behind the tree, clear turquoise ocean, soft atmospheric tropical photo",1,"[4, 1, 1, 0, 0, 0]",0.9109798669815063,0.5543705821037292,0.030972229316830635,0.1759892875058895,0.6355397051997408,0.8641707808883102,0.11274561775730071,0.8872543822426993,0.9583789168011696,0.8910916685449183,0.8910916685449183,0.5,0.0,0.0,0.7408930669800236,0.7168661874787121,0.5951838473538384,0.7060225732728501,0.8092285907775661,0.5394015140725741,0.6833095895034647,0.7100967220677818,False,1,0.7100967220677818,230
1159_29.png,00108,"single slender palm tree rising from shallow turquoise ocean, shallow surf and reflective water in foreground, low sunset reflection behind the tree, hazy island silhouette on right horizon, calm turquoise water, soft atmospheric tropical photo",1,"[0, 0, 1, 2, 1, 0]",0.9211602807044983,0.5978399515151978,0.028509531170129776,0.16884765669126053,0.7113897812669451,0.8260978416160301,0.10912712568684853,0.8908728743131514,0.9447153238719875,0.872492599511214,0.872492599511214,0.5,0.0,0.0,0.8430844507839106,0.5983537826727924,0.668647316468723,0.8572279452962992,0.6018500277042419,0.6513147116650827,0.5398675397659934,0.7099247550062192,False,1,0.7099247550062192,231
1159_29.png,00145,"single slender palm tree rising from shallow turquoise ocean, gentle surf and reflective foreground water, low sun reflection behind the tree, hazy island silhouette on right horizon, clear turquoise ocean, soft atmospheric tropical photo",1,"[0, 2, 0, 2, 0, 0]",0.8959143161773682,0.5568621754646301,0.0224943608045578,0.14998120150391447,0.7412322286330242,0.8789486355251735,0.11079026260220944,0.8892097373977905,0.9562425541121499,0.8979988048979848,0.8979988048979848,0.5,0.0,0.0,0.5896644896025043,0.7100732497159452,0.8627199707319296,0.916718173784405,0.8897217262820906,0.5998769949012259,0.6608817958269451,0.7096214292991075,False,1,0.7096214292991075,232
1159_29.png,00698,"single slender palm tree in calm turquoise water, shallow surf and reflective water in foreground, low sunset reflection behind the tree, hazy island silhouette on right horizon, clear turquoise ocean, muted colors",1,"[1, 0, 1, 2, 0, 2]",0.9068342447280884,0.5755777955055237,0.026652708649635315,0.16325657306716723,0.6880851266548355,0.8885537606698496,0.113248832766884,0.886751167233116,0.954191555100324,0.9010504118530878,0.9010504118530878,0.5,0.0,0.0,0.6992791516390205,0.6590480526976747,0.7261608466131195,0.810770655426479,0.9420396478483043,0.5238380142216618,0.6393501603493186,0.709496539893403,False,1,0.709496539893403,233
1159_29.png,00157,"single slender palm tree in calm turquoise water, shallow surf and reflective water in foreground, low sun reflection behind the tree, shallow turquoise sea, natural ocean photograph",1,"[1, 0, 0, 0, 2, 1]",0.9180535674095154,0.555488646030426,0.02915848419070244,0.17075855524893163,0.6239088469768562,0.7896745469835068,0.10663747503358376,0.8933625249664162,0.9558630141639439,0.8592030327136125,0.8592030327136125,0.5,0.0,0.0,0.811899143454089,0.7138179618781672,0.6489905684769911,0.6828367264586022,0.40345687373022177,0.7283149537743111,0.656897339585451,0.7087198522100814,False,1,0.7087198522100814,234
1159_29.png,00615,"single slender palm tree rising from shallow turquoise ocean, gentle surf and reflective foreground water, low sunset reflection behind the tree, calm turquoise water, muted colors",1,"[0, 2, 1, 0, 1, 2]",0.9086011648178101,0.5668205618858337,0.026993874460458755,0.16429812677099748,0.7074317339641334,0.8574919524016202,0.11442563781453213,0.8855743621854679,0.9560659406073769,0.8870355934671182,0.8870355934671182,0.5,0.0,0.0,0.717015563336293,0.6829232740263489,0.7154467463832266,0.8493376695584371,0.7728498430092958,0.48744163328145396,0.6590276859111087,0.7084436369165957,False,1,0.7084436369165957,235
1159_29.png,00044,"single slender palm tree rising from shallow turquoise ocean, shallow surf and reflective water in foreground, low sunset reflection behind the tree, hazy island silhouette on right horizon, clear turquoise ocean, soft atmospheric tropical photo",1,"[0, 0, 1, 2, 0, 0]",0.9248285889625549,0.6291797757148743,0.028529146686196327,0.16890573313596058,0.6956603276890901,0.8603747332537616,0.11406757134437942,0.8859324286556206,0.9561841964208919,0.8884818192778383,0.8884818192778383,0.5,0.0,0.0,0.8799070699141539,0.5129106768172351,0.6680499043072339,0.8258716434534659,0.7885519916271626,0.49851596005770193,0.6602691497319265,0.7082225719615902,False,1,0.7082225719615902,236
1159_29.png,00946,"single slender palm tree rising from shallow turquoise ocean, shallow surf and reflective water in foreground, low sunset reflection behind the tree, calm turquoise water, realistic tropical seascape photo",1,"[0, 0, 1, 0, 1, 5]",0.9258492588996887,0.6216834783554077,0.02961002103984356,0.17207562593186623,0.6535355652905434,0.8635027850115741,0.11224970508246772,0.8877502949175323,0.9462034121852584,0.8885295389133964,0.8885295389133964,0.5,0.0,0.0,0.8901525939292697,0.5333481535793494,0.6354423210319273,0.7418969040711585,0.8055901003509206,0.5547391663560809,0.5554896707056572,0.7080119666162552,False,1,0.7080119666162552,237
1159_29.png,00078,"single slender palm tree in calm turquoise water, gentle surf and reflective foreground water, low sun reflection behind the tree, clear turquoise ocean, soft atmospheric tropical photo",1,"[1, 2, 0, 0, 0, 0]",0.9044210314750671,0.5230600833892822,0.02690966986119747,0.16404167111193874,0.6721975671296739,0.7910958749276621,0.1081464906721335,0.8918535093278666,0.97050673030147,0.8622432180424953,0.8622432180424953,0.5,0.0,0.0,0.675055224355676,0.8022293420070773,0.718084816437199,0.7790991730351062,0.41119867019639283,0.6816439200842772,0.8106288412063922,0.7078392243397263,False,1,0.7078392243397263,238
1159_29.png,00617,"single slender palm tree rising from shallow turquoise ocean, gentle surf and reflective foreground water, low sunset reflection behind the tree, gentle turquoise water, soft atmospheric tropical photo",1,"[0, 2, 1, 0, 3, 0]",0.9102813601493835,0.5740392208099365,0.02717614360153675,0.16485188382768562,0.714728470447189,0.8421879521122685,0.11060932740761328,0.8893906725923867,0.9549569245680528,0.8812626987714667,0.8812626987714667,0.5,0.0,0.0,0.7338814285816854,0.6632427348293981,0.7097504403871469,0.8638835449442437,0.689490857600197,0.6054729823429642,0.64738510151205,0.7068014641624947,False,1,0.7068014641624947,239
1159_29.png,00186,"single slender palm tree in calm turquoise water, gentle surf and reflective foreground water, low sun reflection behind the tree, calm turquoise water, soft atmospheric tropical photo",1,"[1, 2, 0, 0, 1, 0]",0.9046941995620728,0.5328861474990845,0.02738836035132408,0.165494290993146,0.655546935438716,0.8049644187644676,0.10605273780646413,0.8939472621935358,0.9704084280180174,0.8691972158153515,0.8691972158153515,0.5,0.0,0.0,0.6777972961006699,0.7754401223060303,0.7031422215945557,0.7459065239331326,0.4867389029120237,0.746399783466961,0.8095968519554386,0.7065802259537907,False,1,0.7065802259537907,240
1159_29.png,00693,"single slender palm tree in calm turquoise water, shallow surf and reflective water in foreground, low sunset reflection behind the tree, soft teal ocean water, soft atmospheric tropical photo",1,"[1, 0, 1, 0, 4, 0]",0.9125767350196838,0.5719896554946899,0.02769836224615574,0.16642824954362687,0.6703195545285563,0.8443253128616899,0.11162167463042999,0.8883783253695701,0.9515142325897293,0.8811816511850559,0.8811816511850559,0.5,0.0,0.0,0.756922489655156,0.6688305525871729,0.6935349152371215,0.7753553983582672,0.7011327956658259,0.5741629745901637,0.61124330509401,0.7056445681944714,False,1,0.7056445681944714,241
1159_29.png,00339,"single slender palm tree in calm turquoise water, shallow surf and reflective water in foreground, low sun reflection behind the tree, shallow turquoise sea, muted colors",1,"[1, 0, 0, 0, 2, 2]",0.9042841792106628,0.5337309837341309,0.02566833421587944,0.1602134021106831,0.656277465868715,0.7906437626591435,0.10173532563323294,0.898264674366767,0.9605273074489187,0.8622877907147668,0.8622877907147668,0.5,0.0,0.0,0.6736814960714722,0.7731368090710306,0.7574648864572179,0.7473628194461995,0.4087360709228592,0.8799292737141928,0.7058636541442347,0.7055455218215638,False,1,0.7055455218215638,242
1159_29.png,00870,"solitary slender palm tree in shallow ocean, shallow surf and reflective water in foreground, low sun reflection behind the tree, faint distant land on right horizon, shallow turquoise sea, soft atmospheric tropical photo",1,"[3, 0, 0, 1, 2, 0]",0.9065148234367371,0.5809561014175415,0.025860464200377464,0.16081189073068405,0.6888116117750014,0.8742754900896991,0.11254479820997111,0.8874552017900289,0.9634417240896378,0.8967216359848023,0.8967216359848023,0.5,0.0,0.0,0.696072788453024,0.6443849467901167,0.7513084424471205,0.8122188867079725,0.8642676845410332,0.5456124873849827,0.7364595522290565,0.7046116853595175,False,1,0.7046116853595175,243
1159_29.png,00906,"single delicate palm tree in calm turquoise sea, shallow surf and reflective water in foreground, low sunset reflection behind the tree, calm turquoise water, soft atmospheric tropical photo",1,"[4, 0, 1, 0, 1, 0]",0.9150040149688721,0.5856940746307373,0.03037523478269577,0.1742849241406031,0.6573655390358398,0.8793272795500578,0.11137432260847831,0.8886256773915217,0.937854624927916,0.8942871878701419,0.8942871878701419,0.5,0.0,0.0,0.7812876189746818,0.6314676073622822,0.6127160397474554,0.7495318681348002,0.8917841531736749,0.5818131103839159,0.46784309317497297,0.7043771791174315,False,1,0.7043771791174315,244
1159_29.png,00768,"single slender palm tree in calm turquoise water, gentle surf and reflective foreground water, low sun reflection behind the tree, subtle right horizon landform, clear turquoise ocean, soft atmospheric tropical photo",1,"[1, 2, 0, 3, 0, 0]",0.9008212089538574,0.504080057144165,0.025880802422761917,0.16087511436751775,0.6773212929873464,0.7840118408203125,0.10931226088975914,0.8906877391102409,0.9560555449665924,0.8557571460510435,0.8557571460510435,0.5,0.0,0.0,0.6389200676812472,0.8539754009916565,0.7506580829126639,0.7893132020067992,0.372612817829219,0.6455888258150508,0.658918551217899,0.7038076447050294,False,1,0.7038076447050294,245
1159_29.png,00322,"single slender palm tree rising from shallow turquoise ocean, calm reflective water in foreground, low sun reflection behind the tree, clear turquoise ocean, muted colors",1,"[0, 3, 0, 0, 0, 2]",0.9130732417106628,0.5418267846107483,0.03049679845571518,0.17463332573055804,0.6277843736902148,0.7917813901548033,0.10684499161761167,0.8931550083823884,0.9638487091909536,0.8616756203416881,0.8616756203416881,0.5,0.0,0.0,0.7619064428813831,0.751064880177011,0.6091321539225534,0.6905624993103129,0.41493258634488767,0.7218968536320802,0.7407321310044869,0.7035939306626773,False,1,0.7035939306626773,246
1159_29.png,00892,"solitary slender palm tree in shallow ocean, water fills foreground around the palm, low sunset reflection behind the tree, faint distant land on right horizon, clear turquoise ocean, soft atmospheric tropical photo",1,"[3, 1, 1, 1, 0, 0]",0.9090064764022827,0.5843596458435059,0.02703910320997238,0.1644357114801173,0.7076591551745209,0.8558411774811923,0.10796092638523203,0.892039073614768,0.9530156604777046,0.8879453377272463,0.8879453377272463,0.5,0.0,0.0,0.7210840965821927,0.6351057177549148,0.7140314603944298,0.8497910284804797,0.7638582774118091,0.6873830767002862,0.6270054765009317,0.7032833543444158,False,1,0.7032833543444158,247
1159_29.png,00888,"solitary slender palm tree in shallow ocean, water fills foreground around the palm, low sun reflection behind the tree, faint distant land on right horizon, calm turquoise water, soft atmospheric tropical photo",1,"[3, 1, 0, 1, 1, 0]",0.8999438881874084,0.5533112287521362,0.02519623190164566,0.15873320982593925,0.6882191652233728,0.859592013888889,0.10928931882286787,0.8907106811771321,0.9598929633805761,0.8905437373381115,0.8905437373381115,0.5,0.0,0.0,0.6301134881450121,0.7197543479221755,0.7726911090129438,0.8110378582121851,0.7842886166348586,0.6462983810704418,0.6992042334579278,0.7031860937932025,False,1,0.7031860937932025,248
1159_29.png,00958,"single slender palm tree rising from shallow turquoise ocean, shallow surf and reflective water in foreground, low sunset reflection behind the tree, hazy island silhouette on right horizon, calm turquoise water, soft hazy tropical photo",1,"[0, 0, 1, 2, 1, 3]",0.9177829623222351,0.6026750802993774,0.028118081390857697,0.1676844697366387,0.7029784450430935,0.8381946705005787,0.10961737769393619,0.8903826223060638,0.9498673344399086,0.8787949864203646,0.8787949864203646,0.5,0.0,0.0,0.8091827991987383,0.5851715638479599,0.6806126155906906,0.8404601411109095,0.6677399495167152,0.6361521332564292,0.5939539692989863,0.7016340546211861,False,1,0.7016340546211861,249
1159_29.png,00643,"single slender palm tree rising from shallow turquoise ocean, calm reflective water in foreground, low sun reflection behind the tree, subtle right horizon landform, clear turquoise ocean, soft atmospheric tropical photo",1,"[0, 3, 0, 3, 0, 0]",0.923622190952301,0.571215808391571,0.0339348167181015,0.18421405135901414,0.5917988609387551,0.8059251573350695,0.11019381498112346,0.8898061850188765,0.9634818772296749,0.8667948610033231,0.8667948610033231,0.5,0.0,0.0,0.8677972003704758,0.6709403251093968,0.5105785658733741,0.6188262120820964,0.49197192636828246,0.6183240051951686,0.7368810847454432,0.7015660162354076,False,1,0.7015660162354076,250
1159_29.png,00347,"single slender palm tree in calm turquoise water, shallow surf and reflective water in foreground, low sun reflection behind the tree, hazy island silhouette on right horizon, calm turquoise water, natural ocean photograph",1,"[1, 0, 0, 2, 1, 1]",0.9015025496482849,0.5531131029129028,0.02530665323138237,0.15908065008473649,0.7057796760225902,0.8487153229890047,0.11050867610282464,0.8894913238971753,0.9536049727478605,0.8839648532586356,0.8839648532586356,0.5,0.0,0.0,0.6457593917303472,0.7202945068888144,0.7691171120668773,0.8460443302685199,0.7250446346118331,0.6085859391054611,0.6331921479280398,0.7012528028705913,False,1,0.7012528028705913,251
1159_29.png,00728,"single slender palm tree in calm turquoise water, water fills foreground around the palm, low sun reflection behind the tree, soft teal ocean water, soft atmospheric tropical photo",1,"[1, 1, 0, 0, 4, 0]",0.9045923948287964,0.5395581126213074,0.027325205504894257,0.1653033741485462,0.654968116909543,0.7964211923104746,0.10683961335436605,0.8931603866456339,0.9836402557261102,0.8677237230109075,0.8677237230109075,0.5,0.0,0.0,0.6767753762794939,0.7572500578509603,0.705106116688102,0.7447526625848576,0.44020501138952217,0.7220631932635021,0.9485061782255619,0.7010313277831695,False,1,0.7010313277831695,252
1159_29.png,00818,"single isolated slender palm tree in shallow turquoise water, shallow surf and reflective water in foreground, low sunset reflection behind the tree, subtle right horizon landform, clear turquoise ocean, soft atmospheric tropical photo",1,"[2, 0, 1, 3, 0, 0]",0.9114794135093689,0.5742630958557129,0.029006103053689003,0.17031178189922447,0.6453676415938775,0.8712322093822339,0.11102643880450827,0.8889735611954918,0.9379503928675874,0.8907853192139449,0.8907853192139449,0.5,0.0,0.0,0.745907534205595,0.66263237469742,0.6535863703364675,0.7256143371279263,0.8476913131810633,0.5925725063242461,0.46884847657864975,0.7004808406086633,False,1,0.7004808406086633,253
1159_29.png,00667,"single slender palm tree rising from shallow turquoise ocean, soft reflective turquoise foreground water, low sunset reflection behind the tree, clear turquoise ocean, soft atmospheric tropical photo",1,"[0, 5, 1, 0, 0, 0]",0.903698205947876,0.5492957234382629,0.029898321256041527,0.17291131037627794,0.6837944347722348,0.861154626916956,0.1120121836964437,0.8879878163035563,0.9584638679552299,0.8900080914099209,0.8900080914099209,0.5,0.0,0.0,0.6677994739625839,0.7307019921530697,0.6268459261796377,0.8022172604137725,0.7927999753740073,0.5620852589518355,0.6842014169846495,0.6999487096549034,False,1,0.6999487096549034,254
1159_29.png,00885,"solitary slender palm tree in shallow ocean, water fills foreground around the palm, low sun reflection behind the tree, calm turquoise water, natural ocean photograph",1,"[3, 1, 0, 0, 1, 1]",0.9037736058235168,0.5279409885406494,0.025819774717092514,0.16068532825710166,0.6452381481988136,0.8093018708405672,0.11086154506836389,0.8891384549316361,0.9563954566467658,0.8666633924336811,0.8666633924336811,0.5,0.0,0.0,0.6685563408090638,0.7889223211105304,0.7526103465374409,0.7253561950403975,0.5103644646924833,0.5976723614339425,0.6624869851127388,0.699591281763747,False,1,0.699591281763747,255
1159_29.png,00782,"single slender palm tree in calm turquoise water, calm reflective water in foreground, low sun reflection behind the tree, faint distant land on right horizon, clear turquoise ocean, natural ocean photograph",1,"[1, 3, 0, 1, 0, 1]",0.9120602011680603,0.5602376461029053,0.029087552800774574,0.17055073380309618,0.6305892033890612,0.7979148582175926,0.10200185378577918,0.8979981462142208,0.961900875537047,0.8657412124803034,0.8657412124803034,0.5,0.0,0.0,0.7517375030214842,0.700870559451287,0.6511283553164158,0.696153862431699,0.44834082373945705,0.8716860560370164,0.7202835379212387,0.6994033818441198,False,1,0.6994033818441198,256
1159_29.png,00352,"single slender palm tree in calm turquoise water, shallow surf and reflective water in foreground, low sunset reflection behind the tree, clear turquoise ocean, soft hazy tropical photo",1,"[1, 0, 1, 0, 0, 3]",0.9061389565467834,0.5649344325065613,0.026813605800271034,0.16374860549107292,0.687781325852011,0.8646777117693866,0.11473603711800356,0.8852639628819965,0.9489987733116942,0.8887471119672616,0.8887471119672616,0.5,0.0,0.0,0.6922998221811646,0.6880655093874558,0.72109948041885,0.8101650355537792,0.811989780213015,0.4778415628914601,0.5848357096143566,0.6990893299923386,False,1,0.6990893299923386,257
1159_29.png,00678,"single slender palm tree in calm turquoise water, shallow surf and reflective water in foreground, low sun reflection behind the tree, faint distant land on right horizon, soft teal ocean water, soft atmospheric tropical photo",1,"[1, 0, 0, 1, 4, 0]",0.9076365232467651,0.5569096803665161,0.02676893211901188,0.16361213927765836,0.6570302950677323,0.8323477285879629,0.11009264844759661,0.8899073515524034,0.9521930241401133,0.8764626557359472,0.8764626557359472,0.5,0.0,0.0,0.7073324542110516,0.7099437350660021,0.7225032608318434,0.7488635670394735,0.6358923844117466,0.6214528970196924,0.6183693408180105,0.6986732994786626,False,1,0.6986732994786626,258
1159_29.png,00607,"single slender palm tree rising from shallow turquoise ocean, gentle surf and reflective foreground water, low sun reflection behind the tree, faint distant land on right horizon, gentle turquoise water, soft atmospheric tropical photo",1,"[0, 2, 0, 1, 3, 0]",0.9104966521263123,0.5629321932792664,0.02794734016060829,0.1671745798876381,0.6748614043212976,0.8349456787109375,0.11421351919186006,0.8857864808081399,0.9540878072479426,0.8765683851523592,0.8765683851523592,0.5,0.0,0.0,0.7360425377117134,0.6935243000033801,0.6858576748980578,0.7844094708548801,0.650043095487287,0.4940020658787753,0.6382610028576848,0.6983846999832948,False,1,0.6983846999832948,259
1159_29.png,00064,"single slender palm tree in calm turquoise water, shallow surf and reflective water in foreground, low sun reflection behind the tree, clear turquoise ocean, muted colors",1,"[1, 0, 0, 0, 0, 2]",0.9147858023643494,0.5531364679336548,0.02954188548028469,0.1718775304694732,0.6218945809552044,0.7898158320674189,0.10607814898134535,0.8939218510186546,0.9541329777586312,0.8591163678385938,0.8591163678385938,0.5,0.0,0.0,0.7790971924727348,0.7202308058313768,0.6374800600667565,0.6788213337398369,0.4042264360032012,0.7456138633156474,0.6387352083374904,0.6982264806355757,False,1,0.6982264806355757,260
1159_29.png,00213,"single slender palm tree rising from shallow turquoise ocean, shallow surf and reflective water in foreground, low sun reflection behind the tree, shallow turquoise sea, soft hazy tropical photo",1,"[0, 0, 0, 0, 2, 3]",0.9124091863632202,0.5631487965583801,0.02769402228295803,0.16641521049158348,0.6630791416161913,0.8228991473162616,0.11412593371018741,0.8858740662898126,0.9529584833808517,0.8709522361699225,0.8709522361699225,0.5,0.0,0.0,0.7552406298089465,0.6929337652005023,0.6936690434246378,0.7609218027077166,0.5844271378439946,0.4967109211493746,0.6264052244286451,0.6973927896948475,False,1,0.6973927896948475,261
1159_29.png,00648,"single slender palm tree rising from shallow turquoise ocean, calm reflective water in foreground, low sunset reflection behind the tree, faint distant land on right horizon, calm turquoise water, soft atmospheric tropical photo",1,"[0, 3, 1, 1, 1, 0]",0.9025794863700867,0.5680561065673828,0.02577892504632473,0.16055816717415758,0.6792635901321528,0.8536800808376737,0.10700335469763671,0.8929966453023633,0.9595414837165472,0.8886131589760897,0.8886131589760897,0.5,0.0,0.0,0.6565697238901879,0.6795547556089432,0.7539184083137991,0.7931851264344071,0.7520870528843199,0.7169989795118294,0.6955143574706497,0.6973051417854856,False,1,0.6973051417854856,262
1159_29.png,00965,"single slender palm tree rising from shallow turquoise ocean, shallow surf and reflective water in foreground, low sunset reflection behind the tree, subtle right horizon landform, gentle turquoise water, soft atmospheric tropical photo",1,"[0, 0, 1, 3, 3, 0]",0.9158438444137573,0.6001972556114197,0.02638745680451393,0.16244216449097792,0.6903438094695004,0.8432730215567129,0.11216358774733952,0.8878364122526605,0.9446171065294894,0.8791390252948499,0.8791390252948499,0.5,0.0,0.0,0.7897178591856711,0.5919269634875939,0.7345383840183333,0.8152732873680973,0.6954010958566766,0.5574026145976956,0.5388364422354447,0.6967675496070908,False,1,0.6967675496070908,263
1159_29.png,00913,"single delicate palm tree in calm turquoise sea, gentle surf and reflective foreground water, low sun reflection behind the tree, clear turquoise ocean, soft atmospheric tropical photo",1,"[4, 2, 0, 0, 0, 0]",0.897667646408081,0.5250418186187744,0.02606877312064171,0.16145827052412554,0.6818817462932307,0.8252879955150463,0.10920010360471165,0.8907998963952883,0.9564530491430322,0.8744501715487282,0.8744501715487282,0.5,0.0,0.0,0.6072644857732965,0.7968264523191085,0.7446593586139567,0.7984043601765133,0.5974388967555256,0.6490576410448667,0.6630915980982662,0.6966021922183415,False,1,0.6966021922183415,264
1159_29.png,00766,"single slender palm tree in calm turquoise water, gentle surf and reflective foreground water, low sun reflection behind the tree, hazy island silhouette on right horizon, clear turquoise ocean, natural ocean photograph",1,"[1, 2, 0, 2, 0, 1]",0.8944886922836304,0.5272379517555237,0.025489507243037224,0.15965433674985852,0.7012458638446145,0.8513788293909142,0.11146751678667985,0.8885324832133201,0.9520720507585031,0.8845212525022741,0.8845212525022741,0.5,0.0,0.0,0.5753540222237645,0.7908390404280711,0.7632157971293306,0.8370062805710107,0.739552422582035,0.5789307886110687,0.6170993476389266,0.6963443932116089,False,1,0.6963443932116089,265
1159_29.png,00374,"single slender palm tree in calm turquoise water, water fills foreground around the palm, low sun reflection behind the tree, shallow turquoise sea, natural ocean photograph",1,"[1, 1, 0, 0, 2, 1]",0.9022421836853027,0.5148845314979553,0.027701599523425102,0.1664379750039789,0.6451400664947212,0.7620617901837384,0.1035655369178073,0.8964344630821927,0.9767489409061519,0.8520296558426802,0.8520296558426802,0.5,0.0,0.0,0.6531838665904016,0.8245186995104119,0.6934348728133749,0.7251606714321832,0.2530536230991815,0.8233242589349238,0.8761603224697285,0.6957819174142339,False,1,0.6957819174142339,266
1159_29.png,00189,"single slender palm tree in calm turquoise water, calm reflective water in foreground, low sun reflection behind the tree, clear turquoise ocean, soft atmospheric tropical photo",1,"[1, 3, 0, 0, 0, 0]",0.9202896356582642,0.5515846014022827,0.031134843826293945,0.17645068383628879,0.6089805405197289,0.755861070421007,0.11241296441272715,0.8875870355872728,0.9789743861659542,0.8465878213781896,0.8465878213781896,0.5,0.0,0.0,0.8343448823834904,0.7244617260646526,0.5904376239844398,0.653077492868249,0.2192790740626739,0.5496898603660666,0.8995233157394416,0.6955062819712082,False,1,0.6955062819712082,267
1159_29.png,00690,"single slender palm tree in calm turquoise water, shallow surf and reflective water in foreground, low sunset reflection behind the tree, calm turquoise water, soft hazy tropical photo",1,"[1, 0, 1, 0, 1, 3]",0.9105428457260132,0.5756841897964478,0.029280031099915504,0.17111408796447913,0.6787441306753644,0.8496455439814815,0.11146909588994591,0.8885309041100541,0.9525316953466155,0.8838326502995087,0.8838326502995087,0.5,0.0,0.0,0.7365062308390034,0.6587579853825574,0.6453333272465354,0.7921495960237956,0.7301114326171277,0.5788819498980385,0.6219247520703457,0.6954759310198428,False,1,0.6954759310198428,268
1159_29.png,00462,"single slender tropical palm tree in shallow water, shallow surf and reflective water in foreground, low sun reflection behind the tree, clear turquoise ocean, soft atmospheric tropical photo",1,"[5, 0, 0, 0, 0, 0]",0.9033359289169312,0.5332368612289429,0.028646592050790787,0.16925304148165488,0.6222242346032342,0.8405908655237267,0.10845337154507145,0.8915466284549285,0.9442463205623766,0.8791564735573774,0.8791564735573774,0.5,0.0,0.0,0.6641629232172046,0.7744839564336767,0.6644772643053186,0.6794784906614075,0.6807917256664405,0.6721526681755263,0.5349438863453346,0.6952432306799665,False,1,0.6952432306799665,269
1159_29.png,00367,"single slender palm tree in calm turquoise water, shallow surf and reflective water in foreground, soft pale sunset haze, hazy island silhouette on right horizon, clear turquoise ocean, soft atmospheric tropical photo",1,"[1, 0, 2, 2, 0, 0]",0.9002266526222229,0.5664371252059937,0.02586260624229908,0.16081855067839368,0.7254779395912556,0.8726750126591436,0.11307564113698954,0.8869243588630105,0.953650451239263,0.8938573715465209,0.8938573715465209,0.5,0.0,0.0,0.6329518883977399,0.6839686538796543,0.7512399338843605,0.885312363018771,0.8555500831127261,0.5291945076781551,0.6336695866265979,0.6951492369781826,False,1,0.6951492369781826,270
1159_29.png,00948,"single slender palm tree rising from shallow turquoise ocean, shallow surf and reflective water in foreground, low sunset reflection behind the tree, gentle turquoise water, soft hazy tropical photo",1,"[0, 0, 1, 0, 3, 3]",0.9137139320373535,0.6067739725112915,0.026704801246523857,0.16341603729904802,0.6974802468682023,0.8543927228009259,0.1105651897585197,0.8894348102414803,0.9513620716878979,0.8860513231825143,0.8860513231825143,0.5,0.0,0.0,0.7683377169784679,0.5739965783432005,0.7245204935932315,0.8294996102373944,0.7559687249892264,0.6068380773461058,0.6096459015588103,0.695010740632642,False,1,0.695010740632642,271
1159_29.png,00096,"single slender palm tree rising from shallow turquoise ocean, shallow surf and reflective water in foreground, low sun reflection behind the tree, hazy island silhouette on right horizon, shallow turquoise sea, soft atmospheric tropical photo",1,"[0, 0, 0, 2, 2, 0]",0.9032478928565979,0.5710621476173401,0.02571662701666355,0.1603640452740687,0.7019152982030924,0.8708507396556713,0.11548031811587732,0.8845196818841227,0.9559777696855923,0.8926602754416135,0.8926602754416135,0.5,0.0,0.0,0.6632792138636467,0.6713592570636673,0.7559152726969999,0.8383407824788168,0.8456134950440191,0.45482234252075077,0.6581020569192634,0.6947519136575151,False,1,0.6947519136575151,272
1159_29.png,00240,"single slender palm tree rising from shallow turquoise ocean, shallow surf and reflective water in foreground, low sunset reflection behind the tree, faint distant land on right horizon, gentle turquoise water, soft atmospheric tropical photo",1,"[0, 0, 1, 1, 3, 0]",0.9191361665725708,0.6015729904174805,0.027681367471814156,0.16637718434873863,0.6676079901978063,0.8400285508897568,0.1147170374991096,0.8852829625008904,0.9469701942102878,0.8772559236177597,0.8772559236177597,0.5,0.0,0.0,0.8227663154166298,0.5881762387255629,0.6940602051134663,0.7699499575907022,0.6777288678199834,0.4784291855978423,0.5635394410656307,0.6946540710042417,False,1,0.6946540710042417,273
1159_29.png,00153,"single slender palm tree rising from shallow turquoise ocean, calm reflective water in foreground, low sunset reflection behind the tree, clear turquoise ocean, soft atmospheric tropical photo",1,"[0, 3, 1, 0, 0, 0]",0.9152942895889282,0.6028947830200195,0.029789283871650696,0.17259572379306126,0.6725800514045628,0.8729508011429399,0.11733025756454418,0.8826697424354558,0.9649058491464614,0.8947434401960247,0.8947434401960247,0.5,0.0,0.0,0.7842014067552011,0.5845725789048098,0.6300922554580597,0.7798616465892059,0.8570522686695813,0.39760717249359673,0.7518301140067146,0.6944866766063647,False,1,0.6944866766063647,274
1159_29.png,00454,"solitary slender palm tree in shallow ocean, water fills foreground around the palm, low sun reflection behind the tree, faint distant land on right horizon, clear turquoise ocean, soft atmospheric tropical photo",1,"[3, 1, 0, 1, 0, 0]",0.8973265886306763,0.5544540286064148,0.025126246735453606,0.15851260749686003,0.6993118119131211,0.8566945393880209,0.1090252683342971,0.8909747316657028,0.9601808499463891,0.8893898687968832,0.8893898687968832,0.5,0.0,0.0,0.6038409347096144,0.7166386837021494,0.7749603683473505,0.833150792785408,0.7685064335406026,0.6544649692310506,0.7022265014152749,0.6944235107062993,False,1,0.6944235107062993,275
1159_29.png,00670,"single slender palm tree in calm turquoise water, shallow surf and reflective water in foreground, low sun reflection behind the tree, shallow turquoise sea, soft hazy tropical photo",1,"[1, 0, 0, 0, 2, 3]",0.9137101173400879,0.5477419495582581,0.029304368421435356,0.17118518750591524,0.6073126058746823,0.7891958731192129,0.10641995399162783,0.8935800460083722,0.9487750033510006,0.8576461596767762,0.8576461596767762,0.5,0.0,0.0,0.7682994249008595,0.734938112472667,0.64460195102422,0.6497525037371686,0.40084959674936893,0.7350424731041797,0.5824865455256774,0.6942716827931671,False,1,0.6942716827931671,276
1159_29.png,00868,"solitary slender palm tree in shallow ocean, shallow surf and reflective water in foreground, low sun reflection behind the tree, faint distant land on right horizon, clear turquoise ocean, muted colors",1,"[3, 0, 0, 1, 0, 2]",0.9050265550613403,0.5870958566665649,0.027662480250000954,0.1663204144114635,0.6772044371574456,0.8588335955584491,0.10397045510925886,0.8960295448907412,0.9649638846630774,0.8930782356456769,0.8930782356456769,0.5,0.0,0.0,0.6811334933623077,0.6276458689214242,0.694644177688067,0.7890802526130819,0.7801576063535063,0.8108008959742168,0.7524393778734089,0.693321790882928,False,1,0.693321790882928,277
1159_29.png,00883,"solitary slender palm tree in shallow ocean, shallow surf and reflective water in foreground, warm sun glow behind the tree, clear turquoise ocean, soft atmospheric tropical photo",1,"[3, 0, 3, 0, 0, 0]",0.9027321338653564,0.5560316443443298,0.026676103472709656,0.16332820782923463,0.6686882927870574,0.8494810881438078,0.11077222147712068,0.8892277785228793,0.9548566654683965,0.8844675452414006,0.8844675452414006,0.5,0.0,0.0,0.6581020053082393,0.7123375623035342,0.725423964762561,0.7721035158120663,0.7292156621313798,0.6004349731854218,0.6463325693681207,0.693271089262903,False,1,0.693271089262903,278
1159_29.png,00460,"single delicate palm tree in calm turquoise sea, shallow surf and reflective water in foreground, low sunset reflection behind the tree, clear turquoise ocean, soft atmospheric tropical photo",1,"[4, 0, 1, 0, 0, 0]",0.9076542854309082,0.5855644941329956,0.02824671007692814,0.16806757592387694,0.6873408441665534,0.8691445809823496,0.10627305678226719,0.8937269432177328,0.9373637196018885,0.8913922354886415,0.8913922354886415,0.5,0.0,0.0,0.707510751697416,0.6318208882267445,0.6766717356594225,0.809286945503347,0.8363202610355235,0.7395857292719111,0.4626895097392395,0.693265741597717,False,1,0.693265741597717,279
1159_29.png,00146,"single slender palm tree rising from shallow turquoise ocean, gentle surf and reflective foreground water, low sunset reflection behind the tree, clear turquoise ocean, natural ocean photograph",1,"[0, 2, 1, 0, 0, 1]",0.9241944551467896,0.6291059255599976,0.031035451218485832,0.1761688145458379,0.63053322562568,0.8840823703342013,0.11848313624969349,0.8815168637503065,0.9564261202019902,0.8976531930033959,0.8976531930033959,0.5,0.0,0.0,0.8735416103254587,0.5131120176594932,0.5933371152142379,0.696042272055315,0.9176845410330603,0.3619507892324921,0.6628088948209996,0.693156350041793,False,1,0.693156350041793,280
1159_29.png,00134,"single slender palm tree rising from shallow turquoise ocean, water fills foreground around the palm, low sunset reflection behind the tree, faint distant land on right horizon, calm turquoise water, soft atmospheric tropical photo",1,"[0, 1, 1, 1, 1, 0]",0.9025382399559021,0.5738562941551208,0.028267471119761467,0.16812932855323448,0.6756538380549241,0.8809040210865162,0.10895637029346764,0.8910436297065324,0.955190771306861,0.8993102341475909,0.8993102341475909,0.5,0.0,0.0,0.6561556908010463,0.6637414556081631,0.6760365078665943,0.7859891691717382,0.9003724681401222,0.65659585687899,0.6498400528350973,0.6925550729651675,False,1,0.6925550729651675,281
1159_29.png,00765,"single slender palm tree in calm turquoise water, gentle surf and reflective foreground water, low sun reflection behind the tree, faint distant land on right horizon, shallow turquoise sea, soft atmospheric tropical photo",1,"[1, 2, 0, 1, 2, 0]",0.9085849523544312,0.5540015697479248,0.02622506581246853,0.16194155060536047,0.668648573971122,0.8232444480613426,0.11469004459312716,0.8853099554068729,0.9424671924735385,0.8688119245147173,0.8688119245147173,0.5,0.0,0.0,0.716852822006457,0.7178722416792118,0.7396880247207349,0.7720243372713022,0.5863079480391554,0.47926402573621724,0.516266384671277,0.6922039534369225,False,1,0.6922039534369225,282
1159_29.png,00216,"single slender palm tree rising from shallow turquoise ocean, shallow surf and reflective water in foreground, low sun reflection behind the tree, bright turquoise tropical water, soft atmospheric tropical photo",1,"[0, 0, 0, 0, 5, 0]",0.9066852331161499,0.5477546453475952,0.02942405827343464,0.1715344229985184,0.6249307832915042,0.8122513382523149,0.10412060096522499,0.895879399034775,0.9592044827803862,0.8709117884317902,0.8709117884317902,0.5,0.0,0.0,0.6977833673574398,0.7349034993980901,0.6410094871331827,0.6848739328617139,0.5264298467031958,0.8061571652379659,0.6919764809181985,0.691973861765126,False,1,0.691973861765126,283
1159_29.png,00024,"single slender palm tree in calm turquoise water, shallow surf and reflective water in foreground, low sun reflection behind the tree, calm turquoise water, soft atmospheric tropical photo",1,"[1, 0, 0, 0, 1, 0]",0.9022308588027954,0.5251972675323486,0.027722133323550224,0.16649964961990227,0.6351737557522609,0.7985144721137152,0.10784959172317243,0.8921504082768276,0.9626116202516966,0.8641064793984008,0.8641064793984008,0.5,0.0,0.0,0.6530701869850015,0.7964026452839117,0.6928004475175757,0.7052930615146952,0.4516068460259801,0.6908264497383853,0.7277450218250566,0.6909638863352668,False,1,0.6909638863352668,284
1159_29.png,00170,"single slender palm tree in calm turquoise water, shallow surf and reflective water in foreground, low sunset reflection behind the tree, hazy island silhouette on right horizon, clear turquoise ocean, soft atmospheric tropical photo",1,"[1, 0, 1, 2, 0, 0]",0.9088736772537231,0.5855815410614014,0.028984546661376953,0.1702484850486986,0.6954106898155903,0.8551511411313656,0.11127524625897289,0.8887247537410271,0.9580546418516127,0.8874826056887966,0.8874826056887966,0.5,0.0,0.0,0.7197510536304479,0.6317744124552467,0.6542374829946787,0.8253739961274402,0.7600997352705775,0.5848773567227404,0.6799053118962467,0.6905504064469282,False,1,0.6905504064469282,285
1159_29.png,00926,"single slender palm tree rising from shallow turquoise ocean, shallow surf and reflective water in foreground, low sun reflection behind the tree, faint distant land on right horizon, soft teal ocean water, muted colors",1,"[0, 0, 0, 1, 4, 2]",0.9106836318969727,0.583650529384613,0.026970557868480682,0.16422715326181808,0.6631782260134691,0.8615598325376158,0.11907512396372097,0.880924876036279,0.9567063812351526,0.8873669075016553,0.8873669075016553,0.5,0.0,0.0,0.7379194478282409,0.637039012347605,0.7161768261556078,0.761119325161601,0.795007079972912,0.3436417155293088,0.6657511090150782,0.6898743119290028,False,1,0.6898743119290028,286
1159_29.png,00187,"single slender palm tree in calm turquoise water, gentle surf and reflective foreground water, low sun reflection behind the tree, faint distant land on right horizon, clear turquoise ocean, soft atmospheric tropical photo",1,"[1, 2, 0, 1, 0, 0]",0.9082657098770142,0.5584107041358948,0.026925494894385338,0.16408989881886496,0.6628892293502794,0.8248420997902199,0.11186124910259874,0.8881387508974012,0.9410680629522921,0.8702411203101478,0.8702411203101478,0.5,0.0,0.0,0.7136482537615984,0.7058514296337319,0.7175887148113633,0.7605432169988033,0.5950101582220038,0.5667533838767039,0.5015781538804457,0.6889498735991371,False,1,0.6889498735991371,287
1159_29.png,00815,"single isolated slender palm tree in shallow turquoise water, shallow surf and reflective water in foreground, low sunset reflection behind the tree, faint distant land on right horizon, shallow turquoise sea, soft atmospheric tropical photo",1,"[2, 0, 1, 1, 2, 0]",0.9081143140792847,0.584632933139801,0.027753738686442375,0.16659453378320183,0.6661237143121987,0.8733836986400463,0.11268465613189906,0.887315343868101,0.9440346216803422,0.8923899590779246,0.8923899590779246,0.5,0.0,0.0,0.7121285369315122,0.6343606428866719,0.6918244071731532,0.7669910879480419,0.8594102074739889,0.541286943222703,0.5327214458991415,0.6886937468456342,False,1,0.6886937468456342,288
1159_29.png,00156,"single slender palm tree in calm turquoise water, shallow surf and reflective water in foreground, low sun reflection behind the tree, calm turquoise water, muted colors",1,"[1, 0, 0, 0, 1, 2]",0.9101062417030334,0.5508474707603455,0.028873063623905182,0.16992075689539868,0.6198518598268631,0.7987569173177084,0.10781253524447984,0.8921874647555201,0.9566108088643108,0.8630283872302631,0.8630283872302631,0.5,0.0,0.0,0.7321235828939716,0.726471396925189,0.6576087083762414,0.6747492164241291,0.4529274148864131,0.691972537374135,0.6647477787166076,0.6885562507702098,False,1,0.6885562507702098,289
1159_29.png,00490,"single slender palm tree rising from shallow turquoise ocean, shallow surf and reflective water in foreground, low sunset reflection behind the tree, shallow turquoise sea, soft hazy tropical photo",1,"[0, 0, 1, 0, 2, 3]",0.9252781867980957,0.6378463506698608,0.03019784204661846,0.1737752630457467,0.6610221959680638,0.8708258734809027,0.11759829839212099,0.882401701607879,0.9479876656817494,0.8903097717655136,0.8903097717655136,0.5,0.0,0.0,0.8844201502485395,0.48928262209152673,0.6179587459406046,0.7568213291408665,0.8454780520839743,0.38931717060457377,0.5742209795286319,0.6883569410362227,False,1,0.6883569410362227,290
1159_29.png,00072,"single slender palm tree in calm turquoise water, shallow surf and reflective water in foreground, low sunset reflection behind the tree, faint distant land on right horizon, clear turquoise ocean, soft atmospheric tropical photo",1,"[1, 0, 1, 1, 0, 0]",0.9056171774864197,0.5766154527664185,0.025830166414380074,0.1607176605553356,0.6730080732860342,0.8598028112340858,0.11279878147224612,0.8872012185277539,0.9470837606739928,0.886848443674851,0.886848443674851,0.5,0.0,0.0,0.6870621839407813,0.6562190432361177,0.7522777554452416,0.7807148983086204,0.7854368035461438,0.537757259720322,0.5647316755254619,0.6883182652461023,False,1,0.6883182652461023,291
1159_29.png,00227,"single slender palm tree rising from shallow turquoise ocean, shallow surf and reflective water in foreground, low sun reflection behind the tree, subtle right horizon landform, calm turquoise water, natural ocean photograph",1,"[0, 0, 0, 3, 1, 1]",0.917016863822937,0.5764251351356506,0.0304162185639143,0.1744024614617417,0.6379647080492193,0.8327015064380786,0.11806080775716693,0.881939192242833,0.9517029524255652,0.87373498566724,0.87373498566724,0.5,0.0,0.0,0.801492673050275,0.6567379143493782,0.6115069742573119,0.7108567603564392,0.637819368343286,0.3750126202695195,0.6132245087363262,0.688231475909978,False,1,0.688231475909978,292
1159_29.png,00091,"single slender palm tree rising from shallow turquoise ocean, shallow surf and reflective water in foreground, low sun reflection behind the tree, faint distant land on right horizon, calm turquoise water, muted colors",1,"[0, 0, 0, 1, 1, 2]",0.9051541686058044,0.5708987712860107,0.02657284028828144,0.16301177959976218,0.688817954481097,0.8399341724537037,0.11370405269342382,0.8862959473065761,0.9647823675172926,0.8811304326649269,0.8811304326649269,0.5,0.0,0.0,0.6824144830210535,0.6718046769576376,0.7286789517629124,0.8122315307458502,0.6772148002216343,0.5097589125972838,0.7505337889416537,0.6878673741578862,False,1,0.6878673741578862,293
1159_29.png,00646,"single slender palm tree rising from shallow turquoise ocean, calm reflective water in foreground, low sunset reflection behind the tree, shallow turquoise sea, soft atmospheric tropical photo",1,"[0, 3, 1, 0, 2, 0]",0.9170688390731812,0.6142536997795105,0.028826843947172165,0.1697846988016652,0.6728545561274988,0.8454279016565392,0.11161673930327748,0.8883832606967226,0.9607516786944043,0.8835270327281765,0.8835270327281765,0.5,0.0,0.0,0.8020144026076905,0.5536042773310037,0.6590082906042034,0.7804088654043453,0.707138459644154,0.5743156150359763,0.7082191305933218,0.6877867257221894,False,1,0.6877867257221894,294
1159_29.png,00585,"single slender palm tree rising from shallow turquoise ocean, water fills foreground around the palm, soft pale sunset haze, faint distant land on right horizon, shallow turquoise sea, soft atmospheric tropical photo",1,"[0, 1, 2, 1, 2, 0]",0.9130997657775879,0.6241896152496338,0.027169156819581985,0.16483069137627854,0.6888045688997483,0.869741369176794,0.11104981871648734,0.8889501812835127,0.9630011247401052,0.8951164045268077,0.8951164045268077,0.5,0.0,0.0,0.7621726924835045,0.5265155651583816,0.7099684397544936,0.8122048468990761,0.8395708920765872,0.5918494093385216,0.7318340870137567,0.6874938309536507,False,1,0.6874938309536507,295
1159_29.png,00007,"single slender palm tree in calm turquoise water, shallow surf and reflective water in foreground, low sun reflection behind the tree, clear turquoise ocean, soft atmospheric tropical photo",1,"[1, 0, 0, 0, 0, 0]",0.9033924341201782,0.5200963020324707,0.027668602764606476,0.1663388191752198,0.6422117325733102,0.7817987512659142,0.11103120325411224,0.8889687967458878,0.9615584749048844,0.855260211911699,0.855260211911699,0.5,0.0,0.0,0.66473012461678,0.810309626139794,0.6944548542927707,0.7193231055000999,0.3605583943852734,0.5924251508016788,0.7166889747076421,0.6868315361039926,False,1,0.6868315361039926,296
1159_29.png,00856,"single isolated slender palm tree in shallow turquoise water, gentle surf and reflective foreground water, low sunset reflection behind the tree, calm turquoise water, soft atmospheric tropical photo",1,"[2, 2, 1, 0, 1, 0]",0.9070278406143188,0.5455644130706787,0.03031446970999241,0.17411051005034822,0.6713361768392286,0.8232647931134259,0.11249521099599784,0.8875047890040022,0.9462338209776054,0.8703425972479635,0.8703425972479635,0.5,0.0,0.0,0.7012224745776503,0.7408748235220705,0.6145101767541448,0.7773820114173807,0.5864187650064646,0.547146127245844,0.555808905882445,0.6866870184499991,False,1,0.6866870184499991,297
1159_29.png,00555,"single slender palm tree rising from shallow turquoise ocean, water fills foreground around the palm, low sun reflection behind the tree, hazy island silhouette on right horizon, calm turquoise water, muted colors",1,"[0, 1, 0, 2, 1, 2]",0.897656261920929,0.5510847568511963,0.02647458389401436,0.1627101222850452,0.6750106614391264,0.8663109673394098,0.11314492408477476,0.8868550759152253,0.9531533522995546,0.8908698823329742,0.8908698823329742,0.5,0.0,0.0,0.6071502078541837,0.7258244736862631,0.7317819955071503,0.7847070114665526,0.8208859200886544,0.527051715577382,0.6284509818859806,0.6855035311066279,False,1,0.6855035311066279,298
1159_29.png,00132,"single slender palm tree rising from shallow turquoise ocean, water fills foreground around the palm, low sunset reflection behind the tree, shallow turquoise sea, soft atmospheric tropical photo",1,"[0, 1, 1, 0, 2, 0]",0.9031966924667358,0.570378303527832,0.02913069725036621,0.17067717261065174,0.6807023331666612,0.8733413131148726,0.11414633309088457,0.8858536669091155,0.9584966803721697,0.894751710394317,0.894751710394317,0.5,0.0,0.0,0.6627652623844955,0.6732236505125986,0.6498277233354467,0.7960532273916987,0.8591793387920948,0.496080006426261,0.6845458857028768,0.6854862911301053,False,1,0.6854862911301053,299
1159_29.png,00970,"single slender palm tree rising from shallow turquoise ocean, shallow surf and reflective water in foreground, low sunset reflection behind the tree, minimal horizon detail, calm turquoise water, soft atmospheric tropical photo",1,"[0, 0, 1, 5, 1, 0]",0.9218224287033081,0.616666316986084,0.030953960493206978,0.17593737662363554,0.6563158455858897,0.8416499385127315,0.11208749168761184,0.8879125083123882,0.9485458063486958,0.8792210115098041,0.8792210115098041,0.5,0.0,0.0,0.8497311178175431,0.5470266556424837,0.5957178365216036,0.7474393285245611,0.6865603644646928,0.559756123518679,0.5800804076983366,0.6853649619705248,False,1,0.6853649619705248,300
1159_29.png,00495,"single slender palm tree rising from shallow turquoise ocean, shallow surf and reflective water in foreground, low sunset reflection behind the tree, faint distant land on right horizon, calm turquoise water, soft hazy tropical photo",1,"[0, 0, 1, 1, 1, 3]",0.9260146617889404,0.62982577085495,0.03028334304690361,0.17402109943022315,0.6614831274004496,0.8521813286675348,0.11981505100089569,0.8801849489991043,0.9493320136439373,0.8814127327788646,0.8814127327788646,0.5,0.0,0.0,0.8918129144818244,0.5111494725812449,0.6154299126660946,0.7577401852887423,0.7439235362925576,0.3207571550264504,0.5883341068924286,0.6852477790812526,False,1,0.6852477790812526,301
1159_29.png,00730,"single slender palm tree in calm turquoise water, water fills foreground around the palm, low sun reflection behind the tree, faint distant land on right horizon, calm turquoise water, muted colors",1,"[1, 1, 0, 1, 1, 2]",0.9138085842132568,0.5578545928001404,0.028362322598695755,0.16841117124079316,0.6207480339178513,0.7915253815827547,0.11202575209892318,0.8879742479010768,0.9518076486235997,0.8573389382023364,0.8573389382023364,0.5,0.0,0.0,0.769287839154128,0.7073675798018246,0.6731372902914838,0.6765357187435939,0.41353813950624924,0.5616656136194337,0.6143236220752274,0.68507938390113,False,1,0.68507938390113,302
1159_29.png,00387,"single slender palm tree in calm turquoise water, water fills foreground around the palm, low sunset reflection behind the tree, hazy island silhouette on right horizon, clear turquoise ocean, soft atmospheric tropical photo",1,"[1, 1, 1, 2, 0, 0]",0.9007289409637451,0.5572062730789185,0.029707947745919228,0.17235993660337437,0.6448760772869935,0.8716419361255787,0.11170646309810664,0.8882935369018934,0.961776761140403,0.8954969614002537,0.8954969614002537,0.5,0.0,0.0,0.6379938780540924,0.7091351216430193,0.632517716165405,0.7246344150533592,0.8499230437727023,0.5715406257354708,0.7189805699867569,0.6847103078778934,False,1,0.6847103078778934,303
1159_29.png,00128,"single slender palm tree rising from shallow turquoise ocean, water fills foreground around the palm, low sun reflection behind the tree, hazy island silhouette on right horizon, calm turquoise water, soft atmospheric tropical photo",1,"[0, 1, 0, 2, 1, 0]",0.8991738557815552,0.5617431402206421,0.02680300548672676,0.16371623464619128,0.6781759506077214,0.8712779857494213,0.11277289438992287,0.8872271056100771,0.9526136142888927,0.8931273034085452,0.8931273034085452,0.5,0.0,0.0,0.6223838732915152,0.6967660663167008,0.7214324680269903,0.7910169422024843,0.847940651357508,0.5385578987994533,0.6227847470258061,0.6842188824362039,False,1,0.6842188824362039,304
1159_29.png,00006,"single slender palm tree rising from shallow turquoise ocean, water fills foreground around the palm, low sun reflection behind the tree, clear turquoise ocean, soft atmospheric tropical photo",1,"[0, 1, 0, 0, 0, 0]",0.9100010395050049,0.5532944202423096,0.030879894271492958,0.17572676026004963,0.6019278902097237,0.798831515842014,0.10652472657171044,0.8934752734282896,0.9680755195096862,0.8658056317307449,0.8658056317307449,0.5,0.0,0.0,0.7310675591911756,0.7198001736828832,0.5978843737065962,0.6390181976220479,0.45333374376654617,0.7318020529985769,0.7851056965163509,0.6842072828598601,False,1,0.6842072828598601,305
1159_29.png,00385,"single slender palm tree in calm turquoise water, water fills foreground around the palm, low sunset reflection behind the tree, faint distant land on right horizon, clear turquoise ocean, natural ocean photograph",1,"[1, 1, 1, 1, 0, 1]",0.8960004448890686,0.5567815899848938,0.02705264464020729,0.16447688178041098,0.6753617271245598,0.8797856083622685,0.1105761142249809,0.8894238857750191,0.9530887208069952,0.8978196279456766,0.8978196279456766,0.5,0.0,0.0,0.590529052917258,0.7102929533630258,0.713607955852879,0.7854068527893695,0.8942806131872191,0.6065002040138271,0.6277724726667474,0.6839822721034239,False,1,0.6839822721034239,306
1159_29.png,00023,"single slender palm tree in calm turquoise water, shallow surf and reflective water in foreground, low sun reflection behind the tree, clear turquoise ocean, natural ocean photograph",1,"[1, 0, 0, 0, 0, 1]",0.9155205488204956,0.5605707168579102,0.031356655061244965,0.1770781044094525,0.6015641197939339,0.7839276349103009,0.10518375497555522,0.8948162450244448,0.9520796758512888,0.8563690566384489,0.8563690566384489,0.5,0.0,0.0,0.7864726056083534,0.6999624943774067,0.5839835670477188,0.6382930297131603,0.37215415871452345,0.7732757984938119,0.61717939678444,0.6836960733822622,False,1,0.6836960733822622,307
1159_29.png,00150,"single slender palm tree rising from shallow turquoise ocean, calm reflective water in foreground, low sun reflection behind the tree, clear turquoise ocean, natural ocean photograph",1,"[0, 3, 0, 0, 0, 1]",0.916470468044281,0.5547144412994385,0.03359739109873772,0.18329591129847309,0.6096555893274231,0.786680433485243,0.11269595775717028,0.8873040422428298,0.9686841329029898,0.8582994364339477,0.8582994364339477,0.5,0.0,0.0,0.7960079312465747,0.7159287094165763,0.5200231529335918,0.6544231870506906,0.38714831004124833,0.540937405073257,0.7914949934666939,0.6833274976022655,False,1,0.6833274976022655,308
1159_29.png,00418,"single isolated slender palm tree in shallow turquoise water, shallow surf and reflective water in foreground, low sunset reflection behind the tree, calm turquoise water, natural ocean photograph",1,"[2, 0, 1, 0, 1, 1]",0.9179275631904602,0.5908899307250977,0.029081547632813454,0.17053312766970954,0.6464433886144724,0.8502926296657985,0.12182113010164174,0.8781788698983582,0.9407408544272189,0.8781424586994785,0.8781424586994785,0.5,0.0,0.0,0.8106343082655842,0.6173019222119087,0.6513094634792225,0.7277588139285567,0.7336360278273717,0.25871287735032544,0.49814307924295204,0.6830465024777759,False,1,0.6830465024777759,309
1159_29.png,00746,"single slender palm tree in calm turquoise water, water fills foreground around the palm, low sunset reflection behind the tree, hazy island silhouette on right horizon, clear turquoise ocean, natural ocean photograph",1,"[1, 1, 1, 2, 0, 1]",0.8953685760498047,0.548656165599823,0.027972495183348656,0.16724979875428447,0.6643629173913482,0.8719007703993055,0.11031648618531038,0.8896835138146896,0.959386418174537,0.8956218601497362,0.8956218601497362,0.5,0.0,0.0,0.5841863292496428,0.7324456460977252,0.6850839246118607,0.763480980018301,0.8513328818567996,0.6145300140945135,0.6938864606718435,0.6830458351355577,False,1,0.6830458351355577,310
1159_29.png,00940,"single slender palm tree rising from shallow turquoise ocean, shallow surf and reflective water in foreground, low sun reflection behind the tree, very soft distant coastline, calm turquoise water, muted colors",1,"[0, 0, 0, 4, 1, 2]",0.9089704155921936,0.5654253959655762,0.030008388683199883,0.17322929510680313,0.6625028133436215,0.8186261212384259,0.112193666397577,0.887806333602423,0.9649563873083645,0.8721052487798127,0.8721052487798127,0.5,0.0,0.0,0.7207221167860502,0.6867269746677795,0.6235749279950087,0.7597729056283736,0.5611524964600137,0.5564723381560709,0.7523606697376212,0.6826247057360713,False,1,0.6826247057360713,311
1159_29.png,00065,"single slender palm tree in calm turquoise water, shallow surf and reflective water in foreground, low sun reflection behind the tree, calm turquoise water, natural ocean photograph",1,"[1, 0, 0, 0, 1, 1]",0.9148799180984497,0.5573816895484924,0.03051380254328251,0.17468200406247494,0.6083437151681568,0.792361789279514,0.11037237679986775,0.8896276232001322,0.9492188937676309,0.8577762520493537,0.8577762520493537,0.5,0.0,0.0,0.7800419298249813,0.708656876204145,0.6086314168743688,0.6518079962613753,0.4180939481622859,0.6128014218332232,0.5871465607610756,0.6825734892467938,False,1,0.6825734892467938,312
1159_29.png,00051,"single slender palm tree rising from shallow turquoise ocean, water fills foreground around the palm, low sun reflection behind the tree, shallow turquoise sea, soft atmospheric tropical photo",1,"[0, 1, 0, 0, 2, 0]",0.9029731750488281,0.5479348301887512,0.027686486020684242,0.16639256600186272,0.6394859895854164,0.8197394476996527,0.11009454757635412,0.8899054524236458,0.9618082000313837,0.8727112998193965,0.8727112998193965,0.5,0.0,0.0,0.6605215859621244,0.7344122537434121,0.6939019794044444,0.7138893999075092,0.5672166471710888,0.6213941605162642,0.7193106192634817,0.6822939963249416,False,1,0.6822939963249416,313
1159_29.png,00956,"single slender palm tree rising from shallow turquoise ocean, shallow surf and reflective water in foreground, low sunset reflection behind the tree, faint distant land on right horizon, bright turquoise tropical water, soft atmospheric tropical photo",1,"[0, 0, 1, 1, 5, 0]",0.9243860840797424,0.6245959401130676,0.031032077968120575,0.17615924037109315,0.6420186541131233,0.8611868399160881,0.11863873643124312,0.8813612635687569,0.9431201813164702,0.8846345564745985,0.8846345564745985,0.5,0.0,0.0,0.8754651889115717,0.5254077842692189,0.5934356014156279,0.7189382080561421,0.7929754355722476,0.3571383663988521,0.5231215404543347,0.6822886854363726,False,1,0.6822886854363726,314
1159_29.png,00043,"single slender palm tree rising from shallow turquoise ocean, shallow surf and reflective water in foreground, low sunset reflection behind the tree, faint distant land on right horizon, calm turquoise water, soft atmospheric tropical photo",1,"[0, 0, 1, 1, 1, 0]",0.9190424680709839,0.6108910441398621,0.03009367361664772,0.1734752824371464,0.6787739720503233,0.8375402379918983,0.11438600570591428,0.8856139942940857,0.951125367850414,0.877083078669367,0.877083078669367,0.5,0.0,0.0,0.8218257662603717,0.5627720295156899,0.6210445419929335,0.7922090841144648,0.6641753370682764,0.48866738033751883,0.6071609560686021,0.6822291379074489,False,1,0.6822291379074489,315
1159_29.png,00290,"single slender palm tree rising from shallow turquoise ocean, water fills foreground around the palm, low sunset reflection behind the tree, hazy island silhouette on right horizon, calm turquoise water, soft atmospheric tropical photo",1,"[0, 1, 1, 2, 1, 0]",0.9031105637550354,0.5670745372772217,0.028809206560254097,0.16973275040561292,0.6712668536393904,0.8571850811993634,0.11039578556004086,0.8896042144399592,0.9513080011431644,0.8873563618223322,0.8873563618223322,0.5,0.0,0.0,0.6619006990697418,0.6822308500321106,0.6595426656633476,0.7772438172221355,0.7711783537523859,0.6120774326267708,0.6090782624460824,0.6822223186043477,False,1,0.6822223186043477,316
1159_29.png,00837,"single isolated slender palm tree in shallow turquoise water, water fills foreground around the palm, low sun reflection behind the tree, hazy island silhouette on right horizon, calm turquoise water, soft atmospheric tropical photo",1,"[2, 1, 0, 2, 1, 0]",0.907938539981842,0.5631259679794312,0.029597727581858635,0.1720399011330181,0.6290687001131704,0.8355379457826967,0.10617500070401688,0.8938249992959831,0.9357223306852601,0.8759752914928597,0.8759752914928597,0.5,0.0,0.0,0.7103641097929595,0.692996003733662,0.6358098095965056,0.693122774324546,0.6532691005356152,0.7426184205274711,0.4454580105400291,0.6821968618514991,False,1,0.6821968618514991,317
1159_29.png,00949,"single slender palm tree rising from shallow turquoise ocean, shallow surf and reflective water in foreground, low sunset reflection behind the tree, soft teal ocean water, muted colors",1,"[0, 0, 1, 0, 4, 2]",0.9229838848114014,0.6216530799865723,0.031549181789159775,0.17762089344770163,0.6168927351907728,0.8769616021050347,0.12092573292235875,0.8790742670776412,0.9515061403323423,0.8926099424909084,0.8926099424909084,0.5,0.0,0.0,0.8613898588218963,0.5334310299550973,0.5784000852377055,0.6688502699146048,0.8788986024749124,0.2864058388099179,0.6111583515980576,0.6821173913300732,False,1,0.6821173913300732,318
1159_29.png,00133,"single slender palm tree rising from shallow turquoise ocean, water fills foreground around the palm, low sunset reflection behind the tree, faint distant land on right horizon, clear turquoise ocean, natural ocean photograph",1,"[0, 1, 1, 1, 0, 1]",0.9176391363143921,0.6369601488113403,0.029028482735157013,0.1703774713251638,0.639499523165093,0.8845101815682871,0.11145733145088231,0.8885426685491177,0.9542385326969649,0.8998672222373134,0.8998672222373134,0.5,0.0,0.0,0.8077390682101565,0.4916987121986225,0.6529106460881933,0.7139163787855264,0.9200147755956417,0.5792458020131888,0.6398433368358276,0.6819026251404017,False,1,0.6819026251404017,319
1159_29.png,00291,"single slender palm tree rising from shallow turquoise ocean, water fills foreground around the palm, low sunset reflection behind the tree, subtle right horizon landform, clear turquoise ocean, soft atmospheric tropical photo",1,"[0, 1, 1, 3, 0, 0]",0.9057736396789551,0.5770431160926819,0.03065459430217743,0.17508453473159025,0.6676168451715752,0.8784038402416088,0.11463154695985192,0.8853684530401481,0.9530361858301175,0.8957679238387992,0.8957679238387992,0.5,0.0,0.0,0.6886327574364411,0.6550530863812339,0.6044907240626133,0.769967609776071,0.8867542941574833,0.48107324821452147,0.6272209541309339,0.681647931681244,False,1,0.681647931681244,320
1159_29.png,00759,"single slender palm tree in calm turquoise water, gentle surf and reflective foreground water, low sun reflection behind the tree, clear turquoise ocean, soft hazy tropical photo",1,"[1, 2, 0, 0, 0, 3]",0.9000169038772583,0.5227969884872437,0.027837790548801422,0.1668466078432565,0.65671891004216,0.7823288529007524,0.10672874949092201,0.893271250509078,0.9606264942372797,0.8568182203309718,0.8568182203309718,0.5,0.0,0.0,0.6308464224429867,0.80294662891404,0.6892314091022425,0.7482428281941695,0.363445792033492,0.7254920053802392,0.7069049290346043,0.6814152581839957,False,1,0.6814152581839957,321
1159_29.png,00471,"single slender palm tree rising from shallow turquoise ocean, shallow surf and reflective water in foreground, low sun reflection behind the tree, faint distant land on right horizon, gentle turquoise water, muted colors",1,"[0, 0, 0, 1, 3, 2]",0.9066635966300964,0.5692699551582336,0.02792808599770069,0.16711698297211056,0.68363752887486,0.8189103868272568,0.1120677688033395,0.8879322311966605,0.9643235758235655,0.8721506701558099,0.8721506701558099,0.5,0.0,0.0,0.6975661794797543,0.6762453881734437,0.6864501543099454,0.8019044721370118,0.562700855753247,0.560366115471594,0.7457173382985592,0.6813335670004194,False,1,0.6813335670004194,322
1159_29.png,00243,"single slender palm tree rising from shallow turquoise ocean, shallow surf and reflective water in foreground, low sunset reflection behind the tree, hazy island silhouette on right horizon, shallow turquoise sea, soft atmospheric tropical photo",1,"[0, 0, 1, 2, 2, 0]",0.9176232814788818,0.6111524105072021,0.029334058985114098,0.17127188614922795,0.708017721607956,0.8235027171947338,0.1119094694569818,0.8880905305430182,0.9515878613165993,0.8717254806910064,0.8717254806910064,0.5,0.0,0.0,0.8075799167625963,0.5620594551869561,0.6437101122732922,0.8505058223709252,0.5877147078741614,0.5652620184286176,0.6120162683663011,0.6812445606371303,False,1,0.6812445606371303,323
1159_29.png,00100,"single slender palm tree rising from shallow turquoise ocean, shallow surf and reflective water in foreground, low sunset reflection behind the tree, clear turquoise ocean, soft hazy tropical photo",1,"[0, 0, 1, 0, 0, 3]",0.9226903319358826,0.6327125430107117,0.03183259814977646,0.17841692226293016,0.6234871340091819,0.8746490478515625,0.11416844598124369,0.8858315540187564,0.9494478925261967,0.8935226939450073,0.8935226939450073,0.5,0.0,0.0,0.8584431637871822,0.5032791419337561,0.5702116140327378,0.6819960514129,0.8663024071907901,0.49539609605146373,0.5895506174016867,0.6807543099298864,False,1,0.6807543099298864,324
1159_29.png,00960,"single slender palm tree rising from shallow turquoise ocean, shallow surf and reflective water in foreground, low sunset reflection behind the tree, hazy island silhouette on right horizon, gentle turquoise water, natural ocean photograph",1,"[0, 0, 1, 2, 3, 1]",0.924119234085083,0.6328585147857666,0.03191596269607544,0.17865039237593475,0.6407223062557258,0.8671287254050926,0.11438216672263904,0.885617833277361,0.9413333025191949,0.888440828583207,0.888440828583207,0.5,0.0,0.0,0.8727865384201168,0.5028811728274689,0.5678099882863007,0.7163539685904371,0.8253401465246568,0.488786112916028,0.5043626709064736,0.680595516896225,False,1,0.680595516896225,325
1159_29.png,00788,"single slender palm tree in calm turquoise water, calm reflective water in foreground, soft pale sunset haze, clear turquoise ocean, soft atmospheric tropical photo",1,"[1, 3, 2, 0, 0, 0]",0.9049921631813049,0.5807393789291382,0.02683386579155922,0.1638104569054101,0.6713621857954419,0.85406494140625,0.1147085412444228,0.8852914587555772,0.9632445537072751,0.8868301449387196,0.8868301449387196,0.5,0.0,0.0,0.6807882663501188,0.6449758065983895,0.7204632364593382,0.7774338596699347,0.7541833405159147,0.47869195887771876,0.7343896337281022,0.6803884688975282,False,1,0.6803884688975282,326
1159_29.png,00567,"single slender palm tree rising from shallow turquoise ocean, water fills foreground around the palm, low sunset reflection behind the tree, gentle turquoise water, natural ocean photograph",1,"[0, 1, 1, 0, 3, 1]",0.9023462533950806,0.5746526122093201,0.029100749641656876,0.1705894183167786,0.6551469568866304,0.8733317057291666,0.1089806215945669,0.8910193784054331,0.9518363706959644,0.8952233241592193,0.8952233241592193,0.5,0.0,0.0,0.6542285223326576,0.6615704195689649,0.650730421196059,0.745109175942131,0.8591270085575324,0.655845809456208,0.6146251498618099,0.6802893268962303,False,1,0.6802893268962303,327
1159_29.png,00226,"single slender palm tree rising from shallow turquoise ocean, shallow surf and reflective water in foreground, low sun reflection behind the tree, subtle right horizon landform, clear turquoise ocean, muted colors",1,"[0, 0, 0, 3, 0, 2]",0.9080820679664612,0.5612130165100098,0.029139092192053795,0.17070176388090955,0.6667055515269188,0.8158422399450233,0.1138320104594333,0.8861679895405667,0.9597729696634723,0.8692423982471532,0.8692423982471532,0.5,0.0,0.0,0.7118048492129782,0.6982113653086641,0.6495747615022223,0.7681509669761247,0.5459890414332336,0.5058014180188546,0.6979445249152189,0.6802334774598665,False,1,0.6802334774598665,328
1159_29.png,00745,"single slender palm tree in calm turquoise water, water fills foreground around the palm, low sunset reflection behind the tree, faint distant land on right horizon, shallow turquoise sea, soft atmospheric tropical photo",1,"[1, 1, 1, 1, 2, 0]",0.8901517391204834,0.5432088971138,0.025920016691088676,0.16099694621665553,0.6743808183029922,0.8758047598379629,0.107530153496486,0.892469846503514,0.9503825301857418,0.8965530942404616,0.8965530942404616,0.5,0.0,0.0,0.5318195198652119,0.7472967676263427,0.7494048411085639,0.7834514337446372,0.872597426583759,0.7007060771317083,0.5993625564971977,0.6801678403615139,False,1,0.6801678403615139,329
1159_29.png,00337,"single slender palm tree in calm turquoise water, shallow surf and reflective water in foreground, low sun reflection behind the tree, clear turquoise ocean, warm tropical sunset photo",1,"[1, 0, 0, 0, 0, 4]",0.9001576900482178,0.5902225971221924,0.02710544317960739,0.16463730798214415,0.714411045321427,0.8777963143807871,0.1067463528861036,0.8932536471138964,0.949112601856896,0.8974696383325972,0.8974696383325972,0.5,0.0,0.0,0.6322596394322242,0.6191213024136201,0.7119577073841254,0.8632507652989351,0.8834451763836735,0.7249475652640547,0.5860306954374127,0.6801591720485993,False,1,0.6801591720485993,330
1159_29.png,00672,"single slender palm tree in calm turquoise water, shallow surf and reflective water in foreground, low sun reflection behind the tree, soft teal ocean water, natural ocean photograph",1,"[1, 0, 0, 0, 4, 1]",0.9078754186630249,0.5580436587333679,0.03141750395298004,0.1772498348461291,0.6033548509468796,0.8449780499493634,0.11664707822635582,0.8833529217736442,0.9705982232773493,0.8835332897534589,0.8835332897534589,0.5,0.0,0.0,0.7097304955712819,0.7068521212452127,0.5822170358508059,0.6418628108421236,0.7046881733669891,0.41873663271547407,0.8115893455235749,0.6797570743799959,False,1,0.6797570743799959,331
1159_29.png,00018,"single slender palm tree rising from shallow turquoise ocean, water fills foreground around the palm, low sun reflection behind the tree, clear turquoise ocean, natural ocean photograph",1,"[0, 1, 0, 0, 0, 1]",0.9136815667152405,0.56078040599823,0.031549468636512756,0.17762170091661875,0.6025474900178537,0.7828815601490162,0.10583927273354288,0.8941607272664571,0.9624948880325652,0.8577519342168304,0.8577519342168304,0.5,0.0,0.0,0.7680128326325085,0.6993908098874442,0.5783917790861564,0.6402533555065429,0.36645631964538605,0.7530018592542809,0.726519552882196,0.6796929962565118,False,1,0.6796929962565118,332
1159_29.png,00618,"single slender palm tree rising from shallow turquoise ocean, gentle surf and reflective foreground water, low sunset reflection behind the tree, faint distant land on right horizon, clear turquoise ocean, muted colors",1,"[0, 2, 1, 1, 0, 2]",0.9028502106666565,0.5898311138153076,0.027773337438702583,0.16665334511705002,0.6911644847924174,0.8688218858506945,0.11052388686837505,0.8894761131316249,0.963189234958964,0.8949243352206742,0.8949243352206742,0.5,0.0,0.0,0.6592872647729638,0.6201886201310942,0.6912194354629226,0.8169092846399022,0.8345625808040393,0.6081154985524803,0.7338088908233784,0.6795577052125431,False,1,0.6795577052125431,333
1159_29.png,00266,"single slender palm tree rising from shallow turquoise ocean, shallow surf and reflective water in foreground, muted sunset reflection behind the tree, clear turquoise ocean, soft atmospheric tropical photo",1,"[0, 0, 5, 0, 0, 0]",0.9196602702140808,0.6225183010101318,0.03149668872356415,0.17747306478326266,0.6612627357372021,0.8570534035011574,0.1124164646999389,0.8875835353000611,0.9485156743592926,0.8860314038024008,0.8860314038024008,0.5,0.0,0.0,0.8280272878918057,0.5310721407975372,0.5799207472274097,0.7573008396063111,0.7704611217139695,0.5495816030238557,0.5797640784323039,0.6794382062564632,False,1,0.6794382062564632,334
1159_29.png,00481,"single slender palm tree rising from shallow turquoise ocean, shallow surf and reflective water in foreground, low sun reflection behind the tree, subtle right horizon landform, shallow turquoise sea, natural ocean photograph",1,"[0, 0, 0, 3, 2, 1]",0.9149265885353088,0.5867713093757629,0.03003065660595894,0.17329355615821074,0.6379736961889946,0.8408519603587963,0.11729573179109405,0.8827042682089059,0.9524560854348099,0.8778210931215373,0.8778210931215373,0.5,0.0,0.0,0.7805104094619724,0.6285306961095554,0.6229138969381103,0.7108746780051612,0.6822138767469065,0.3986749901455147,0.6211309900791853,0.6792723500018258,False,1,0.6792723500018258,335
1159_29.png,00255,"single slender palm tree rising from shallow turquoise ocean, shallow surf and reflective water in foreground, soft pale sunset haze, hazy island silhouette on right horizon, calm turquoise water, soft atmospheric tropical photo",1,"[0, 0, 2, 2, 1, 0]",0.9214587211608887,0.6418846845626831,0.029217876493930817,0.1709323740370174,0.6682321440507045,0.882537841796875,0.12278109183438415,0.8772189081656159,0.9603934745813556,0.8962473415828305,0.8962473415828305,0.5,0.0,0.0,0.8460802075430607,0.47827273932747283,0.6472025551364012,0.7711941938580954,0.9092716862648528,0.22902305490884092,0.7044586605276223,0.6790288343155539,False,1,0.6790288343155539,336
1159_29.png,00551,"single slender palm tree rising from shallow turquoise ocean, water fills foreground around the palm, low sun reflection behind the tree, faint distant land on right horizon, shallow turquoise sea, muted colors",1,"[0, 1, 0, 1, 2, 2]",0.9054510593414307,0.5656687021255493,0.027828829362988472,0.16681975111775127,0.6634076365510703,0.8249336525245949,0.11243577024307208,0.887564229756928,0.9626947081703173,0.8744065656850559,0.8744065656850559,0.5,0.0,0.0,0.6853946836236751,0.6860636386564016,0.6895076748846516,0.7615766497614254,0.5955088345748942,0.5489845186524597,0.7286172888354364,0.6789198960961302,False,1,0.6789198960961302,337
1159_29.png,00223,"single slender palm tree rising from shallow turquoise ocean, shallow surf and reflective water in foreground, low sun reflection behind the tree, hazy island silhouette on right horizon, calm turquoise water, muted colors",1,"[0, 0, 0, 2, 1, 2]",0.8972030282020569,0.5613188743591309,0.02609814889729023,0.16154921509338951,0.7014157663724581,0.8596909134476274,0.11546129578157245,0.8845387042184275,0.9644479456909213,0.8893390466660662,0.8893390466660662,0.5,0.0,0.0,0.6026006303833277,0.6979227605178246,0.7437238435014133,0.8373449773299637,0.784827310225944,0.4554106677723417,0.7470229881954458,0.6789069358589871,False,1,0.6789069358589871,338
1159_29.png,00576,"single slender palm tree rising from shallow turquoise ocean, water fills foreground around the palm, low sunset reflection behind the tree, subtle right horizon landform, clear turquoise ocean, natural ocean photograph",1,"[0, 1, 1, 3, 0, 1]",0.9061509370803833,0.59187251329422,0.029461387544870377,0.1716431983647193,0.6617743818266104,0.8773368552879051,0.11093185823493995,0.8890681417650601,0.9536237233925515,0.8967001791758387,0.8967001791758387,0.5,0.0,0.0,0.6924200832374037,0.614623065242883,0.6398905528221299,0.7583207942497947,0.8809425598719448,0.5954977065912158,0.6333889944619142,0.6788597421922911,False,1,0.6788597421922911,339
1159_29.png,00783,"single slender palm tree in calm turquoise water, calm reflective water in foreground, low sun reflection behind the tree, faint distant land on right horizon, calm turquoise water, soft atmospheric tropical photo",1,"[1, 3, 0, 1, 1, 0]",0.914017379283905,0.5707973837852478,0.02947366237640381,0.17167895146582124,0.6082741798430576,0.7969083432798033,0.10996617479200724,0.8900338252079928,0.9592985686925026,0.8619803070372095,0.8619803070372095,0.5,0.0,0.0,0.771383732089479,0.6720810940461612,0.6395227731221231,0.6516693791993295,0.44285846210675434,0.6253644908362991,0.6929642061933405,0.6788246791515865,False,1,0.6788246791515865,340
1159_29.png,00354,"single slender palm tree in calm turquoise water, shallow surf and reflective water in foreground, low sunset reflection behind the tree, shallow turquoise sea, natural ocean photograph",1,"[1, 0, 1, 0, 2, 1]",0.9139825105667114,0.6019789576530457,0.028633859008550644,0.16921542189927796,0.647898558343384,0.8725252504701967,0.11906781864301595,0.880932181356984,0.9436349254871153,0.889689611283956,0.889689611283956,0.5,0.0,0.0,0.7710337185675891,0.5870694328525854,0.6648642438481984,0.7306596611211473,0.8547343471033674,0.3438676554467166,0.5285253869616496,0.6784719809333725,False,1,0.6784719809333725,341
1159_29.png,00869,"solitary slender palm tree in shallow ocean, shallow surf and reflective water in foreground, low sun reflection behind the tree, faint distant land on right horizon, calm turquoise water, natural ocean photograph",1,"[3, 0, 0, 1, 1, 1]",0.9021044969558716,0.5825250148773193,0.027747618034482002,0.16657616286396443,0.6719871434837554,0.8647438331886574,0.1092406708217101,0.8907593291782899,0.9595015177558305,0.8928007936984634,0.8928007936984634,0.5,0.0,0.0,0.651801761914221,0.6401075507853431,0.6920133824216699,0.7786796983646334,0.8123499353567695,0.6478029728340963,0.6950947899853878,0.6784460128210054,False,1,0.6784460128210054,342
1159_29.png,00871,"solitary slender palm tree in shallow ocean, shallow surf and reflective water in foreground, low sun reflection behind the tree, hazy island silhouette on right horizon, clear turquoise ocean, natural ocean photograph",1,"[3, 0, 0, 2, 0, 1]",0.897409200668335,0.5775480270385742,0.027882695198059082,0.16698112228051135,0.6807978161863693,0.8652253327546297,0.10316332661179571,0.8968366733882043,0.9615066018579125,0.8955455557970373,0.8955455557970373,0.5,0.0,0.0,0.6046701975153228,0.6536765260303321,0.6878477059308974,0.7962435705827073,0.8149726035830822,0.8357638720594033,0.71614440519197,0.6779565853371422,False,1,0.6779565853371422,343
1159_29.png,00093,"single slender palm tree rising from shallow turquoise ocean, shallow surf and reflective water in foreground, low sun reflection behind the tree, faint distant land on right horizon, gentle turquoise water, soft atmospheric tropical photo",1,"[0, 0, 0, 1, 3, 0]",0.907634973526001,0.5705857872962952,0.02773466892540455,0.16653728989449945,0.6770347016125137,0.8239090530960649,0.11541106127030491,0.8845889387296951,0.9581852306784975,0.872002248584322,0.872002248584322,0.5,0.0,0.0,0.7073168980545231,0.6726579786224451,0.692413255121032,0.7887418887307004,0.5899279689712498,0.4569643273288635,0.6812762491817945,0.6778185990769581,False,1,0.6778185990769581,344
1159_29.png,00422,"single isolated slender palm tree in shallow turquoise water, shallow surf and reflective water in foreground, low sunset reflection behind the tree, hazy island silhouette on right horizon, clear turquoise ocean, soft atmospheric tropical photo",1,"[2, 0, 1, 2, 0, 0]",0.9039286971092224,0.58599853515625,0.028640296310186386,0.16923444185562933,0.6745745999904268,0.8765117503978587,0.10874624985087922,0.8912537501491208,0.9395584456330772,0.8942807893578442,0.8942807893578442,0.5,0.0,0.0,0.6701131530893331,0.6306375435832234,0.6646685921809177,0.7838377330558457,0.8764483161977462,0.6630944895004736,0.4857300088347249,0.6776678862741095,False,1,0.6776678862741095,345
1159_29.png,00039,"single slender palm tree rising from shallow turquoise ocean, shallow surf and reflective water in foreground, low sunset reflection behind the tree, clear turquoise ocean, muted colors",1,"[0, 0, 1, 0, 0, 2]",0.9214068651199341,0.62603759765625,0.03125181049108505,0.1767818160645632,0.6253234020530613,0.8853115505642362,0.12203003027986539,0.8779699697201346,0.9510450538305004,0.8958886979220535,0.8958886979220535,0.5,0.0,0.0,0.8455596746130705,0.5214773315237033,0.5870313820690849,0.6856566092805486,0.9243797328079792,0.2522519852252452,0.6063178097820601,0.6775486433801701,False,1,0.6775486433801701,346
1159_29.png,00959,"single slender palm tree rising from shallow turquoise ocean, shallow surf and reflective water in foreground, low sunset reflection behind the tree, hazy island silhouette on right horizon, shallow turquoise sea, muted colors",1,"[0, 0, 1, 2, 2, 2]",0.9038512110710144,0.5942779779434204,0.02716859243810177,0.16482897936376895,0.7087329701121854,0.8530584264684608,0.10800273514276565,0.8919972648572343,0.956638306637733,0.8874029959383859,0.8874029959383859,0.5,0.0,0.0,0.669335345262911,0.6080649438780683,0.7099860506309709,0.8519316537184826,0.748700978883212,0.6860900099609194,0.6650364536649417,0.6774356846575187,False,1,0.6774356846575187,347
1159_29.png,00264,"single slender palm tree rising from shallow turquoise ocean, shallow surf and reflective water in foreground, golden reflection behind the palm, calm turquoise water, soft atmospheric tropical photo",1,"[0, 0, 4, 0, 1, 0]",0.9162551164627075,0.5486012101173401,0.0345323421061039,0.18582879783850484,0.5721380437047151,0.7670005515769676,0.11066499438366431,0.8893350056163357,0.979334753741455,0.8522844509236439,0.8522844509236439,0.5,0.0,0.0,0.7938462238028341,0.7325954735848614,0.4939682311748287,0.5796328277336866,0.27995444191343977,0.6037513068027462,0.9033064980954049,0.6769695325407629,False,1,0.6769695325407629,348
1159_29.png,00500,"single slender palm tree rising from shallow turquoise ocean, shallow surf and reflective water in foreground, low sunset reflection behind the tree, hazy island silhouette on right horizon, calm turquoise water, muted colors",1,"[0, 0, 1, 2, 1, 2]",0.9050115346908569,0.5978360176086426,0.028046034276485443,0.16746950252653597,0.6938532537872852,0.8558954309534142,0.1057289939402906,0.8942710060597094,0.9530580267551607,0.8887594014009669,0.8887594014009669,0.5,0.0,0.0,0.6809827183067243,0.5983645078508304,0.6828239084186181,0.8222692834327036,0.7641537893246317,0.7564125762433519,0.6274502428013882,0.6767998896594537,False,1,0.6767998896594537,349
1159_29.png,00753,"single slender palm tree in calm turquoise water, water fills foreground around the palm, soft pale sunset haze, faint distant land on right horizon, calm turquoise water, soft atmospheric tropical photo",1,"[1, 1, 2, 1, 1, 0]",0.8950594067573547,0.5600711107254028,0.026387793943285942,0.16244320220706665,0.6891405549393526,0.8797709147135416,0.11408154429870766,0.8859184557012924,0.9526579368302788,0.8964999584826019,0.8964999584826019,0.5,0.0,0.0,0.581082876022219,0.7013245919882269,0.7345277093943134,0.8128746272967653,0.8942005787108293,0.4980838026926331,0.6232500504214025,0.6767605408026575,False,1,0.6767605408026575,350
1159_29.png,00671,"single slender palm tree in calm turquoise water, shallow surf and reflective water in foreground, low sun reflection behind the tree, gentle turquoise water, muted colors",1,"[1, 0, 0, 0, 3, 2]",0.9138543009757996,0.5547375082969666,0.030768049880862236,0.17540823777936496,0.6056001499924586,0.7888262713396991,0.1117604794629043,0.8882395205370957,0.9504248349373334,0.8559406212783147,0.8559406212783147,0.5,0.0,0.0,0.769746745771717,0.7158658208726265,0.6011609035398442,0.6463387625496718,0.3988364218432558,0.5698700005166948,0.5998066768916933,0.6766778762495254,False,1,0.6766778762495254,351
1159_29.png,00569,"single slender palm tree rising from shallow turquoise ocean, water fills foreground around the palm, low sunset reflection behind the tree, faint distant land on right horizon, clear turquoise ocean, soft hazy tropical photo",1,"[0, 1, 1, 1, 0, 3]",0.9046176671981812,0.5894672870635986,0.028829582035541534,0.1697927620234194,0.662557847925148,0.8778567843967013,0.1103767349429741,0.8896232650570259,0.9481795695727078,0.8960396096630163,0.8960396096630163,0.5,0.0,0.0,0.6770290612936499,0.6211805365969075,0.6589253470500374,0.7598826157935488,0.883774549036508,0.6126666326113335,0.5762356097663984,0.6764496512219093,False,1,0.6764496512219093,352
1159_29.png,00049,"single slender palm tree rising from shallow turquoise ocean, water fills foreground around the palm, low sun reflection behind the tree, clear turquoise ocean, muted colors",1,"[0, 1, 0, 0, 0, 2]",0.9067827463150024,0.5504564642906189,0.029421435669064522,0.1715267782856791,0.6359817353920502,0.7805362277560763,0.10627266242461073,0.8937273375753892,0.9669760439492247,0.8574410794314655,0.8574410794314655,0.5,0.0,0.0,0.6987622085913062,0.7275374146210827,0.6410881256318868,0.7069037502358702,0.3536815859139322,0.7395979260172586,0.7735632692173039,0.6762552576912361,False,1,0.6762552576912361,353
1159_29.png,00138,"single slender palm tree rising from shallow turquoise ocean, water fills foreground around the palm, soft pale sunset haze, faint distant land on right horizon, clear turquoise ocean, soft atmospheric tropical photo",1,"[0, 1, 2, 1, 0, 0]",0.9139752388000488,0.6217561960220337,0.027440855279564857,0.16565281548939897,0.6834900074539382,0.8541384096498842,0.11466057207918919,0.8853394279208108,0.9592856319659329,0.8860882105079182,0.8860882105079182,0.5,0.0,0.0,0.770960724294648,0.5331499002883449,0.7015115353078076,0.801610391596972,0.7545835128978635,0.4801755555148276,0.6928283948744819,0.6759860309367507,False,1,0.6759860309367507,354
1159_29.png,00572,"single slender palm tree rising from shallow turquoise ocean, water fills foreground around the palm, low sunset reflection behind the tree, faint distant land on right horizon, gentle turquoise water, soft atmospheric tropical photo",1,"[0, 1, 1, 1, 3, 0]",0.8999243974685669,0.5735151767730713,0.029193537309765816,0.17086116384294536,0.6650176871759246,0.8788373028790509,0.10926672139838953,0.8907332786016104,0.9502231106280805,0.8972780559317527,0.8972780559317527,0.5,0.0,0.0,0.6299178395609814,0.6646714585462119,0.6479350696038474,0.7647862484372656,0.8891153112109834,0.6469972771800596,0.5976889507159293,0.6758277097465919,False,1,0.6758277097465919,355
1159_29.png,00762,"single slender palm tree in calm turquoise water, gentle surf and reflective foreground water, low sun reflection behind the tree, gentle turquoise water, soft atmospheric tropical photo",1,"[1, 2, 0, 0, 3, 0]",0.8991432785987854,0.5315683484077454,0.02846640534698963,0.16871990204771228,0.6408355562375829,0.7874394169560185,0.10486977529924277,0.8951302247007572,0.9685753168377085,0.8613583796430151,0.8613583796430151,0.5,0.0,0.0,0.6220769383569348,0.7790328944460478,0.6699614839963086,0.7165797298094922,0.39128239857169256,0.782986603124867,0.7903526292635724,0.6755174053578009,False,1,0.6755174053578009,356
1159_29.png,00453,"solitary slender palm tree in shallow ocean, water fills foreground around the palm, low sun reflection behind the tree, calm turquoise water, soft atmospheric tropical photo",1,"[3, 1, 0, 0, 1, 0]",0.8953452706336975,0.5319721102714539,0.02612953633069992,0.1616463310152752,0.630646631930913,0.8240435564959491,0.10938213955192881,0.8906178604480712,0.9605581110416226,0.8746474737883265,0.8746474737883265,0.5,0.0,0.0,0.5839523885880036,0.7779321011728795,0.742724845833626,0.6962683449014035,0.5906605922551255,0.6434276093816215,0.706187033982878,0.6754757097786174,False,1,0.6754757097786174,357
1159_29.png,00570,"single slender palm tree rising from shallow turquoise ocean, water fills foreground around the palm, low sunset reflection behind the tree, faint distant land on right horizon, calm turquoise water, muted colors",1,"[0, 1, 1, 1, 1, 2]",0.8966354727745056,0.5655084252357483,0.027729785069823265,0.16652262629992137,0.6698694348369383,0.8866599754050926,0.1126532700987091,0.8873467299012909,0.9511408321944413,0.8997965108366317,0.8997965108366317,0.5,0.0,0.0,0.5969034872116427,0.6865006084100996,0.6925640944118553,0.7744580951655073,0.9317244351412917,0.5422576545758429,0.6073233026209783,0.675371439225762,False,1,0.675371439225762,358
1159_29.png,00284,"single slender palm tree rising from shallow turquoise ocean, water fills foreground around the palm, low sunset reflection behind the tree, shallow turquoise sea, natural ocean photograph",1,"[0, 1, 1, 0, 2, 1]",0.9108690023422241,0.6143996119499207,0.02710329182446003,0.16463077423270545,0.6685760991647726,0.8661278618706598,0.1153721026739252,0.8846278973260748,0.9604662432151955,0.8914705505489622,0.8914705505489622,0.5,0.0,0.0,0.7397802034745274,0.553206470727414,0.7120249177892212,0.771879860421382,0.8198885673828733,0.4581692439100468,0.7052225944393457,0.6753474280497309,False,1,0.6753474280497309,359
1159_29.png,00166,"single slender palm tree in calm turquoise water, shallow surf and reflective water in foreground, low sunset reflection behind the tree, calm turquoise water, natural ocean photograph",1,"[1, 0, 1, 0, 1, 1]",0.9166544675827026,0.6034971475601196,0.028873885050415993,0.16992317396522463,0.6430291937250686,0.8677328604239004,0.12378174593156076,0.8762182540684392,0.9431804356869335,0.8857922632520956,0.8857922632520956,0.5,0.0,0.0,0.7978549256774706,0.5829303266434223,0.6575838448206872,0.7209526953960524,0.8286307948039154,0.19807469368026726,0.5237540981168539,0.6750150429781597,False,1,0.6750150429781597,360
1159_29.png,00445,"solitary slender palm tree in shallow ocean, shallow surf and reflective water in foreground, low sun reflection behind the tree, faint distant land on right horizon, clear turquoise ocean, natural ocean photograph",1,"[3, 0, 0, 1, 0, 1]",0.9058839082717896,0.5946727991104126,0.02959415689110756,0.17202952331244645,0.6530988463440188,0.8576603642216435,0.10519626527759196,0.894803734722408,0.9580560947191593,0.8907396899964144,0.8907396899964144,0.5,0.0,0.0,0.689739637804811,0.6069885260095318,0.6359165626226467,0.7410263149537472,0.7737671612386875,0.7728888782307517,0.6799205642753217,0.6749621071090919,False,1,0.6749621071090919,361
1159_29.png,00126,"single slender palm tree rising from shallow turquoise ocean, water fills foreground around the palm, low sun reflection behind the tree, faint distant land on right horizon, shallow turquoise sea, soft atmospheric tropical photo",1,"[0, 1, 0, 1, 2, 0]",0.9051461219787598,0.5703575015068054,0.028010353446006775,0.16736293928467788,0.6575135827683181,0.8412096941912616,0.11570309823787361,0.8842969017621264,0.9609049475117957,0.880229267505171,0.880229267505171,0.5,0.0,0.0,0.682333710669848,0.6732803639540417,0.6839200873769294,0.7498269898908454,0.6841624084220898,0.4479321696732703,0.7098281651599552,0.6747200905909712,False,1,0.6747200905909712,362
1159_29.png,00744,"single slender palm tree in calm turquoise water, water fills foreground around the palm, low sunset reflection behind the tree, faint distant land on right horizon, calm turquoise water, natural ocean photograph",1,"[1, 1, 1, 1, 1, 1]",0.8936639428138733,0.5534645318984985,0.026977526023983955,0.16424836688376526,0.6721299324542127,0.8743376555266203,0.11081049442332042,0.8891895055766796,0.9507995795788632,0.8948281878545897,0.8948281878545897,0.5,0.0,0.0,0.5670751553820712,0.7193363909840904,0.7159586090142879,0.7789643448741466,0.8646062919411439,0.5992512624829825,0.6037407914242156,0.6744462396723125,False,1,0.6744462396723125,363
1159_29.png,00496,"single slender palm tree rising from shallow turquoise ocean, shallow surf and reflective water in foreground, low sunset reflection behind the tree, faint distant land on right horizon, shallow turquoise sea, muted colors",1,"[0, 0, 1, 1, 2, 2]",0.9206804037094116,0.640216052532196,0.02813420630991459,0.16773254397973755,0.6665108225625774,0.868864271375868,0.12290952221937088,0.8770904777806291,0.9611228663148228,0.8901951626053254,0.8901951626053254,0.5,0.0,0.0,0.8382674270835079,0.482822002345239,0.6801180925938033,0.7677627792903156,0.8347934494859321,0.22505094310865917,0.7121159030883728,0.6741589512472719,False,1,0.6741589512472719,364
1159_29.png,00473,"single slender palm tree rising from shallow turquoise ocean, shallow surf and reflective water in foreground, low sun reflection behind the tree, faint distant land on right horizon, bright turquoise tropical water, soft atmospheric tropical photo",1,"[0, 0, 0, 1, 5, 0]",0.9062666296958923,0.5732749700546265,0.02901182882487774,0.17032859074411946,0.6600478168175228,0.8280792236328125,0.10959235375942326,0.8904076462405768,0.9541736399011803,0.8751130547992034,0.8751130547992034,0.5,0.0,0.0,0.6935814101536231,0.6653263444173173,0.6534134636027182,0.7548789268442768,0.6126423690205014,0.636926076786819,0.6391620844237585,0.6736978437133774,False,1,0.6736978437133774,365
1159_29.png,00541,"single slender palm tree rising from shallow turquoise ocean, shallow surf and reflective water in foreground, muted sunset reflection behind the tree, calm turquoise water, soft atmospheric tropical photo",1,"[0, 0, 5, 0, 1, 0]",0.9185989499092102,0.6211567521095276,0.0302483681589365,0.17392058003277386,0.6748524870940595,0.8397143328631366,0.11099712203538087,0.8890028779646191,0.9416044967033257,0.8773433564166933,0.8773433564166933,0.5,0.0,0.0,0.8173737139246747,0.5347841899175526,0.6164639207017433,0.7843916945686605,0.6760173613248786,0.5934792192069165,0.507209700223742,0.673543958833857,False,1,0.673543958833857,366
1159_29.png,00148,"single slender palm tree rising from shallow turquoise ocean, gentle surf and reflective foreground water, low sunset reflection behind the tree, faint distant land on right horizon, clear turquoise ocean, soft atmospheric tropical photo",1,"[0, 2, 1, 1, 0, 0]",0.9054207801818848,0.5974758267402649,0.02810697630047798,0.16765135341081497,0.6934479076516723,0.8597152144820601,0.11150540491681599,0.888494595083184,0.9584365677311267,0.8895322683422668,0.8895322683422668,0.5,0.0,0.0,0.6850907402576578,0.5993465116520934,0.6809532717016684,0.8214612352881069,0.7849596749368958,0.5777589795503377,0.6839148159329391,0.6734379435356022,False,1,0.6734379435356022,367
1159_29.png,00188,"single slender palm tree in calm turquoise water, gentle surf and reflective foreground water, low sunset reflection behind the tree, clear turquoise ocean, soft atmospheric tropical photo",1,"[1, 2, 1, 0, 0, 0]",0.8972856998443604,0.5538626909255981,0.027940116822719574,0.16715297431610235,0.7026996200637049,0.8419918484157987,0.11228701410964513,0.8877129858903549,0.9582069583778742,0.8812372685243084,0.8812372685243084,0.5,0.0,0.0,0.6034304915027486,0.7182508729644912,0.6860799238882989,0.8399043099644711,0.6884227051653025,0.5535852678676494,0.681504349195519,0.6733394470123498,False,1,0.6733394470123498,368
1159_29.png,00937,"single slender palm tree rising from shallow turquoise ocean, shallow surf and reflective water in foreground, low sun reflection behind the tree, subtle right horizon landform, gentle turquoise water, natural ocean photograph",1,"[0, 0, 0, 3, 3, 1]",0.9126207232475281,0.5758054852485657,0.03014012984931469,0.17360912951027285,0.6409153127015996,0.8212404604311342,0.11545537107773571,0.8845446289222643,0.9507942000399825,0.8693076673247995,0.8693076673247995,0.5,0.0,0.0,0.7573640451750786,0.6584272923930536,0.6196677037639675,0.7167387224755277,0.5753924767592192,0.4555939077900757,0.6036843163749596,0.6730502222047136,False,1,0.6730502222047136,369
1159_29.png,00794,"single isolated slender palm tree in shallow turquoise water, shallow surf and reflective water in foreground, low sun reflection behind the tree, clear turquoise ocean, warm tropical sunset photo",1,"[2, 0, 0, 0, 0, 4]",0.9096790552139282,0.5988581776618958,0.031121576204895973,0.17641308399576255,0.660187893895725,0.886007238317419,0.11448276822673024,0.8855172317732698,0.9373631135250571,0.8961069110684944,0.8961069110684944,0.5,0.0,0.0,0.7278354685155358,0.5955777490906349,0.5908244004497767,0.7551581672593128,0.9281690574401283,0.4856746963960371,0.46268314707142266,0.6719587533204656,False,1,0.6719587533204656,370
1159_29.png,00115,"single slender palm tree rising from shallow turquoise ocean, shallow surf and reflective water in foreground, soft pale sunset haze, hazy island silhouette on right horizon, clear turquoise ocean, soft atmospheric tropical photo",1,"[0, 0, 2, 2, 0, 0]",0.9186137914657593,0.6503919363021851,0.028615044429898262,0.16915981919444778,0.6706460042902453,0.8820512559678818,0.11677292766473785,0.8832270723352622,0.9557454399211132,0.8972016284871112,0.8972016284871112,0.5,0.0,0.0,0.8175226940391201,0.45507905431230156,0.6654362095091269,0.7760061684065322,0.9066213137967118,0.41484434477057,0.6556630309760401,0.6716702034097007,False,1,0.6716702034097007,371
1159_29.png,00726,"single slender palm tree in calm turquoise water, water fills foreground around the palm, low sun reflection behind the tree, shallow turquoise sea, muted colors",1,"[1, 1, 0, 0, 2, 2]",0.8897235989570618,0.5090539455413818,0.02505338564515114,0.15828261321178375,0.6726310172188106,0.7634107801649305,0.10382486432985406,0.896175135670146,0.9783161086323916,0.8528593702852482,0.8528593702852482,0.5,0.0,0.0,0.5275218324673739,0.8404148758869397,0.7773262394623472,0.7799632457609323,0.2604014036815857,0.8153037467048361,0.8926126386430329,0.6715173886244042,False,1,0.6715173886244042,372
1159_29.png,00218,"single slender palm tree rising from shallow turquoise ocean, shallow surf and reflective water in foreground, low sun reflection behind the tree, faint distant land on right horizon, calm turquoise water, soft hazy tropical photo",1,"[0, 0, 0, 1, 1, 3]",0.9075103998184204,0.5813198089599609,0.02830108441412449,0.16822926146816577,0.6682769300501699,0.8184317129629629,0.10975234470600007,0.890247655294,0.9581128064317604,0.8715035114725854,0.8715035114725854,0.5,0.0,0.0,0.7060664223951216,0.6433933553296984,0.6750085327723655,0.7712834737120088,0.5600935787723942,0.6319778557962376,0.6805159306874938,0.6715120734942753,False,1,0.6715120734942753,373
1159_29.png,00383,"single slender palm tree in calm turquoise water, water fills foreground around the palm, low sunset reflection behind the tree, calm turquoise water, natural ocean photograph",1,"[1, 1, 1, 0, 1, 1]",0.8993565440177917,0.5780000686645508,0.02984587289392948,0.1727595811928516,0.6634720339134831,0.8861264829282408,0.11204590629065259,0.8879540937093474,0.9599110790137587,0.9015230659187317,0.9015230659187317,0.5,0.0,0.0,0.6242177048207332,0.6524441055721525,0.6284067114498082,0.7617050244137109,0.928818567998523,0.5610422821328875,0.6993944135642498,0.6713658861778541,False,1,0.6713658861778541,374
1159_29.png,00645,"single slender palm tree rising from shallow turquoise ocean, calm reflective water in foreground, low sunset reflection behind the tree, calm turquoise water, natural ocean photograph",1,"[0, 3, 1, 0, 1, 1]",0.9070624709129333,0.6003267765045166,0.028851937502622604,0.1698585808919367,0.6636677454345637,0.8621549253110533,0.1118797056444532,0.8881202943555468,0.9586655419781436,0.8905449278100441,0.8905449278100441,0.5,0.0,0.0,0.7015700948446897,0.5915738451258291,0.6582482912710418,0.7620951708036506,0.7982484762667,0.5661825575282667,0.6863186152483478,0.6704026639266899,False,1,0.6704026639266899,375
1159_29.png,00485,"single slender palm tree rising from shallow turquoise ocean, shallow surf and reflective water in foreground, low sun reflection behind the tree, very soft distant coastline, shallow turquoise sea, soft atmospheric tropical photo",1,"[0, 0, 0, 4, 2, 0]",0.9074691534042358,0.5776150226593018,0.02961602434515953,0.17209306884694553,0.6607368353396835,0.8328959147135416,0.11495323152732917,0.8850467684726708,0.9624585233525002,0.8770612352570285,0.8770612352570285,0.5,0.0,0.0,0.7056523893059801,0.6534938729982918,0.6352628918390073,0.7562524693293503,0.6388782860309057,0.4711241456984432,0.7261377920764097,0.6700972257045296,False,1,0.6700972257045296,376
1159_29.png,00130,"single slender palm tree rising from shallow turquoise ocean, water fills foreground around the palm, low sunset reflection behind the tree, clear turquoise ocean, muted colors",1,"[0, 1, 1, 0, 0, 2]",0.8940265774726868,0.5508209466934204,0.029510779306292534,0.17178701728097073,0.6677729709507273,0.8797121401186342,0.11288961588266642,0.8871103841173336,0.9532461460129218,0.8970083266970366,0.8970083266970366,0.5,0.0,0.0,0.5707152960097261,0.7265437106255963,0.6384111377156347,0.7702788429052012,0.8938804408052697,0.5349479211550723,0.6294251415024984,0.6698433764252933,False,1,0.6698433764252933,377
1159_29.png,00355,"single slender palm tree in calm turquoise water, shallow surf and reflective water in foreground, low sunset reflection behind the tree, gentle turquoise water, soft atmospheric tropical photo",1,"[1, 0, 1, 0, 3, 0]",0.9028897285461426,0.5676954984664917,0.028834616765379906,0.16980758747882824,0.6561010872500607,0.8500021475332756,0.11459052314381345,0.8854094768561865,0.954163724493491,0.8832270281883374,0.8832270281883374,0.5,0.0,0.0,0.6596839467644391,0.680537896929089,0.6587728427532162,0.7470112127500245,0.7320538077941279,0.48234203818031907,0.6390579912756155,0.6696563565354716,False,1,0.6696563565354716,378
1159_29.png,00564,"single slender palm tree rising from shallow turquoise ocean, water fills foreground around the palm, low sunset reflection behind the tree, clear turquoise ocean, warm tropical sunset photo",1,"[0, 1, 1, 0, 0, 4]",0.9111028909683228,0.609972357749939,0.032234691083431244,0.1795402213528524,0.6798573485224573,0.8597819010416666,0.11144676913523878,0.8885532308647612,0.9614866211856866,0.8901928105085537,0.8901928105085537,0.5,0.0,0.0,0.7421279864828966,0.5652766835929477,0.558656627483973,0.7943687700502485,0.785322908329742,0.5795724746974554,0.7159346456803931,0.6696167561462516,False,1,0.6696167561462516,379
1159_29.png,00621,"single slender palm tree rising from shallow turquoise ocean, gentle surf and reflective foreground water, low sunset reflection behind the tree, hazy island silhouette on right horizon, clear turquoise ocean, natural ocean photograph",1,"[0, 2, 1, 2, 0, 1]",0.9168763756752014,0.6493857502937317,0.029117858037352562,0.17063955589883772,0.6780924495766827,0.8765066641348379,0.11389012555538701,0.886109874444613,0.9595392609248976,0.8964743071012711,0.8964743071012711,0.5,0.0,0.0,0.8000824476296007,0.45782226234955503,0.6502146733498456,0.7908504848287123,0.8764206119559194,0.5040040267050279,0.6954910223353002,0.6695619143249084,False,1,0.6695619143249084,380
1159_29.png,00035,"single slender palm tree rising from shallow turquoise ocean, shallow surf and reflective water in foreground, low sun reflection behind the tree, faint distant land on right horizon, shallow turquoise sea, soft atmospheric tropical photo",1,"[0, 0, 0, 1, 2, 0]",0.9001204371452332,0.5811005234718323,0.027048340067267418,0.1644637956124916,0.676325493014051,0.8568889476634838,0.11166453563275283,0.8883354643672472,0.9628643088577239,0.889090300748649,0.889090300748649,0.5,0.0,0.0,0.631885693361829,0.6439912027539657,0.7137425687050032,0.7873280977955698,0.7695653512282215,0.5728373638858759,0.7303977773471019,0.6695176621620753,False,1,0.6695176621620753,381
1159_29.png,00242,"single slender palm tree rising from shallow turquoise ocean, shallow surf and reflective water in foreground, low sunset reflection behind the tree, hazy island silhouette on right horizon, calm turquoise water, natural ocean photograph",1,"[0, 0, 1, 2, 1, 1]",0.923243522644043,0.6331397294998169,0.03025868348777294,0.17395023279022348,0.6606218134802869,0.8459404839409722,0.117940470482716,0.882059529517284,0.9413365494279566,0.8776613629900782,0.8776613629900782,0.5,0.0,0.0,0.8639961133541227,0.5021144851004526,0.6161588931124412,0.7560231759134085,0.7099304315705228,0.3787344272850281,0.5043967573470247,0.669497097954334,False,1,0.669497097954334,382
1159_29.png,00649,"single slender palm tree rising from shallow turquoise ocean, calm reflective water in foreground, low sunset reflection behind the tree, hazy island silhouette on right horizon, clear turquoise ocean, soft atmospheric tropical photo",1,"[0, 3, 1, 2, 0, 0]",0.909782886505127,0.6090971231460571,0.031597040593624115,0.1777555641706445,0.6469850524295354,0.8801450376157408,0.11389808186599114,0.8861019181340088,0.9634971342701528,0.898900365128017,0.898900365128017,0.5,0.0,0.0,0.7288777310029413,0.5676628732036952,0.5770147744099142,0.7288386082137421,0.8962383796096786,0.5037579528865944,0.737041255000106,0.6694568586094044,False,1,0.6694568586094044,383
1159_29.png,00287,"single slender palm tree rising from shallow turquoise ocean, water fills foreground around the palm, low sunset reflection behind the tree, faint distant land on right horizon, calm turquoise water, natural ocean photograph",1,"[0, 1, 1, 1, 1, 1]",0.9062442779541016,0.5968329906463623,0.02839907631278038,0.168520254903618,0.6556934072017969,0.8716814959490741,0.11413410613983467,0.8858658938601653,0.9526493898260351,0.8928396139933482,0.8928396139933482,0.5,0.0,0.0,0.6933570425113859,0.6010991032451138,0.672015184640425,0.7461985120045481,0.8501385212091364,0.49645816317281566,0.6231603229379957,0.6692303128367946,False,1,0.6692303128367946,384
1159_29.png,00245,"single slender palm tree rising from shallow turquoise ocean, shallow surf and reflective water in foreground, low sunset reflection behind the tree, subtle right horizon landform, calm turquoise water, soft atmospheric tropical photo",1,"[0, 0, 1, 3, 1, 0]",0.9109965562820435,0.6055534482002258,0.029188774526119232,0.17084722569043734,0.667476366848938,0.8525221082899305,0.11080219452815841,0.8891978054718416,0.9416239260734184,0.8831789658602969,0.8831789658602969,0.5,0.0,0.0,0.7410605948195605,0.5773241460808249,0.6480784465247313,0.7696875694895358,0.7457797204949822,0.5995079627297067,0.5074136720989031,0.6689328161395238,False,1,0.6689328161395238,385
1159_29.png,00075,"single slender palm tree in calm turquoise water, water fills foreground around the palm, low sun reflection behind the tree, calm turquoise water, soft atmospheric tropical photo",1,"[1, 1, 0, 0, 1, 0]",0.9150576591491699,0.5571241974830627,0.03251776099205017,0.18032681717384735,0.5774911072694564,0.7501734980830439,0.10976522520270796,0.8902347747972921,0.9866428875154813,0.8464888228195183,0.8464888228195183,0.5,0.0,0.0,0.7818261013160508,0.7093588878575384,0.550565190205643,0.5903040361192224,0.18829957520162516,0.6315794861038094,0.9800281696012275,0.6686364455722068,False,1,0.6686364455722068,386
1159_29.png,00356,"single slender palm tree in calm turquoise water, shallow surf and reflective water in foreground, low sunset reflection behind the tree, faint distant land on right horizon, clear turquoise ocean, muted colors",1,"[1, 0, 1, 1, 0, 2]",0.8996651768684387,0.5861073136329651,0.02694273367524147,0.16414241887836756,0.671185541746626,0.8696057354962384,0.10935659338837296,0.890643406611627,0.9514029029611619,0.8933283538796092,0.8933283538796092,0.5,0.0,0.0,0.6273157732247434,0.6303409761602042,0.7170484592493875,0.7770817238448727,0.838832112294527,0.6442177044803762,0.6100745531997616,0.6683697970355194,False,1,0.6683697970355194,387
1159_29.png,00583,"single slender palm tree rising from shallow turquoise ocean, water fills foreground around the palm, soft pale sunset haze, faint distant land on right horizon, clear turquoise ocean, muted colors",1,"[0, 1, 2, 1, 0, 2]",0.9131501317024231,0.6164078712463379,0.028407471254467964,0.16854516087526206,0.6747972692035359,0.8376007080078125,0.11349993594704513,0.8865000640529549,0.9615450272268063,0.8795043464674113,0.8795043464674113,0.5,0.0,0.0,0.7626782675706788,0.5477312673390378,0.6717589855836351,0.7842816189812402,0.6645047097211109,0.5160718621145596,0.7165477993581034,0.667819348207557,False,1,0.667819348207557,388
1159_29.png,00037,"single slender palm tree rising from shallow turquoise ocean, shallow surf and reflective water in foreground, low sun reflection behind the tree, hazy island silhouette on right horizon, calm turquoise water, soft atmospheric tropical photo",1,"[0, 0, 0, 2, 1, 0]",0.8925783634185791,0.5625922679901123,0.025860631838440895,0.16081241195393126,0.7012807241690246,0.8620577211733217,0.11119923743447059,0.8888007625655294,0.9578051781466039,0.8905672770552508,0.8905672770552508,0.5,0.0,0.0,0.5561780677338988,0.6944510528874779,0.7513030808050927,0.837075773821309,0.7977190174228896,0.5872281676212258,0.6772864117748052,0.6677798053020965,False,1,0.6677798053020965,389
1159_29.png,00088,"single slender palm tree rising from shallow turquoise ocean, shallow surf and reflective water in foreground, low sun reflection behind the tree, gentle turquoise water, natural ocean photograph",1,"[0, 0, 0, 0, 3, 1]",0.907271146774292,0.5550762414932251,0.029853273183107376,0.17278099774890576,0.6316019289633648,0.8101880108868634,0.11305764343417994,0.8869423565658201,0.9469166710331445,0.8643977639037544,0.8643977639037544,0.5,0.0,0.0,0.7036647911526155,0.7149423180424794,0.6281864067960015,0.6981727074370032,0.5151911592686083,0.5297511429924048,0.5629775482840105,0.6677750450943489,False,1,0.6677750450943489,390
1159_29.png,00692,"single slender palm tree in calm turquoise water, shallow surf and reflective water in foreground, low sunset reflection behind the tree, gentle turquoise water, natural ocean photograph",1,"[1, 0, 1, 0, 3, 1]",0.9177525043487549,0.6061754822731018,0.029663359746336937,0.1722305424317561,0.6222291616639238,0.85546875,0.12139082431371763,0.8786091756862824,0.9409758689671504,0.880669322783629,0.880669322783629,0.5,0.0,0.0,0.8088770608915832,0.5756282679292477,0.6338487489472807,0.6794883126429161,0.7618297112602354,0.27202143122623207,0.5006102902833132,0.6676407781741392,False,1,0.6676407781741392,391
1159_29.png,00346,"single slender palm tree in calm turquoise water, shallow surf and reflective water in foreground, low sun reflection behind the tree, hazy island silhouette on right horizon, clear turquoise ocean, muted colors",1,"[1, 0, 0, 2, 0, 2]",0.8909911513328552,0.5532028079032898,0.02507382445037365,0.15834716432691068,0.7063729956864278,0.8509363245081017,0.1113453441822123,0.8886546558177877,0.9574982039161534,0.8854501163481022,0.8854501163481022,0.5,0.0,0.0,0.5402455718802128,0.7200499403290095,0.7766622246209828,0.8472270992932985,0.7371421535430643,0.5827093589541734,0.6740637592074582,0.6675836790784202,False,1,0.6675836790784202,392
1159_29.png,00183,"single slender palm tree in calm turquoise water, water fills foreground around the palm, low sunset reflection behind the tree, faint distant land on right horizon, clear turquoise ocean, soft atmospheric tropical photo",1,"[1, 1, 1, 1, 0, 0]",0.8903275728225708,0.5508449077606201,0.027301404625177383,0.16523136695306187,0.6701402867866632,0.8807796902126737,0.11154684532615051,0.8884531546738494,0.9538440771124947,0.8980782801540494,0.8980782801540494,0.5,0.0,0.0,0.5335845453174772,0.7264783845411834,0.7058468296315206,0.7749980322617489,0.8996952533399007,0.5764773051324114,0.6357022944423627,0.6671713161492956,False,1,0.6671713161492956,393
1159_29.png,00238,"single slender palm tree rising from shallow turquoise ocean, shallow surf and reflective water in foreground, low sunset reflection behind the tree, faint distant land on right horizon, calm turquoise water, muted colors",1,"[0, 0, 1, 1, 1, 2]",0.9130474328994751,0.6226406097412109,0.029995404183864594,0.17319181327032926,0.6821494697129515,0.8563198513454862,0.11405677715733427,0.8859432228426657,0.9617169386826157,0.8877674488369248,0.8877674488369248,0.5,0.0,0.0,0.7616473730438134,0.5307386852621754,0.6239604905937539,0.798938060620563,0.766465554392662,0.49884980409110224,0.7183525465957039,0.6671512982862924,False,1,0.6671512982862924,394
1159_29.png,00695,"single slender palm tree in calm turquoise water, shallow surf and reflective water in foreground, low sunset reflection behind the tree, faint distant land on right horizon, calm turquoise water, muted colors",1,"[1, 0, 1, 1, 1, 2]",0.8972240686416626,0.5874097943305969,0.026574788615107536,0.16301775552100922,0.6727692629255094,0.8728728117766203,0.10726985144432813,0.8927301485556719,0.9529981422421531,0.8958479457423949,0.8958479457423949,0.5,0.0,0.0,0.6028118351238868,0.6267899672134558,0.7286174795421606,0.780238835379241,0.8566274702948964,0.7087567331590517,0.6268215679471336,0.6658810405930923,False,1,0.6658810405930923,395
1159_29.png,00557,"single slender palm tree rising from shallow turquoise ocean, water fills foreground around the palm, low sun reflection behind the tree, hazy island silhouette on right horizon, gentle turquoise water, soft atmospheric tropical photo",1,"[0, 1, 0, 2, 3, 0]",0.8949217796325684,0.5608994364738464,0.027026508003473282,0.16439740874926612,0.6708408814772746,0.865115695529514,0.11226835077649389,0.8877316492235061,0.949399169173683,0.889887974051245,0.889887974051245,0.5,0.0,0.0,0.5797013696597509,0.6990662920004472,0.7144254672477577,0.7763946515708409,0.8143754232592507,0.5541624898844523,0.5890391137590609,0.6649359492728102,False,1,0.6649359492728102,396
1159_29.png,00907,"single delicate palm tree in calm turquoise sea, shallow surf and reflective water in foreground, low sunset reflection behind the tree, faint distant land on right horizon, clear turquoise ocean, soft atmospheric tropical photo",1,"[4, 0, 1, 1, 0, 0]",0.9025483131408691,0.5961743593215942,0.027657024562358856,0.16630401246620255,0.6692360210783627,0.8581401683666088,0.10704345807529989,0.8929565419247001,0.9485339772333604,0.888404660885291,0.888404660885291,0.5,0.0,0.0,0.6562568058184812,0.6028947580529838,0.6948128987869837,0.7731953994903529,0.7763805947177247,0.7157586569848844,0.5799562242160651,0.6641930985745874,False,1,0.6641930985745874,397
1159_29.png,00954,"single slender palm tree rising from shallow turquoise ocean, shallow surf and reflective water in foreground, low sunset reflection behind the tree, faint distant land on right horizon, gentle turquoise water, muted colors",1,"[0, 0, 1, 1, 3, 2]",0.91344153881073,0.6260640621185303,0.029546283185482025,0.17189032312926178,0.6742263368727746,0.8653372305410881,0.11525656599613061,0.8847434340038693,0.9507464326544137,0.8892112421757266,0.8892112421757266,0.5,0.0,0.0,0.7656034233117383,0.5214051803259934,0.6373484664305593,0.7831434785870698,0.8155820969032825,0.4617425774422062,0.6031828485888437,0.66372987449077,False,1,0.66372987449077,398
1159_29.png,00702,"single slender palm tree in calm turquoise water, shallow surf and reflective water in foreground, low sunset reflection behind the tree, subtle right horizon landform, calm turquoise water, soft atmospheric tropical photo",1,"[1, 0, 1, 3, 1, 0]",0.9026381373405457,0.5782043933868408,0.028841760009527206,0.1698286195242934,0.6409005800889573,0.8616796422887733,0.1130690848685106,0.8869309151314894,0.9490976920946718,0.8880011977449037,0.8880011977449037,0.5,0.0,0.0,0.6571584645834181,0.6518870463249691,0.6585564934259326,0.7167093533530304,0.7956596687803985,0.5293972808100185,0.5858741709518227,0.6637065905354982,False,1,0.6637065905354982,399
1159_29.png,00225,"single slender palm tree rising from shallow turquoise ocean, shallow surf and reflective water in foreground, low sun reflection behind the tree, hazy island silhouette on right horizon, gentle turquoise water, soft atmospheric tropical photo",1,"[0, 0, 0, 2, 3, 0]",0.8920878171920776,0.5596798658370972,0.025857431814074516,0.1608024620895915,0.6973345776234935,0.8596988254123263,0.11271731411453209,0.8872826858854679,0.954531845944343,0.8883197806843293,0.8883197806843293,0.5,0.0,0.0,0.5512539458789348,0.7023912596949109,0.7514054315945122,0.8292092219677892,0.7848704057132302,0.5402768928502749,0.6429225747520287,0.6629900845709711,False,1,0.6629900845709711,400
1159_29.png,00070,"single slender palm tree in calm turquoise water, shallow surf and reflective water in foreground, low sunset reflection behind the tree, clear turquoise ocean, natural ocean photograph",1,"[1, 0, 1, 0, 0, 1]",0.9151740074157715,0.6156278252601624,0.03077171929180622,0.17541869709870217,0.6066340769039771,0.8636632848668983,0.11316903492172281,0.8868309650782772,0.9422474658546333,0.8874888091384279,0.8874888091384279,0.5,0.0,0.0,0.7829940096831092,0.5498579401418063,0.6010533121642836,0.6483998719302702,0.8064643230930254,0.5263060124483007,0.5139596680733068,0.6626081427293687,False,1,0.6626081427293687,401
1159_29.png,00679,"single slender palm tree in calm turquoise water, shallow surf and reflective water in foreground, low sun reflection behind the tree, hazy island silhouette on right horizon, clear turquoise ocean, soft hazy tropical photo",1,"[1, 0, 0, 2, 0, 3]",0.892740786075592,0.5594867467880249,0.02563716284930706,0.1601160917875123,0.6987005408154277,0.8451673719618055,0.10922705914102274,0.8907729408589773,0.949518973080539,0.8819996412995623,0.8819996412995623,0.5,0.0,0.0,0.5578084726008219,0.702917768434956,0.758465883863325,0.8319322379925028,0.7057193868127807,0.6482239566805914,0.5902968296508504,0.6624691944737128,False,1,0.6624691944737128,402
1159_29.png,00532,"single slender palm tree rising from shallow turquoise ocean, shallow surf and reflective water in foreground, warm sun glow behind the tree, hazy island silhouette on right horizon, calm turquoise water, soft atmospheric tropical photo",1,"[0, 0, 3, 2, 1, 0]",0.8951914310455322,0.5744750499725342,0.026635659858584404,0.1632043499989642,0.7007139284702085,0.8499495894820602,0.11062409918493762,0.8893759008150623,0.9641299554731496,0.8865848716468289,0.8865848716468289,0.5,0.0,0.0,0.5824081408956996,0.6620545151049507,0.7266980471290242,0.83594587970723,0.7317675306285789,0.6050161188754466,0.7436846884619829,0.6620378687643276,False,1,0.6620378687643276,403
1159_29.png,00754,"single slender palm tree in calm turquoise water, water fills foreground around the palm, soft pale sunset haze, hazy island silhouette on right horizon, clear turquoise ocean, soft atmospheric tropical photo",1,"[1, 1, 2, 2, 0, 0]",0.8910053968429565,0.5435308218002319,0.028658302500844002,0.16928763245093836,0.6778592773608849,0.8771254928023726,0.11724529827838762,0.8827547017216124,0.9539410914676489,0.8944588356571618,0.8944588356571618,0.5,0.0,0.0,0.540388568857532,0.7464190905569033,0.6641214390506154,0.7903856614104208,0.8797912947115679,0.4002348044446523,0.6367207628664003,0.6619626246574568,False,1,0.6619626246574568,404
1159_29.png,00359,"single slender palm tree in calm turquoise water, shallow surf and reflective water in foreground, low sunset reflection behind the tree, hazy island silhouette on right horizon, clear turquoise ocean, natural ocean photograph",1,"[1, 0, 1, 2, 0, 1]",0.9011676907539368,0.5942475199699402,0.02946227416396141,0.1716457810840727,0.6784397579934756,0.8658893726490162,0.10670827616626505,0.893291723833735,0.9492938629104675,0.8921610936159581,0.8921610936159581,0.5,0.0,0.0,0.6423980652927789,0.6081479827565137,0.6398639852875745,0.79154283612341,0.8185895462660842,0.7261252070518497,0.5879335958821651,0.6616662257969558,False,1,0.6616662257969558,405
1159_29.png,00338,"single slender palm tree in calm turquoise water, shallow surf and reflective water in foreground, low sun reflection behind the tree, calm turquoise water, soft hazy tropical photo",1,"[1, 0, 0, 0, 1, 3]",0.9096594452857971,0.5599095225334167,0.03203262761235237,0.178976611914385,0.5751243770387412,0.794961999963831,0.10411719746939181,0.8958828025306081,0.9438243480472781,0.8600567504788924,0.8600567504788924,0.5,0.0,0.0,0.7276386233040798,0.701765136801271,0.5644542815003211,0.5855860141531355,0.4322569722341933,0.8062624290037186,0.5305139678888704,0.6616557899128696,False,1,0.6616557899128696,406
1159_29.png,00701,"single slender palm tree in calm turquoise water, shallow surf and reflective water in foreground, low sunset reflection behind the tree, subtle right horizon landform, clear turquoise ocean, natural ocean photograph",1,"[1, 0, 1, 3, 0, 1]",0.9099423885345459,0.6046999096870422,0.030232783406972885,0.1738757700399135,0.6333551114097108,0.8870244909215858,0.11802227009358576,0.8819777299064142,0.9375890419393117,0.8953710347698209,0.8953710347698209,0.5,0.0,0.0,0.7304788184979454,0.5796511847096661,0.6169248654932035,0.7016676360879628,0.9337099058055786,0.37620451818587364,0.465054970866422,0.6615303674050113,False,1,0.6615303674050113,407
1159_29.png,00278,"single slender palm tree rising from shallow turquoise ocean, water fills foreground around the palm, low sun reflection behind the tree, hazy island silhouette on right horizon, shallow turquoise sea, soft atmospheric tropical photo",1,"[0, 1, 0, 2, 2, 0]",0.8914386034011841,0.5614405274391174,0.026733724400401115,0.16350450880755893,0.686708018045286,0.8720635308159723,0.11185468409992261,0.8881453159000774,0.9528022720713608,0.8938399038464868,0.8938399038464868,0.5,0.0,0.0,0.5447371129209436,0.6975910925121357,0.7236104179954107,0.8080254212695729,0.8522194175952725,0.5669564271409661,0.6247652992243686,0.6615292025574661,False,1,0.6615292025574661,408
1159_29.png,00176,"single slender palm tree in calm turquoise water, water fills foreground around the palm, low sun reflection behind the tree, calm turquoise water, natural ocean photograph",1,"[1, 1, 0, 0, 1, 1]",0.895819902420044,0.5180680155754089,0.028904473409056664,0.17001315657635635,0.6222568489191844,0.7574762415002892,0.10302116050063982,0.8969788394993602,0.974159103681385,0.8496387232361833,0.8496387232361833,0.5,0.0,0.0,0.5887167606816948,0.8158394304345452,0.6566582250364481,0.6795435065457973,0.22807670996737028,0.8401608042010184,0.8489718983171357,0.6614386508292481,False,1,0.6614386508292481,409
1159_29.png,00571,"single slender palm tree rising from shallow turquoise ocean, water fills foreground around the palm, low sunset reflection behind the tree, faint distant land on right horizon, shallow turquoise sea, natural ocean photograph",1,"[0, 1, 1, 1, 2, 1]",0.9153925776481628,0.6405264139175415,0.02985437773168087,0.1727841941025882,0.6384238037677112,0.8811995894820601,0.11542858713855161,0.8845714128614484,0.9548613912639877,0.8971120880212315,0.8971120880212315,0.5,0.0,0.0,0.7851880260673318,0.4819758507991233,0.6281535270188014,0.7117719570511325,0.9019823924151941,0.45642228497589077,0.6463821813413223,0.6611686101884154,False,1,0.6611686101884154,410
1159_29.png,00811,"single isolated slender palm tree in shallow turquoise water, shallow surf and reflective water in foreground, low sunset reflection behind the tree, shallow turquoise sea, natural ocean photograph",1,"[2, 0, 1, 0, 2, 1]",0.9145700335502625,0.5983610153198242,0.029626457020640373,0.17212337732173505,0.6367466575822951,0.8517619945384838,0.12203505579109486,0.8779649442089051,0.9370375498325403,0.8779881379819425,0.8779881379819425,0.5,0.0,0.0,0.7769312968330059,0.5969331840908558,0.6349511191137835,0.7084286049274132,0.7416394754663549,0.25209655555446536,0.45926534008487446,0.6611289906291404,False,1,0.6611289906291404,411
1159_29.png,00229,"single slender palm tree rising from shallow turquoise ocean, shallow surf and reflective water in foreground, low sun reflection behind the tree, very soft distant coastline, clear turquoise ocean, natural ocean photograph",1,"[0, 0, 0, 4, 0, 1]",0.9087492823600769,0.5737936496734619,0.03150749206542969,0.17750349874137605,0.6357376787264905,0.8351180465133101,0.11708583395409874,0.8829141660459012,0.9511353623375312,0.8750501515145612,0.8750501515145612,0.5,0.0,0.0,0.7185023729121843,0.6639122459432827,0.5796076836989328,0.7064172289187648,0.6509819614603213,0.4051667379920043,0.6072658794021343,0.6610759758636364,False,1,0.6610759758636364,412
1159_29.png,00340,"single slender palm tree in calm turquoise water, shallow surf and reflective water in foreground, low sun reflection behind the tree, gentle turquoise water, natural ocean photograph",1,"[1, 0, 0, 0, 3, 1]",0.911170482635498,0.559579074382782,0.03232700750231743,0.17979712873768988,0.5900986923645087,0.7856614854600693,0.10605133711719679,0.8939486628828032,0.9435172145311632,0.8551331433722449,0.8551331433722449,0.5,0.0,0.0,0.7428064742330216,0.7026660517564591,0.5560139106842286,0.615436965358814,0.3815982269285226,0.7464431041684275,0.5272896431213706,0.6609479464201363,False,1,0.6609479464201363,413
1159_29.png,00634,"single slender palm tree rising from shallow turquoise ocean, calm reflective water in foreground, low sun reflection behind the tree, clear turquoise ocean, soft hazy tropical photo",1,"[0, 3, 0, 0, 0, 3]",0.9113340377807617,0.5612674951553345,0.03277166560292244,0.18102946059391117,0.5999634014790959,0.7881876627604166,0.11196563790532166,0.8880343620946783,0.9633392052009642,0.8581643160155178,0.8581643160155178,0.5,0.0,0.0,0.7444482470604847,0.6980628378431082,0.5433373420392411,0.6351020347814561,0.39535800036938995,0.5635248332876422,0.7353832965469403,0.6608469458994427,False,1,0.6608469458994427,414
1159_29.png,00889,"solitary slender palm tree in shallow ocean, water fills foreground around the palm, low sun reflection behind the tree, hazy island silhouette on right horizon, clear turquoise ocean, soft atmospheric tropical photo",1,"[3, 1, 0, 2, 0, 0]",0.8903511762619019,0.5660057663917542,0.02691568247973919,0.16405999658581974,0.6938969119810199,0.8743308738425926,0.11090962486232496,0.8890903751376751,0.9613303694072138,0.8968965984087958,0.8968965984087958,0.5,0.0,0.0,0.5338214775476796,0.685144685901786,0.7178963086692373,0.8223563150319819,0.8645693529520408,0.5961853432570319,0.7142942956278536,0.6608131249598787,False,1,0.6608131249598787,415
1159_29.png,00847,"single isolated slender palm tree in shallow turquoise water, water fills foreground around the palm, soft pale sunset haze, faint distant land on right horizon, clear turquoise ocean, soft atmospheric tropical photo",1,"[2, 1, 2, 1, 0, 0]",0.9061843156814575,0.6026864051818848,0.030073460191488266,0.1734170124050356,0.6469150191094866,0.8702025236906828,0.11099210859182994,0.88900789140817,0.9498917797796655,0.8927222536096,0.8927222536096,0.5,0.0,0.0,0.6927551389164778,0.5851406883354264,0.6216439455207001,0.7286989984102841,0.8420827433355907,0.5936342756469514,0.5942105994298343,0.6607768528168672,False,1,0.6607768528168672,416
1159_29.png,00335,"single slender palm tree rising from shallow turquoise ocean, small waves at the trunk base, low sunset reflection behind the tree, clear turquoise ocean, soft atmospheric tropical photo",1,"[0, 4, 1, 0, 0, 0]",0.8961330056190491,0.5918012261390686,0.027037445455789566,0.16443067066636188,0.7105696523436545,0.8828707094545717,0.1108076872372169,0.8891923127627831,0.9486017414433735,0.898229477010206,0.898229477010206,0.5,0.0,0.0,0.5918597026141523,0.6148174184691466,0.7140833134900667,0.8555930372595101,0.9110847749799912,0.5993380835031641,0.580667621081699,0.6607245375259486,False,1,0.6607245375259486,417
1159_29.png,00488,"single slender palm tree rising from shallow turquoise ocean, shallow surf and reflective water in foreground, low sunset reflection behind the tree, clear turquoise ocean, realistic tropical seascape photo",1,"[0, 0, 1, 0, 0, 5]",0.9265069961547852,0.6463492512702942,0.03245604783296585,0.18015562115284067,0.6088123771698556,0.8725235550491899,0.1236162296581835,0.8763837703418165,0.9442939638527214,0.8882287121623156,0.8882287121623156,0.5,0.0,0.0,0.8967549857481674,0.46610079977327623,0.55232622405467,0.6527422631203477,0.8547251123560924,0.20319380270319465,0.5354440513647929,0.6606816508432543,False,1,0.6606816508432543,418
1159_29.png,00228,"single slender palm tree rising from shallow turquoise ocean, shallow surf and reflective water in foreground, low sun reflection behind the tree, subtle right horizon landform, shallow turquoise sea, soft atmospheric tropical photo",1,"[0, 0, 0, 3, 2, 0]",0.9033676385879517,0.5737267732620239,0.028602516278624535,0.16912278462296124,0.6602631778021462,0.8368863706235533,0.11558118051071896,0.884418819489281,0.9549779391080575,0.877141041423459,0.877141041423459,0.5,0.0,0.0,0.6644812261123251,0.6640945739699279,0.6658171712487075,0.755308243985244,0.6606138028689288,0.45170285713739455,0.647605714692506,0.6601029794156328,False,1,0.6601029794156328,419
1159_29.png,00343,"single slender palm tree in calm turquoise water, shallow surf and reflective water in foreground, low sun reflection behind the tree, faint distant land on right horizon, calm turquoise water, muted colors",1,"[1, 0, 0, 1, 1, 2]",0.8999466300010681,0.5597317218780518,0.026223205029964447,0.1619358052746966,0.6769899019407528,0.8229347511574074,0.11729595807953071,0.8827040419204693,0.9540403850023177,0.8700751296934611,0.8700751296934611,0.5,0.0,0.0,0.6301410105757932,0.702249882348047,0.7397471249364611,0.7886525816213822,0.5846210675367854,0.39866799146705106,0.6377631583924077,0.6600496493109,False,1,0.6600496493109,420
1159_29.png,00689,"single slender palm tree in calm turquoise water, shallow surf and reflective water in foreground, low sunset reflection behind the tree, clear turquoise ocean, warm tropical sunset photo",1,"[1, 0, 1, 0, 0, 4]",0.9091854691505432,0.6096133589744568,0.031799327582120895,0.17832365962519078,0.7009763466419969,0.8562000415943287,0.11370086234775564,0.8862991376522443,0.9541823595373218,0.8863311888031978,0.8863311888031978,0.5,0.0,0.0,0.7228808326612276,0.5662554373402598,0.5711709743084195,0.8364690042622511,0.7658129655851754,0.509857584026764,0.6392536242176896,0.6596769231514289,False,1,0.6596769231514289,421
1159_29.png,00122,"single slender palm tree rising from shallow turquoise ocean, water fills foreground around the palm, low sun reflection behind the tree, shallow turquoise sea, natural ocean photograph",1,"[0, 1, 0, 0, 2, 1]",0.9006788730621338,0.5503032207489014,0.027993381023406982,0.16731222616236682,0.6396436569519169,0.7936474835431134,0.10870604215175603,0.891293957848244,0.9581856809231383,0.8607313890259141,0.8607313890259141,0.5,0.0,0.0,0.6374912945354811,0.7279552090564703,0.6844417556052823,0.7142037061553573,0.42509696484639564,0.6643380384952206,0.681280975904443,0.6594409427090759,False,1,0.6594409427090759,422
1159_29.png,00029,"single slender palm tree rising from shallow turquoise ocean, shallow surf and reflective water in foreground, low sun reflection behind the tree, clear turquoise ocean, soft hazy tropical photo",1,"[0, 0, 0, 0, 0, 3]",0.9054235816001892,0.565804123878479,0.0291234590113163,0.17065596682013875,0.6482916577188954,0.8131646050347223,0.11481215827467414,0.8851878417253258,0.951998842605727,0.8661395853906344,0.8661395853906344,0.5,0.0,0.0,0.6851188610021516,0.68569443252758,0.6500458599175305,0.7314432956327823,0.5314042972357331,0.4754872777689313,0.616330799604297,0.6584227747652156,False,1,0.6584227747652156,423
1159_29.png,00905,"single delicate palm tree in calm turquoise sea, shallow surf and reflective water in foreground, low sunset reflection behind the tree, clear turquoise ocean, natural ocean photograph",1,"[4, 0, 1, 0, 0, 1]",0.9080785512924194,0.6164671182632446,0.030466295778751373,0.1745459703881799,0.6430165329980913,0.8845644350405092,0.10921786294284938,0.8907821370571506,0.9359451227920997,0.8970167682966519,0.8970167682966519,0.5,0.0,0.0,0.7117695487039328,0.5475697396576783,0.6100307479080715,0.7209274565296998,0.920310287508465,0.6485083779044688,0.447796909000781,0.6581150609008403,False,1,0.6581150609008403,424
1159_29.png,00663,"single slender palm tree rising from shallow turquoise ocean, small waves at the trunk base, soft pale sunset haze, clear turquoise ocean, soft atmospheric tropical photo",1,"[0, 4, 2, 0, 0, 0]",0.9079700708389282,0.6153135299682617,0.02865815907716751,0.1692872088409739,0.6808038209398731,0.848298814561632,0.1133061825510864,0.8866938174489136,0.9638639356097237,0.8848500897817989,0.8848500897817989,0.5,0.0,0.0,0.710680617746942,0.5507148168659599,0.6641257965787977,0.7962555409199112,0.722775965031091,0.522064292570111,0.7408919797887615,0.657747608698075,False,1,0.657747608698075,425
1159_29.png,00489,"single slender palm tree rising from shallow turquoise ocean, shallow surf and reflective water in foreground, low sunset reflection behind the tree, calm turquoise water, warm tropical sunset photo",1,"[0, 0, 1, 0, 1, 4]",0.9146687388420105,0.6287572383880615,0.03309284895658493,0.18191440008032606,0.6899672750625155,0.8286144115306713,0.10515147187684115,0.8948485281231588,0.9558235537147506,0.8772381807748578,0.8772381807748578,0.5,0.0,0.0,0.777922104341125,0.5140626584401301,0.534234277722949,0.814522674738028,0.6155574709105462,0.7742742544071983,0.6564830790212501,0.6576707630225177,False,1,0.6576707630225177,426
1159_29.png,00402,"single slender palm tree in calm turquoise water, calm reflective water in foreground, low sun reflection behind the tree, clear turquoise ocean, natural ocean photograph",1,"[1, 3, 0, 0, 0, 1]",0.8990857601165771,0.5234742760658264,0.029081270098686218,0.17053231394280152,0.641834705513849,0.7385920771846065,0.1065947682084051,0.8934052317915949,0.976024907714003,0.8402632474029318,0.8402632474029318,0.5,0.0,0.0,0.6214995656242446,0.8011001107618386,0.6513178340045447,0.7185715107787153,0.12521701656098058,0.7296357960676524,0.8685593345232857,0.6567510844783486,False,1,0.6567510844783486,427
1159_29.png,00620,"single slender palm tree rising from shallow turquoise ocean, gentle surf and reflective foreground water, low sunset reflection behind the tree, faint distant land on right horizon, shallow turquoise sea, soft atmospheric tropical photo",1,"[0, 2, 1, 1, 2, 0]",0.9036610722541809,0.594042956829071,0.028922589495778084,0.17006642671549868,0.7010485557430166,0.8341448748553241,0.11187630926996388,0.8881236907300362,0.9604733223722781,0.8783031499148641,0.8783031499148641,0.5,0.0,0.0,0.6674267245196139,0.6087056920144874,0.6561102536664338,0.8366129514347429,0.6456812165240413,0.5662876010441624,0.7052969122858749,0.6567144214532445,False,1,0.6567144214532445,428
1159_29.png,00887,"solitary slender palm tree in shallow ocean, water fills foreground around the palm, low sun reflection behind the tree, faint distant land on right horizon, clear turquoise ocean, natural ocean photograph",1,"[3, 1, 0, 1, 0, 1]",0.8884120583534241,0.5610843300819397,0.025358840823173523,0.1592445943295204,0.6959742281344189,0.8474471480758101,0.10683930389986467,0.8931606961001354,0.9592827695418311,0.8858140141775281,0.8858140141775281,0.5,0.0,0.0,0.5143565375346124,0.6985622086326633,0.7674306747144206,0.8264973967298661,0.718137043649572,0.7220727641129318,0.6927983448003542,0.6557606504875207,False,1,0.6557606504875207,429
1159_29.png,00685,"single slender palm tree in calm turquoise water, shallow surf and reflective water in foreground, low sun reflection behind the tree, subtle right horizon landform, shallow turquoise sea, soft atmospheric tropical photo",1,"[1, 0, 0, 3, 2, 0]",0.9070558547973633,0.5652555823326111,0.030902627855539322,0.17579143282748258,0.6110569912410396,0.803804185655382,0.1053745635118076,0.8946254364881924,0.9330188248278584,0.8614345512813608,0.8614345512813608,0.5,0.0,0.0,0.7015036820225875,0.6871899448530845,0.5972191095276557,0.6572168493472849,0.48041925752631975,0.7673744470456972,0.4170762793458327,0.6552570009476404,False,1,0.6552570009476404,430
1159_29.png,00676,"single slender palm tree in calm turquoise water, shallow surf and reflective water in foreground, low sun reflection behind the tree, faint distant land on right horizon, shallow turquoise sea, muted colors",1,"[1, 0, 0, 1, 2, 2]",0.8979147672653198,0.5615125894546509,0.02657882310450077,0.1630301294377845,0.6803490516180817,0.8206979257089119,0.11596995700746694,0.8840300429925331,0.9609262277944159,0.8709098271752801,0.8709098271752801,0.5,0.0,0.0,0.6097450944258701,0.697394626750804,0.7284901933695138,0.795348968796959,0.5724373576309788,0.4396787266286768,0.7100515681385031,0.6549140182145071,False,1,0.6549140182145071,431
1159_29.png,00269,"single slender palm tree rising from shallow turquoise ocean, water fills foreground around the palm, low sun reflection behind the tree, shallow turquoise sea, muted colors",1,"[0, 1, 0, 0, 2, 2]",0.8960409760475159,0.545949399471283,0.026941021904349327,0.1641372045099749,0.6546312699477885,0.8118828667534722,0.11506800036619996,0.8849319996338001,0.9651811665044427,0.8681097232117811,0.8681097232117811,0.5,0.0,0.0,0.590935906241848,0.7398252185986287,0.7171020976411373,0.7440811659587774,0.5244228282952659,0.46757455998927827,0.7547204289013282,0.6548680764447239,False,1,0.6548680764447239,432
1159_29.png,00282,"single slender palm tree rising from shallow turquoise ocean, water fills foreground around the palm, low sunset reflection behind the tree, clear turquoise ocean, soft hazy tropical photo",1,"[0, 1, 1, 0, 0, 3]",0.8942168354988098,0.571191668510437,0.029510436579585075,0.1717860197442885,0.664374342904631,0.8763597276475693,0.11048062971519007,0.8895193702848099,0.9517772427620066,0.8960491055934909,0.8960491055934909,0.5,0.0,0.0,0.5726251133804485,0.6710061387019024,0.6384213990280925,0.7635037565147275,0.8756202671920206,0.6094533614626166,0.614004417665849,0.6547554894109573,False,1,0.6547554894109573,433
1159_29.png,00161,"single slender palm tree in calm turquoise water, shallow surf and reflective water in foreground, low sun reflection behind the tree, faint distant land on right horizon, shallow turquoise sea, soft atmospheric tropical photo",1,"[1, 0, 0, 1, 2, 0]",0.9031556844711304,0.5722683668136597,0.026871345937252045,0.1639248179417993,0.669518646979562,0.8199389422381366,0.11764411579368665,0.8823558842063134,0.9514831788153397,0.8680937192424392,0.8680937192424392,0.5,0.0,0.0,0.6623536225502045,0.6680706899734535,0.7192868443042697,0.7737588076864955,0.5683032691005359,0.38790012399655194,0.6109172988177972,0.65442982007604,False,1,0.65442982007604,434
1159_29.png,00293,"single slender palm tree rising from shallow turquoise ocean, water fills foreground around the palm, soft pale sunset haze, calm turquoise water, natural ocean photograph",1,"[0, 1, 2, 0, 1, 1]",0.9098896980285645,0.614154040813446,0.02750668302178383,0.16585138836254532,0.6551013703575689,0.8412599916811342,0.11469483143581044,0.8853051685641895,0.9504458559573378,0.8785129764454442,0.8785129764454442,0.5,0.0,0.0,0.7299499091759785,0.5538759818412986,0.6994688853148175,0.745018300250986,0.6844363725912699,0.479115977637552,0.6000273580999688,0.6534502829628737,False,1,0.6534502829628737,435
1159_29.png,00273,"single slender palm tree rising from shallow turquoise ocean, water fills foreground around the palm, low sun reflection behind the tree, faint distant land on right horizon, calm turquoise water, muted colors",1,"[0, 1, 0, 1, 1, 2]",0.8976541757583618,0.5596197247505188,0.02717961184680462,0.16486240276911113,0.6594768644173362,0.8249602141203703,0.11350012057041704,0.886499879429583,0.9541321741321451,0.8723334889809498,0.8723334889809498,0.5,0.0,0.0,0.6071292668742416,0.7025552249167336,0.7096422356999275,0.7537407464421715,0.595653512282214,0.5160661520586854,0.6387267717695265,0.6534151960767434,False,1,0.6534151960767434,436
1159_29.png,00565,"single slender palm tree rising from shallow turquoise ocean, water fills foreground around the palm, low sunset reflection behind the tree, calm turquoise water, soft hazy tropical photo",1,"[0, 1, 1, 0, 1, 3]",0.8963009119033813,0.5671639442443848,0.030698705464601517,0.17521046048852654,0.647787185173656,0.8663646556712963,0.11079960147142823,0.8892003985285718,0.9512086884377373,0.891325972224631,0.891325972224631,0.5,0.0,0.0,0.5935451523426375,0.6819870959857934,0.6031953696546946,0.730437641283656,0.8211783537523858,0.5995881611285337,0.6080356656631377,0.6533629153810636,False,1,0.6533629153810636,437
1159_29.png,00350,"single slender palm tree in calm turquoise water, shallow surf and reflective water in foreground, low sun reflection behind the tree, subtle right horizon landform, calm turquoise water, soft atmospheric tropical photo",1,"[1, 0, 0, 3, 1, 0]",0.9095417261123657,0.5644071698188782,0.03388182818889618,0.1840701719152133,0.5861283838732717,0.8237666377314815,0.11012956350117763,0.8898704364988224,0.9301350755790418,0.8681766548695629,0.8681766548695629,0.5,0.0,0.0,0.726456953721631,0.6895030082499369,0.5120586036056913,0.6075222472254603,0.5891522502000865,0.6203111833983501,0.3868023312471831,0.6531652618167543,False,1,0.6531652618167543,438
1159_29.png,00923,"single slender palm tree rising from shallow turquoise ocean, shallow surf and reflective water in foreground, low sun reflection behind the tree, faint distant land on right horizon, calm turquoise water, realistic tropical seascape photo",1,"[0, 0, 0, 1, 1, 5]",0.8987131714820862,0.5652310848236084,0.02827480062842369,0.16815112437454496,0.6820591756827783,0.8183429859302661,0.11424884597938398,0.885751154020616,0.9657272838413098,0.8714127043440973,0.8714127043440973,0.5,0.0,0.0,0.61775950660658,0.6872567334617754,0.6758123018431751,0.7987580615601568,0.5596102936649631,0.4929094743584681,0.7604536346989096,0.6531256729296263,False,1,0.6531256729296263,439
1159_29.png,00483,"single slender palm tree rising from shallow turquoise ocean, shallow surf and reflective water in foreground, low sun reflection behind the tree, very soft distant coastline, clear turquoise ocean, muted colors",1,"[0, 0, 0, 4, 0, 2]",0.9050748348236084,0.57237708568573,0.030181750655174255,0.1737289574457127,0.6570076734963758,0.8093182599103009,0.11556114724426376,0.8844388527557362,0.9656761521284186,0.8668820458498268,0.8668820458498268,0.5,0.0,0.0,0.6816181274695399,0.6677742850531319,0.6184350755222143,0.7488184714602724,0.5104537339161488,0.45232244863119053,0.7599168477980035,0.6527850665205593,False,1,0.6527850665205593,440
1159_29.png,00415,"single isolated slender palm tree in shallow turquoise water, shallow surf and reflective water in foreground, low sun reflection behind the tree, hazy island silhouette on right horizon, calm turquoise water, soft atmospheric tropical photo",1,"[2, 0, 0, 2, 1, 0]",0.8929526805877686,0.5634917616844177,0.02666742354631424,0.1633016336302679,0.6786922400538822,0.8560412371600116,0.11057631636376573,0.8894236836362343,0.9399737516879448,0.8845115963322762,0.8845115963322762,0.5,0.0,0.0,0.5599354778492297,0.6919987246788297,0.7256973242928585,0.7920461532702406,0.7649479775903468,0.6064939522389644,0.49008994198608224,0.6526847178378148,False,1,0.6526847178378148,441
1159_29.png,00162,"single slender palm tree in calm turquoise water, shallow surf and reflective water in foreground, low sun reflection behind the tree, hazy island silhouette on right horizon, clear turquoise ocean, natural ocean photograph",1,"[1, 0, 0, 2, 0, 1]",0.890622615814209,0.5573229193687439,0.026085637509822845,0.1615104873060039,0.7020002047757952,0.8353339301215278,0.11006209292599177,0.8899379070740082,0.9555492407670454,0.8784883841839994,0.8784883841839994,0.5,0.0,0.0,0.5365461981950072,0.7088171038639242,0.7441222227632849,0.8385100417673821,0.6521578526134337,0.6223979222015421,0.653603308547093,0.6525220993503688,False,1,0.6525220993503688,442
1159_29.png,00196,"single isolated slender palm tree in shallow turquoise water, shallow surf and reflective water in foreground, low sunset reflection behind the tree, clear turquoise ocean, natural ocean photograph",1,"[2, 0, 1, 0, 0, 1]",0.9140094518661499,0.5974300503730774,0.030176520347595215,0.17371390372562356,0.6207840924605442,0.836671617296007,0.11987491924742603,0.880125080752574,0.938262631391386,0.8721985323248813,0.8721985323248813,0.5,0.0,0.0,0.7713041563656989,0.5994713137238078,0.6185899278983086,0.6766076006143211,0.6594440682140006,0.31890554204153637,0.47212639433372383,0.6522527071351423,False,1,0.6522527071351423,443
1159_29.png,00608,"single slender palm tree rising from shallow turquoise ocean, gentle surf and reflective foreground water, low sun reflection behind the tree, hazy island silhouette on right horizon, clear turquoise ocean, muted colors",1,"[0, 2, 0, 2, 0, 2]",0.8956559896469116,0.5781358480453491,0.027592403814196587,0.16610961385240947,0.684942550239601,0.8584504304108798,0.11522705248827388,0.8847729475117261,0.9626984287906574,0.8885129110721316,0.8885129110721316,0.5,0.0,0.0,0.5870713979719558,0.6520739244271455,0.6968126096276941,0.8045060020389646,0.7780705534691876,0.46265537508611715,0.7286563483573818,0.6515735662653231,False,1,0.6515735662653231,444
1159_29.png,00099,"single slender palm tree rising from shallow turquoise ocean, shallow surf and reflective water in foreground, low sun reflection behind the tree, very soft distant coastline, clear turquoise ocean, soft atmospheric tropical photo",1,"[0, 0, 0, 4, 0, 0]",0.9026793241500854,0.5802703499794006,0.030262792482972145,0.17396204322487174,0.6555476860120462,0.8244459364149305,0.11040880187233167,0.8895911981276683,0.9617590442295905,0.8747093995773206,0.8747093995773206,0.5,0.0,0.0,0.6575718993588471,0.6462545403253694,0.6160374032842022,0.7459080201837035,0.5928523056085696,0.6116748624121692,0.7187945757160596,0.6514194234767574,False,1,0.6514194234767574,445
1159_29.png,00050,"single slender palm tree rising from shallow turquoise ocean, water fills foreground around the palm, low sun reflection behind the tree, calm turquoise water, natural ocean photograph",1,"[0, 1, 0, 0, 1, 1]",0.9068695902824402,0.5626130700111389,0.031294919550418854,0.17690370134742475,0.5975119008317723,0.7876253481264467,0.10662597234199866,0.8933740276580013,0.9513557146417758,0.8573834592655567,0.8573834592655567,0.5,0.0,0.0,0.6996339516706116,0.6943943394460348,0.5857775906108765,0.6302150249508284,0.39229514252293285,0.7286707105290994,0.6095791645204083,0.6513120713933075,False,1,0.6513120713933075,446
1159_29.png,00098,"single slender palm tree rising from shallow turquoise ocean, shallow surf and reflective water in foreground, low sun reflection behind the tree, subtle right horizon landform, calm turquoise water, soft atmospheric tropical photo",1,"[0, 0, 0, 3, 1, 0]",0.9041843414306641,0.5764464735984802,0.030122973024845123,0.17355971025801215,0.6587412165828093,0.8182344789858217,0.11291655668321346,0.8870834433167866,0.9558596412463639,0.8698566489537678,0.8698566489537678,0.5,0.0,0.0,0.672679320602813,0.6566797383836571,0.6201760624017031,0.7522742495015575,0.5590192698393153,0.5341146925404413,0.6568619302890982,0.6512063828444729,False,1,0.6512063828444729,447
1159_29.png,00505,"single slender palm tree rising from shallow turquoise ocean, shallow surf and reflective water in foreground, low sunset reflection behind the tree, subtle right horizon landform, shallow turquoise sea, soft atmospheric tropical photo",1,"[0, 0, 1, 3, 2, 0]",0.9140949845314026,0.6294920444488525,0.030108032748103142,0.17351666417985087,0.6542969704017012,0.8770582411024307,0.12300089325134674,0.8769991067486532,0.9460750742620964,0.8908409107105417,0.8908409107105417,0.5,0.0,0.0,0.7721627365433263,0.512059325184798,0.6206188624169378,0.7434147475469011,0.8794249830696309,0.2222250078415219,0.5541423636793996,0.650113387441135,False,1,0.650113387441135,448
1159_29.png,00851,"single isolated slender palm tree in shallow turquoise water, gentle surf and reflective foreground water, low sun reflection behind the tree, shallow turquoise sea, soft atmospheric tropical photo",1,"[2, 2, 0, 0, 2, 0]",0.9050595164299011,0.524946391582489,0.03213370591402054,0.17925876802550145,0.6020010503636123,0.7558113380714699,0.1118389756525848,0.8881610243474152,0.9501194891671871,0.8409953584871942,0.8409953584871942,0.5,0.0,0.0,0.6814643608453933,0.7970866191378777,0.5615518398462216,0.6391640406964335,0.21900818814258496,0.567442260061574,0.5966011200974107,0.6500590704089418,False,1,0.6500590704089418,449
1159_29.png,00005,"single slender palm tree rising from shallow turquoise ocean, shallow surf and reflective water in foreground, low sunset reflection behind the tree, clear turquoise ocean, soft atmospheric tropical photo",1,"[0, 0, 1, 0, 0, 0]",0.9136773347854614,0.6321865320205688,0.0316820926964283,0.17799464232506634,0.6460514800134873,0.8683771204065392,0.1167229823732874,0.8832770176267126,0.9537386940875817,0.8906643991698084,0.8906643991698084,0.5,0.0,0.0,0.7679703523589116,0.5047132282395888,0.5745554606944201,0.7269775531983944,0.8321399987687,0.4163890592986323,0.634595970711891,0.6492335302818104,False,1,0.6492335302818104,450
1159_29.png,00963,"single slender palm tree rising from shallow turquoise ocean, shallow surf and reflective water in foreground, low sunset reflection behind the tree, subtle right horizon landform, calm turquoise water, muted colors",1,"[0, 0, 1, 3, 1, 2]",0.9093351364135742,0.6181944608688354,0.032482318580150604,0.1802285176661857,0.6469286109591664,0.8665415445963541,0.1122175293104194,0.8877824706895806,0.9520915790615404,0.8910858756220206,0.8910858756220206,0.5,0.0,0.0,0.7243831983936474,0.5428604114828306,0.5515763630081236,0.7287260934482047,0.8221418457181555,0.5557343028562642,0.6173043581240958,0.6490757902577691,False,1,0.6490757902577691,451
1159_29.png,00386,"single slender palm tree in calm turquoise water, water fills foreground around the palm, low sunset reflection behind the tree, faint distant land on right horizon, calm turquoise water, soft atmospheric tropical photo",1,"[1, 1, 1, 1, 1, 0]",0.8858401775360107,0.5482538938522339,0.026796123012900352,0.16369521377517535,0.6634879013552543,0.8591246428313078,0.10688461418716208,0.8931153858128379,0.9489648839201941,0.8889894510926206,0.8889894510926206,0.5,0.0,0.0,0.4885398991482406,0.7335423768034549,0.7216487024066063,0.761736655791825,0.7817429046358432,0.720671401601541,0.584479934687049,0.6490397103402298,False,1,0.6490397103402298,452
1159_29.png,00742,"single slender palm tree in calm turquoise water, water fills foreground around the palm, low sunset reflection behind the tree, gentle turquoise water, soft atmospheric tropical photo",1,"[1, 1, 1, 0, 3, 0]",0.9097878336906433,0.615737795829773,0.03270046412944794,0.18083269651655348,0.6458150099327415,0.8703505904586226,0.12036067428566029,0.8796393257143397,0.9704150195367873,0.8936145336137565,0.8936145336137565,0.5,0.0,0.0,0.7289273910410898,0.5495581226648363,0.5453613855798671,0.7265061555626174,0.8428892445976727,0.30388204647569345,0.8096660505160325,0.6488001571146342,False,1,0.6488001571146342,453
1159_29.png,00824,"single isolated slender palm tree in shallow turquoise water, shallow surf and reflective water in foreground, soft pale sunset haze, hazy island silhouette on right horizon, clear turquoise ocean, soft atmospheric tropical photo",1,"[2, 0, 2, 2, 0, 0]",0.8923057317733765,0.5982030630111694,0.02597491443157196,0.16116734914855416,0.696819650143715,0.8924554895471645,0.1092812101960212,0.8907187898039788,0.9441058353466244,0.9021777137969416,0.9021777137969416,0.5,0.0,0.0,0.5534413808123185,0.5973638162393495,0.7476519654909979,0.8281827259485102,0.9632918795788963,0.6465491657456113,0.5334690555735351,0.6487615186452963,False,1,0.6487615186452963,454
1159_29.png,00665,"single slender palm tree rising from shallow turquoise ocean, soft reflective turquoise foreground water, low sun reflection behind the tree, calm turquoise water, soft atmospheric tropical photo",1,"[0, 5, 0, 0, 1, 0]",0.9112359881401062,0.5885352492332458,0.035080716013908386,0.18729846772973982,0.5833255316159953,0.818502355504919,0.1089164966869171,0.891083503313083,0.9634750062236055,0.8729002873815137,0.8729002873815137,0.5,0.0,0.0,0.7434640210032045,0.6237215912784152,0.4788502488167017,0.6019348260881007,0.5604783599088842,0.6578290730148101,0.7368089520934045,0.6487409196196087,False,1,0.6487409196196087,455
1159_29.png,00382,"single slender palm tree in calm turquoise water, water fills foreground around the palm, low sunset reflection behind the tree, clear turquoise ocean, muted colors",1,"[1, 1, 1, 0, 0, 2]",0.8992384672164917,0.5842186212539673,0.02998972311615944,0.1731754114075074,0.6497418429409775,0.8723489266854746,0.11916859095304674,0.8808314090469532,0.9673955684490985,0.8943271238647169,0.8943271238647169,0.5,0.0,0.0,0.6230324453560087,0.6354901991373056,0.6241292108446486,0.7343342063263133,0.8537739333866902,0.3407509562182112,0.7779674881141112,0.6486336500930817,False,1,0.6486336500930817,456
1159_29.png,00106,"single slender palm tree rising from shallow turquoise ocean, shallow surf and reflective water in foreground, low sunset reflection behind the tree, faint distant land on right horizon, shallow turquoise sea, soft atmospheric tropical photo",1,"[0, 0, 1, 1, 2, 0]",0.9212907552719116,0.6484397649765015,0.03080296516418457,0.1755077353400259,0.6487845689801601,0.8431594283492477,0.11860378668963387,0.8813962133103661,0.9511846057665212,0.8781473385690939,0.8781473385690939,0.5,0.0,0.0,0.8443941595008627,0.46040134266228816,0.6001374067833823,0.7324259028297486,0.694782367789202,0.35821929659363116,0.607782842870458,0.6485749215792259,False,1,0.6485749215792259,457
1159_29.png,00599,"single slender palm tree rising from shallow turquoise ocean, gentle surf and reflective foreground water, low sun reflection behind the tree, clear turquoise ocean, warm tropical sunset photo",1,"[0, 2, 0, 0, 0, 4]",0.8914114236831665,0.6010799407958984,0.028131412342190742,0.16772421513362565,0.7302264623269933,0.8798285590277778,0.10440779334991084,0.8955922066500892,0.9561922162654136,0.900618567143114,0.900618567143114,0.5,0.0,0.0,0.5444642818679832,0.5895204610396533,0.6802037685332332,0.8947784332463454,0.894514560118205,0.7972748414775087,0.6603533430288676,0.6483608318657099,False,1,0.6483608318657099,458
1159_29.png,00241,"single slender palm tree rising from shallow turquoise ocean, shallow surf and reflective water in foreground, low sunset reflection behind the tree, hazy island silhouette on right horizon, clear turquoise ocean, muted colors",1,"[0, 0, 1, 2, 0, 2]",0.9000561833381653,0.6043562889099121,0.02738570235669613,0.1654862603260347,0.6981463970100567,0.8544746681495949,0.11274591513088504,0.887254084869115,0.9576823183518829,0.8865889940418845,0.8865889940418845,0.5,0.0,0.0,0.6312407111796113,0.5805880127610119,0.7032248302704474,0.8308275651353343,0.7564150711075543,0.5393923168633354,0.6759966148029214,0.6476737707022066,False,1,0.6476737707022066,459
1159_29.png,00673,"single slender palm tree in calm turquoise water, shallow surf and reflective water in foreground, low sun reflection behind the tree, bright turquoise tropical water, soft atmospheric tropical photo",1,"[1, 0, 0, 0, 5, 0]",0.8993638753890991,0.530914843082428,0.03197566792368889,0.17881741504587545,0.5962694100008332,0.7710825602213541,0.10751917940336861,0.8924808205966314,0.969391026296353,0.8532336445677009,0.8532336445677009,0.5,0.0,0.0,0.624291297407387,0.7808145740219288,0.5660918842463187,0.6277381482215102,0.30218863510435273,0.7010454853237198,0.7989160457342368,0.6475375468623901,False,1,0.6475375468623901,460
1159_29.png,00033,"single slender palm tree rising from shallow turquoise ocean, shallow surf and reflective water in foreground, low sun reflection behind the tree, faint distant land on right horizon, clear turquoise ocean, muted colors",1,"[0, 0, 0, 1, 0, 2]",0.9015320539474487,0.5844311714172363,0.028745003044605255,0.16954351372024012,0.6606982878383282,0.8332406503182871,0.11457976603012347,0.8854202339698766,0.961813509371203,0.8772180764069266,0.8772180764069266,0.5,0.0,0.0,0.6460555570181001,0.634910714517861,0.6614892775440417,0.756175625777106,0.6407560179769752,0.4826747356041294,0.7193663573545086,0.6473515142503996,False,1,0.6473515142503996,461
1159_29.png,00931,"single slender palm tree rising from shallow turquoise ocean, shallow surf and reflective water in foreground, low sun reflection behind the tree, hazy island silhouette on right horizon, gentle turquoise water, muted colors",1,"[0, 0, 0, 2, 3, 2]",0.8910359740257263,0.5618259906768799,0.026553558185696602,0.16295262558699874,0.7005906315536844,0.8439896195023149,0.11559403994112141,0.8844059600588786,0.9628926095143548,0.8819159366995202,0.8819159366995202,0.5,0.0,0.0,0.5406955037921123,0.6965401875671136,0.7292874484918062,0.8357000901563288,0.6993043157052274,0.45130513898642666,0.7306948810603858,0.6473137202263465,False,1,0.6473137202263465,462
1159_29.png,00208,"solitary slender palm tree in shallow ocean, shallow surf and reflective water in foreground, low sunset reflection behind the tree, clear turquoise ocean, soft atmospheric tropical photo",1,"[3, 0, 1, 0, 0, 0]",0.910675048828125,0.622350811958313,0.030886730179190636,0.17574620957275475,0.6829531387839016,0.8301651566116899,0.1102589117017138,0.8897410882982862,0.9555151131695004,0.8760867240135608,0.8760867240135608,0.5,0.0,0.0,0.7378332906536218,0.531528773377638,0.597684305400028,0.8005401563224722,0.6240041864187655,0.6163106852784178,0.6532450329039415,0.6472393062390909,False,1,0.6472393062390909,463
1159_29.png,00094,"single slender palm tree rising from shallow turquoise ocean, shallow surf and reflective water in foreground, low sun reflection behind the tree, hazy island silhouette on right horizon, clear turquoise ocean, muted colors",1,"[0, 0, 0, 2, 0, 2]",0.8923537731170654,0.5774428248405457,0.026993628591299057,0.16429737852838389,0.6888014918049132,0.8597943341290509,0.1133993248702759,0.8866006751297241,0.9627592737205868,0.8897695413975937,0.8897695413975937,0.5,0.0,0.0,0.5539236216647002,0.6539633432914986,0.715454443294417,0.812198712781704,0.7853906298097644,0.5191835746995913,0.729295105784542,0.6468605153546657,False,1,0.6468605153546657,464
1159_29.png,00947,"single slender palm tree rising from shallow turquoise ocean, shallow surf and reflective water in foreground, low sunset reflection behind the tree, shallow turquoise sea, warm tropical sunset photo",1,"[0, 0, 1, 0, 2, 4]",0.9187041521072388,0.6439021229743958,0.03339926525950432,0.18275465865335505,0.6896621916219374,0.8275999846281828,0.11118816478888607,0.888811835211114,0.9509132677330857,0.8736867889531893,0.8736867889531893,0.5,0.0,0.0,0.8184297376274707,0.47277251052367464,0.5255908304025152,0.8139144979566371,0.610032013790556,0.587570623856875,0.6049343034058057,0.6462488913974509,False,1,0.6462488913974509,465
1159_29.png,00694,"single slender palm tree in calm turquoise water, shallow surf and reflective water in foreground, low sunset reflection behind the tree, faint distant land on right horizon, clear turquoise ocean, soft hazy tropical photo",1,"[1, 0, 1, 1, 0, 3]",0.9019328951835632,0.6019949913024902,0.02871285378932953,0.16944867597396424,0.641298568225729,0.8502542001229744,0.10503822778162289,0.8949617722183771,0.9418822540700873,0.8842274611457879,0.8842274611457879,0.5,0.0,0.0,0.6500792167355525,0.5870257196269458,0.6624648404127065,0.7175027334971472,0.7334267068891207,0.7777766826445955,0.5101256306253916,0.6460836152764802,False,1,0.6460836152764802,466
1159_29.png,00743,"single slender palm tree in calm turquoise water, water fills foreground around the palm, low sunset reflection behind the tree, faint distant land on right horizon, clear turquoise ocean, muted colors",1,"[1, 1, 1, 1, 0, 2]",0.8810088634490967,0.5326679944992065,0.02566622756421566,0.16020682745818188,0.6755535236887206,0.8689631709346065,0.11394658453162343,0.8860534154683766,0.9519441199115795,0.8915409463168207,0.8915409463168207,0.5,0.0,0.0,0.4400429828571155,0.7760348821790441,0.7575325176178732,0.785789194803253,0.8353321430770181,0.5022578560791444,0.6157563141482123,0.6459645044179975,False,1,0.6459645044179975,467
1159_29.png,00121,"single slender palm tree rising from shallow turquoise ocean, water fills foreground around the palm, low sun reflection behind the tree, calm turquoise water, muted colors",1,"[0, 1, 0, 0, 1, 2]",0.8957683444023132,0.5466917753219604,0.02865716628730297,0.16928427655072686,0.6328943641722009,0.7898152669270834,0.10715526962332415,0.8928447303766759,0.9645347565162302,0.8608194770522702,0.8608194770522702,0.5,0.0,0.0,0.5881992193202678,0.7378012475007085,0.6641559600273979,0.7007491471283113,0.40422335775410995,0.7123005347550925,0.7479343387301297,0.645716139076938,False,1,0.645716139076938,468
1159_29.png,00151,"single slender palm tree rising from shallow turquoise ocean, calm reflective water in foreground, low sun reflection behind the tree, calm turquoise water, soft atmospheric tropical photo",1,"[0, 3, 0, 0, 1, 0]",0.9071869254112244,0.5834377408027649,0.03243153914809227,0.18008758743481537,0.5957217568542571,0.8270161946614584,0.1159131699093388,0.8840868300906612,0.9725637332820516,0.876100424785798,0.876100424785798,0.5,0.0,0.0,0.702819373876666,0.6376191469778398,0.5530260632192323,0.6266464143425029,0.6068521824786066,0.4414350454514867,0.8322235070735614,0.6456560396593334,False,1,0.6456560396593334,469
1159_29.png,00543,"single slender palm tree rising from shallow turquoise ocean, water fills foreground around the palm, low sun reflection behind the tree, clear turquoise ocean, realistic tropical seascape photo",1,"[0, 1, 0, 0, 0, 5]",0.9019308090209961,0.5546223521232605,0.03151613101363182,0.17752783165924102,0.6152107990657498,0.7845283790870949,0.1066301953801376,0.8933698046198624,0.9601541804960864,0.857748038305362,0.857748038305362,0.5,0.0,0.0,0.6500582757556104,0.716179776084283,0.5793573794468023,0.6654973691570835,0.3754263374992309,0.7285400998513683,0.7019465223031467,0.6453425103190644,False,1,0.6453425103190644,470
1159_29.png,00390,"single slender palm tree in calm turquoise water, water fills foreground around the palm, soft pale sunset haze, faint distant land on right horizon, clear turquoise ocean, soft atmospheric tropical photo",1,"[1, 1, 2, 1, 0, 0]",0.8912468552589417,0.573958694934845,0.027716632932424545,0.16648313107466636,0.6873864762680679,0.874319005895544,0.11465985730304136,0.8853401426969586,0.9543128629587279,0.8941751751886758,0.8941751751886758,0.5,0.0,0.0,0.5428123377074054,0.6634622759737812,0.6929703680398288,0.8093779120421228,0.8645047097211109,0.4801976622053242,0.6406236649062015,0.6450824009614191,False,1,0.6450824009614191,471
1159_29.png,00232,"single slender palm tree rising from shallow turquoise ocean, shallow surf and reflective water in foreground, low sunset reflection behind the tree, clear turquoise ocean, warm tropical sunset photo",1,"[0, 0, 1, 0, 0, 4]",0.9224539995193481,0.6594881415367126,0.032515980303287506,0.18032187971316044,0.651718061838439,0.849952980324074,0.11738557764690502,0.882614422353095,0.9520493398605031,0.8818037569415171,0.8818037569415171,0.5,0.0,0.0,0.8560708499165951,0.43027968014269036,0.5506159801442571,0.7382737529831378,0.7317860001231296,0.39589622572694766,0.6168609258872407,0.644601479600445,False,1,0.644601479600445,472
1159_29.png,00587,"single slender palm tree rising from shallow turquoise ocean, water fills foreground around the palm, soft pale sunset haze, hazy island silhouette on right horizon, calm turquoise water, soft atmospheric tropical photo",1,"[0, 1, 2, 2, 1, 0]",0.9022940397262573,0.6095203757286072,0.029499627649784088,0.1717545564163702,0.6770684042047217,0.8762749565972222,0.11657249880800384,0.8834275011919962,0.9540058626771089,0.8943245284213703,0.8943245284213703,0.5,0.0,0.0,0.6537043995203917,0.5665089415484297,0.6387450513252741,0.7888090740686353,0.8751585298282338,0.4210432347529678,0.63740073885054,0.6445038683356913,False,1,0.6445038683356913,473
1159_29.png,00961,"single slender palm tree rising from shallow turquoise ocean, shallow surf and reflective water in foreground, low sunset reflection behind the tree, hazy island silhouette on right horizon, soft teal ocean water, soft atmospheric tropical photo",1,"[0, 0, 1, 2, 4, 0]",0.9175993204116821,0.6392765045166016,0.03283412754535675,0.18120189719027985,0.6531798659183695,0.8462575276692709,0.11461248939016731,0.8853875106098327,0.9474814160343114,0.8801977993714756,0.8801977993714756,0.5,0.0,0.0,0.8073393946501181,0.48538353236663734,0.5415635468234961,0.7411878256010144,0.7116573293110883,0.4816626632305603,0.5689063095524579,0.6444503798030864,False,1,0.6444503798030864,474
1159_29.png,00588,"single slender palm tree rising from shallow turquoise ocean, water fills foreground around the palm, soft pale sunset haze, subtle right horizon landform, clear turquoise ocean, soft atmospheric tropical photo",1,"[0, 1, 2, 3, 0, 0]",0.903198778629303,0.6044685244560242,0.028611676767468452,0.16914986481658345,0.6693556842202918,0.8508521185980903,0.11430890416344765,0.8856910958365524,0.9536839015402837,0.8836121172199908,0.8836121172199908,0.5,0.0,0.0,0.6627862033644377,0.5802820201815351,0.6655386067276019,0.7734339451956578,0.7366834944283694,0.4910519869605974,0.634020751928991,0.644075435410525,False,1,0.644075435410525,475
1159_29.png,00748,"single slender palm tree in calm turquoise water, water fills foreground around the palm, low sunset reflection behind the tree, subtle right horizon landform, clear turquoise ocean, soft atmospheric tropical photo",1,"[1, 1, 1, 3, 0, 0]",0.9009517431259155,0.6020993590354919,0.03097129799425602,0.17598664152217924,0.6361330375763402,0.8681358054832176,0.10999177835636165,0.8900082216436384,0.9599936582283936,0.8941627216883999,0.8941627216883999,0.5,0.0,0.0,0.6402303747119119,0.5867411774035449,0.5952110656668012,0.7072053676402253,0.830825586406452,0.6245726204381107,0.7002613401387112,0.6438116040050463,False,1,0.6438116040050463,476
1159_29.png,00916,"single slender tropical palm tree in shallow water, shallow surf and reflective water in foreground, low sun reflection behind the tree, faint distant land on right horizon, clear turquoise ocean, soft atmospheric tropical photo",1,"[5, 0, 0, 1, 0, 0]",0.8902701735496521,0.5775580406188965,0.026349779218435287,0.16232615075346082,0.688324999654101,0.852518152307581,0.10914972214819606,0.8908502778518039,0.9602676778286177,0.8874843013522664,0.8874843013522664,0.5,0.0,0.0,0.5330083692122123,0.6536492255771446,0.7357317769343505,0.8112488367016064,0.745758172751339,0.6506158453433007,0.7031380310155626,0.6435652468902673,False,1,0.6435652468902673,477
1159_29.png,00982,"single slender palm tree rising from shallow turquoise ocean, shallow surf and reflective water in foreground, soft pale sunset haze, hazy island silhouette on right horizon, clear turquoise ocean, soft hazy tropical photo",1,"[0, 0, 2, 2, 0, 3]",0.9184350967407227,0.6531873345375061,0.031276531517505646,0.17685172183924489,0.6324128975070097,0.8679193567346642,0.11850904123304389,0.8814909587669562,0.9516710201024088,0.8894197501195152,0.8894197501195152,0.5,0.0,0.0,0.8157289495286485,0.447457840300149,0.5863122857096426,0.699789354468873,0.8296466170042476,0.36114959650804546,0.6128892793489914,0.6434408183880035,False,1,0.6434408183880035,478
1159_29.png,00292,"single slender palm tree rising from shallow turquoise ocean, water fills foreground around the palm, soft pale sunset haze, clear turquoise ocean, muted colors",1,"[0, 1, 2, 0, 0, 2]",0.8988814353942871,0.5910359621047974,0.028530752286314964,0.16891048601645478,0.6664456814563153,0.8488503915292246,0.1131594924346322,0.8868405075653678,0.9591770127678702,0.8842122563896038,0.8842122563896038,0.5,0.0,0.0,0.619448546217341,0.616903790602924,0.6680010130807823,0.7676329220018713,0.7257803361448013,0.5266011437412547,0.6916880974072118,0.6432121892993844,False,1,0.6432121892993844,479
1159_29.png,00475,"single slender palm tree rising from shallow turquoise ocean, shallow surf and reflective water in foreground, low sun reflection behind the tree, hazy island silhouette on right horizon, calm turquoise water, soft hazy tropical photo",1,"[0, 0, 0, 2, 1, 3]",0.8883865475654602,0.564216673374176,0.026018742471933365,0.1613032624342526,0.6961537304462366,0.8564114040798612,0.11390761153528524,0.8860923884647147,0.9559074914754906,0.8866989660936857,0.8866989660936857,0.5,0.0,0.0,0.5141004592656058,0.69002236687129,0.7462538728528629,0.8268552304361029,0.7669642307455524,0.5034632180241323,0.6573642677768962,0.6430691843112496,False,1,0.6430691843112496,480
1159_29.png,00919,"single slender palm tree rising from shallow turquoise ocean, shallow surf and reflective water in foreground, low sun reflection behind the tree, shallow turquoise sea, realistic tropical seascape photo",1,"[0, 0, 0, 0, 2, 5]",0.8986713290214539,0.568798303604126,0.028904689475893974,0.17001379201668898,0.6621056145868569,0.8097449408637153,0.11027995039313834,0.8897200496068617,0.9540388505093554,0.8665950108529445,0.8665950108529445,0.5,0.0,0.0,0.6173394903803121,0.6775312720191156,0.6566516884830387,0.7589810990950403,0.5127778119805457,0.6156599978692313,0.6377470490998552,0.6419813500466528,False,1,0.6419813500466528,481
1159_29.png,00669,"single slender palm tree in calm turquoise water, shallow surf and reflective water in foreground, low sun reflection behind the tree, calm turquoise water, warm tropical sunset photo",1,"[1, 0, 0, 0, 1, 4]",0.9013200998306274,0.6035493612289429,0.030719701200723648,0.1752703660084147,0.6692453071980907,0.8714249222366899,0.11296484596186221,0.8870351540381378,0.9474658096137136,0.8920966808426014,0.8920966808426014,0.5,0.0,0.0,0.6439279534559796,0.582787974280373,0.6025791424337215,0.7732139111552178,0.8487409961214066,0.5326211953936196,0.5687424714630765,0.6416543718740653,False,1,0.6416543718740653,482
1159_29.png,00344,"single slender palm tree in calm turquoise water, shallow surf and reflective water in foreground, low sun reflection behind the tree, faint distant land on right horizon, shallow turquoise sea, natural ocean photograph",1,"[1, 0, 0, 1, 2, 1]",0.8993921279907227,0.5712883472442627,0.02808571793138981,0.16758794088892498,0.6665690336924254,0.8220751727068866,0.11795522820743604,0.8820447717925639,0.9581471245211138,0.8702789227497191,0.8702789227497191,0.5,0.0,0.0,0.6245748981071747,0.6707425593264849,0.6816055742309197,0.7678788218310872,0.5799390506679802,0.37827799843830046,0.6808762061366702,0.641512559051464,False,1,0.641512559051464,483
1159_29.png,00503,"single slender palm tree rising from shallow turquoise ocean, shallow surf and reflective water in foreground, low sunset reflection behind the tree, subtle right horizon landform, clear turquoise ocean, muted colors",1,"[0, 0, 1, 3, 0, 2]",0.918766975402832,0.6461414098739624,0.03498106449842453,0.18703225523535916,0.6083149925410257,0.8776307282624423,0.11583408592243212,0.8841659140775678,0.9434604886743709,0.893083995380122,0.893083995380122,0.5,0.0,0.0,0.8190603602805852,0.4666674466796149,0.48158868403780963,0.6517507383686213,0.8825432493997423,0.4438809653763505,0.5266941282217704,0.6414703898162192,False,1,0.6414703898162192,484
1159_29.png,00219,"single slender palm tree rising from shallow turquoise ocean, shallow surf and reflective water in foreground, low sun reflection behind the tree, faint distant land on right horizon, shallow turquoise sea, muted colors",1,"[0, 0, 0, 1, 2, 2]",0.8951563835144043,0.5809941291809082,0.027491852641105652,0.16580667248668146,0.6719399507153627,0.8383359555844908,0.11277938942683884,0.8872206105731612,0.9669259857948315,0.8811635908725935,0.8811635908725935,0.5,0.0,0.0,0.5820563324326717,0.6442812700690832,0.699928861957511,0.7785856206725383,0.6685095117896946,0.5383570194454034,0.773037752663243,0.64146848703726,False,1,0.64146848703726,485
1159_29.png,00805,"single isolated slender palm tree in shallow turquoise water, shallow surf and reflective water in foreground, low sun reflection behind the tree, hazy island silhouette on right horizon, shallow turquoise sea, soft atmospheric tropical photo",1,"[2, 0, 0, 2, 2, 0]",0.8908597230911255,0.5723280310630798,0.02635243721306324,0.1623343377510231,0.6856040490503428,0.8535003662109375,0.11060022509090238,0.8893997749090976,0.944980157960237,0.8843611176051533,0.8843611176051533,0.5,0.0,0.0,0.5389262901438585,0.6679080247732112,0.735647560141552,0.8058246846159294,0.7511081696730901,0.6057544999886533,0.542647800028119,0.6412314491354403,False,1,0.6412314491354403,486
1159_29.png,00259,"single slender palm tree rising from shallow turquoise ocean, shallow surf and reflective water in foreground, warm sun glow behind the tree, shallow turquoise sea, soft atmospheric tropical photo",1,"[0, 0, 3, 0, 2, 0]",0.8991824388504028,0.5502636432647705,0.03107084520161152,0.17626924065647845,0.6036908389265898,0.8167945014105902,0.10957029907036085,0.8904297009296391,0.9378395663182653,0.8667758342237923,0.8667758342237923,0.5,0.0,0.0,0.6224700304661342,0.7280631108476401,0.5923040667875037,0.6425325951073692,0.5511758911531118,0.6376081871042718,0.4676850060711123,0.6408853977019557,False,1,0.6408853977019557,487
1159_29.png,00566,"single slender palm tree rising from shallow turquoise ocean, water fills foreground around the palm, low sunset reflection behind the tree, shallow turquoise sea, muted colors",1,"[0, 1, 1, 0, 2, 2]",0.8863906860351562,0.5574088096618652,0.02899576909840107,0.17028144085131847,0.6699966995529002,0.8822264494719328,0.11322831281713212,0.8867716871828679,0.9519817033714276,0.8977683334506591,0.8977683334506591,0.5,0.0,0.0,0.49406592459811266,0.708582937476762,0.653898478129997,0.7747117944328018,0.9075755710152066,0.5244726579203255,0.6161508698514442,0.6404755560554535,False,1,0.6404755560554535,488
1159_29.png,00329,"single slender palm tree rising from shallow turquoise ocean, calm reflective water in foreground, low sunset reflection behind the tree, calm turquoise water, soft atmospheric tropical photo",1,"[0, 3, 1, 0, 1, 0]",0.9077504873275757,0.6171736121177673,0.030050771310925484,0.1733515829490042,0.6591754285211959,0.8312417489510996,0.11241763281887167,0.8875823671811284,0.9628021104766192,0.8772730376367136,0.8772730376367136,0.5,0.0,0.0,0.7084764300296046,0.54564359518368,0.6223169955490662,0.7531398409562399,0.6298682509388664,0.5495454752882186,0.7297448112259471,0.640413160394522,False,1,0.640413160394522,489
1159_29.png,00785,"single slender palm tree in calm turquoise water, calm reflective water in foreground, low sunset reflection behind the tree, clear turquoise ocean, natural ocean photograph",1,"[1, 3, 1, 0, 0, 1]",0.895675778388977,0.5956621766090393,0.028232786804437637,0.16802614916862685,0.6697940225613249,0.8832781756365741,0.12025735012201727,0.8797426498779828,0.9680114287431181,0.8989873922423759,0.8989873922423759,0.5,0.0,0.0,0.5872700381245498,0.604291143732986,0.6770978782637995,0.7743077625385612,0.9133041925752633,0.30707766976758794,0.784432863903917,0.6395421402880173,False,1,0.6395421402880173,490
1159_29.png,00124,"single slender palm tree rising from shallow turquoise ocean, water fills foreground around the palm, low sun reflection behind the tree, faint distant land on right horizon, clear turquoise ocean, muted colors",1,"[0, 1, 0, 1, 0, 2]",0.896922767162323,0.5664392709732056,0.02810773067176342,0.1676536032173583,0.6594166787673598,0.8173246030454283,0.11399111228442578,0.8860088877155742,0.9574834839386266,0.869395878858619,0.869395878858619,0.5,0.0,0.0,0.5997873593065305,0.6839628037825428,0.6809301287252529,0.7536207677411996,0.5540632888013304,0.500880695897306,0.6739092271045571,0.6393653174619718,False,1,0.6393653174619718,491
1159_29.png,00781,"single slender palm tree in calm turquoise water, calm reflective water in foreground, low sun reflection behind the tree, shallow turquoise sea, soft atmospheric tropical photo",1,"[1, 3, 0, 0, 2, 0]",0.9025599360466003,0.5695070028305054,0.029057230800390244,0.1704618162533482,0.6265752238214727,0.7788470232928241,0.1151535753071489,0.8848464246928511,0.985068350918393,0.8571910793079474,0.8571910793079474,0.5,0.0,0.0,0.6563734769924445,0.6755991149453081,0.6520430191851083,0.6881520870178682,0.3444806993781939,0.46492788698601484,0.9634984941312673,0.6388927825995528,False,1,0.6388927825995528,492
1159_29.png,00020,"single slender palm tree rising from shallow turquoise ocean, water fills foreground around the palm, low sun reflection behind the tree, faint distant land on right horizon, clear turquoise ocean, soft atmospheric tropical photo",1,"[0, 1, 0, 1, 0, 0]",0.8970786929130554,0.5776685476303101,0.02915567345917225,0.17075032491673992,0.6442604631253901,0.8234970657913774,0.107126397457322,0.892873602542678,0.9576134284590088,0.8746021261878588,0.8746021261878588,0.5,0.0,0.0,0.6013525479787766,0.6533479455758966,0.6490752310380314,0.7234072024630164,0.5876839253832427,0.7131934968939633,0.67527340038258,0.6388065134308907,False,1,0.6388065134308907,493
1159_29.png,00763,"single slender palm tree in calm turquoise water, gentle surf and reflective foreground water, low sun reflection behind the tree, faint distant land on right horizon, clear turquoise ocean, muted colors",1,"[1, 2, 0, 1, 0, 2]",0.8897050619125366,0.5511355996131897,0.02652999944984913,0.16288032247588757,0.6828448760794421,0.8170166015625,0.11217354705638774,0.8878264529436123,0.9562472957216238,0.869646188377714,0.869646188377714,0.5,0.0,0.0,0.5273357569027453,0.7256858588852575,0.7300312054162252,0.8003243371255401,0.5523856430462355,0.5570945917805389,0.6609315738161989,0.6380356829400124,False,1,0.6380356829400124,494
1159_29.png,00874,"solitary slender palm tree in shallow ocean, shallow surf and reflective water in foreground, low sunset reflection behind the tree, clear turquoise ocean, muted colors",1,"[3, 0, 1, 0, 0, 2]",0.9020194411277771,0.6027575135231018,0.02932620979845524,0.17124897021137162,0.6866608986487949,0.8498489945023149,0.11818135741851966,0.8818186425814803,0.9593998204376543,0.8829485365170906,0.8829485365170906,0.5,0.0,0.0,0.6509479682462946,0.5849468226172554,0.6439458405455377,0.8079314898426663,0.7312196022902179,0.37128424452404357,0.6940271592496357,0.637970522033191,False,1,0.637970522033191,495
1159_29.png,00448,"solitary slender palm tree in shallow ocean, shallow surf and reflective water in foreground, low sunset reflection behind the tree, clear turquoise ocean, natural ocean photograph",1,"[3, 0, 1, 0, 0, 1]",0.9171483516693115,0.6476155519485474,0.033646244555711746,0.1834291267920985,0.6213825928221229,0.8702822084780092,0.11497446425842514,0.8850255357415748,0.942681374269325,0.8899222061785204,0.8899222061785204,0.5,0.0,0.0,0.8028125531003419,0.4626484299639374,0.5186528115430052,0.6778006972402032,0.8425167764575507,0.47046745700483544,0.5185148910460862,0.6379306123500791,False,1,0.6379306123500791,496
1159_29.png,00071,"single slender palm tree in calm turquoise water, shallow surf and reflective water in foreground, low sunset reflection behind the tree, calm turquoise water, soft atmospheric tropical photo",1,"[1, 0, 1, 0, 1, 0]",0.8966481685638428,0.5784772038459778,0.029550490900874138,0.17190256222893868,0.6620173918306415,0.8515427200882524,0.11542120029339534,0.8845787997066047,0.9543719763486894,0.8836711992067631,0.8836711992067631,0.5,0.0,0.0,0.5970309280324334,0.6511432714783065,0.6372225670744533,0.7588052290713548,0.7404451148186917,0.45665074629222646,0.6412442444175324,0.637882539432668,False,1,0.637882539432668,497
1159_29.png,00068,"single slender palm tree in calm turquoise water, shallow surf and reflective water in foreground, low sun reflection behind the tree, faint distant land on right horizon, calm turquoise water, soft atmospheric tropical photo",1,"[1, 0, 0, 1, 1, 0]",0.8955754041671753,0.5676645040512085,0.027068020775914192,0.16452361768425283,0.655547828266815,0.8326088234230324,0.1134609736964097,0.8865390263035903,0.9404054799997539,0.873043725746572,0.873043725746572,0.5,0.0,0.0,0.586262477832477,0.6806223983318123,0.713127199885851,0.7459083037652945,0.6373145354922124,0.517276891715042,0.4946222779753464,0.6375083901514595,False,1,0.6375083901514595,498
1159_29.png,00482,"single slender palm tree rising from shallow turquoise ocean, shallow surf and reflective water in foreground, low sun reflection behind the tree, subtle right horizon landform, gentle turquoise water, soft atmospheric tropical photo",1,"[0, 0, 0, 3, 3, 0]",0.9018078446388245,0.574536919593811,0.0306960828602314,0.17520297617401195,0.6468023086244143,0.8178671377676506,0.11413539539631264,0.8858646046036873,0.9521229434656813,0.8685174122998697,0.8685174122998697,0.5,0.0,0.0,0.6488239545664499,0.6618858373048992,0.6032723581916912,0.7284743126655896,0.5570184079295708,0.4964182888792804,0.617633625428975,0.6374289927512635,False,1,0.6374289927512635,499
1159_29.png,00204,"single isolated slender palm tree in shallow turquoise water, gentle surf and reflective foreground water, low sun reflection behind the tree, clear turquoise ocean, soft atmospheric tropical photo",1,"[2, 2, 0, 0, 0, 0]",0.9038233757019043,0.5262318849563599,0.03483372554183006,0.18663795311198111,0.5746199021370031,0.7461316144024884,0.1059336174968008,0.8940663825031991,0.9499283481201147,0.8386681299812624,0.8386681299812624,0.5,0.0,0.0,0.6690559327591117,0.7935819234599294,0.48564473266515973,0.5845803551063836,0.1662839376962387,0.7500839520358219,0.5945944982869443,0.6371380277770337,False,1,0.6371380277770337,500
1159_29.png,00737,"single slender palm tree in calm turquoise water, water fills foreground around the palm, low sun reflection behind the tree, subtle right horizon landform, calm turquoise water, soft atmospheric tropical photo",1,"[1, 1, 0, 3, 1, 0]",0.9158167243003845,0.57817542552948,0.034592825919389725,0.1859914673295249,0.5401026250917772,0.7726061785662616,0.11210778846681449,0.8878922115331855,0.956720604352413,0.8497791752619152,0.8497791752619152,0.5,0.0,0.0,0.7894456264464234,0.6519660226359758,0.4922949067704073,0.5157709617942984,0.3104875946561598,0.5591283820680484,0.6659004250188602,0.6370288070263725,False,1,0.6370288070263725,501
1159_29.png,00013,"single slender palm tree rising from shallow turquoise ocean, shallow surf and reflective water in foreground, low sun reflection behind the tree, hazy island silhouette on right horizon, clear turquoise ocean, soft atmospheric tropical photo",1,"[0, 0, 0, 2, 0, 0]",0.8910230398178101,0.5808020234107971,0.02676374837756157,0.16359629695552882,0.6882903641424235,0.8639724166304976,0.1154591259797796,0.8845408740202204,0.9573098423764947,0.8898388618661,0.8898388618661,0.5,0.0,0.0,0.5405656697164711,0.6448050162632699,0.7226662252824961,0.81117979161029,0.8081481253463029,0.4554777756869255,0.6720863170017092,0.6367855111852359,False,1,0.6367855111852359,502
1159_29.png,00817,"single isolated slender palm tree in shallow turquoise water, shallow surf and reflective water in foreground, low sunset reflection behind the tree, hazy island silhouette on right horizon, calm turquoise water, soft atmospheric tropical photo",1,"[2, 0, 1, 2, 1, 0]",0.8945631980895996,0.5813698768615723,0.02957337349653244,0.1719691062270559,0.6529920143013456,0.8513618751808449,0.10476607676045234,0.8952339232395476,0.9378934450720429,0.8840234059796305,0.8840234059796305,0.5,0.0,0.0,0.5761019143645549,0.6432568530637608,0.63653805213979,0.7408133477479909,0.7394600751092782,0.7861938051404456,0.4682506317392083,0.6363617021233209,False,1,0.6363617021233209,503
1159_29.png,00296,"single slender palm tree rising from shallow turquoise ocean, water fills foreground around the palm, soft pale sunset haze, faint distant land on right horizon, calm turquoise water, soft atmospheric tropical photo",1,"[0, 1, 2, 1, 1, 0]",0.8986465930938721,0.6130991578102112,0.027791103348135948,0.16670663858447854,0.6874617676073269,0.8700951470269098,0.11428335914955169,0.8857166408504483,0.9530141535686724,0.8921464711735009,0.8921464711735009,0.5,0.0,0.0,0.6170911901895697,0.5567519545824461,0.6906712241229525,0.8095280035852441,0.8414978760081273,0.4918420465025226,0.6269896567878102,0.6360724511756722,False,1,0.6360724511756722,504
1159_29.png,00463,"single slender palm tree rising from shallow turquoise ocean, shallow surf and reflective water in foreground, low sun reflection behind the tree, calm turquoise water, realistic tropical seascape photo",1,"[0, 0, 0, 0, 1, 5]",0.8981411457061768,0.5646948218345642,0.029292769730091095,0.17115130653924643,0.6555446143337413,0.815121120876736,0.11509156672384974,0.8849084332761503,0.9517650932538841,0.8668754746919606,0.8668754746919606,0.5,0.0,0.0,0.6120174899064477,0.6887187702315858,0.6449504727292846,0.745901896864059,0.5420611955919472,0.4668456965873846,0.6138768706613811,0.6355516439188208,False,1,0.6355516439188208,505
1159_29.png,00399,"single slender palm tree in calm turquoise water, gentle surf and reflective foreground water, low sunset reflection behind the tree, calm turquoise water, soft atmospheric tropical photo",1,"[1, 2, 1, 0, 1, 0]",0.8938823938369751,0.5910757780075073,0.028849367052316666,0.16985101428109478,0.7043438063740868,0.8518258553964121,0.11070089831969848,0.8892991016803016,0.9564843977520515,0.8858732000669013,0.8858732000669013,0.5,0.0,0.0,0.5692679751388686,0.6167952388009641,0.658326126361698,0.8431819573397602,0.7419873176137418,0.602640865157579,0.6634206995840508,0.635324582237333,False,1,0.635324582237333,506
1159_29.png,00107,"single slender palm tree rising from shallow turquoise ocean, shallow surf and reflective water in foreground, low sunset reflection behind the tree, hazy island silhouette on right horizon, clear turquoise ocean, natural ocean photograph",1,"[0, 0, 1, 2, 0, 1]",0.9227758049964905,0.6584953665733337,0.03232898190617561,0.17980261929731617,0.6318962002482583,0.8543983742042824,0.12293887318298531,0.8770611268170146,0.9468703317031659,0.8808247291185154,0.8808247291185154,0.5,0.0,0.0,0.8593011456510969,0.43298632507299617,0.555957431209442,0.6987593304361512,0.7559995074801457,0.22414317265440364,0.5624910723980531,0.6353015338009634,False,1,0.6353015338009634,507
1159_29.png,00403,"single slender palm tree in calm turquoise water, calm reflective water in foreground, low sun reflection behind the tree, calm turquoise water, soft atmospheric tropical photo",1,"[1, 3, 0, 0, 1, 0]",0.9100759625434875,0.589184045791626,0.03150354325771332,0.17749237521007294,0.5998760897612189,0.7970699734157985,0.12197226974022911,0.8780277302597709,0.9847293071355638,0.862937055055142,0.862937055055142,0.5,0.0,0.0,0.7318196395279544,0.6219527494156403,0.5797221075916746,0.6349279808916234,0.4437388413470417,0.25403841077475675,0.9599391715276288,0.6352069346157708,False,1,0.6352069346157708,508
1159_29.png,00951,"single slender palm tree rising from shallow turquoise ocean, shallow surf and reflective water in foreground, low sunset reflection behind the tree, faint distant land on right horizon, clear turquoise ocean, realistic tropical seascape photo",1,"[0, 0, 1, 1, 0, 5]",0.9211202263832092,0.6613133549690247,0.030916014686226845,0.17582950459529495,0.6384930866157125,0.8574563485604746,0.12257198245410933,0.8774280175458906,0.9483914290481188,0.8826334488028991,0.8826334488028991,0.5,0.0,0.0,0.8426823839690217,0.42530352253847414,0.5968274785106751,0.7119100708059242,0.7726559133165061,0.235490417262411,0.5784597361412671,0.635190563333808,False,1,0.635190563333808,509
1159_29.png,00405,"single slender palm tree in calm turquoise water, calm reflective water in foreground, low sunset reflection behind the tree, clear turquoise ocean, soft atmospheric tropical photo",1,"[1, 3, 1, 0, 0, 0]",0.8964394330978394,0.6063694357872009,0.02929726429283619,0.1711644364137486,0.663835428244711,0.8614445439091435,0.11133949322128887,0.8886605067787111,0.9741467323621488,0.8935105686040932,0.8935105686040932,0.5,0.0,0.0,0.594935633410795,0.575099484151437,0.6448154102827639,0.7624294426067242,0.7943791171581605,0.5828903182414069,0.8488420227127904,0.6348761744067322,False,1,0.6348761744067322,510
1159_29.png,00764,"single slender palm tree in calm turquoise water, gentle surf and reflective foreground water, low sun reflection behind the tree, faint distant land on right horizon, calm turquoise water, natural ocean photograph",1,"[1, 2, 0, 1, 1, 1]",0.8941411972045898,0.555152952671051,0.02806745655834675,0.16753344907315298,0.664958389536589,0.8253755922670717,0.11803053965037906,0.881969460349621,0.9481344375846285,0.8697352151594753,0.8697352151594753,0.5,0.0,0.0,0.5718658532791181,0.7147331770707394,0.6821661125629741,0.7646680399649642,0.5979160253647724,0.3759487562481979,0.5757618087015997,0.63388475013292,False,1,0.63388475013292,511
1159_29.png,00404,"single slender palm tree in calm turquoise water, calm reflective water in foreground, low sun reflection behind the tree, faint distant land on right horizon, clear turquoise ocean, soft atmospheric tropical photo",1,"[1, 3, 0, 1, 0, 0]",0.9009155631065369,0.5633629560470581,0.029635455459356308,0.17214951483915458,0.6208381983538014,0.7924821641710068,0.11402623436148228,0.8859737656385177,0.9605884058241873,0.8588254730152718,0.8588254730152718,0.5,0.0,0.0,0.6398671982883442,0.6923498930082239,0.6346822515744875,0.6767154594609143,0.41874961521886306,0.4997944356891998,0.7065050722711927,0.6338026672798315,False,1,0.6338026672798315,512
1159_29.png,00119,"single slender palm tree rising from shallow turquoise ocean, shallow surf and reflective water in foreground, golden reflection behind the palm, clear turquoise ocean, soft atmospheric tropical photo",1,"[0, 0, 4, 0, 0, 0]",0.9089555740356445,0.5662928223609924,0.036077577620744705,0.18994098457348457,0.5626616137102805,0.772787023473669,0.1112289865678026,0.8887710134321974,0.9791510425170872,0.8546542237678376,0.8546542237678376,0.5,0.0,0.0,0.7205731366716047,0.6843620729104103,0.4516675983024311,0.5607417837551268,0.3114726343655733,0.5863080825216965,0.9013778754615431,0.63373264710957,False,1,0.63373264710957,513
1159_29.png,00179,"single slender palm tree in calm turquoise water, water fills foreground around the palm, low sun reflection behind the tree, faint distant land on right horizon, calm turquoise water, soft atmospheric tropical photo",1,"[1, 1, 0, 1, 1, 0]",0.9133769273757935,0.5831548571586609,0.032540079206228256,0.18038868924139412,0.561993408508403,0.7929845739293983,0.11575348358957654,0.8842465164104234,0.9457371489341456,0.8554767687987066,0.8554767687987066,0.5,0.0,0.0,0.7649548512472447,0.6383903847803873,0.5499287337937566,0.5594097321425698,0.4214861786615781,0.4463738449039695,0.5505947827502331,0.6336236564437105,False,1,0.6336236564437105,514
1159_29.png,00297,"single slender palm tree rising from shallow turquoise ocean, water fills foreground around the palm, soft pale sunset haze, hazy island silhouette on right horizon, clear turquoise ocean, soft atmospheric tropical photo",1,"[0, 1, 2, 2, 0, 0]",0.9052296280860901,0.6191891431808472,0.0305612962692976,0.17481789459119337,0.6623790820689739,0.8751921477141203,0.12052803797221348,0.8794719620277865,0.9514138628683969,0.8919344257547589,0.8919344257547589,0.5,0.0,0.0,0.6831719481812459,0.5401485664662034,0.6072335583293622,0.7595262501946013,0.8692606045681217,0.2987058004156351,0.6101896116303565,0.633384817067116,False,1,0.633384817067116,515
1159_29.png,00633,"single slender palm tree rising from shallow turquoise ocean, gentle surf and reflective foreground water, golden reflection behind the palm, clear turquoise ocean, soft atmospheric tropical photo",1,"[0, 2, 4, 0, 0, 0]",0.9136050939559937,0.5837329626083374,0.037352483719587326,0.1932679065949319,0.5755678900219863,0.7764242666739004,0.11549799071407589,0.8845020092859242,0.9885453070718034,0.8566756846676894,0.8566756846676894,0.5,0.0,0.0,0.7672451961392013,0.6368142711169005,0.41744471006945505,0.5864701470255849,0.33128424552114755,0.4542757620845758,1.0,0.633099100992523,False,1,0.633099100992523,516
1159_29.png,00004,"single slender palm tree rising from shallow turquoise ocean, shallow surf and reflective water in foreground, low sun reflection behind the tree, faint distant land on right horizon, clear turquoise ocean, soft atmospheric tropical photo",1,"[0, 0, 0, 1, 0, 0]",0.8968837857246399,0.5869572758674622,0.028778234496712685,0.1696414881351631,0.6565863564325632,0.842926025390625,0.11445663140820339,0.8855433685917966,0.9584991939561843,0.8809567292241469,0.8809567292241469,0.5,0.0,0.0,0.599396062138469,0.6280236876932157,0.66048144885735,0.7479785856397604,0.6935110509142401,0.4864830593492452,0.6845722736116142,0.6322112376661685,False,1,0.6322112376661685,517
1159_29.png,00307,"single slender palm tree rising from shallow turquoise ocean, gentle surf and reflective foreground water, low sun reflection behind the tree, faint distant land on right horizon, calm turquoise water, natural ocean photograph",1,"[0, 2, 0, 1, 1, 1]",0.9004720449447632,0.5962567925453186,0.02944117784500122,0.17158431701353483,0.641751830055321,0.8481326633029513,0.11377714811048871,0.8862228518895113,0.948941603413144,0.881626017330286,0.881626017330286,0.5,0.0,0.0,0.635415145952647,0.6026700168222793,0.6404962447763154,0.7184063004692722,0.7218709597980668,0.5074982079463387,0.5842355331107218,0.632077001289329,False,1,0.632077001289329,518
1159_29.png,00230,"single slender palm tree rising from shallow turquoise ocean, shallow surf and reflective water in foreground, low sun reflection behind the tree, very soft distant coastline, calm turquoise water, soft atmospheric tropical photo",1,"[0, 0, 0, 4, 1, 0]",0.9017548561096191,0.5807816982269287,0.03133303299546242,0.17701139227592788,0.6593430850021057,0.8070910418475116,0.11355327960946889,0.8864467203905311,0.9616514671246998,0.865777614393006,0.865777614393006,0.5,0.0,0.0,0.6482920536759198,0.6448604296831327,0.584669811532765,0.7534740602725876,0.49832235424490573,0.5144220423230796,0.7176652182688411,0.6318990558587851,False,1,0.6318990558587851,519
1159_29.png,00281,"single slender palm tree rising from shallow turquoise ocean, water fills foreground around the palm, low sun reflection behind the tree, very soft distant coastline, clear turquoise ocean, soft atmospheric tropical photo",1,"[0, 1, 0, 4, 0, 0]",0.8998844623565674,0.5829742550849915,0.030564965680241585,0.17482838922852773,0.6230792261268043,0.8287523057725693,0.11165103177123677,0.8883489682287632,0.9563698597047067,0.8751346484186646,0.8751346484186646,0.5,0.0,0.0,0.6295169693735176,0.638882767953948,0.6071256036498645,0.6811828964853882,0.6163085636889732,0.5732550130868903,0.6622182653217579,0.6315270440562203,False,1,0.6315270440562203,520
1159_29.png,00664,"single slender palm tree rising from shallow turquoise ocean, soft reflective turquoise foreground water, low sun reflection behind the tree, clear turquoise ocean, natural ocean photograph",1,"[0, 5, 0, 0, 0, 1]",0.898834228515625,0.5565633177757263,0.032863419502973557,0.18128270602286792,0.6375272930040227,0.790297896773727,0.10784020465289265,0.8921597953471073,0.9542553126979484,0.8587410444592544,0.8587410444592544,0.5,0.0,0.0,0.6189746817569363,0.7108880382414349,0.5407322945043643,0.7099847835824276,0.4068521824786071,0.6911167742798182,0.6400194953139192,0.6313631303564419,False,1,0.6313631303564419,521
1159_29.png,00849,"single isolated slender palm tree in shallow turquoise water, gentle surf and reflective foreground water, low sun reflection behind the tree, clear turquoise ocean, muted colors",1,"[2, 2, 0, 0, 0, 2]",0.8996549844741821,0.5162488222122192,0.03198086842894554,0.17883195583828285,0.6219524822006816,0.7426803023726851,0.11194887601744781,0.8880511239825521,0.9387836856631654,0.8327807665942346,0.8327807665942346,0.5,0.0,0.0,0.6272134615798832,0.8207991752663094,0.5659423081786594,0.6789367585332837,0.14748507049190415,0.5640432471553865,0.47759648504528723,0.6309811791214339,False,1,0.6309811791214339,522
1159_29.png,00854,"single isolated slender palm tree in shallow turquoise water, gentle surf and reflective foreground water, low sun reflection behind the tree, hazy island silhouette on right horizon, clear turquoise ocean, soft atmospheric tropical photo",1,"[2, 2, 0, 2, 0, 0]",0.8894448280334473,0.5734984874725342,0.027804100885987282,0.1667456172916916,0.6822959549721459,0.8428084762008101,0.10820572708802034,0.8917942729119797,0.9498837966310871,0.8813685691357749,0.8813685691357749,0.5,0.0,0.0,0.5247235192333926,0.6647169593015244,0.6902702637361988,0.7992300755961685,0.6928707751031212,0.6798118484404131,0.5941267913713404,0.6309005505872793,False,1,0.6309005505872793,523
1159_29.png,00520,"single slender palm tree rising from shallow turquoise ocean, shallow surf and reflective water in foreground, soft pale sunset haze, hazy island silhouette on right horizon, shallow turquoise sea, soft atmospheric tropical photo",1,"[0, 0, 2, 2, 2, 0]",0.9092823266983032,0.6393990516662598,0.029841436073184013,0.17274673968901413,0.6580390698350416,0.8762896502459491,0.12360657071460017,0.8763934292853999,0.9579606981362636,0.8926601824878198,0.8926601824878198,0.5,0.0,0.0,0.7238530924442551,0.48504942682048524,0.6285388075277263,0.7508745362024277,0.8752385643046237,0.2034925357778395,0.6789190794199521,0.6306515838792653,False,1,0.6306515838792653,524
1159_29.png,00236,"single slender palm tree rising from shallow turquoise ocean, shallow surf and reflective water in foreground, low sunset reflection behind the tree, soft teal ocean water, soft atmospheric tropical photo",1,"[0, 0, 1, 0, 4, 0]",0.9199650883674622,0.6448972225189209,0.03383795917034149,0.18395096947377443,0.6159142313929244,0.8592354103370949,0.12225900942908634,0.8777409905709137,0.9399258197868948,0.8818504453088915,0.8818504453088915,0.5,0.0,0.0,0.8310870642182074,0.47005952798816464,0.5132847976084849,0.666899645229022,0.7823462414578591,0.24517008805029178,0.48958674709656363,0.6305210476273947,False,1,0.6305210476273947,525
1159_29.png,00158,"single slender palm tree in calm turquoise water, shallow surf and reflective water in foreground, low sun reflection behind the tree, gentle turquoise water, soft atmospheric tropical photo",1,"[1, 0, 0, 0, 3, 0]",0.8939749598503113,0.5416102409362793,0.030606253072619438,0.17494642915081016,0.6000066312292974,0.7919599745008682,0.108605226246503,0.891394773753497,0.9622187786662633,0.8608139150723674,0.8608139150723674,0.5,0.0,0.0,0.5701971563345866,0.7516552524771911,0.6059113680767856,0.6351882122884623,0.41590531305793366,0.6674560860424792,0.7236209233885232,0.6305189221005514,False,1,0.6305189221005514,526
1159_29.png,00494,"single slender palm tree rising from shallow turquoise ocean, shallow surf and reflective water in foreground, low sunset reflection behind the tree, faint distant land on right horizon, clear turquoise ocean, warm tropical sunset photo",1,"[0, 0, 1, 1, 0, 4]",0.9254180788993835,0.6832312345504761,0.03262302652001381,0.18061845564618753,0.6505708684856953,0.8327981454354747,0.11434563090343053,0.8856543690965695,0.9492713569417808,0.874592466018119,0.874592466018119,0.5,0.0,0.0,0.8858243925320876,0.3655478680946104,0.5475652068038704,0.735986849572115,0.6383457489380052,0.4899160975269304,0.5876973255031749,0.6299349378363431,False,1,0.6299349378363431,527
1159_29.png,00038,"single slender palm tree rising from shallow turquoise ocean, shallow surf and reflective water in foreground, low sun reflection behind the tree, subtle right horizon landform, clear turquoise ocean, soft atmospheric tropical photo",1,"[0, 0, 0, 3, 0, 0]",0.8977351188659668,0.576441764831543,0.02974056452512741,0.17245452886232768,0.6519301580671117,0.8184695773654513,0.11256428031185994,0.8874357196881401,0.954310204461326,0.8697758525975673,0.8697758525975673,0.5,0.0,0.0,0.6079417768959964,0.6566925760967632,0.6315446785393366,0.7386965619086401,0.5602998214615527,0.5450099423812206,0.6405957556792122,0.629259481058062,False,1,0.629259481058062,528
1159_29.png,00930,"single slender palm tree rising from shallow turquoise ocean, shallow surf and reflective water in foreground, low sun reflection behind the tree, hazy island silhouette on right horizon, shallow turquoise sea, soft hazy tropical photo",1,"[0, 0, 0, 2, 2, 3]",0.88773113489151,0.5759141445159912,0.02628112956881523,0.16211455693063234,0.6953020380413844,0.8561791314019098,0.11530335026910367,0.8846966497308963,0.9577477098798001,0.8864739785126332,0.8864739785126332,0.5,0.0,0.0,0.5075214016815008,0.6581310499754296,0.737908368902171,0.8251574013289688,0.7656990703687749,0.4602956273084189,0.6766831029651874,0.6287950423780919,False,1,0.6287950423780919,529
1159_29.png,00177,"single slender palm tree in calm turquoise water, water fills foreground around the palm, low sun reflection behind the tree, shallow turquoise sea, soft atmospheric tropical photo",1,"[1, 1, 0, 0, 2, 0]",0.8931176662445068,0.543332576751709,0.030250534415245056,0.1739268076382852,0.6044369753147569,0.7613977502893517,0.10303227923535489,0.8969677207646451,0.9789117299024162,0.8523500358783174,0.8523500358783174,0.5,0.0,0.0,0.561591610205796,0.7469595745289372,0.6163998594926138,0.6440200007370362,0.249436680416179,0.8398169225146926,0.8988655427131683,0.6285853749085937,False,1,0.6285853749085937,530
1159_29.png,00858,"single isolated slender palm tree in shallow turquoise water, gentle surf and reflective foreground water, soft pale sunset haze, clear turquoise ocean, soft atmospheric tropical photo",1,"[2, 2, 2, 0, 0, 0]",0.9074569940567017,0.5873321294784546,0.03139844164252281,0.17719605425212723,0.6168348916830128,0.8273208053023726,0.11828702251150906,0.881712977488491,0.930532732125439,0.8670004509321273,0.8670004509321273,0.5,0.0,0.0,0.705530333308603,0.6270017082283565,0.5827702580921943,0.6687349602199613,0.6085113587391491,0.36801622066213896,0.3909769777257752,0.6285625608489098,False,1,0.6285625608489098,531
1159_29.png,00875,"solitary slender palm tree in shallow ocean, shallow surf and reflective water in foreground, low sunset reflection behind the tree, calm turquoise water, natural ocean photograph",1,"[3, 0, 1, 0, 1, 1]",0.9150816798210144,0.6500756144523621,0.03306279331445694,0.18183177201594045,0.636338972085456,0.8556705050998263,0.11386946353633307,0.8861305364636669,0.9443361137215136,0.884064637801508,0.884064637801508,0.5,0.0,0.0,0.7820672217422416,0.4559414561281717,0.535084243846034,0.7076158933203279,0.7629286461860493,0.5046430643417066,0.5358865457809442,0.628134181286111,False,1,0.628134181286111,532
1159_29.png,00939,"single slender palm tree rising from shallow turquoise ocean, shallow surf and reflective water in foreground, low sun reflection behind the tree, very soft distant coastline, clear turquoise ocean, soft hazy tropical photo",1,"[0, 0, 0, 4, 0, 3]",0.9004530906677246,0.5778484344482422,0.031506139785051346,0.17749968953508438,0.6440617089703998,0.8201785617404513,0.11651571362658181,0.8834842863734182,0.9595937115436483,0.8702185953226291,0.8702185953226291,0.5,0.0,0.0,0.63522488219203,0.6528575124347065,0.579646867677498,0.7230109906527621,0.5696084467155081,0.4227994942956391,0.6960626515109898,0.6278865206752902,False,1,0.6278865206752902,533
1159_29.png,00957,"single slender palm tree rising from shallow turquoise ocean, shallow surf and reflective water in foreground, low sunset reflection behind the tree, hazy island silhouette on right horizon, clear turquoise ocean, warm tropical sunset photo",1,"[0, 0, 1, 2, 0, 4]",0.9198948740959167,0.6733774542808533,0.03364963084459305,0.18343835707014236,0.6562243903923902,0.8415233470775463,0.11234546833156711,0.8876545316684329,0.9566500531404399,0.8806946028969354,0.8806946028969354,0.5,0.0,0.0,0.8303822506647265,0.3924126515500157,0.5185578628872153,0.7472570147119247,0.6858708366681033,0.5517773880213763,0.665159769869857,0.6276137436526797,False,1,0.6276137436526797,534
1159_29.png,00925,"single slender palm tree rising from shallow turquoise ocean, shallow surf and reflective water in foreground, low sun reflection behind the tree, faint distant land on right horizon, gentle turquoise water, soft hazy tropical photo",1,"[0, 0, 0, 1, 3, 3]",0.8990235924720764,0.5832706689834595,0.029520537704229355,0.1718154175393738,0.6568605956136284,0.8143050582320602,0.11294526803846369,0.8870547319615363,0.9552971063272802,0.8679658536564209,0.8679658536564209,0.5,0.0,0.0,0.6208755244219691,0.6380746420390578,0.6381189941478416,0.748525275103323,0.5376162039032203,0.5332267039776054,0.6509563707294351,0.6272990407175844,False,1,0.6272990407175844,535
1159_29.png,00155,"single slender palm tree in calm turquoise water, shallow surf and reflective water in foreground, low sun reflection behind the tree, clear turquoise ocean, soft hazy tropical photo",1,"[1, 0, 0, 0, 0, 3]",0.9030736088752747,0.5687825679779053,0.032332632690668106,0.17981277121124659,0.5864644525948587,0.7935791015625,0.1049962852451019,0.8950037147548981,0.934931017217639,0.8573480993108672,0.8573480993108672,0.5,0.0,0.0,0.6615297445679098,0.6775741727312674,0.5558530020062471,0.6081921924477695,0.4247244967062737,0.7790738869180376,0.43715070613124446,0.6270979678636321,False,1,0.6270979678636321,536
1159_29.png,00985,"single slender palm tree rising from shallow turquoise ocean, shallow surf and reflective water in foreground, soft pale sunset haze, hazy island silhouette on right horizon, gentle turquoise water, soft atmospheric tropical photo",1,"[0, 0, 2, 2, 3, 0]",0.9070194959640503,0.6456714868545532,0.029610836878418922,0.17207799649699237,0.6589789671534518,0.8738753707320601,0.11642829219092359,0.8835717078090765,0.9544432271911497,0.8933826600008337,0.8933826600008337,0.5,0.0,0.0,0.7011387106578818,0.4679486179470579,0.6354179358540247,0.7527481997643225,0.862088284183956,0.4255032759295768,0.6419922443719366,0.6270761957222577,False,1,0.6270761957222577,537
1159_29.png,00992,"single slender palm tree rising from shallow turquoise ocean, shallow surf and reflective water in foreground, warm sun glow behind the tree, clear turquoise ocean, warm tropical sunset photo",1,"[0, 0, 3, 0, 0, 4]",0.8969796299934387,0.6210640072822571,0.028566274791955948,0.16901560517288322,0.7397926598912714,0.8613699453848379,0.11370542873273014,0.8862945712672698,0.9544150470280411,0.8887025847723298,0.8887025847723298,0.5,0.0,0.0,0.6003581505883817,0.5350370441149324,0.6669196889263825,0.9138484267988226,0.7939727882780273,0.5097163542730482,0.6416964056142116,0.627043952354317,False,1,0.627043952354317,538
1159_29.png,00432,"single isolated slender palm tree in shallow turquoise water, water fills foreground around the palm, low sun reflection behind the tree, hazy island silhouette on right horizon, clear turquoise ocean, soft atmospheric tropical photo",1,"[2, 1, 0, 2, 0, 0]",0.8961090445518494,0.5745211243629456,0.030999692156910896,0.176067294398792,0.6237224299136658,0.8409502947771991,0.10953984440431346,0.8904601555956866,0.9406823597970911,0.8782251590676482,0.8782251590676482,0.5,0.0,0.0,0.5916191805016741,0.6619289005197486,0.5943814176124755,0.6824651083554607,0.6827494920889,0.6385500930122089,0.49752899554713004,0.6270406607166749,False,1,0.6270406607166749,539
1159_29.png,00499,"single slender palm tree rising from shallow turquoise ocean, shallow surf and reflective water in foreground, low sunset reflection behind the tree, hazy island silhouette on right horizon, clear turquoise ocean, soft hazy tropical photo",1,"[0, 0, 1, 2, 0, 3]",0.9111555218696594,0.6583287715911865,0.02953202649950981,0.1718488478271234,0.6684865650909102,0.8694107620804399,0.11882564463086419,0.8811743553691358,0.9545414289780079,0.8905541531109971,0.8905541531109971,0.5,0.0,0.0,0.7426562974911509,0.4334405201126339,0.6377751084198697,0.7717013763163016,0.8377701163578162,0.3513576450738941,0.6430231785974968,0.6267370379978706,False,1,0.6267370379978706,540
1159_29.png,00953,"single slender palm tree rising from shallow turquoise ocean, shallow surf and reflective water in foreground, low sunset reflection behind the tree, faint distant land on right horizon, shallow turquoise sea, soft hazy tropical photo",1,"[0, 0, 1, 1, 2, 3]",0.9164628982543945,0.6573103070259094,0.031109126284718513,0.1763777941939362,0.6401303031004646,0.8516246654369213,0.11873802576427556,0.8812619742357244,0.9512751170678201,0.8819278138426822,0.8819278138426822,0.5,0.0,0.0,0.7959319454050704,0.4362172037055815,0.5911874143514797,0.7151738239950511,0.7408914609370192,0.3540675328775546,0.608733041449266,0.6265475996903306,False,1,0.6265475996903306,541
1159_29.png,00787,"single slender palm tree in calm turquoise water, calm reflective water in foreground, low sunset reflection behind the tree, faint distant land on right horizon, clear turquoise ocean, soft atmospheric tropical photo",1,"[1, 3, 1, 1, 0, 0]",0.884314239025116,0.5648439526557922,0.027507133781909943,0.16585274728478255,0.6489027977459783,0.8498552110460068,0.10461820597192394,0.895381794028076,0.9531790963006908,0.8864542921406678,0.8864542921406678,0.5,0.0,0.0,0.47322246979114063,0.6883121884823288,0.6994549065550082,0.7326615891394573,0.7312534630302279,0.7907671722924348,0.6287212455209233,0.6264477341685231,False,1,0.6264477341685231,542
1159_29.png,00289,"single slender palm tree rising from shallow turquoise ocean, water fills foreground around the palm, low sunset reflection behind the tree, hazy island silhouette on right horizon, clear turquoise ocean, natural ocean photograph",1,"[0, 1, 1, 2, 0, 1]",0.8970170617103577,0.6074428558349609,0.028826620429754257,0.16978404056257543,0.6692122196216094,0.8787169279875578,0.11538703956793149,0.8846129604320685,0.940668986434121,0.8931709510324493,0.8931709510324493,0.5,0.0,0.0,0.6007338915999147,0.572172973071353,0.6590150616804877,0.773147951836907,0.888459644154405,0.4577072736921211,0.4973886003665753,0.6263970330535437,False,1,0.6263970330535437,543
1159_29.png,00085,"single slender palm tree rising from shallow turquoise ocean, shallow surf and reflective water in foreground, low sun reflection behind the tree, clear turquoise ocean, warm tropical sunset photo",1,"[0, 0, 0, 0, 0, 4]",0.8996196389198303,0.6326628923416138,0.029864883050322533,0.17281459154342996,0.6868438975969846,0.8721098723234953,0.10928314473127063,0.8907168552687293,0.9545346382362069,0.8951072695368695,0.8951072695368695,0.5,0.0,0.0,0.6268586615482923,0.5034145066808109,0.6278408391307806,0.808296294012624,0.8524718340208091,0.6464893341855568,0.6429518885694477,0.6263690916786792,False,1,0.6263690916786792,544
1159_29.png,00796,"single isolated slender palm tree in shallow turquoise water, shallow surf and reflective water in foreground, low sun reflection behind the tree, shallow turquoise sea, muted colors",1,"[2, 0, 0, 0, 2, 2]",0.9010195732116699,0.5533638596534729,0.03240537643432617,0.18001493392028944,0.5891066810776339,0.7811838785807291,0.10483933654114401,0.895160663458856,0.9330351501441689,0.8514460076007615,0.8514460076007615,0.5,0.0,0.0,0.6409112557168876,0.7196108580402435,0.5537734246215509,0.6134594138063214,0.35720925937326853,0.7839280170296815,0.417247664489282,0.6262823206971252,False,1,0.6262823206971252,545
1159_29.png,00699,"single slender palm tree in calm turquoise water, shallow surf and reflective water in foreground, low sunset reflection behind the tree, hazy island silhouette on right horizon, calm turquoise water, natural ocean photograph",1,"[1, 0, 1, 2, 1, 1]",0.8931386470794678,0.5998616814613342,0.02983389049768448,0.1727248983142977,0.6702606834130725,0.8701946117259838,0.10982505981188387,0.8901749401881162,0.9522990453440529,0.8936086134113439,0.8936086134113439,0.5,0.0,0.0,0.5618022166326425,0.592841853674771,0.6287634821431687,0.7752380401513977,0.842039647848304,0.6297289134594046,0.6194823642290229,0.625810009732437,False,1,0.625810009732437,546
1159_29.png,00276,"single slender palm tree rising from shallow turquoise ocean, water fills foreground around the palm, low sun reflection behind the tree, hazy island silhouette on right horizon, clear turquoise ocean, muted colors",1,"[0, 1, 0, 2, 0, 2]",0.883221447467804,0.5630044937133789,0.02695775032043457,0.1641881552379299,0.6804157014318886,0.8521315963179976,0.10986143746418324,0.8901385625358168,0.9572733450366788,0.8864623842379706,0.8864623842379706,0.5,0.0,0.0,0.4622529861837397,0.6933271842312583,0.7165779852462715,0.7954818336589934,0.743652650372468,0.6286038206554232,0.6717031635178272,0.625687571896202,False,1,0.625687571896202,547
1159_29.png,00283,"single slender palm tree rising from shallow turquoise ocean, water fills foreground around the palm, low sunset reflection behind the tree, calm turquoise water, muted colors",1,"[0, 1, 1, 0, 1, 2]",0.8881506323814392,0.5648888945579529,0.030925670638680458,0.17585696073422985,0.6508971774403006,0.8707348858868634,0.11211915239371092,0.887880847606289,0.9468905443617902,0.8919671041836478,0.8919671041836478,0.5,0.0,0.0,0.5117323335910071,0.68818966144838,0.5965450467710609,0.7366373389247157,0.8449824539801762,0.5587769170457595,0.5627032673308748,0.6255267810502786,False,1,0.6255267810502786,548
1159_29.png,00467,"single slender palm tree rising from shallow turquoise ocean, shallow surf and reflective water in foreground, low sun reflection behind the tree, bright turquoise tropical water, natural ocean photograph",1,"[0, 0, 0, 0, 5, 1]",0.8991729617118835,0.5648744106292725,0.03135264664888382,0.17706678584331909,0.6139336676350344,0.7994848180700233,0.10831915903285484,0.8916808409671452,0.942998178552048,0.8604560981804208,0.8604560981804208,0.5,0.0,0.0,0.6223748985858257,0.6882291496038835,0.5840999971958392,0.6629514371934416,0.4568921997168019,0.6763036103654357,0.5218407406900953,0.625331433215793,False,1,0.625331433215793,549
1159_29.png,00159,"single slender palm tree in calm turquoise water, shallow surf and reflective water in foreground, low sun reflection behind the tree, faint distant land on right horizon, clear turquoise ocean, muted colors",1,"[1, 0, 0, 1, 0, 2]",0.8943566679954529,0.5679397583007812,0.027656586840748787,0.1663026964325858,0.6731249724709862,0.8133556224681713,0.11803994477793348,0.8819600552220666,0.9587432078207077,0.8664446910025418,0.8664446910025418,0.5,0.0,0.0,0.5740287573502839,0.6798719608745505,0.69482643636649,0.7809479341296294,0.5324447454288003,0.37565787322900424,0.6871339606490575,0.6252781233044856,False,1,0.6252781233044856,550
1159_29.png,00195,"single isolated slender palm tree in shallow turquoise water, shallow surf and reflective water in foreground, low sun reflection behind the tree, hazy island silhouette on right horizon, clear turquoise ocean, soft atmospheric tropical photo",1,"[2, 0, 0, 2, 0, 0]",0.889453113079071,0.5792258977890015,0.02815479226410389,0.16779389817303814,0.6732418257444551,0.8487407543041088,0.10920584745693687,0.8907941525430632,0.949571116809457,0.8836255161888126,0.8836255161888126,0.5,0.0,0.0,0.5248066848394485,0.6491020750944465,0.6794869633739375,0.7811808784271587,0.7251831558209691,0.6488799944295078,0.5908442408183029,0.6249523153634076,False,1,0.6249523153634076,551
1159_29.png,00719,"single slender palm tree in calm turquoise water, shallow surf and reflective water in foreground, warm sun glow behind the tree, hazy island silhouette on right horizon, clear turquoise ocean, soft atmospheric tropical photo",1,"[1, 0, 3, 2, 0, 0]",0.888444721698761,0.5691782236099243,0.027653297409415245,0.1662928062467383,0.6880597601420744,0.8363427056206598,0.11312863329590399,0.886871366704096,0.9575023898346838,0.8782596738426673,0.8782596738426673,0.5,0.0,0.0,0.514684413449135,0.6764954798249652,0.6949281732640429,0.8107200878700855,0.6576525272425052,0.5275555592333404,0.6741077034860353,0.6248225824291405,False,1,0.6248225824291405,552
1159_29.png,00683,"single slender palm tree in calm turquoise water, shallow surf and reflective water in foreground, low sun reflection behind the tree, subtle right horizon landform, clear turquoise ocean, muted colors",1,"[1, 0, 0, 3, 0, 2]",0.8946371078491211,0.5599570274353027,0.029027201235294342,0.17037371051689384,0.6482050419719463,0.8077239990234375,0.11219763421798219,0.8878023657820178,0.9436127771059306,0.8629291830054392,0.8629291830054392,0.5,0.0,0.0,0.576843823368219,0.7016356221513277,0.6529493322131634,0.7312706291448947,0.5017699932278522,0.5563496208858995,0.5282928705794684,0.624522665401481,False,1,0.624522665401481,553
1159_29.png,00104,"single slender palm tree rising from shallow turquoise ocean, shallow surf and reflective water in foreground, low sunset reflection behind the tree, faint distant land on right horizon, clear turquoise ocean, muted colors",1,"[0, 0, 1, 1, 0, 2]",0.9134100079536438,0.6495614647865295,0.032281991094350815,0.1796718984547968,0.6142456664231237,0.8648794668692129,0.11616958555622045,0.8838304144437795,0.9484433520972849,0.8882250755659257,0.8882250755659257,0.5,0.0,0.0,0.7652869153577557,0.457343204397193,0.5573021109928638,0.6635733995601255,0.813088715138829,0.4335045886765187,0.579004830586016,0.6242300026246524,False,1,0.6242300026246524,554
1159_29.png,00336,"single slender palm tree rising from shallow turquoise ocean, soft reflective turquoise foreground water, low sun reflection behind the tree, clear turquoise ocean, soft atmospheric tropical photo",1,"[0, 5, 0, 0, 0, 0]",0.9094623327255249,0.5900047421455383,0.03833146393299103,0.1957842279985572,0.5838377791787335,0.7978707772714121,0.10747181858452705,0.892528181415473,0.9606104221978391,0.8635487977071187,0.8635487977071187,0.5,0.0,0.0,0.7256599998564047,0.6197152497731462,0.3915601881000912,0.6029559797547536,0.4481007203102881,0.7025102669437886,0.7067362028223425,0.6237554983615199,False,1,0.6237554983615199,555
1159_29.png,00738,"single slender palm tree in calm turquoise water, water fills foreground around the palm, low sun reflection behind the tree, very soft distant coastline, clear turquoise ocean, soft atmospheric tropical photo",1,"[1, 1, 0, 4, 0, 0]",0.8922431468963623,0.5490245223045349,0.02994239144027233,0.17303869925618467,0.6138211225662398,0.7906539351851851,0.10901915617340473,0.8909808438265953,0.9676576218725615,0.8611690905471541,0.8611690905471541,0.5,0.0,0.0,0.5528131514140546,0.7314413794268985,0.6255355211352551,0.6627270812022701,0.4087914794065135,0.654654006945201,0.7807185566212814,0.6237132796772528,False,1,0.6237132796772528,556
1159_29.png,00983,"single slender palm tree rising from shallow turquoise ocean, shallow surf and reflective water in foreground, soft pale sunset haze, hazy island silhouette on right horizon, calm turquoise water, muted colors",1,"[0, 0, 2, 2, 1, 2]",0.9075062274932861,0.6515724062919617,0.029875900596380234,0.17284646538584536,0.6529691614358779,0.872373792860243,0.1164852559077459,0.8835147440922541,0.9600882983096944,0.8938160268813371,0.8938160268813371,0.5,0.0,0.0,0.7060245404352373,0.4518606883874272,0.6275129640139292,0.7407677910893294,0.8539093763467337,0.42374149462061506,0.7012548831489196,0.6237083838809417,False,1,0.6237083838809417,557
1159_29.png,00560,"single slender palm tree rising from shallow turquoise ocean, water fills foreground around the palm, low sun reflection behind the tree, subtle right horizon landform, shallow turquoise sea, soft atmospheric tropical photo",1,"[0, 1, 0, 3, 2, 0]",0.8899194002151489,0.559796154499054,0.02942451275885105,0.1715357477578684,0.6367002698689811,0.8290642632378472,0.1092357600695453,0.8907642399304547,0.9510900077069968,0.8750644039740897,0.8750644039740897,0.5,0.0,0.0,0.5294872930133712,0.7020742169320011,0.6409958597950971,0.7083361320939945,0.6180077571877118,0.647954853221464,0.6067897410099375,0.6237044516995406,False,1,0.6237044516995406,558
1159_29.png,00306,"single slender palm tree rising from shallow turquoise ocean, gentle surf and reflective foreground water, low sun reflection behind the tree, faint distant land on right horizon, clear turquoise ocean, muted colors",1,"[0, 2, 0, 1, 0, 2]",0.8930419683456421,0.5749799609184265,0.029222551733255386,0.17094604918878759,0.6599975528525328,0.8347902651186342,0.11473693811129639,0.8852630618887036,0.9585537490194154,0.8772084407683147,0.8772084407683147,0.5,0.0,0.0,0.560831751790753,0.6606779547540489,0.6470618836125172,0.7547787267928101,0.6491965769870096,0.4778136968526654,0.6851449992580806,0.6236988452815345,False,1,0.6236988452815345,559
1159_29.png,00556,"single slender palm tree rising from shallow turquoise ocean, water fills foreground around the palm, low sun reflection behind the tree, hazy island silhouette on right horizon, shallow turquoise sea, natural ocean photograph",1,"[0, 1, 0, 2, 2, 1]",0.8922500610351562,0.5902014374732971,0.02831965871155262,0.16828445772427297,0.6729141549083952,0.8576445402922452,0.11495444273287377,0.8850455572671262,0.9571582465791674,0.887137637490838,0.887137637490838,0.5,0.0,0.0,0.55288255580472,0.6191789908712484,0.6744407481079046,0.7805276741953822,0.7736809702641132,0.4710866853744179,0.6704948460018829,0.6236254704139668,False,1,0.6236254704139668,560
1159_29.png,00941,"single slender palm tree rising from shallow turquoise ocean, shallow surf and reflective water in foreground, low sun reflection behind the tree, very soft distant coastline, shallow turquoise sea, natural ocean photograph",1,"[0, 0, 0, 4, 2, 1]",0.89662766456604,0.5784897804260254,0.030947215855121613,0.1759182078555873,0.6344780577002435,0.8468571415653935,0.11643197572224866,0.8835680242777514,0.9497150341297651,0.880277529027593,0.880277529027593,0.5,0.0,0.0,0.5968251081152879,0.6511089834091246,0.5959150189629865,0.7039062035413679,0.7149233515976113,0.42538935118938265,0.5923551022384803,0.6234640032543367,False,1,0.6234640032543367,561
1159_29.png,00629,"single slender palm tree rising from shallow turquoise ocean, gentle surf and reflective foreground water, soft pale sunset haze, hazy island silhouette on right horizon, clear turquoise ocean, soft atmospheric tropical photo",1,"[0, 2, 2, 2, 0, 0]",0.8988494277000427,0.6285591125488281,0.029107490554451942,0.17060917488356817,0.678066341329348,0.876797146267361,0.11739416178647485,0.8826058382135251,0.9677106173610533,0.8970128826672569,0.8970128826672569,0.5,0.0,0.0,0.6191272517536575,0.5146028174067689,0.6505271922737254,0.7907984386416047,0.8780028319891644,0.3956307343318759,0.7812749096636695,0.6232534931191405,False,1,0.6232534931191405,562
1159_29.png,00136,"single slender palm tree rising from shallow turquoise ocean, water fills foreground around the palm, soft pale sunset haze, clear turquoise ocean, natural ocean photograph",1,"[0, 1, 2, 0, 0, 1]",0.9078966975212097,0.6265265941619873,0.029237421229481697,0.17098953543852236,0.6318827826308487,0.8386716489438658,0.11510257538246434,0.8848974246175356,0.9447362267863714,0.8760635859981514,0.8760635859981514,0.5,0.0,0.0,0.7099440935666916,0.5201441593930459,0.6466145557055959,0.698732582726231,0.6703379917502931,0.4665052193491352,0.5400869810871923,0.6232434612877178,False,1,0.6232434612877178,563
1159_29.png,00274,"single slender palm tree rising from shallow turquoise ocean, water fills foreground around the palm, low sun reflection behind the tree, faint distant land on right horizon, shallow turquoise sea, natural ocean photograph",1,"[0, 1, 0, 1, 2, 1]",0.8943798542022705,0.5849378705024719,0.02912416309118271,0.17065802967098473,0.6536105678995898,0.8257796676070601,0.10980415872686056,0.8901958412731394,0.9590410110787673,0.8749775970845293,0.8749775970845293,0.5,0.0,0.0,0.5742615013844979,0.6335292790860328,0.6500246400892664,0.7420464200372804,0.6001169734654926,0.6303753449597551,0.6902603352399849,0.6228135800779296,False,1,0.6228135800779296,564
1159_29.png,00740,"single slender palm tree in calm turquoise water, water fills foreground around the palm, low sunset reflection behind the tree, calm turquoise water, muted colors",1,"[1, 1, 1, 0, 1, 2]",0.9005486965179443,0.6303249597549438,0.031413864344358444,0.1772395676601544,0.6342667429196436,0.8705280445240162,0.10893881624890776,0.8910611837510922,0.9642565173993313,0.8964603378285558,0.8964603378285558,0.5,0.0,0.0,0.6361845773870922,0.5097885124893073,0.5823226508173771,0.7034849524145219,0.8438558148125349,0.6571387706726706,0.7450133508573216,0.6223548672343575,False,1,0.6223548672343575,565
1159_29.png,00562,"single slender palm tree rising from shallow turquoise ocean, water fills foreground around the palm, low sun reflection behind the tree, very soft distant coastline, calm turquoise water, soft atmospheric tropical photo",1,"[0, 1, 0, 4, 1, 0]",0.9012587070465088,0.5788680911064148,0.031539108604192734,0.17759253532790373,0.6048160493662187,0.8383421721281828,0.12110440145838708,0.8788955985416129,0.9520805016399734,0.8752835372752414,0.8752835372752414,0.5,0.0,0.0,0.6433116903319683,0.6500775787878079,0.5786917953403422,0.6447756760896217,0.6685433725297052,0.28087995488180867,0.6171880660138421,0.6221009058827333,False,1,0.6221009058827333,566
1159_29.png,00375,"single slender palm tree in calm turquoise water, water fills foreground around the palm, low sun reflection behind the tree, gentle turquoise water, soft atmospheric tropical photo",1,"[1, 1, 0, 0, 3, 0]",0.9063568115234375,0.5587093830108643,0.03421585261821747,0.1849752756943951,0.5517469785475384,0.7326326723451967,0.10851603650041833,0.8914839634995817,0.9863486178317065,0.8389738133465333,0.8389738133465333,0.5,0.0,0.0,0.6944866588008357,0.705037128616335,0.5027481162319274,0.5389837110431048,0.09275687988672038,0.6702145582133356,0.9769388909001536,0.6219665138203035,False,1,0.6219665138203035,567
1159_29.png,00217,"single slender palm tree rising from shallow turquoise ocean, shallow surf and reflective water in foreground, low sun reflection behind the tree, faint distant land on right horizon, clear turquoise ocean, warm tropical sunset photo",1,"[0, 0, 0, 1, 0, 4]",0.9139904975891113,0.6765114665031433,0.03256005421280861,0.1804440473188534,0.6386085757392613,0.8613682499638311,0.10859401346078652,0.8914059865392134,0.9594413620725317,0.891496080186955,0.891496080186955,0.5,0.0,0.0,0.7711138926050818,0.3838682597131112,0.5493592845294011,0.7121402957021443,0.7939635535307523,0.6678028765505191,0.6944632683526478,0.6218717478881725,False,1,0.6218717478881725,568
1159_29.png,00901,"single delicate palm tree in calm turquoise sea, shallow surf and reflective water in foreground, low sun reflection behind the tree, shallow turquoise sea, soft atmospheric tropical photo",1,"[4, 0, 0, 0, 2, 0]",0.896477997303009,0.5879232883453369,0.029225703328847885,0.17095526704038072,0.6404196568915617,0.8308602792245371,0.11253320415890167,0.8874667958410983,0.9546465691934386,0.8754298180341139,0.8754298180341139,0.5,0.0,0.0,0.5953227423828681,0.6253900064741075,0.6469670627832983,0.7157506440840707,0.6277904328018228,0.5459710697178903,0.6441269532846812,0.6215482627269088,False,1,0.6215482627269088,569
1159_29.png,00546,"single slender palm tree rising from shallow turquoise ocean, water fills foreground around the palm, low sun reflection behind the tree, gentle turquoise water, muted colors",1,"[0, 1, 0, 0, 3, 2]",0.8950290679931641,0.5561983585357666,0.030511312186717987,0.17467487565966086,0.6140879588744983,0.7867137767650463,0.10733241344125213,0.8926675865587479,0.9551207467014594,0.8574790041801245,0.8574790041801245,0.5,0.0,0.0,0.5807783343424892,0.7118830422585014,0.6087047442716487,0.663259013210141,0.3873299267376718,0.7068218075084718,0.6491049260655187,0.6211257226624077,False,1,0.6211257226624077,570
1159_29.png,00056,"single slender palm tree rising from shallow turquoise ocean, water fills foreground around the palm, low sunset reflection behind the tree, calm turquoise water, soft atmospheric tropical photo",1,"[0, 1, 1, 0, 1, 0]",0.8962083458900452,0.5836874842643738,0.032573431730270386,0.18048111183797153,0.6333702997223498,0.8521157723885994,0.11362966445254968,0.8863703355474504,0.9523214657331115,0.8841460081630996,0.8841460081630996,0.5,0.0,0.0,0.5926159711469196,0.6369382606751273,0.5489780147289636,0.7016979136378622,0.7435664593978938,0.5120596018726588,0.6197177361827362,0.6209172138431691,False,1,0.6209172138431691,571
1159_29.png,00542,"single slender palm tree rising from shallow turquoise ocean, shallow surf and reflective water in foreground, muted sunset reflection behind the tree, faint distant land on right horizon, clear turquoise ocean, soft atmospheric tropical photo",1,"[0, 0, 5, 1, 0, 0]",0.9196733236312866,0.6654921770095825,0.031053604558110237,0.17622032958234482,0.6458264968978918,0.842558119032118,0.12332994205359513,0.8766700579464048,0.9522084052158795,0.8764273548888708,0.8764273548888708,0.5,0.0,0.0,0.8281583185948722,0.41391062091630726,0.5928071979738192,0.7265290545619201,0.691507110755402,0.2120481433060694,0.6185308132101185,0.6207293384211787,False,1,0.6207293384211787,572
1159_29.png,00952,"single slender palm tree rising from shallow turquoise ocean, shallow surf and reflective water in foreground, low sunset reflection behind the tree, faint distant land on right horizon, calm turquoise water, warm tropical sunset photo",1,"[0, 0, 1, 1, 1, 4]",0.9181445240974426,0.6721469163894653,0.03307998180389404,0.18187903068769098,0.6573740328245276,0.8419099030671297,0.11412155960826204,0.8858784403917379,0.9524739473442261,0.8794116999861618,0.8794116999861618,0.5,0.0,0.0,0.8128121701795659,0.3957675197408277,0.5345981103475836,0.7495488003060651,0.6879763590469744,0.4968462039477139,0.6213185065627461,0.6201230316166676,False,1,0.6201230316166676,573
1159_29.png,00285,"single slender palm tree rising from shallow turquoise ocean, water fills foreground around the palm, low sunset reflection behind the tree, gentle turquoise water, soft atmospheric tropical photo",1,"[0, 1, 1, 0, 3, 0]",0.8941535949707031,0.5784597992897034,0.03225145861506462,0.17958691103492097,0.6299357004399387,0.8489515516493057,0.11067215169877143,0.8893278483012286,0.9478286956995315,0.8828586842875239,0.8828586842875239,0.5,0.0,0.0,0.5719903025313456,0.6511907222659896,0.5581763469842305,0.6948511194199064,0.7263313427322549,0.603529944421892,0.5725520934446973,0.6196880455972554,False,1,0.6196880455972554,574
1159_29.png,00816,"single isolated slender palm tree in shallow turquoise water, shallow surf and reflective water in foreground, low sunset reflection behind the tree, hazy island silhouette on right horizon, clear turquoise ocean, natural ocean photograph",1,"[2, 0, 1, 2, 0, 1]",0.9056861996650696,0.6259839534759521,0.03260023891925812,0.18055536247715856,0.6313958693434242,0.8991947880497685,0.12321631557508404,0.8767836844249159,0.9347464304101265,0.8984612302531417,0.8984612302531417,0.5,0.0,0.0,0.6877550312200095,0.5216235839514936,0.5482142242614553,0.6977619323513656,1.0,0.21556239794412482,0.4352128915197197,0.619152798372501,False,1,0.619152798372501,575
1159_29.png,00580,"single slender palm tree rising from shallow turquoise ocean, water fills foreground around the palm, soft pale sunset haze, calm turquoise water, muted colors",1,"[0, 1, 2, 0, 1, 2]",0.8917438983917236,0.5971755385398865,0.028720829635858536,0.16947220903693483,0.6803998006195703,0.8648534704137733,0.11458672758695988,0.8854132724130401,0.9544471840461974,0.8899681438400016,0.8899681438400016,0.5,0.0,0.0,0.5478016757570463,0.600165200242324,0.6622227639893246,0.7954501357574655,0.8129471156806016,0.4824594276607599,0.6420337839143909,0.6191299802404905,False,1,0.6191299802404905,576
1159_29.png,00903,"single delicate palm tree in calm turquoise sea, shallow surf and reflective water in foreground, low sun reflection behind the tree, faint distant land on right horizon, calm turquoise water, soft atmospheric tropical photo",1,"[4, 0, 0, 1, 1, 0]",0.8981127738952637,0.5900246500968933,0.030506540089845657,0.17466121518484193,0.6397709855876017,0.8305228904441551,0.11530941604997695,0.8846905839500231,0.9596202804201651,0.8753010611664108,0.8753010611664108,0.5,0.0,0.0,0.6117326925792347,0.6196609738721663,0.6088452648188464,0.7144575328451407,0.6259527180939483,0.4601080240415872,0.6963415747873604,0.6191233455701147,False,1,0.6191233455701147,577
1159_29.png,00540,"single slender palm tree rising from shallow turquoise ocean, shallow surf and reflective water in foreground, muted sunset reflection behind the tree, clear turquoise ocean, natural ocean photograph",1,"[0, 0, 5, 0, 0, 1]",0.9226135015487671,0.6640451550483704,0.033623285591602325,0.18336653345581447,0.5948909581670946,0.85638427734375,0.12256463860426364,0.8774353613957364,0.939077360249901,0.8802907733431754,0.8802907733431754,0.5,0.0,0.0,0.8576719374115992,0.41785569890460184,0.5192966873952097,0.6249902363782553,0.7668164747891402,0.23571754881414045,0.48067951634572836,0.6189205968666643,False,1,0.6189205968666643,578
1159_29.png,00684,"single slender palm tree in calm turquoise water, shallow surf and reflective water in foreground, low sun reflection behind the tree, subtle right horizon landform, calm turquoise water, natural ocean photograph",1,"[1, 0, 0, 3, 1, 1]",0.9004587531089783,0.5744419097900391,0.031262706965208054,0.17681263236886682,0.6228658207668087,0.81427001953125,0.11427443130790212,0.8857255686920978,0.9359470100107619,0.8636148598334491,0.8636148598334491,0.5,0.0,0.0,0.6352817219947301,0.6621448666047857,0.5867143854785012,0.6807574778368777,0.5374253524595213,0.4921181679606173,0.4478167212503555,0.6186581412038462,False,1,0.6186581412038462,579
1159_29.png,00904,"single delicate palm tree in calm turquoise sea, shallow surf and reflective water in foreground, low sun reflection behind the tree, hazy island silhouette on right horizon, clear turquoise ocean, soft atmospheric tropical photo",1,"[4, 0, 0, 2, 0, 0]",0.8882091641426086,0.5823644995689392,0.02779541164636612,0.16671955987935586,0.690732212159618,0.8419551142939815,0.11336177808263789,0.8866382219173621,0.9635318876906932,0.881909556641507,0.881909556641507,0.5,0.0,0.0,0.5123198776568121,0.6405451705498311,0.6905383072623945,0.8160475591460467,0.6882226189743278,0.5203448266747467,0.7374061006086907,0.618143466091963,False,1,0.618143466091963,580
1159_29.png,00025,"single slender palm tree in calm turquoise water, shallow surf and reflective water in foreground, low sun reflection behind the tree, faint distant land on right horizon, clear turquoise ocean, soft atmospheric tropical photo",1,"[1, 0, 0, 1, 0, 0]",0.896613597869873,0.5803027153015137,0.02803605981171131,0.167439719934403,0.6584221056100061,0.8192619041160301,0.11830742863770245,0.8816925713622975,0.9498489021782883,0.8672300372646753,0.8672300372646753,0.5,0.0,0.0,0.5966839060791066,0.6461663013606026,0.683130271572093,0.7516381091591706,0.5646155266884196,0.367385097313428,0.5937604651890638,0.6181015652402118,False,1,0.6181015652402118,581
1159_29.png,00090,"single slender palm tree rising from shallow turquoise ocean, shallow surf and reflective water in foreground, low sun reflection behind the tree, faint distant land on right horizon, clear turquoise ocean, soft hazy tropical photo",1,"[0, 0, 0, 1, 0, 3]",0.8949505090713501,0.5898900032043457,0.029589680954813957,0.1720165136107983,0.6507084950174478,0.8295451976634839,0.11131441299587415,0.8886855870041258,0.9582884266778509,0.875992979735582,0.875992979735582,0.5,0.0,0.0,0.5799897568692397,0.62002806746592,0.6360503888928684,0.7362612048794912,0.6206273471649333,0.5836660027441918,0.6823596132536516,0.6180450187671633,False,1,0.6180450187671633,582
1159_29.png,00577,"single slender palm tree rising from shallow turquoise ocean, water fills foreground around the palm, low sunset reflection behind the tree, subtle right horizon landform, calm turquoise water, soft atmospheric tropical photo",1,"[0, 1, 1, 3, 1, 0]",0.89142906665802,0.5873976349830627,0.03119378350675106,0.1766176194685883,0.6562829033405856,0.8673095703125,0.1124418457709133,0.8875581542290867,0.9503216725588743,0.8909989951325802,0.8909989951325802,0.5,0.0,0.0,0.5446413827269224,0.6268231177637549,0.5887204152703617,0.74737365892059,0.8263251862340703,0.5487966139301222,0.5987236657760475,0.6176449837855779,False,1,0.6176449837855779,583
1159_29.png,00877,"solitary slender palm tree in shallow ocean, shallow surf and reflective water in foreground, low sunset reflection behind the tree, faint distant land on right horizon, clear turquoise ocean, natural ocean photograph",1,"[3, 0, 1, 1, 0, 1]",0.914975643157959,0.6600537896156311,0.03198210522532463,0.178835413789676,0.6340507228156746,0.8597768147786459,0.11920695725257523,0.8807930427474248,0.9476973743685393,0.884716606485697,0.884716606485697,0.5,0.0,0.0,0.7810028216474688,0.4287375295429904,0.5659067374369108,0.7030543213343866,0.7852952040879152,0.33956435827176706,0.5711734662425102,0.6174989626046797,False,1,0.6174989626046797,584
1159_29.png,00537,"single slender palm tree rising from shallow turquoise ocean, shallow surf and reflective water in foreground, golden reflection behind the palm, faint distant land on right horizon, clear turquoise ocean, natural ocean photograph",1,"[0, 0, 4, 1, 0, 1]",0.8932594060897827,0.565326988697052,0.031517453491687775,0.17753155632643955,0.6226590056280079,0.7925725866247108,0.1064514893305773,0.8935485106694228,0.9715478693950981,0.8637092165944374,0.8637092165944374,0.5,0.0,0.0,0.5630144002144356,0.6869952666214258,0.5793190650924476,0.6803451966418693,0.419242135073571,0.7340671440029197,0.8215588452269932,0.6171805014657773,False,1,0.6171805014657773,585
1159_29.png,00086,"single slender palm tree rising from shallow turquoise ocean, shallow surf and reflective water in foreground, low sun reflection behind the tree, calm turquoise water, soft hazy tropical photo",1,"[0, 0, 0, 0, 1, 3]",0.8978475332260132,0.5718736052513123,0.029717061668634415,0.17238637321039738,0.6268598289122835,0.8096839057074652,0.11373745380106784,0.8862625461989322,0.9395211861191102,0.8624538859618076,0.8624538859618076,0.5,0.0,0.0,0.6090701965580209,0.6691469453392926,0.6322457719955161,0.6887194406827174,0.5124453610786182,0.508725878757003,0.48533885395450005,0.6171200134787898,False,1,0.6171200134787898,586
1159_29.png,00011,"single slender palm tree rising from shallow turquoise ocean, shallow surf and reflective water in foreground, low sun reflection behind the tree, faint distant land on right horizon, clear turquoise ocean, natural ocean photograph",1,"[0, 0, 0, 1, 0, 1]",0.9016949534416199,0.6006777286529541,0.03199544921517372,0.17887271791744463,0.6154271416394661,0.845956873010706,0.1172849726615949,0.8827150273384051,0.955151975264134,0.8806612474760863,0.8806612474760863,0.5,0.0,0.0,0.6476907483947243,0.5906170292426854,0.5655230028657291,0.6659286430732005,0.7100197007941883,0.399007749914536,0.6494327672902692,0.6170560262182553,False,1,0.6170560262182553,587
1159_29.png,00501,"single slender palm tree rising from shallow turquoise ocean, shallow surf and reflective water in foreground, low sunset reflection behind the tree, hazy island silhouette on right horizon, shallow turquoise sea, natural ocean photograph",1,"[0, 0, 1, 2, 2, 1]",0.9191177487373352,0.6543619632720947,0.03278335556387901,0.18106174516964926,0.6330674077967527,0.8403455946180557,0.12333118804014155,0.8766688119598585,0.9454104743819296,0.8740716966404615,0.8740716966404615,0.5,0.0,0.0,0.8225814364794264,0.444255399639634,0.5430052418517373,0.7010941055908902,0.6794557655605501,0.21200960727065793,0.5471653138243213,0.6169804727442955,False,1,0.6169804727442955,588
1159_29.png,00879,"solitary slender palm tree in shallow ocean, shallow surf and reflective water in foreground, low sunset reflection behind the tree, hazy island silhouette on right horizon, clear turquoise ocean, soft atmospheric tropical photo",1,"[3, 0, 1, 2, 0, 0]",0.9015438556671143,0.6253952383995056,0.031060244888067245,0.17623916956246488,0.6815580070583456,0.8357193558304399,0.11172427000400324,0.8882757299959968,0.9632514606559226,0.8796205077534813,0.8796205077534813,0.5,0.0,0.0,0.6461740231332014,0.5232286230951434,0.5926133976593532,0.7977589935007301,0.6542572184941211,0.5709898914131852,0.7344621437096684,0.6165609440233422,False,1,0.6165609440233422,589
1159_29.png,00666,"single slender palm tree rising from shallow turquoise ocean, soft reflective turquoise foreground water, low sun reflection behind the tree, faint distant land on right horizon, clear turquoise ocean, soft atmospheric tropical photo",1,"[0, 5, 0, 1, 0, 0]",0.8956765532493591,0.5867258310317993,0.031268052756786346,0.176827748831416,0.6620916771453813,0.8149967900028935,0.10999750626918067,0.8900024937308193,0.9595392563830062,0.87015727958369,0.87015727958369,0.5,0.0,0.0,0.5872778162028139,0.6286546856677822,0.5865588876925707,0.7589533151278693,0.5413839807917258,0.6243954667987961,0.6954909746539752,0.6154069877861322,False,1,0.6154069877861322,590
1159_29.png,00927,"single slender palm tree rising from shallow turquoise ocean, shallow surf and reflective water in foreground, low sun reflection behind the tree, faint distant land on right horizon, bright turquoise tropical water, natural ocean photograph",1,"[0, 0, 0, 1, 5, 1]",0.896285355091095,0.5895742774009705,0.03005237504839897,0.17335620856605907,0.6451616318870413,0.8205696388527199,0.11136963555606734,0.8886303644439326,0.9563480905970967,0.8715465831585197,0.8715465831585197,0.5,0.0,0.0,0.5933889924636405,0.6208888442548146,0.6222694134372955,0.7252036615429078,0.5717385950871149,0.581958072155942,0.6619897305993964,0.6152961113708575,False,1,0.6152961113708575,591
1159_29.png,00016,"single slender palm tree rising from shallow turquoise ocean, shallow surf and reflective water in foreground, low sunset reflection behind the tree, faint distant land on right horizon, clear turquoise ocean, soft atmospheric tropical photo",1,"[0, 0, 1, 1, 0, 0]",0.9223530292510986,0.671254575252533,0.03486694395542145,0.18672692348834286,0.588725346694611,0.8610093858506945,0.1182167550502754,0.8817832449497246,0.9349319928008937,0.883064757925395,0.883064757925395,0.5,0.0,0.0,0.855057306487396,0.3982003476257706,0.48472952538748837,0.6126992325350565,0.7920088653573853,0.37018946192403823,0.43716094792214516,0.6149451885302515,False,1,0.6149451885302515,592
1159_29.png,00395,"single slender palm tree in calm turquoise water, gentle surf and reflective foreground water, low sun reflection behind the tree, faint distant land on right horizon, clear turquoise ocean, natural ocean photograph",1,"[1, 2, 0, 1, 0, 1]",0.8913595676422119,0.5675891637802124,0.028416696935892105,0.16857252722757676,0.667588015885747,0.8104869701244214,0.11355689647298853,0.8864431035270115,0.9512333138001284,0.8652208855504693,0.8652208855504693,0.5,0.0,0.0,0.5439437489379931,0.6808278017415089,0.6714774774477146,0.7699101392616717,0.5168195530382326,0.5143101794935224,0.6082941856933536,0.6144908102229267,False,1,0.6144908102229267,593
1159_29.png,00841,"single isolated slender palm tree in shallow turquoise water, water fills foreground around the palm, low sunset reflection behind the tree, shallow turquoise sea, soft atmospheric tropical photo",1,"[2, 1, 1, 0, 2, 0]",0.88205486536026,0.5703354477882385,0.0298638716340065,0.17281166521391575,0.6588192381397597,0.8615264892578125,0.10520681332522533,0.8947931866747747,0.9555727524738753,0.8919790859969619,0.8919790859969619,0.5,0.0,0.0,0.4505427902001,0.6733404899521331,0.627870941263398,0.7524297836704895,0.7948254632764885,0.7725626468293774,0.6538501372866484,0.6144846020014718,False,1,0.6144846020014718,594
1159_29.png,00914,"single slender tropical palm tree in shallow water, shallow surf and reflective water in foreground, low sun reflection behind the tree, clear turquoise ocean, natural ocean photograph",1,"[5, 0, 0, 0, 0, 1]",0.896859884262085,0.5663647651672363,0.032777443528175354,0.18104541841255015,0.5792597620038029,0.8213681821469908,0.10776286191856302,0.892237138081437,0.9325395190105095,0.8684065840967506,0.8684065840967506,0.5,0.0,0.0,0.5991561383397034,0.6841659321544737,0.5431731895162175,0.5938298084183953,0.5760881610539931,0.6935088405164873,0.4120444689539422,0.6137917255857762,False,1,0.6137917255857762,595
1159_29.png,00479,"single slender palm tree rising from shallow turquoise ocean, shallow surf and reflective water in foreground, low sun reflection behind the tree, subtle right horizon landform, clear turquoise ocean, soft hazy tropical photo",1,"[0, 0, 0, 3, 0, 3]",0.8963152766227722,0.5784202814102173,0.030490722507238388,0.17461592856105193,0.6491859047257273,0.8070644802517362,0.11347277252512779,0.8865272274748722,0.9554715114591736,0.8645578480213214,0.8645578480213214,0.5,0.0,0.0,0.5936893459473819,0.6512984615544618,0.609311112546693,0.7332259563545602,0.49817767653758593,0.5169119759921459,0.6527872968799139,0.6136261854146692,False,1,0.6136261854146692,596
1159_29.png,00272,"single slender palm tree rising from shallow turquoise ocean, water fills foreground around the palm, low sun reflection behind the tree, faint distant land on right horizon, clear turquoise ocean, soft hazy tropical photo",1,"[0, 1, 0, 1, 0, 3]",0.8964012861251831,0.588316023349762,0.030775340273976326,0.17542901776495337,0.6285392561558459,0.8276485866970485,0.11268825128736469,0.8873117487126353,0.9568740110148793,0.87437577826607,0.87437577826607,0.5,0.0,0.0,0.5945527126347103,0.624319276199985,0.6009471470647328,0.6920673400430842,0.6102967432124606,0.5411757517826857,0.6675109066997478,0.6135897378119627,False,1,0.6135897378119627,597
1159_29.png,00441,"single isolated slender palm tree in shallow turquoise water, calm reflective water in foreground, low sun reflection behind the tree, clear turquoise ocean, soft atmospheric tropical photo",1,"[2, 3, 0, 0, 0, 0]",0.9078344702720642,0.5407533049583435,0.037394922226667404,0.19337766734208842,0.5419966381239409,0.715603298611111,0.10861630925836821,0.8913836907416318,0.963861642080083,0.8267781045505878,0.8267781045505878,0.5,0.0,0.0,0.7093194540507035,0.7539915537597924,0.41631563948767103,0.5195466329602949,0.0,0.667113309197143,0.7408679020374329,0.6135517566321221,False,1,0.6135517566321221,598
1159_29.png,00476,"single slender palm tree rising from shallow turquoise ocean, shallow surf and reflective water in foreground, low sun reflection behind the tree, hazy island silhouette on right horizon, shallow turquoise sea, muted colors",1,"[0, 0, 0, 2, 2, 2]",0.8806420564651489,0.5734773278236389,0.026320170611143112,0.16223492414133003,0.6972493989441497,0.8630806251808448,0.11469352816764562,0.8853064718323543,0.9635551187189343,0.890954570216491,0.890954570216491,0.5,0.0,0.0,0.4363609602695762,0.6647746477591527,0.7366701933236434,0.8290394202409297,0.8032906482792586,0.4791562852863756,0.7376499827505023,0.6135452656905126,False,1,0.6135452656905126,599
1159_29.png,00561,"single slender palm tree rising from shallow turquoise ocean, water fills foreground around the palm, low sun reflection behind the tree, very soft distant coastline, clear turquoise ocean, natural ocean photograph",1,"[0, 1, 0, 4, 0, 1]",0.8973211050033569,0.5715804100036621,0.03133530914783478,0.1770178215543135,0.6154859217891416,0.8181564896195024,0.1171485876010545,0.8828514123989455,0.9526714759392451,0.867702709856256,0.867702709856256,0.5,0.0,0.0,0.6037858898480523,0.6699462961085154,0.5846036757850104,0.6660458199418355,0.5585944714646315,0.40322588496409356,0.6233921856234543,0.6133856086596999,False,1,0.6133856086596999,600
1159_29.png,00862,"single isolated slender palm tree in shallow turquoise water, calm reflective water in foreground, low sunset reflection behind the tree, clear turquoise ocean, soft atmospheric tropical photo",1,"[2, 3, 1, 0, 0, 0]",0.8995636105537415,0.604377031326294,0.02982635423541069,0.1727030811404669,0.6307879078290076,0.8336125126591436,0.11837900332616977,0.8816209966738302,0.9682528901441789,0.8773435575612909,0.8773435575612909,0.5,0.0,0.0,0.6262962466584179,0.5805314618222662,0.6289879078125283,0.6965499751361632,0.6427815058794565,0.3651714259561042,0.7869677548714806,0.6133105682245034,False,1,0.6133105682245034,601
1159_29.png,00095,"single slender palm tree rising from shallow turquoise ocean, shallow surf and reflective water in foreground, low sun reflection behind the tree, hazy island silhouette on right horizon, calm turquoise water, natural ocean photograph",1,"[0, 0, 0, 2, 1, 1]",0.8927242159843445,0.5949795842170715,0.028369959443807602,0.1684338429289304,0.6732947887237943,0.8532777009186923,0.11856864598788305,0.8814313540121169,0.9561389250377225,0.8837037243251971,0.8837037243251971,0.5,0.0,0.0,0.55764214138871,0.6061521246252688,0.6729040745310386,0.781286458901295,0.7498953395308757,0.35930613282872803,0.6597938852806263,0.6130849322353897,False,1,0.6130849322353897,602
1159_29.png,00357,"single slender palm tree in calm turquoise water, shallow surf and reflective water in foreground, low sunset reflection behind the tree, faint distant land on right horizon, calm turquoise water, natural ocean photograph",1,"[1, 0, 1, 1, 1, 1]",0.9084200859069824,0.6487593054771423,0.03406383469700813,0.18456390410101356,0.5734914312652335,0.8877535219545717,0.10838235271815262,0.8916176472818473,0.9321269636801391,0.8979806541642317,0.8979806541642317,0.5,0.0,0.0,0.7151978862773161,0.45953016570075067,0.5069797525527548,0.5823307745280811,0.9376808471341499,0.6743491477739364,0.4077134132407667,0.6127280384224356,False,1,0.6127280384224356,603
1159_29.png,00928,"single slender palm tree rising from shallow turquoise ocean, shallow surf and reflective water in foreground, low sun reflection behind the tree, hazy island silhouette on right horizon, clear turquoise ocean, realistic tropical seascape photo",1,"[0, 0, 0, 2, 0, 5]",0.884564220905304,0.5795689821243286,0.02788485772907734,0.16698759753070688,0.6844372862629247,0.8556456389250578,0.11285630631767339,0.8871436936823266,0.9599830765767139,0.887537445620433,0.887537445620433,0.5,0.0,0.0,0.4757317975019206,0.6481667095673789,0.6877810972871439,0.8034987699895767,0.7627932032260052,0.5359781237522332,0.7001502526806461,0.6127131399339251,False,1,0.6127131399339251,604
1159_29.png,00437,"single isolated slender palm tree in shallow turquoise water, gentle surf and reflective foreground water, low sun reflection behind the tree, clear turquoise ocean, natural ocean photograph",1,"[2, 2, 0, 0, 0, 1]",0.8978086709976196,0.52396559715271,0.034345027059316635,0.18532411353981065,0.5886322892296377,0.7376042118778935,0.10826444506459862,0.8917355549354014,0.9448907313180067,0.8330074858360439,0.8330074858360439,0.5,0.0,0.0,0.6086800960173846,0.799760601025977,0.4991597427990282,0.6125137246313022,0.1198362371483102,0.6779958111555175,0.5417089883312876,0.6121498966384862,False,1,0.6121498966384862,605
1159_29.png,00433,"single isolated slender palm tree in shallow turquoise water, water fills foreground around the palm, low sunset reflection behind the tree, clear turquoise ocean, natural ocean photograph",1,"[2, 1, 1, 0, 0, 1]",0.8924576044082642,0.5666484236717224,0.03331591933965683,0.18252648941908906,0.6143929448687553,0.8394052010995369,0.10931154948110837,0.8906884505188917,0.9398402349266661,0.8774413451617369,0.8774413451617369,0.5,0.0,0.0,0.5549658841521057,0.6833925818168581,0.5279379278554011,0.663866995734545,0.6743335590715994,0.6456108283551566,0.4886882668914428,0.6121274200109367,False,1,0.6121274200109367,606
1159_29.png,00604,"single slender palm tree rising from shallow turquoise ocean, gentle surf and reflective foreground water, low sun reflection behind the tree, faint distant land on right horizon, clear turquoise ocean, soft hazy tropical photo",1,"[0, 2, 0, 1, 0, 3]",0.8938086032867432,0.5903760194778442,0.02999277226626873,0.1731842148299571,0.652648653791565,0.8327133743851274,0.1124419617287156,0.8875580382712844,0.9552321583091592,0.8764127635300888,0.8764127635300888,0.5,0.0,0.0,0.5685272627626298,0.6187030204701398,0.624038653103703,0.7401288665145966,0.6378840115742171,0.5487930275719978,0.6502745385866054,0.6113845440756178,False,1,0.6113845440756178,607
1159_29.png,00203,"single isolated slender palm tree in shallow turquoise water, water fills foreground around the palm, low sunset reflection behind the tree, clear turquoise ocean, soft atmospheric tropical photo",1,"[2, 1, 1, 0, 0, 0]",0.8943129181861877,0.5754711627960205,0.03317982703447342,0.18215330640554792,0.6122187790731207,0.8268065275969327,0.10876694322556356,0.8912330567744364,0.9522664513164639,0.8744477975529653,0.8744477975529653,0.5,0.0,0.0,0.5735895950852118,0.6593387700235824,0.5317767315545955,0.6595328465152573,0.6057101520655046,0.6624544820927424,0.6191401881885928,0.6111646395308032,False,1,0.6111646395308032,608
1159_29.png,00932,"single slender palm tree rising from shallow turquoise ocean, shallow surf and reflective water in foreground, low sun reflection behind the tree, hazy island silhouette on right horizon, soft teal ocean water, natural ocean photograph",1,"[0, 0, 0, 2, 4, 1]",0.8923081159591675,0.593738317489624,0.026374926790595055,0.16240359229584503,0.684283852903563,0.8491301359953703,0.1200098744628671,0.879990125537133,0.9435616608328764,0.8788174373024884,0.8788174373024884,0.5,0.0,0.0,0.5534653133608238,0.6095362433016388,0.7349351627568861,0.8031929041370159,0.7273040694452996,0.3147316294288424,0.5277562457678365,0.611092225692054,False,1,0.611092225692054,609
1159_29.png,00054,"single slender palm tree rising from shallow turquoise ocean, water fills foreground around the palm, low sun reflection behind the tree, hazy island silhouette on right horizon, clear turquoise ocean, soft atmospheric tropical photo",1,"[0, 1, 0, 2, 0, 0]",0.8822280764579773,0.5758950710296631,0.027200115844607353,0.16492457622988563,0.6821018575196875,0.8582933213975693,0.11194472467088583,0.8880552753291142,0.957123729901288,0.8884760869743538,0.8884760869743538,0.5,0.0,0.0,0.45228148984900957,0.6581830508386439,0.7090026789608677,0.7988431468146896,0.7772148002216334,0.5641716405466195,0.6701324857463627,0.6110015549186509,False,1,0.6110015549186509,610
1159_29.png,00074,"single slender palm tree in calm turquoise water, water fills foreground around the palm, low sun reflection behind the tree, clear turquoise ocean, natural ocean photograph",1,"[1, 1, 0, 0, 0, 1]",0.8906933665275574,0.5312128067016602,0.03205764293670654,0.17904648261472925,0.6056988451834718,0.7452618634259259,0.10660420379218064,0.8933957962078194,0.9769522772378666,0.8434468226619769,0.8434468226619769,0.5,0.0,0.0,0.5372563965719017,0.7800022230369024,0.5637355459383734,0.6465355091298712,0.16154651234377918,0.7293439710944559,0.8782949718520996,0.6109024206094913,False,1,0.6109024206094913,611
1159_29.png,00345,"single slender palm tree in calm turquoise water, shallow surf and reflective water in foreground, low sun reflection behind the tree, faint distant land on right horizon, gentle turquoise water, soft atmospheric tropical photo",1,"[1, 0, 0, 1, 3, 0]",0.8953465819358826,0.5737642049789429,0.03016430139541626,0.17367873040593157,0.6225634740954048,0.8174494990596065,0.11192436919760969,0.8880756308023903,0.9377443451245615,0.8662276143825718,0.8662276143825718,0.5,0.0,0.0,0.5839655514896814,0.6639925222758698,0.6189517435888604,0.6801547567415266,0.5547435818506438,0.5648011972952537,0.4666853624726746,0.6108879958176884,False,1,0.6108879958176884,612
1159_29.png,00053,"single slender palm tree rising from shallow turquoise ocean, water fills foreground around the palm, low sun reflection behind the tree, faint distant land on right horizon, calm turquoise water, soft atmospheric tropical photo",1,"[0, 1, 0, 1, 1, 0]",0.8898983597755432,0.5750965476036072,0.028801901265978813,0.16971122905093466,0.6349682450138132,0.8423597547743057,0.11449303419437169,0.8855069658056283,0.9502040376370523,0.8790301352078179,0.8790301352078179,0.5,0.0,0.0,0.5292760882728119,0.6603600994776513,0.6597640483441043,0.7048833806116166,0.6904266453241406,0.48535718920166554,0.5974887201512534,0.6107347814846973,False,1,0.6107347814846973,613
1159_29.png,00109,"single slender palm tree rising from shallow turquoise ocean, shallow surf and reflective water in foreground, low sunset reflection behind the tree, subtle right horizon landform, clear turquoise ocean, soft atmospheric tropical photo",1,"[0, 0, 1, 3, 0, 0]",0.9151855111122131,0.6489900350570679,0.03424449265003204,0.18505267533875874,0.6054502374275693,0.8792221634476274,0.1262147558939885,0.8737852441060114,0.9351441853295397,0.8885036460544442,0.8885036460544442,0.5,0.0,0.0,0.7831094842296472,0.4589011177585548,0.5019519330448092,0.6460399153194464,0.8912115988425788,0.12282624228993488,0.43938857073012233,0.6097318453352168,False,1,0.6097318453352168,614
1159_29.png,00378,"single slender palm tree in calm turquoise water, water fills foreground around the palm, low sun reflection behind the tree, faint distant land on right horizon, shallow turquoise sea, soft atmospheric tropical photo",1,"[1, 1, 0, 1, 2, 0]",0.9068872928619385,0.5844453573226929,0.03178798407316208,0.1782918508321737,0.5753229664733194,0.7920306170428241,0.11589818028729076,0.8841018197127093,0.9347196439005838,0.8527933433488358,0.8527933433488358,0.5,0.0,0.0,0.6998116508432634,0.6348720388758453,0.571498180284764,0.5859818975970587,0.4162900941944225,0.4418986464492057,0.4349316835055444,0.6093842509258842,False,1,0.6093842509258842,615
1159_29.png,00182,"single slender palm tree in calm turquoise water, water fills foreground around the palm, low sunset reflection behind the tree, calm turquoise water, soft atmospheric tropical photo",1,"[1, 1, 1, 0, 1, 0]",0.8982970118522644,0.6211575269699097,0.032205309718847275,0.1794583787925414,0.6542749569859629,0.8570805302372685,0.11377124212067352,0.8862287578793264,0.9650772345588872,0.8888817507763124,0.8888817507763124,0.5,0.0,0.0,0.6135820802649812,0.5347820773824845,0.5594985134001949,0.7433708643118564,0.7706088776703811,0.507680869174355,0.7536293387773056,0.6093560669899513,False,1,0.6093560669899513,616
1159_29.png,00780,"single slender palm tree in calm turquoise water, calm reflective water in foreground, low sun reflection behind the tree, calm turquoise water, natural ocean photograph",1,"[1, 3, 0, 0, 1, 1]",0.8998275995254517,0.5672731399536133,0.031958311796188354,0.178768878153297,0.5799017976918336,0.7657979329427084,0.11115414007515366,0.8888458599248463,0.9709011983536389,0.8498853604686427,0.8498853604686427,0.5,0.0,0.0,0.6289461780916664,0.6816893910438913,0.5665911663572848,0.5951096917104699,0.2734039278458418,0.5886229446680917,0.8147700144872643,0.6092447111559209,False,1,0.6092447111559209,617
1159_29.png,00434,"single isolated slender palm tree in shallow turquoise water, water fills foreground around the palm, low sunset reflection behind the tree, calm turquoise water, soft atmospheric tropical photo",1,"[2, 1, 1, 0, 1, 0]",0.9106318354606628,0.6341596841812134,0.0358775295317173,0.1894136466353924,0.5914989064279802,0.8509583649811923,0.11669143347528677,0.8833085665247132,0.9556939215391318,0.8832280468330125,0.8832280468330125,0.5,0.0,0.0,0.7373995132119634,0.4993337389400664,0.45709214002598053,0.6182282597036223,0.7372622052576504,0.41736480775600754,0.6551221847762985,0.6091101572050163,False,1,0.6091101572050163,618
1159_29.png,00950,"single slender palm tree rising from shallow turquoise ocean, shallow surf and reflective water in foreground, low sunset reflection behind the tree, bright turquoise tropical water, natural ocean photograph",1,"[0, 0, 1, 0, 5, 1]",0.9137039184570312,0.642276406288147,0.034852903336286545,0.18668932303773172,0.5758386273814065,0.8661453812210649,0.11942455978100802,0.880575440218992,0.9366104659929385,0.8852889188247142,0.8852889188247142,0.5,0.0,0.0,0.7682372002747456,0.4772047715992086,0.4851163081285561,0.5870098556887048,0.8199839931047226,0.3328343187174513,0.45478176232610007,0.6084660446494697,False,1,0.6084660446494697,619
1159_29.png,00842,"single isolated slender palm tree in shallow turquoise water, water fills foreground around the palm, low sunset reflection behind the tree, faint distant land on right horizon, clear turquoise ocean, natural ocean photograph",1,"[2, 1, 1, 1, 0, 1]",0.8866204023361206,0.5650535225868225,0.03006497398018837,0.173392543035127,0.6494231724770234,0.8639848497178818,0.11520444351956666,0.8847955564804333,0.9324273684891443,0.8849571008390273,0.8849571008390273,0.5,0.0,0.0,0.49637182564659765,0.6877408289977613,0.6218956534074841,0.733698944128127,0.8082158468263246,0.4633546282371614,0.41086709922790293,0.6083159918855137,False,1,0.6083159918855137,620
1159_29.png,00465,"single slender palm tree rising from shallow turquoise ocean, shallow surf and reflective water in foreground, low sun reflection behind the tree, gentle turquoise water, soft hazy tropical photo",1,"[0, 0, 0, 0, 3, 3]",0.8959190845489502,0.5725215673446655,0.030544396489858627,0.17476955252519996,0.6199276912837731,0.8113392017505786,0.11218957391697423,0.8878104260830257,0.9357659395012379,0.8629894778170669,0.8629894778170669,0.5,0.0,0.0,0.5897123546995149,0.6673803785142833,0.6077308363270966,0.6749003846792934,0.5214615526688416,0.5565989109331891,0.44591582116003914,0.6080795466924299,False,1,0.6080795466924299,621
1159_29.png,00736,"single slender palm tree in calm turquoise water, water fills foreground around the palm, low sun reflection behind the tree, subtle right horizon landform, clear turquoise ocean, natural ocean photograph",1,"[1, 1, 0, 3, 0, 1]",0.907925009727478,0.5812184810638428,0.036215778440237045,0.1903044362074543,0.5429102421517953,0.767149183485243,0.10458646068925136,0.8954135393107486,0.9458805921045761,0.8477879897480366,0.8477879897480366,0.5,0.0,0.0,0.7102282925801919,0.6436696099155246,0.4479288979159317,0.521367881455701,0.2807640214246135,0.7917489945607152,0.5521006664876974,0.6080210610757308,False,1,0.6080210610757308,622
1159_29.png,00342,"single slender palm tree in calm turquoise water, shallow surf and reflective water in foreground, low sun reflection behind the tree, faint distant land on right horizon, clear turquoise ocean, soft hazy tropical photo",1,"[1, 0, 0, 1, 0, 3]",0.8955460786819458,0.5819621086120605,0.02962644025683403,0.17212332862466387,0.6475787904567387,0.8153217456958912,0.11715092883079668,0.8828490711692033,0.9525940656554464,0.8664107736034615,0.8664107736034615,0.5,0.0,0.0,0.5859681074858618,0.6416422262609559,0.634951620043596,0.7300222112362125,0.543153974019578,0.4031534751033988,0.6225795231095462,0.6075634756680502,False,1,0.6075634756680502,623
1159_29.png,00518,"single slender palm tree rising from shallow turquoise ocean, shallow surf and reflective water in foreground, soft pale sunset haze, hazy island silhouette on right horizon, clear turquoise ocean, muted colors",1,"[0, 0, 2, 2, 0, 2]",0.9174833297729492,0.6598085761070251,0.03448444977402687,0.18569989169094006,0.5956889318475161,0.8616949010778355,0.12431346967754317,0.8756865303224568,0.9506160691290274,0.8843762049236914,0.8843762049236914,0.5,0.0,0.0,0.8061750761653356,0.4294060656406896,0.4952942438232206,0.6265809784508956,0.795742781505879,0.18162947188893577,0.6018142765456531,0.6073481432386167,False,1,0.6073481432386167,624
1159_29.png,00687,"single slender palm tree in calm turquoise water, shallow surf and reflective water in foreground, low sun reflection behind the tree, very soft distant coastline, calm turquoise water, soft atmospheric tropical photo",1,"[1, 0, 0, 4, 1, 0]",0.8959419131278992,0.5785847306251526,0.03170882910490036,0.17806973101821758,0.6065782323728633,0.8254942717375577,0.1141334084664906,0.8858665915335094,0.9494299855977848,0.8714117264381862,0.8714117264381862,0.5,0.0,0.0,0.589941508851453,0.6508501166119358,0.5737830494576346,0.6482885471493293,0.5985624576740745,0.49647974090555425,0.5893626283032692,0.6073456500788597,False,1,0.6073456500788597,625
1159_29.png,00800,"single isolated slender palm tree in shallow turquoise water, shallow surf and reflective water in foreground, low sun reflection behind the tree, faint distant land on right horizon, calm turquoise water, muted colors",1,"[2, 0, 0, 1, 1, 2]",0.8953956961631775,0.579376757144928,0.030542364344000816,0.17476373864163244,0.6377478996694409,0.8143355758101851,0.11435734660156617,0.8856426533984338,0.9470038987186864,0.8658267175477724,0.8658267175477724,0.5,0.0,0.0,0.5844585619888905,0.6486907807669607,0.6077906417226688,0.7104245578667125,0.5377824293541832,0.48955375287759617,0.5638932750677956,0.6063700113963829,False,1,0.6063700113963829,626
1159_29.png,00656,"single slender palm tree rising from shallow turquoise ocean, small waves at the trunk base, low sun reflection behind the tree, shallow turquoise sea, soft atmospheric tropical photo",1,"[0, 4, 0, 0, 2, 0]",0.8922183513641357,0.6035352349281311,0.03098437935113907,0.17602380336516726,0.6198483649880411,0.8589449282045717,0.11028853447891693,0.889711465521083,0.9622970866799213,0.8903836479604206,0.8903836479604206,0.5,0.0,0.0,0.5525642529095995,0.5828264874196911,0.594828794729607,0.6747422495437825,0.7807640214246135,0.6153945081378206,0.7244430103789802,0.6061982594019,False,1,0.6061982594019,627
1159_29.png,00619,"single slender palm tree rising from shallow turquoise ocean, gentle surf and reflective foreground water, low sunset reflection behind the tree, faint distant land on right horizon, calm turquoise water, natural ocean photograph",1,"[0, 2, 1, 1, 1, 1]",0.91081303358078,0.6590765118598938,0.03392951563000679,0.18419966240470365,0.6109608072648136,0.877809312608507,0.11680155620315953,0.8831984437968404,0.9442710918918026,0.8929878643810829,0.8929878643810829,0.5,0.0,0.0,0.7392183868983656,0.43140192377193465,0.5107265800354084,0.6570251088156727,0.8835159761127876,0.4139589175774737,0.5352039387551223,0.6060120366650487,False,1,0.6060120366650487,628
1159_29.png,00097,"single slender palm tree rising from shallow turquoise ocean, shallow surf and reflective water in foreground, low sun reflection behind the tree, subtle right horizon landform, clear turquoise ocean, natural ocean photograph",1,"[0, 0, 0, 3, 0, 1]",0.8949942588806152,0.5839598774909973,0.03056466579437256,0.1748275315686078,0.6383983398984105,0.8249116120515047,0.11639690745709116,0.8836030925429088,0.9526786798718522,0.8710070437875657,0.8710070437875657,0.5,0.0,0.0,0.5804289191343118,0.6361956233473476,0.6071344260987803,0.7117211954167295,0.5953887828603094,0.42647394709601366,0.6234678133785178,0.6057030581004559,False,1,0.6057030581004559,629
1159_29.png,00408,"single isolated slender palm tree in shallow turquoise water, shallow surf and reflective water in foreground, low sun reflection behind the tree, calm turquoise water, muted colors",1,"[2, 0, 0, 0, 1, 2]",0.8999834656715393,0.5592377185821533,0.03436937928199768,0.1853898036084986,0.5619204223403883,0.7729723895037616,0.1035739311618542,0.8964260688381458,0.931340540644037,0.8478548074988511,0.8478548074988511,0.5,0.0,0.0,0.6305107684501999,0.7035967047052981,0.4984840119390225,0.5592642359049993,0.31248230006772176,0.8230646406535056,0.3994574491730488,0.6052971497566518,False,1,0.6052971497566518,630
1159_29.png,00211,"single slender palm tree rising from shallow turquoise ocean, shallow surf and reflective water in foreground, low sun reflection behind the tree, clear turquoise ocean, realistic tropical seascape photo",1,"[0, 0, 0, 0, 0, 5]",0.8926125764846802,0.5650733709335327,0.030409883707761765,0.17438429891409882,0.6426347147264806,0.80615234375,0.11628880816948564,0.8837111918305144,0.9529859254796215,0.8626646569241043,0.8626646569241043,0.5,0.0,0.0,0.5565214998049497,0.687686715599479,0.6116938060598014,0.7201663106377288,0.49320938250323243,0.4298172560484361,0.626693314897751,0.6052534498941478,False,1,0.6052534498941478,631
1159_29.png,00606,"single slender palm tree rising from shallow turquoise ocean, gentle surf and reflective foreground water, low sun reflection behind the tree, faint distant land on right horizon, shallow turquoise sea, natural ocean photograph",1,"[0, 2, 0, 1, 2, 1]",0.8994295597076416,0.6139289736747742,0.030767548829317093,0.17540680952949658,0.6302884095703353,0.8418206108940972,0.11394508062972682,0.8860549193702731,0.9493933755128005,0.8788171717844994,0.8788171717844994,0.5,0.0,0.0,0.6249506391187079,0.5544895920272277,0.6011755954488518,0.6955542369122398,0.6874899956904514,0.5023043689543515,0.5889782912069846,0.605140443114531,False,1,0.605140443114531,632
1159_29.png,00662,"single slender palm tree rising from shallow turquoise ocean, small waves at the trunk base, low sunset reflection behind the tree, faint distant land on right horizon, clear turquoise ocean, soft atmospheric tropical photo",1,"[0, 4, 1, 1, 0, 0]",0.9013426303863525,0.6457830667495728,0.029461422935128212,0.17164330145720286,0.6613926384675614,0.8675661440248842,0.1162305983573282,0.8837694016426718,0.9530943068655455,0.8903429167592422,0.8903429167592422,0.5,0.0,0.0,0.6441541160393547,0.4676444128972541,0.6398894923456535,0.7575597976942824,0.8277227113218,0.43161757675743884,0.6278311157844514,0.6050886238608768,False,1,0.6050886238608768,633
1159_29.png,00127,"single slender palm tree rising from shallow turquoise ocean, water fills foreground around the palm, low sun reflection behind the tree, hazy island silhouette on right horizon, clear turquoise ocean, natural ocean photograph",1,"[0, 1, 0, 2, 0, 1]",0.8886900544166565,0.5937737226486206,0.028700007125735283,0.16941076449191558,0.6662472207698081,0.8492358172381366,0.11309368950293283,0.8869063104970671,0.9570828227845061,0.8839898909880362,0.8839898909880362,0.5,0.0,0.0,0.5171470726903296,0.6094397166992972,0.6628548226258553,0.7672372952142493,0.7278797020254881,0.5286363054478584,0.6697030378909952,0.6050554955745534,False,1,0.6050554955745534,634
1159_29.png,00048,"single slender palm tree rising from shallow turquoise ocean, shallow surf and reflective water in foreground, warm sun glow behind the tree, clear turquoise ocean, soft atmospheric tropical photo",1,"[0, 0, 3, 0, 0, 0]",0.9063785672187805,0.5699657797813416,0.037889622151851654,0.19465256780184445,0.5119637795255542,0.7822356047453702,0.1065397718388748,0.8934602281611252,0.941161304327946,0.8529493628573995,0.8529493628573995,0.5,0.0,0.0,0.6947050433059465,0.6743483316823059,0.40320118244265146,0.4596768240853083,0.3629378809333247,0.7313367310013992,0.5025570131097465,0.6049320047582626,False,1,0.6049320047582626,635
1159_29.png,00052,"single slender palm tree rising from shallow turquoise ocean, water fills foreground around the palm, low sun reflection behind the tree, faint distant land on right horizon, clear turquoise ocean, natural ocean photograph",1,"[0, 1, 0, 1, 0, 1]",0.8904099464416504,0.5813117027282715,0.02949182130396366,0.17173182961805206,0.6444827990760561,0.8136048493561922,0.10790204755602051,0.8920979524439795,0.9544900983399831,0.8692544852336759,0.8692544852336759,0.5,0.0,0.0,0.5344114148683351,0.6434154556965646,0.638978833984958,0.7238504240374397,0.5338022532783356,0.6892040888565296,0.6424843033564993,0.604732214457831,False,1,0.604732214457831,636
1159_29.png,00581,"single slender palm tree rising from shallow turquoise ocean, water fills foreground around the palm, soft pale sunset haze, shallow turquoise sea, natural ocean photograph",1,"[0, 1, 2, 0, 2, 1]",0.902955174446106,0.6294274926185608,0.02927536889910698,0.17110046434509457,0.6354733826890642,0.8444225169994214,0.11837569508227634,0.8816243049177237,0.9504985974105501,0.8786583588530529,0.8786583588530529,0.5,0.0,0.0,0.6603408952209094,0.5122353156062391,0.6454734686747146,0.7058903608820346,0.7016622545096356,0.3652737437573674,0.6005810442492941,0.6046416066587226,False,1,0.6046416066587226,637
1159_29.png,00658,"single slender palm tree rising from shallow turquoise ocean, small waves at the trunk base, low sun reflection behind the tree, faint distant land on right horizon, calm turquoise water, soft atmospheric tropical photo",1,"[0, 4, 0, 1, 1, 0]",0.8929909467697144,0.6031118631362915,0.030881652608513832,0.175731763231676,0.6399644163691844,0.8487260606553818,0.11179134137942438,0.8882086586205756,0.9605192929996287,0.884903616412049,0.884903616412049,0.5,0.0,0.0,0.5603195952527397,0.5839807440803517,0.5978329098797623,0.7148431326336511,0.7251031213445787,0.5689154991127006,0.705779517487088,0.604609863784836,False,1,0.604609863784836,638
1159_29.png,00019,"single slender palm tree rising from shallow turquoise ocean, water fills foreground around the palm, low sun reflection behind the tree, calm turquoise water, soft atmospheric tropical photo",1,"[0, 1, 0, 0, 1, 0]",0.8849535584449768,0.5524164438247681,0.03020889312028885,0.17380705716480227,0.6031025802025897,0.8074674253110533,0.10596643573142939,0.8940335642685706,0.9630309750646405,0.8688782838969018,0.8688782838969018,0.5,0.0,0.0,0.47963998267283486,0.7221938384177178,0.6176316909101921,0.6413599149490833,0.5003724681401225,0.7490689453686494,0.7321474593279689,0.6045805756951873,False,1,0.6045805756951873,639
1159_29.png,00850,"single isolated slender palm tree in shallow turquoise water, gentle surf and reflective foreground water, low sun reflection behind the tree, calm turquoise water, natural ocean photograph",1,"[2, 2, 0, 0, 1, 1]",0.9002737402915955,0.549541711807251,0.03535476699471474,0.1880286334437251,0.5571021028799983,0.7598566125940392,0.10502312702835959,0.8949768729716404,0.9361501685752092,0.8424074149224337,0.8424074149224337,0.5,0.0,0.0,0.6334245562307194,0.7300313435203024,0.47133928839737715,0.5496590275214166,0.24104229514252268,0.7782437207231223,0.44994950441047177,0.6040843759913883,False,1,0.6040843759913883,640
1159_29.png,00609,"single slender palm tree rising from shallow turquoise ocean, gentle surf and reflective foreground water, low sun reflection behind the tree, hazy island silhouette on right horizon, calm turquoise water, natural ocean photograph",1,"[0, 2, 0, 2, 1, 1]",0.8894528150558472,0.5989634990692139,0.028833605349063873,0.1698046093280859,0.6706085975411825,0.8591602466724537,0.11583421456464309,0.884165785435357,0.9558258919446494,0.887245314293909,0.887245314293909,0.5,0.0,0.0,0.5248036932708854,0.5952906068240733,0.6588034779527608,0.7759315989175943,0.7819368343286341,0.4438769867131712,0.6565076260412895,0.6038037829348939,False,1,0.6038037829348939,641
1159_29.png,00650,"single slender palm tree rising from shallow turquoise ocean, calm reflective water in foreground, soft pale sunset haze, clear turquoise ocean, natural ocean photograph",1,"[0, 3, 2, 0, 0, 1]",0.9040951728820801,0.6230086088180542,0.0310369860380888,0.17617317059668536,0.5946262760056525,0.8461088957609953,0.11793223409566087,0.8820677659043391,0.9510516082531416,0.879683042809595,0.879683042809595,0.5,0.0,0.0,0.6717842432887151,0.529735393607534,0.5932923060361663,0.6244625986122319,0.7108477497999139,0.3789891633446921,0.6063866189030117,0.6037947196983658,False,1,0.6037947196983658,642
1159_29.png,00668,"single slender palm tree in calm turquoise water, shallow surf and reflective water in foreground, low sun reflection behind the tree, clear turquoise ocean, realistic tropical seascape photo",1,"[1, 0, 0, 0, 0, 5]",0.8949384093284607,0.5621182322502136,0.03248094767332077,0.18022471437991175,0.6000240826716985,0.7960611979166666,0.10773690586561385,0.8922630941343861,0.9344798519461772,0.8574155923987705,0.8574155923987705,0.5,0.0,0.0,0.5798682991855754,0.6957434368410516,0.5516154860895282,0.6352230013351899,0.4382441667179709,0.6943116127281863,0.4324143185907002,0.603311769875834,False,1,0.603311769875834,643
1159_29.png,00530,"single slender palm tree rising from shallow turquoise ocean, shallow surf and reflective water in foreground, warm sun glow behind the tree, faint distant land on right horizon, shallow turquoise sea, soft atmospheric tropical photo",1,"[0, 0, 3, 1, 2, 0]",0.8935287594795227,0.5886726379394531,0.030774353072047234,0.17542620406326767,0.6489842874487868,0.81854248046875,0.11391126620337057,0.8860887337966294,0.9636652134391539,0.8712082157275886,0.8712082157275886,0.5,0.0,0.0,0.565718179881821,0.6233470225605745,0.6009760906341011,0.7328240369769298,0.5606969155944102,0.5033501859700061,0.7388057704276839,0.6032542824686605,False,1,0.6032542824686605,644
1159_29.png,00449,"solitary slender palm tree in shallow ocean, shallow surf and reflective water in foreground, low sunset reflection behind the tree, calm turquoise water, soft atmospheric tropical photo",1,"[3, 0, 1, 0, 1, 0]",0.902824342250824,0.6352218985557556,0.0315043143928051,0.17749454750162075,0.6849220020820849,0.823333740234375,0.11189985701061365,0.8881001429893863,0.9569759023564237,0.8727304136230387,0.8727304136230387,0.5,0.0,0.0,0.6590275966216814,0.4964377783671209,0.5796997619850235,0.8044650397622903,0.5867943113956784,0.5655593134312861,0.6685805743162654,0.6031605724108196,False,1,0.6031605724108196,645
1159_29.png,00459,"single delicate palm tree in calm turquoise sea, shallow surf and reflective water in foreground, low sun reflection behind the tree, faint distant land on right horizon, clear turquoise ocean, soft atmospheric tropical photo",1,"[4, 0, 0, 1, 0, 0]",0.8950778841972351,0.5968690514564514,0.03068118542432785,0.17516045622322365,0.6458354594742791,0.8207177056206598,0.11298737966561875,0.8870126203343812,0.9612658284614858,0.8720305503386276,0.8720305503386276,0.5,0.0,0.0,0.581268353273135,0.6010007891130993,0.603709746117864,0.7265469212506196,0.5725450963491974,0.5319242700468444,0.7136167369801971,0.6030961468116095,False,1,0.6030961468116095,646
1159_29.png,00876,"solitary slender palm tree in shallow ocean, shallow surf and reflective water in foreground, low sunset reflection behind the tree, shallow turquoise sea, soft atmospheric tropical photo",1,"[3, 0, 1, 0, 2, 0]",0.9049152731895447,0.6370607018470764,0.03278510645031929,0.18106658015856844,0.6755826293588627,0.8232653582537616,0.11242302589145518,0.8875769741085449,0.9571902133296611,0.8725593948181156,0.8725593948181156,0.5,0.0,0.0,0.6800164416608231,0.49142457014786445,0.542955506004512,0.7858472162833888,0.5864218432555565,0.5493786776316484,0.6708304368115652,0.6028764063592067,False,1,0.6028764063592067,647
1159_29.png,00942,"single slender palm tree rising from shallow turquoise ocean, shallow surf and reflective water in foreground, low sun reflection behind the tree, very soft distant coastline, gentle turquoise water, soft atmospheric tropical photo",1,"[0, 0, 0, 4, 3, 0]",0.8944594860076904,0.582842230796814,0.03260377049446106,0.18056514196948717,0.6477381300456172,0.8091012460214121,0.11220215387592114,0.8877978461240789,0.9602020581622897,0.866865218485521,0.866865218485521,0.5,0.0,0.0,0.5750608485045747,0.6392427114290098,0.5481136260295822,0.7303398510206879,0.5092716862648531,0.5562098363120717,0.7024491478286905,0.6022749620974596,False,1,0.6022749620974596,648
1159_29.png,00661,"single slender palm tree rising from shallow turquoise ocean, small waves at the trunk base, low sunset reflection behind the tree, calm turquoise water, soft atmospheric tropical photo",1,"[0, 4, 1, 0, 1, 0]",0.9003838300704956,0.6290749311447144,0.03161695972084999,0.17781158488931476,0.6589802705298712,0.8654988606770834,0.11864654699537386,0.8813534530046261,0.9489009438748929,0.8877283846312852,0.8877283846312852,0.5,0.0,0.0,0.6345296416579512,0.5131965190622164,0.5764385087861865,0.7527507980150638,0.8164624761435699,0.3568968002464716,0.5838086843646889,0.6022417588420246,False,1,0.6022417588420246,649
1159_29.png,00474,"single slender palm tree rising from shallow turquoise ocean, shallow surf and reflective water in foreground, low sun reflection behind the tree, hazy island silhouette on right horizon, clear turquoise ocean, warm tropical sunset photo",1,"[0, 0, 0, 2, 0, 4]",0.9062769412994385,0.6620963215827942,0.031102776527404785,0.17635979283103273,0.661974435597001,0.8608178032769098,0.11774812350402805,0.8822518764959719,0.9603330436056727,0.8882227769693342,0.8882227769693342,0.5,0.0,0.0,0.6936849184259084,0.42316888710352596,0.5913725881026874,0.7587195968132858,0.7909653389152258,0.3846833598826721,0.7038242488421663,0.6012123834013888,False,1,0.6012123834013888,650
1159_29.png,00498,"single slender palm tree rising from shallow turquoise ocean, shallow surf and reflective water in foreground, low sunset reflection behind the tree, faint distant land on right horizon, soft teal ocean water, soft atmospheric tropical photo",1,"[0, 0, 1, 1, 4, 0]",0.921076774597168,0.6709814667701721,0.03603161498904228,0.18981995413823669,0.5524869002288015,0.8608381483289932,0.11637240900424067,0.8836275909957594,0.9264600025036429,0.8819388240972913,0.8819388240972913,0.5,0.0,0.0,0.8422462132725127,0.39894493498592076,0.4529125962409385,0.5404587277983218,0.791076155882535,0.42723163846059203,0.34822096999012075,0.6010624256084527,False,1,0.6010624256084527,651
1159_29.png,00143,"single slender palm tree rising from shallow turquoise ocean, gentle surf and reflective foreground water, low sun reflection behind the tree, faint distant land on right horizon, clear turquoise ocean, natural ocean photograph",1,"[0, 2, 0, 1, 0, 1]",0.8977305889129639,0.6082737445831299,0.03126826882362366,0.1768283597832193,0.6212411534622281,0.8358199508101851,0.11051601629593778,0.8894839837040622,0.9433809527092715,0.8761145627028595,0.8761145627028595,0.5,0.0,0.0,0.6078963050538363,0.5699076854675788,0.5865526030441341,0.677518741148126,0.6548051468324816,0.6083589206496403,0.5258591500486907,0.6008985842041945,False,1,0.6008985842041945,652
1159_29.png,00791,"single slender palm tree in calm turquoise water, small waves at the trunk base, low sun reflection behind the tree, faint distant land on right horizon, clear turquoise ocean, soft atmospheric tropical photo",1,"[1, 4, 0, 1, 0, 0]",0.8905560970306396,0.5981074571609497,0.030682554468512535,0.17516436415125233,0.6398708230978025,0.8433447943793402,0.11067926227070261,0.8893207377292974,0.9613998774323966,0.8830473911624365,0.8830473911624365,0.5,0.0,0.0,0.5358784800917096,0.5976244705662114,0.6036695466231703,0.7146565566122156,0.6957920334913498,0.6033100277201189,0.7150239992758692,0.6004132479636011,False,1,0.6004132479636011,653
1159_29.png,00934,"single slender palm tree rising from shallow turquoise ocean, shallow surf and reflective water in foreground, low sun reflection behind the tree, subtle right horizon landform, clear turquoise ocean, warm tropical sunset photo",1,"[0, 0, 0, 3, 0, 4]",0.903978705406189,0.666163980960846,0.03179558739066124,0.1783131722298194,0.6622950117150489,0.876180578161169,0.1140621988736711,0.8859378011263289,0.9578569187248073,0.8959308743117027,0.8959308743117027,0.5,0.0,0.0,0.6706151382942316,0.41207905301228,0.571278854492366,0.7593586578888255,0.874644462229884,0.4986821205367724,0.6778295906173363,0.6002747322562871,False,1,0.6002747322562871,654
1159_29.png,00477,"single slender palm tree rising from shallow turquoise ocean, shallow surf and reflective water in foreground, low sun reflection behind the tree, hazy island silhouette on right horizon, gentle turquoise water, natural ocean photograph",1,"[0, 0, 0, 2, 3, 1]",0.8836210370063782,0.581774890422821,0.027322888374328613,0.16529636527863706,0.6799904511752459,0.8565419514973959,0.11744103027364772,0.8825589697263523,0.9552668121573473,0.8853928800095208,0.8853928800095208,0.5,0.0,0.0,0.4662640813132268,0.642152647233944,0.7051782144920162,0.79463410710956,0.7676753062857851,0.394181179610265,0.6506383388726035,0.6000895019357847,False,1,0.6000895019357847,655
1159_29.png,00727,"single slender palm tree in calm turquoise water, water fills foreground around the palm, low sun reflection behind the tree, gentle turquoise water, natural ocean photograph",1,"[1, 1, 0, 0, 3, 1]",0.9038187265396118,0.5659633874893188,0.036119941622018814,0.19005247070748335,0.5202677083600623,0.7510511610243057,0.1061049540703528,0.8938950459296472,0.9625256468799128,0.8433414179122967,0.8433414179122967,0.5,0.0,0.0,0.6690092642895265,0.6852602253197403,0.45052077926706724,0.47623051412466394,0.19308009604137272,0.7447848320053208,0.7268424629786817,0.5998818852741777,False,1,0.5998818852741777,656
1159_29.png,00413,"single isolated slender palm tree in shallow turquoise water, shallow surf and reflective water in foreground, low sun reflection behind the tree, faint distant land on right horizon, shallow turquoise sea, soft atmospheric tropical photo",1,"[2, 0, 0, 1, 2, 0]",0.8958600163459778,0.5870276689529419,0.03135736286640167,0.1770801029658659,0.6274159653298647,0.8255694354021991,0.11642002881830911,0.8835799711816908,0.9460895775303463,0.8699771513506506,0.8699771513506506,0.5,0.0,0.0,0.5891194258102963,0.6278317720074154,0.5839630085938922,0.6898280857662323,0.5989718648033001,0.42575884660215796,0.5542946207421242,0.5995998790905032,False,1,0.5995998790905032,657
1159_29.png,00027,"single slender palm tree in calm turquoise water, water fills foreground around the palm, low sun reflection behind the tree, clear turquoise ocean, soft atmospheric tropical photo",1,"[1, 1, 0, 0, 0, 0]",0.8924645185470581,0.5478441715240479,0.033690351992845535,0.1835493176038678,0.5773709294020025,0.745595861364294,0.10405040650648076,0.8959495934935192,0.9798439044278454,0.845069276222233,0.845069276222233,0.5,0.0,0.0,0.5550352885427711,0.7346594203463778,0.5174164505188228,0.5900644643204909,0.16336575755710198,0.8083281486692936,0.9086516235290751,0.5995220169607438,False,1,0.5995220169607438,658
1159_29.png,00067,"single slender palm tree in calm turquoise water, shallow surf and reflective water in foreground, low sun reflection behind the tree, faint distant land on right horizon, clear turquoise ocean, natural ocean photograph",1,"[1, 0, 0, 1, 0, 1]",0.8938218355178833,0.5830864906311035,0.029574377462267876,0.17197202523162852,0.6523027667511055,0.8130792688440392,0.1185113713036097,0.8814886286963903,0.9548099619110694,0.8653686834057681,0.8653686834057681,0.5,0.0,0.0,0.5686600884068341,0.6385767753744712,0.6365080253562958,0.7394393487007394,0.5309394816228526,0.3610775317798215,0.6458422697794428,0.5993955338285791,False,1,0.5993955338285791,659
1159_29.png,00843,"single isolated slender palm tree in shallow turquoise water, water fills foreground around the palm, low sunset reflection behind the tree, faint distant land on right horizon, calm turquoise water, soft atmospheric tropical photo",1,"[2, 1, 1, 1, 1, 0]",0.8792876601219177,0.5520626306533813,0.02905627340078354,0.17045900797782304,0.6410923115491595,0.8350129304108797,0.10384018418236501,0.8961598158176349,0.933229200564052,0.8760575943338784,0.8760575943338784,0.5,0.0,0.0,0.42276547777743206,0.7231584544303435,0.6520719069374528,0.7170915655836784,0.6504094071292252,0.8148299322960236,0.4192848292470959,0.5993120511401848,False,1,0.5993120511401848,660
1159_29.png,00839,"single isolated slender palm tree in shallow turquoise water, water fills foreground around the palm, low sunset reflection behind the tree, clear turquoise ocean, muted colors",1,"[2, 1, 1, 0, 0, 2]",0.8863559365272522,0.5622939467430115,0.03229708969593048,0.17971391069121634,0.6284399081820948,0.8218982837818286,0.1061707376302692,0.8938292623697308,0.946931127288354,0.8720806949888995,0.8720806949888995,0.5,0.0,0.0,0.493717107703648,0.6952643788886895,0.5568699457475907,0.6918692921555976,0.5789755587022098,0.7427502694317623,0.5631293117981562,0.5992501544597673,False,1,0.5992501544597673,661
1159_29.png,00535,"single slender palm tree rising from shallow turquoise ocean, shallow surf and reflective water in foreground, golden reflection behind the palm, calm turquoise water, natural ocean photograph",1,"[0, 0, 4, 0, 1, 1]",0.9059381484985352,0.5588132739067078,0.039481304585933685,0.19869903015851306,0.5104190388224428,0.7450233742042824,0.11036996350429452,0.8896300364957055,0.9761394019764027,0.8418589115607045,0.8418589115607045,0.5,0.0,0.0,0.6902841032833064,0.7047538864145144,0.3615766333614048,0.45659741922766817,0.16024749122699058,0.6128760605553986,0.8697613091259337,0.5986647475182688,False,1,0.5986647475182688,662
1159_29.png,00725,"single slender palm tree in calm turquoise water, water fills foreground around the palm, low sun reflection behind the tree, calm turquoise water, soft hazy tropical photo",1,"[1, 1, 0, 0, 1, 3]",0.8955913782119751,0.5530088543891907,0.03393661603331566,0.1842189350564042,0.545322222120158,0.7445017496744791,0.10525659132657991,0.8947434086734201,0.9803170114865164,0.8442493826865158,0.8442493826865158,0.5,0.0,0.0,0.5864228259074624,0.7205787241068202,0.510528328979072,0.52617610772704,0.15740626731515125,0.77102310627135,0.9136183586032804,0.5979667532727159,False,1,0.5979667532727159,663
1159_29.png,00280,"single slender palm tree rising from shallow turquoise ocean, water fills foreground around the palm, low sun reflection behind the tree, subtle right horizon landform, calm turquoise water, soft atmospheric tropical photo",1,"[0, 1, 0, 3, 1, 0]",0.8937669992446899,0.5800368785858154,0.032803185284137726,0.1811164964439676,0.5958368373110576,0.8341974329065395,0.11538935197013044,0.8846106480298696,0.9526775242808744,0.875538076474572,0.875538076474572,0.5,0.0,0.0,0.5681096397912124,0.6468910633916523,0.5424420345599732,0.6268758245710139,0.6459674936895903,0.45763575541346657,0.6234556818447863,0.5975759554447142,False,1,0.5975759554447142,664
1159_29.png,00836,"single isolated slender palm tree in shallow turquoise water, water fills foreground around the palm, low sun reflection behind the tree, hazy island silhouette on right horizon, clear turquoise ocean, natural ocean photograph",1,"[2, 1, 0, 2, 0, 1]",0.8899642825126648,0.5829187631607056,0.031037140637636185,0.17617360936768078,0.6276715146024158,0.8346783673321759,0.1088558846167776,0.8911441153832224,0.9394846247004779,0.8754026306237025,0.8754026306237025,0.5,0.0,0.0,0.5299378232389832,0.6390340579653622,0.5932877925517386,0.6903375173295202,0.6485870836668106,0.6597036910739164,0.48495502776346033,0.5972010811266456,False,1,0.5972010811266456,665
1159_29.png,00813,"single isolated slender palm tree in shallow turquoise water, shallow surf and reflective water in foreground, low sunset reflection behind the tree, faint distant land on right horizon, clear turquoise ocean, muted colors",1,"[2, 0, 1, 1, 0, 2]",0.8944995403289795,0.6051400899887085,0.030518142506480217,0.1746944260887571,0.6375023208782838,0.8731943766276041,0.12141273385485586,0.8785872661451442,0.937100545728341,0.8878631217788905,0.8878631217788905,0.5,0.0,0.0,0.5754629153194636,0.578451102288298,0.6085036358159789,0.7099350022274398,0.8583789940281967,0.2713438100628236,0.4599266786116835,0.5960562527650463,False,1,0.5960562527650463,666
1159_29.png,00534,"single slender palm tree rising from shallow turquoise ocean, shallow surf and reflective water in foreground, golden reflection behind the palm, clear turquoise ocean, muted colors",1,"[0, 0, 4, 0, 0, 2]",0.9014269709587097,0.5546202063560486,0.036807723343372345,0.19185339023163583,0.5532998682263276,0.7341133400245949,0.10935504339577931,0.8906449566042207,0.9741401614398288,0.8369047701105107,0.8369047701105107,0.5,0.0,0.0,0.6450007299427294,0.7161856261813946,0.431995347292908,0.542079360695251,0.10082189250754221,0.644265642854713,0.8487730403762176,0.5959599937033204,False,1,0.5959599937033204,667
1159_29.png,00424,"single isolated slender palm tree in shallow turquoise water, shallow surf and reflective water in foreground, soft pale sunset haze, calm turquoise water, soft atmospheric tropical photo",1,"[2, 0, 2, 0, 1, 0]",0.9148045778274536,0.6263219118118286,0.032134465873241425,0.1792608877397449,0.5574664971476084,0.800272058557581,0.11640629656361923,0.8835937034363808,0.9210735949830922,0.8535949415502632,0.8535949415502632,0.5,0.0,0.0,0.779285661292214,0.5207021936564147,0.5615300350839902,0.5503854390644767,0.4611802007018409,0.42618355957722664,0.29167381292289235,0.5958339701287771,False,1,0.5958339701287771,668
1159_29.png,00435,"single isolated slender palm tree in shallow turquoise water, water fills foreground around the palm, low sunset reflection behind the tree, faint distant land on right horizon, clear turquoise ocean, soft atmospheric tropical photo",1,"[2, 1, 1, 1, 0, 0]",0.8816600441932678,0.5612083673477173,0.0308399461209774,0.17561305794552237,0.6429996602954702,0.8470306396484375,0.10695903074902531,0.8930409692509746,0.9324714624456779,0.8802224195687737,0.8802224195687737,0.5,0.0,0.0,0.44657956016762357,0.6982240405190726,0.5990539898192709,0.7208938211873358,0.7158683740688299,0.7183698364109018,0.41133000291209465,0.5956810128928512,False,1,0.5956810128928512,669
1159_29.png,00277,"single slender palm tree rising from shallow turquoise ocean, water fills foreground around the palm, low sun reflection behind the tree, hazy island silhouette on right horizon, calm turquoise water, natural ocean photograph",1,"[0, 1, 0, 2, 1, 1]",0.8830142617225647,0.5869296193122864,0.028635160997509956,0.16921926898999995,0.663080162170549,0.8605810094762733,0.1137632441932372,0.8862367558067628,0.9558128102974999,0.8886068808561899,0.8886068808561899,0.5,0.0,0.0,0.46017324771862983,0.6280990889448765,0.6648246701656919,0.7609238371592205,0.7896755525457128,0.5079282301236359,0.6563702933286717,0.5949670278655468,False,1,0.5949670278655468,670
1159_29.png,00558,"single slender palm tree rising from shallow turquoise ocean, water fills foreground around the palm, low sun reflection behind the tree, subtle right horizon landform, clear turquoise ocean, muted colors",1,"[0, 1, 0, 3, 0, 2]",0.8859074711799622,0.5601001381874084,0.030117718502879143,0.17354457209281754,0.6377703752537786,0.8009632251880786,0.10904293657480374,0.8909570634251962,0.9516530625280483,0.8625990360390637,0.8625990360390637,0.5,0.0,0.0,0.48921539532980246,0.7012454531745227,0.6203317834351891,0.7104693624241689,0.46494489934125444,0.6539185235701417,0.6127007585632848,0.5946265951636935,False,1,0.5946265951636935,671
1159_29.png,00275,"single slender palm tree rising from shallow turquoise ocean, water fills foreground around the palm, low sun reflection behind the tree, faint distant land on right horizon, gentle turquoise water, soft atmospheric tropical photo",1,"[0, 1, 0, 1, 3, 0]",0.894808292388916,0.5853778123855591,0.03198931738734245,0.17885557689751375,0.6048351257438961,0.8304658112702547,0.11782796208079899,0.8821720379192011,0.951920843529818,0.8728539970492987,0.8728539970492987,0.5,0.0,0.0,0.578562180350899,0.6323298466754548,0.5656993265683925,0.6448137044072335,0.625641814935665,0.38221410190346516,0.615511955879663,0.5946040710059296,False,1,0.5946040710059296,672
1159_29.png,00935,"single slender palm tree rising from shallow turquoise ocean, shallow surf and reflective water in foreground, low sun reflection behind the tree, subtle right horizon landform, calm turquoise water, soft hazy tropical photo",1,"[0, 0, 0, 3, 1, 3]",0.8930997252464294,0.5877501368522644,0.03076811134815216,0.17540841299137325,0.6391609747652197,0.8172064887152777,0.11485898977486726,0.8851410102251327,0.9533212725876375,0.8682065280181989,0.8682065280181989,0.5,0.0,0.0,0.5614115177782937,0.625862076810475,0.6011591011949327,0.7132414903819153,0.553419934741119,0.47403886698548225,0.6302138293624805,0.5945320590882829,False,1,0.5945320590882829,673
1159_29.png,00859,"single isolated slender palm tree in shallow turquoise water, calm reflective water in foreground, low sun reflection behind the tree, clear turquoise ocean, natural ocean photograph",1,"[2, 3, 0, 0, 0, 1]",0.9142551422119141,0.5791600346565247,0.040854521095752716,0.20212501353309223,0.5021059476212807,0.7180147524233217,0.10748286249960125,0.8925171375003987,0.9694862951970273,0.8293848957550398,0.8293848957550398,0.5,0.0,0.0,0.7737704054891693,0.6492816405752335,0.3263347354869093,0.44002546422233807,0.013134888875207735,0.7021686992891323,0.7999161901662168,0.5939891632952395,False,1,0.5939891632952395,674
1159_29.png,00840,"single isolated slender palm tree in shallow turquoise water, water fills foreground around the palm, low sunset reflection behind the tree, calm turquoise water, natural ocean photograph",1,"[2, 1, 1, 0, 1, 1]",0.8884314298629761,0.5763652324676514,0.03303726390004158,0.1817615578169421,0.61714675245613,0.8391785798249422,0.10774033332182432,0.8922596666781757,0.939761010130935,0.8778734462847725,0.8778734462847725,0.5,0.0,0.0,0.5145509894912179,0.6569012295604106,0.535806512859013,0.6693566474569911,0.6730991811857419,0.6942056079127421,0.4878565554119953,0.5939503572964315,False,1,0.5939503572964315,675
1159_29.png,00194,"single isolated slender palm tree in shallow turquoise water, shallow surf and reflective water in foreground, low sun reflection behind the tree, faint distant land on right horizon, calm turquoise water, soft atmospheric tropical photo",1,"[2, 0, 0, 1, 1, 0]",0.8953491449356079,0.5869284868240356,0.03224105015397072,0.17955792979974658,0.6091082259177204,0.8239887378833912,0.11365200078728602,0.886347999212714,0.9411646532748317,0.8692496624269423,0.8692496624269423,0.5,0.0,0.0,0.5839912789793247,0.6281021764961299,0.558474466857745,0.6533320307554379,0.5903620020932097,0.5113687807808412,0.5025921707588537,0.593906403005804,False,1,0.593906403005804,676
1159_29.png,00139,"single slender palm tree rising from shallow turquoise ocean, water fills foreground around the palm, warm sun glow behind the tree, clear turquoise ocean, soft atmospheric tropical photo",1,"[0, 1, 3, 0, 0, 0]",0.9002234935760498,0.5492668747901917,0.03818664699792862,0.19541403992018747,0.5180877783388004,0.7706021909360533,0.11165446419225983,0.8883455358077401,0.9560548453365384,0.8489028925212407,0.8489028925212407,0.5,0.0,0.0,0.6329201777709703,0.7307806434586814,0.3953681839441644,0.47188487405493024,0.29957212337622424,0.5731488547190683,0.6589112064170458,0.5936900438950405,False,1,0.5936900438950405,677
1159_29.png,00711,"single slender palm tree in calm turquoise water, shallow surf and reflective water in foreground, soft pale sunset haze, hazy island silhouette on right horizon, clear turquoise ocean, natural ocean photograph",1,"[1, 0, 2, 2, 0, 1]",0.8989357948303223,0.6288933157920837,0.02974008210003376,0.17245313015435168,0.6659357361836317,0.857680709273727,0.12065659339043779,0.8793434066095622,0.9402343839177947,0.8817733882700828,0.8817733882700828,0.5,0.0,0.0,0.6199942083232617,0.5136916647816354,0.6315590665611851,0.7666163578971839,0.7738779782059972,0.29472982157107513,0.49282609063095756,0.5934892982946247,False,1,0.5934892982946247,678
1159_29.png,00279,"single slender palm tree rising from shallow turquoise ocean, water fills foreground around the palm, low sun reflection behind the tree, subtle right horizon landform, clear turquoise ocean, natural ocean photograph",1,"[0, 1, 0, 3, 0, 1]",0.8915583491325378,0.5727515816688538,0.03181025758385658,0.1783543035193056,0.6142937485574237,0.8091651068793403,0.11232888334270091,0.887671116657299,0.9506891407062833,0.8649470170670144,0.8649470170670144,0.5,0.0,0.0,0.545939125169622,0.666753280604458,0.5708557512414063,0.6636692501825833,0.5096195284122395,0.5522903307333978,0.6025813907939669,0.5934079316032863,False,1,0.5934079316032863,679
1159_29.png,00920,"single slender palm tree rising from shallow turquoise ocean, shallow surf and reflective water in foreground, low sun reflection behind the tree, gentle turquoise water, warm tropical sunset photo",1,"[0, 0, 0, 0, 3, 4]",0.8924401998519897,0.6279699802398682,0.03027123026549816,0.1739862933265094,0.6892257095937031,0.8791718659577547,0.11613123027520494,0.8838687697247951,0.944161636321804,0.8938137363490287,0.8938137363490287,0.5,0.0,0.0,0.554791176548017,0.5162089940693015,0.6157879509337614,0.8130443811303567,0.890937634673398,0.4346908458409506,0.5340548609541992,0.5933951676817423,False,1,0.5933951676817423,680
1159_29.png,00861,"single isolated slender palm tree in shallow turquoise water, calm reflective water in foreground, low sun reflection behind the tree, faint distant land on right horizon, clear turquoise ocean, soft atmospheric tropical photo",1,"[2, 3, 0, 1, 0, 0]",0.9087375998497009,0.5827784538269043,0.03780573979020119,0.19443698153952396,0.5458164617522191,0.7467012758608217,0.1014810015064112,0.8985189984935888,0.9285294133955013,0.8362031062892261,0.8362031062892261,0.5,0.0,0.0,0.7183851034245083,0.6394165893153827,0.40541884324515787,0.5271613630004601,0.16938681278089016,0.8877950436822872,0.3699458956092997,0.5932231064822667,False,1,0.5932231064822667,681
1159_29.png,00125,"single slender palm tree rising from shallow turquoise ocean, water fills foreground around the palm, low sun reflection behind the tree, faint distant land on right horizon, calm turquoise water, natural ocean photograph",1,"[0, 1, 0, 1, 1, 1]",0.8867372274398804,0.577052891254425,0.02914842776954174,0.1707291063923833,0.6377743844064987,0.8207561351634839,0.11034344331022956,0.8896565566897704,0.9489958031392499,0.8705192162928374,0.8705192162928374,0.5,0.0,0.0,0.49754452052335696,0.6550264359388366,0.64929349860873,0.710477354577374,0.5727544172874477,0.6136962805975573,0.5848045283851077,0.5930654987078078,False,1,0.5930654987078078,682
1159_29.png,00550,"single slender palm tree rising from shallow turquoise ocean, water fills foreground around the palm, low sun reflection behind the tree, faint distant land on right horizon, calm turquoise water, soft hazy tropical photo",1,"[0, 1, 0, 1, 1, 3]",0.8953993320465088,0.589594304561615,0.03191465884447098,0.17864674316782542,0.6005691637835616,0.8275349934895834,0.11701332499968473,0.8829866750003152,0.9522465945590559,0.871885402232234,0.871885402232234,0.5,0.0,0.0,0.584495059125361,0.6208342433484395,0.5678475264192835,0.6363096079224951,0.609678015144986,0.4074093044491275,0.6189317295497483,0.5926668701503776,False,1,0.5926668701503776,683
1159_29.png,00659,"single slender palm tree rising from shallow turquoise ocean, small waves at the trunk base, low sun reflection behind the tree, hazy island silhouette on right horizon, clear turquoise ocean, soft atmospheric tropical photo",1,"[0, 4, 0, 2, 0, 0]",0.8845146298408508,0.5932149887084961,0.029252223670482635,0.17103281460141687,0.6642391579886285,0.8554224084924767,0.11307626297437498,0.886923737025625,0.9571216696488254,0.8867877257103484,0.8867877257103484,0.5,0.0,0.0,0.4752340004930105,0.610963016986082,0.6461693580288823,0.7632342685118676,0.7615772948346977,0.5291752754098965,0.6701108569670403,0.5923492971315851,False,1,0.5923492971315851,684
1159_29.png,00962,"single slender palm tree rising from shallow turquoise ocean, shallow surf and reflective water in foreground, low sunset reflection behind the tree, subtle right horizon landform, clear turquoise ocean, soft hazy tropical photo",1,"[0, 0, 1, 3, 0, 3]",0.9169497489929199,0.665393054485321,0.036653585731983185,0.19145126202765858,0.5719026314654556,0.8748462818287037,0.12374725529006274,0.8762527447099373,0.93544879482835,0.8874590464370647,0.8874590464370647,0.5,0.0,0.0,0.8008189718098511,0.41418086290232414,0.43613190008594704,0.5791635388804419,0.867376716123869,0.19914142476656313,0.44258639805894534,0.5922034140169108,False,1,0.5922034140169108,685
1159_29.png,00263,"single slender palm tree rising from shallow turquoise ocean, shallow surf and reflective water in foreground, golden reflection behind the palm, clear turquoise ocean, natural ocean photograph",1,"[0, 0, 4, 0, 0, 1]",0.9051610231399536,0.5658196210861206,0.038710709661245346,0.1967503739799377,0.509142380094538,0.7403604012948496,0.11022237794884698,0.8897776220511531,0.9800938274891022,0.8406031137984064,0.8406031137984064,0.5,0.0,0.0,0.6824832890980062,0.6856521818262182,0.3816217808502753,0.4540524295861445,0.1348488579695875,0.6174406059812343,0.9112753460279192,0.591685786650548,False,1,0.591685786650548,686
1159_29.png,00315,"single slender palm tree rising from shallow turquoise ocean, gentle surf and reflective foreground water, low sunset reflection behind the tree, faint distant land on right horizon, clear turquoise ocean, natural ocean photograph",1,"[0, 2, 1, 1, 0, 1]",0.9164657592773438,0.6774025559425354,0.03529281169176102,0.187863811554437,0.5777420625016781,0.8645952012803818,0.11733567486266326,0.8826643251373367,0.9386149852211741,0.8857233514184746,0.8857233514184746,0.5,0.0,0.0,0.7959606644632767,0.3814388443848168,0.4730347537732088,0.5908043095693861,0.8115403558455945,0.3974396255864831,0.4758254474187813,0.5915697305780099,False,1,0.5915697305780099,687
1159_29.png,00438,"single isolated slender palm tree in shallow turquoise water, gentle surf and reflective foreground water, low sun reflection behind the tree, calm turquoise water, soft atmospheric tropical photo",1,"[2, 2, 0, 0, 1, 0]",0.8938877582550049,0.5341873168945312,0.03425334021449089,0.185076579324589,0.566487131122122,0.7601171422887733,0.11503167428221073,0.8849683257177893,0.9540301707782077,0.8425976621868158,0.8425976621868158,0.5,0.0,0.0,0.5693218233730055,0.7718926884186277,0.5017060410671439,0.5683678642211132,0.2424613679738973,0.4686980578817954,0.6376559282333708,0.5915399228578889,False,1,0.5915399228578889,688
1159_29.png,00549,"single slender palm tree rising from shallow turquoise ocean, water fills foreground around the palm, low sun reflection behind the tree, faint distant land on right horizon, clear turquoise ocean, warm tropical sunset photo",1,"[0, 1, 0, 1, 0, 4]",0.8944652676582336,0.6320030093193054,0.030885713174939156,0.17574331616007238,0.6738367464110431,0.8642651593243634,0.1170246263980097,0.8829753736019903,0.961179554068155,0.8901966132702911,0.8901966132702911,0.5,0.0,0.0,0.5751188849347001,0.5052135740453292,0.5977140689286596,0.7823668390138846,0.809742658375916,0.4070597733187046,0.7127110179732447,0.591203515744071,False,1,0.591203515744071,689
1159_29.png,00164,"single slender palm tree in calm turquoise water, shallow surf and reflective water in foreground, low sun reflection behind the tree, subtle right horizon landform, clear turquoise ocean, soft atmospheric tropical photo",1,"[1, 0, 0, 3, 0, 0]",0.8990275859832764,0.5819054245948792,0.03300395980477333,0.18166991992284615,0.5892572242349505,0.8034899676287616,0.11309755987025502,0.886902440129745,0.929639247831781,0.8579141890447096,0.8579141890447096,0.5,0.0,0.0,0.6209156114407155,0.6417967663263211,0.5367491599626522,0.6137595181079636,0.47870775103121366,0.5285166022194279,0.38159707163849615,0.5911994258019625,False,1,0.5911994258019625,690
1159_29.png,00637,"single slender palm tree rising from shallow turquoise ocean, calm reflective water in foreground, low sun reflection behind the tree, gentle turquoise water, soft atmospheric tropical photo",1,"[0, 3, 0, 0, 3, 0]",0.8991596698760986,0.5922871828079224,0.03527449816465378,0.18781506373199616,0.5754814412394563,0.8123135036892362,0.11738743019224807,0.8826125698077519,0.9738801346083187,0.8692315030145331,0.8692315030145331,0.5,0.0,0.0,0.6222414746279087,0.613492533976064,0.4735362056462129,0.5862978133774046,0.5267684541033065,0.39583892996147807,0.8460432472762711,0.5909101444595442,False,1,0.5909101444595442,691
1159_29.png,00364,"single slender palm tree in calm turquoise water, shallow surf and reflective water in foreground, soft pale sunset haze, shallow turquoise sea, soft atmospheric tropical photo",1,"[1, 0, 2, 0, 2, 0]",0.908455491065979,0.6341303586959839,0.03281552344560623,0.18115055463786534,0.5698034512038619,0.8488385235821759,0.11894831614468027,0.8810516838553197,0.9283051184960556,0.8760064486605521,0.8760064486605521,0.5,0.0,0.0,0.7155532846226196,0.49941369026725846,0.542091689780124,0.5749788715886474,0.7257156929138708,0.34756364439698956,0.3675912206501647,0.5907159459650768,False,1,0.5907159459650768,692
1159_29.png,00092,"single slender palm tree rising from shallow turquoise ocean, shallow surf and reflective water in foreground, low sun reflection behind the tree, faint distant land on right horizon, shallow turquoise sea, natural ocean photograph",1,"[0, 0, 0, 1, 2, 1]",0.8948485851287842,0.6074470281600952,0.031656570732593536,0.17792293481334423,0.6218770777195419,0.8496048538773149,0.11824597522452038,0.8817540247754796,0.9556223063680829,0.8820605541898262,0.8820605541898262,0.5,0.0,0.0,0.5789666404206385,0.5721615978825249,0.5752930908953418,0.6787864414444406,0.7298897986825099,0.3692857365405638,0.6543703600563437,0.5906585446235718,False,1,0.5906585446235718,693
1159_29.png,00472,"single slender palm tree rising from shallow turquoise ocean, shallow surf and reflective water in foreground, low sun reflection behind the tree, faint distant land on right horizon, soft teal ocean water, natural ocean photograph",1,"[0, 0, 0, 1, 4, 1]",0.8992741107940674,0.6172884106636047,0.03228152543306351,0.17967060258446152,0.5919760679603999,0.8521971525969328,0.1152961411864418,0.8847038588135582,0.9399148975462916,0.8811180487626235,0.8811180487626235,0.5,0.0,0.0,0.6233902369561628,0.5453306149882088,0.5573154411597155,0.6191794701804698,0.7440097272671305,0.46051859076299767,0.4894720840948213,0.5903834551479517,False,1,0.5903834551479517,694
1159_29.png,00168,"single slender palm tree in calm turquoise water, shallow surf and reflective water in foreground, low sunset reflection behind the tree, faint distant land on right horizon, clear turquoise ocean, natural ocean photograph",1,"[1, 0, 1, 1, 0, 1]",0.9013451337814331,0.6329441666603088,0.03252954035997391,0.1803594753817329,0.589130558446259,0.8842072663483797,0.11864934532866651,0.8813506546713334,0.9303912232245647,0.8924442436366505,0.8924442436366505,0.5,0.0,0.0,0.6441792452152852,0.5026476564510971,0.5502292465943559,0.6135070127883278,0.9183648340823742,0.3568102530271848,0.3894914001838572,0.5899917297171552,False,1,0.5899917297171552,695
1159_29.png,00470,"single slender palm tree rising from shallow turquoise ocean, shallow surf and reflective water in foreground, low sun reflection behind the tree, faint distant land on right horizon, shallow turquoise sea, soft hazy tropical photo",1,"[0, 0, 0, 1, 2, 3]",0.887717604637146,0.589365541934967,0.02848043106496334,0.16876146202543796,0.6625861545885132,0.832119411892361,0.11909049574175233,0.8809095042582477,0.9618157817205516,0.8751352181860594,0.8751352181860594,0.5,0.0,0.0,0.5073855844687333,0.6214579287016164,0.66953397097872,0.7599390444721579,0.6346487717786122,0.3431662951611897,0.7193902127525703,0.5897493107137364,False,1,0.5897493107137364,696
1159_29.png,00878,"solitary slender palm tree in shallow ocean, shallow surf and reflective water in foreground, low sunset reflection behind the tree, faint distant land on right horizon, calm turquoise water, soft atmospheric tropical photo",1,"[3, 0, 1, 1, 1, 0]",0.8945720195770264,0.630255937576294,0.030367828905582428,0.1742636763803129,0.6878679579000503,0.8303194399233217,0.11189102614817886,0.8881089738518211,0.9643657384734606,0.8773550365083242,0.8773550365083242,0.5,0.0,0.0,0.5761904647940245,0.5099766906130642,0.6129346080580214,0.8103377345375129,0.624844548420858,0.5658324355035002,0.7461599668922726,0.5893922745914338,False,1,0.5893922745914338,697
1159_29.png,00406,"single slender palm tree in calm turquoise water, small waves at the trunk base, low sun reflection behind the tree, clear turquoise ocean, soft atmospheric tropical photo",1,"[1, 4, 0, 0, 0, 0]",0.8824610710144043,0.5881165266036987,0.029591940343379974,0.17202308084492607,0.6343546297626006,0.8556693748191551,0.11043348900236553,0.8895665109976345,0.9599759899227553,0.888394695502343,0.888394695502343,0.5,0.0,0.0,0.4546202981516893,0.6248631727286673,0.6359828340424376,0.7036601528028974,0.7629224896878656,0.6109113356149092,0.7000758561310079,0.5891325739165438,False,1,0.5891325739165438,698
1159_29.png,00160,"single slender palm tree in calm turquoise water, shallow surf and reflective water in foreground, low sun reflection behind the tree, faint distant land on right horizon, calm turquoise water, natural ocean photograph",1,"[1, 0, 0, 1, 1, 1]",0.8901315927505493,0.5806593298912048,0.028650982305407524,0.16926601048470283,0.6571975914426986,0.8131126121238427,0.11992717849237068,0.8800728215076293,0.9522941425560221,0.8643849914946039,0.8643849914946039,0.5,0.0,0.0,0.5316172898303422,0.6451940477211922,0.6643438566874238,0.7491970684929534,0.5311210983192767,0.3172892612561544,0.619430894167802,0.5891208416851074,False,1,0.5891208416851074,699
1159_29.png,00076,"single slender palm tree in calm turquoise water, water fills foreground around the palm, low sun reflection behind the tree, faint distant land on right horizon, clear turquoise ocean, soft atmospheric tropical photo",1,"[1, 1, 0, 1, 0, 0]",0.90631103515625,0.5915210247039795,0.033649660646915436,0.18343843830265083,0.5571728935913834,0.7804961027922453,0.11661020179832648,0.8833897982016735,0.9399293523931054,0.8483955461057171,0.8483955461057171,0.5,0.0,0.0,0.6940271538695341,0.6155813436503046,0.51855702727669,0.5498001471669831,0.35346303022840625,0.4198771517206831,0.48962383282345723,0.5888738335312895,False,1,0.5888738335312895,700
1159_29.png,00120,"single slender palm tree rising from shallow turquoise ocean, water fills foreground around the palm, low sun reflection behind the tree, clear turquoise ocean, soft hazy tropical photo",1,"[0, 1, 0, 0, 0, 3]",0.8936097621917725,0.578568160533905,0.0335487425327301,0.18316315822984192,0.5661613482519654,0.7930360016999422,0.10179836138901178,0.8982016386109882,0.9439756218984797,0.8600318986585158,0.8600318986585158,0.5,0.0,0.0,0.5665312882172884,0.6508952923618532,0.5213887375193023,0.5677184236056911,0.42176629932894205,0.877979695587582,0.5321020590593631,0.588587607424178,False,1,0.588587607424178,701
1159_29.png,00821,"single isolated slender palm tree in shallow turquoise water, shallow surf and reflective water in foreground, soft pale sunset haze, shallow turquoise sea, soft atmospheric tropical photo",1,"[2, 0, 2, 0, 2, 0]",0.917032778263092,0.6363855004310608,0.033834099769592285,0.18394047887725062,0.5374152066041434,0.8167831986038774,0.11897178317773346,0.8810282168222665,0.9139417150949143,0.8587006582785209,0.8587006582785209,0.5,0.0,0.0,0.8016524228115479,0.4932654007056517,0.5133927107215717,0.5104136552064273,0.5511143261712744,0.34683785291925184,0.21680247600997973,0.5883280884980698,False,1,0.5883280884980698,702
1159_29.png,00655,"single slender palm tree rising from shallow turquoise ocean, small waves at the trunk base, low sun reflection behind the tree, calm turquoise water, natural ocean photograph",1,"[0, 4, 0, 0, 1, 1]",0.8904291987419128,0.6052696108818054,0.03181543946266174,0.1783688298516917,0.6024952657100082,0.8456494366681134,0.10841625084441141,0.8915837491555886,0.9584077362959287,0.8842781059642928,0.8842781059642928,0.5,0.0,0.0,0.5346046701975153,0.5780979839265332,0.5707063239189503,0.6401492475569419,0.7083451332881859,0.6733007420767151,0.6836121400421162,0.5882381399430228,False,1,0.5882381399430228,703
1159_29.png,00376,"single slender palm tree in calm turquoise water, water fills foreground around the palm, low sun reflection behind the tree, faint distant land on right horizon, clear turquoise ocean, muted colors",1,"[1, 1, 0, 1, 0, 2]",0.8968089818954468,0.5793200731277466,0.029944630339741707,0.17304516849580548,0.6051975377214701,0.7806351273148149,0.11631216721125842,0.8836878327887416,0.9447139574358115,0.8495193402548885,0.8495193402548885,0.5,0.0,0.0,0.5986451784291154,0.6488453208323258,0.6254689743201907,0.6455361643009624,0.35422027950501817,0.42909480453919213,0.5398531947538919,0.58731144066426,False,1,0.58731144066426,704
1159_29.png,00198,"single isolated slender palm tree in shallow turquoise water, shallow surf and reflective water in foreground, low sunset reflection behind the tree, faint distant land on right horizon, clear turquoise ocean, soft atmospheric tropical photo",1,"[2, 0, 1, 1, 0, 0]",0.9077088832855225,0.6310173273086548,0.033235903829336166,0.18230716889178047,0.5732203963859983,0.8604674162688078,0.12287920169398868,0.8771207983060113,0.9223566248510444,0.8786739416982764,0.8786739416982764,0.5,0.0,0.0,0.7080588070581872,0.5079008811546272,0.5301940017413809,0.5817904727660924,0.7890568244782369,0.225988700296499,0.30514321552346335,0.5871931745804021,False,1,0.5871931745804021,705
1159_29.png,00237,"single slender palm tree rising from shallow turquoise ocean, shallow surf and reflective water in foreground, low sunset reflection behind the tree, faint distant land on right horizon, clear turquoise ocean, soft hazy tropical photo",1,"[0, 0, 1, 1, 0, 3]",0.9173761010169983,0.6832520961761475,0.03493745997548103,0.18691564935949326,0.5882489842199721,0.8600678620515047,0.11945592479655556,0.8805440752034445,0.9380886142790512,0.8828386871001929,0.8828386871001929,0.5,0.0,0.0,0.80509870979631,0.36549099215046965,0.48278816807480884,0.6117496149614108,0.7868805023702521,0.33186425740071374,0.4702995416594623,0.586824084730017,False,1,0.586824084730017,706
1159_29.png,00597,"single slender palm tree rising from shallow turquoise ocean, water fills foreground around the palm, golden reflection behind the palm, faint distant land on right horizon, clear turquoise ocean, soft atmospheric tropical photo",1,"[0, 1, 4, 1, 0, 0]",0.8974275588989258,0.5588176846504211,0.03606775030493736,0.18991511341896242,0.5868702670272118,0.7369983814380787,0.11028356482648231,0.8897164351735177,0.9743578108431413,0.8379215861264948,0.8379215861264948,0.5,0.0,0.0,0.6048544781388135,0.7047418612148961,0.45193372585936276,0.6090011741310847,0.11653635412177595,0.6155482102004645,0.8510579501138753,0.5862945478336267,False,1,0.5862945478336267,707
1159_29.png,00897,"solitary slender palm tree in shallow ocean, gentle surf and reflective foreground water, low sunset reflection behind the tree, clear turquoise ocean, soft atmospheric tropical photo",1,"[3, 2, 1, 0, 0, 0]",0.8931288719177246,0.6179412007331848,0.031194861978292465,0.17662067256777295,0.6884675793920315,0.8347665292245371,0.11640761665847682,0.8835923833415231,0.960770329174815,0.8770563381555377,0.8770563381555377,0.5,0.0,0.0,0.5617040931837709,0.5435508854446984,0.588689009102292,0.8115330661109176,0.6490672905251498,0.42614273151023946,0.7084149255904771,0.5858959932613889,False,1,0.5858959932613889,708
1159_29.png,00309,"single slender palm tree rising from shallow turquoise ocean, gentle surf and reflective foreground water, low sun reflection behind the tree, hazy island silhouette on right horizon, clear turquoise ocean, natural ocean photograph",1,"[0, 2, 0, 2, 0, 1]",0.8891005516052246,0.6016885042190552,0.030066894367337227,0.17339808063337156,0.6619281247010578,0.8470114248770254,0.11830714130734929,0.8816928586926507,0.9540582349990518,0.8805592887368995,0.8805592887368995,0.5,0.0,0.0,0.5212676592292284,0.5878613084977211,0.6218386900628126,0.7586272771135188,0.7157637135997044,0.36739398390429606,0.6379505498151926,0.5847699032744126,False,1,0.5847699032744126,709
1159_29.png,00414,"single isolated slender palm tree in shallow turquoise water, shallow surf and reflective water in foreground, low sun reflection behind the tree, hazy island silhouette on right horizon, clear turquoise ocean, natural ocean photograph",1,"[2, 0, 0, 2, 0, 1]",0.8834353685379028,0.5815916657447815,0.02966040000319481,0.17222194982984837,0.6613943376958933,0.8407072844328703,0.11423678082299124,0.8857632191770087,0.9504535478022134,0.8784261142671874,0.8784261142671874,0.5,0.0,0.0,0.4644003340983771,0.6426521805261967,0.633937138050729,0.7575631850666543,0.6814258449793759,0.49328262709863596,0.6001081080169881,0.5846873180854677,False,1,0.5846873180854677,710
1159_29.png,00172,"single slender palm tree in calm turquoise water, shallow surf and reflective water in foreground, soft pale sunset haze, calm turquoise water, soft atmospheric tropical photo",1,"[1, 0, 2, 0, 1, 0]",0.9091636538505554,0.6316264271736145,0.03264467418193817,0.18067837220303423,0.5587186814295398,0.8368756329571759,0.12218979519325,0.87781020480675,0.9310560516330733,0.8700388168397064,0.8700388168397064,0.5,0.0,0.0,0.7226618498424041,0.5062402660884171,0.5469488660495484,0.5528816394641124,0.660555316136182,0.24731075501889233,0.3964708491570841,0.5841768767045108,False,1,0.5841768767045108,711
1159_29.png,00036,"single slender palm tree rising from shallow turquoise ocean, shallow surf and reflective water in foreground, low sun reflection behind the tree, hazy island silhouette on right horizon, clear turquoise ocean, natural ocean photograph",1,"[0, 0, 0, 2, 0, 1]",0.8892982006072998,0.6057078838348389,0.030650630593299866,0.17507321495105946,0.6519495106479622,0.8454352484809028,0.11510876096932184,0.8848912390306781,0.9565163175280342,0.8814610589827505,0.8814610589827505,0.5,0.0,0.0,0.5232516675003172,0.5769031015914865,0.6046071667028163,0.7387351408308882,0.7071784768823496,0.4663139107071012,0.6637557972496394,0.5840480157090586,False,1,0.5840480157090586,712
1159_29.png,00073,"single slender palm tree in calm turquoise water, shallow surf and reflective water in foreground, soft pale sunset haze, clear turquoise ocean, soft atmospheric tropical photo",1,"[1, 0, 2, 0, 0, 0]",0.9132132530212402,0.6503775119781494,0.03483530879020691,0.18664219456009112,0.5311677855463902,0.8447152596932871,0.11633928007847397,0.8836607199215261,0.9285796095715844,0.8751190407488302,0.8751190407488302,0.5,0.0,0.0,0.7633118817923564,0.4551183799651074,0.48560110236553766,0.4979595658474696,0.7032567875392481,0.42825625422405583,0.3704728611317397,0.5839832673382894,False,1,0.5839832673382894,713
1159_29.png,00222,"single slender palm tree rising from shallow turquoise ocean, shallow surf and reflective water in foreground, low sun reflection behind the tree, hazy island silhouette on right horizon, clear turquoise ocean, soft hazy tropical photo",1,"[0, 0, 0, 2, 0, 3]",0.8867911100387573,0.6019970178604126,0.02920815534889698,0.17090393602517462,0.6652582988878519,0.8462337917751735,0.11668312887576979,0.8833168711242302,0.9577735611160798,0.8815208234155245,0.8815208234155245,0.5,0.0,0.0,0.4980853961195766,0.5870201945352294,0.647495087060681,0.7652659023189959,0.7115280428492272,0.41762165349964103,0.676954492367626,0.5834226601589302,False,1,0.5834226601589302,714
1159_29.png,00721,"single slender palm tree in calm turquoise water, shallow surf and reflective water in foreground, golden reflection behind the palm, calm turquoise water, soft atmospheric tropical photo",1,"[1, 0, 4, 0, 1, 0]",0.9045712947845459,0.5607475638389587,0.04006512835621834,0.2001627546678411,0.49169398023691857,0.7553756148726851,0.1162813718506037,0.8837186281493963,0.9744063555635243,0.8441018176577018,0.8441018176577018,0.5,0.0,0.0,0.676563573225222,0.6994803488737913,0.3465198090764735,0.41926944809845706,0.2166348580927168,0.4300472474946482,0.8515675784548069,0.583131459055506,False,1,0.583131459055506,715
1159_29.png,00123,"single slender palm tree rising from shallow turquoise ocean, water fills foreground around the palm, low sun reflection behind the tree, gentle turquoise water, soft atmospheric tropical photo",1,"[0, 1, 0, 0, 3, 0]",0.887019157409668,0.5680121779441833,0.032563481479883194,0.18045354382744383,0.5727226287659803,0.8001810709635416,0.10394059076232658,0.8960594092376735,0.9535638793223818,0.8644150510312558,0.8644150510312558,0.5,0.0,0.0,0.5003745443841078,0.6796745200970336,0.5492615972526935,0.5807981845302922,0.4606846025980423,0.8117245444150959,0.63276074418146,0.5827779868292364,False,1,0.5827779868292364,716
1159_29.png,00739,"single slender palm tree in calm turquoise water, water fills foreground around the palm, low sunset reflection behind the tree, clear turquoise ocean, soft hazy tropical photo",1,"[1, 1, 1, 0, 0, 3]",0.8724492788314819,0.5591171979904175,0.02980053797364235,0.17262832320810612,0.6482703945316678,0.8632993344907408,0.11197133554384722,0.8880286644561528,0.9621439144128251,0.8917235159630519,0.8917235159630519,0.5,0.0,0.0,0.354121543840839,0.7039252851597336,0.62975691662825,0.7314009079609188,0.804481930677831,0.5633486159756503,0.7228349894090133,0.5825508788896516,False,1,0.5825508788896516,717
1159_29.png,00351,"single slender palm tree in calm turquoise water, shallow surf and reflective water in foreground, low sun reflection behind the tree, very soft distant coastline, clear turquoise ocean, soft atmospheric tropical photo",1,"[1, 0, 0, 4, 0, 0]",0.8905702829360962,0.5867550373077393,0.032119445502758026,0.17921898756202712,0.6200691554969167,0.8169832582826967,0.11310256232965757,0.8868974376703425,0.95361417183921,0.8687794037796753,0.8687794037796753,0.5,0.0,0.0,0.536020878755316,0.6285750593459851,0.561961047620423,0.6751823903157469,0.5522040263498121,0.5283618854985785,0.6332887211006849,0.5824783180583445,False,1,0.5824783180583445,718
1159_29.png,00224,"single slender palm tree rising from shallow turquoise ocean, shallow surf and reflective water in foreground, low sun reflection behind the tree, hazy island silhouette on right horizon, shallow turquoise sea, natural ocean photograph",1,"[0, 0, 0, 2, 2, 1]",0.8896342515945435,0.6064841151237488,0.030185379087924957,0.17373939992967904,0.6582031053251589,0.8496557165075233,0.1193623160881158,0.8806376839118842,0.9565219303792597,0.8818726478733969,0.8818726478733969,0.5,0.0,0.0,0.5266249602121381,0.5747868289613607,0.6183276573262511,0.751201537157394,0.7301668411007827,0.33475939981916625,0.6638147216400853,0.5824229984213839,False,1,0.5824229984213839,719
1159_29.png,00349,"single slender palm tree in calm turquoise water, shallow surf and reflective water in foreground, low sun reflection behind the tree, subtle right horizon landform, clear turquoise ocean, natural ocean photograph",1,"[1, 0, 0, 3, 0, 1]",0.892259955406189,0.5787135362625122,0.032266002148389816,0.1796273981005955,0.6131755010209601,0.8026761655454283,0.11177117461504683,0.8882288253849532,0.939267648755671,0.8599378931313105,0.8599378931313105,0.5,0.0,0.0,0.552981875881017,0.6504989482825415,0.5577598706392701,0.66144004958672,0.4742750723388543,0.5695392194477583,0.48267718807457827,0.5823235183210408,False,1,0.5823235183210408,720
1159_29.png,00793,"single slender palm tree in calm turquoise water, soft reflective turquoise foreground water, low sun reflection behind the tree, clear turquoise ocean, soft atmospheric tropical photo",1,"[1, 5, 0, 0, 0, 0]",0.8928107023239136,0.5569274425506592,0.03427305817604065,0.18512984139797845,0.5882886657384604,0.7415392840350115,0.10729603332210519,0.8927039666778949,0.9688795746190876,0.8399149810768359,0.8399149810768359,0.5,0.0,0.0,0.5585102945857395,0.7098953092621337,0.5011581526667208,0.6118287191505768,0.14127008557532444,0.70794697660744,0.7935467642202998,0.5817777328374729,False,1,0.5817777328374729,721
1159_29.png,00882,"solitary slender palm tree in shallow ocean, shallow surf and reflective water in foreground, soft pale sunset haze, faint distant land on right horizon, clear turquoise ocean, soft atmospheric tropical photo",1,"[3, 0, 2, 1, 0, 0]",0.9054509401321411,0.6440471410751343,0.03358703851699829,0.18326766904448338,0.6103065498643548,0.8413131148726851,0.12161717424008511,0.8783828257599149,0.9588988953400183,0.8778046697766823,0.8778046697766823,0.5,0.0,0.0,0.6853934869962498,0.4723771414605482,0.5203136711650099,0.6557208618225937,0.6847257280059101,0.2650208510007101,0.6887683870407251,0.5816630576313944,False,1,0.5816630576313944,722
1159_29.png,00853,"single isolated slender palm tree in shallow turquoise water, gentle surf and reflective foreground water, low sun reflection behind the tree, faint distant land on right horizon, calm turquoise water, soft atmospheric tropical photo",1,"[2, 2, 0, 1, 1, 0]",0.8885683417320251,0.5819168090820312,0.03203437104821205,0.17898148241707032,0.6177066842552896,0.8145627622251158,0.10746932715610111,0.8925306728438989,0.9400822156978308,0.8669554216362327,0.8669554216362327,0.5,0.0,0.0,0.5159253160891344,0.64176572831109,0.5644041803353512,0.6704728585458853,0.5390198854891344,0.7025873221690832,0.4912286102691192,0.5813128728940797,False,1,0.5813128728940797,723
1159_29.png,00552,"single slender palm tree rising from shallow turquoise ocean, water fills foreground around the palm, low sun reflection behind the tree, faint distant land on right horizon, gentle turquoise water, natural ocean photograph",1,"[0, 1, 0, 1, 3, 1]",0.8879390954971313,0.5767999291419983,0.031731221824884415,0.178132596188582,0.6121076593146387,0.8126695421006943,0.11037914387175536,0.8896208561282446,0.9476466614322143,0.8665979258766409,0.8665979258766409,0.5,0.0,0.0,0.509608918224875,0.6557160973872167,0.5731363773429116,0.6593113318472227,0.5287077510312129,0.612592128945872,0.5706410757086028,0.5810793527631384,False,1,0.5810793527631384,724
1159_29.png,00210,"single delicate palm tree in calm turquoise sea, shallow surf and reflective water in foreground, low sun reflection behind the tree, clear turquoise ocean, soft atmospheric tropical photo",1,"[4, 0, 0, 0, 0, 0]",0.8916576504707336,0.6017800569534302,0.03182997182011604,0.17840956201985375,0.6157243315534994,0.8279611093026621,0.11202530317071824,0.8879746968292818,0.9532104436612179,0.8740157318086901,0.8740157318086901,0.5,0.0,0.0,0.5469359158148673,0.5876117043542923,0.5702873262900578,0.6665210842920228,0.6119990149602911,0.5616794981298668,0.629050333899886,0.5809180416646252,False,1,0.5809180416646252,725
1159_29.png,00458,"single delicate palm tree in calm turquoise sea, shallow surf and reflective water in foreground, low sun reflection behind the tree, calm turquoise water, soft atmospheric tropical photo",1,"[4, 0, 0, 0, 1, 0]",0.8900541663169861,0.595958948135376,0.03218723088502884,0.17940800117338368,0.5978446698937008,0.8371695059317129,0.11131140098104197,0.888688599018958,0.9507520236715649,0.8779176920602191,0.8779176920602191,0.5,0.0,0.0,0.5308400803176327,0.6034820428019105,0.5600167304244483,0.6308783923779382,0.6621560056639783,0.583759158734175,0.6032415437625388,0.5809138447782165,False,1,0.5809138447782165,726
1159_29.png,00411,"single isolated slender palm tree in shallow turquoise water, shallow surf and reflective water in foreground, low sun reflection behind the tree, faint distant land on right horizon, clear turquoise ocean, muted colors",1,"[2, 0, 0, 1, 0, 2]",0.8967124819755554,0.5986759662628174,0.03261682763695717,0.18060129467132058,0.6265642949661575,0.8066564489293983,0.11697107834706352,0.8830289216529364,0.9491908491810248,0.8618936944329619,0.8618936944329619,0.5,0.0,0.0,0.5976765085283636,0.5960745198370293,0.5477417357760118,0.6881303005976113,0.4959551806932225,0.40871591446522404,0.5868521453018571,0.580402814273888,False,1,0.580402814273888,727
1159_29.png,00262,"single slender palm tree rising from shallow turquoise ocean, shallow surf and reflective water in foreground, warm sun glow behind the tree, hazy island silhouette on right horizon, clear turquoise ocean, soft atmospheric tropical photo",1,"[0, 0, 3, 2, 0, 0]",0.8756052255630493,0.5748521089553833,0.02817731909453869,0.16786101124006936,0.6910621132030041,0.8370163529007524,0.11209962616378748,0.8879003738362126,0.9635426035927553,0.880131010366564,0.880131010366564,0.5,0.0,0.0,0.3858010582972949,0.6610265230402825,0.6787965946255343,0.8167052092445374,0.6613218001600696,0.5593808268471686,0.7375185974434944,0.579685140189786,False,1,0.579685140189786,728
1159_29.png,00803,"single isolated slender palm tree in shallow turquoise water, shallow surf and reflective water in foreground, low sun reflection behind the tree, hazy island silhouette on right horizon, clear turquoise ocean, muted colors",1,"[2, 0, 0, 2, 0, 2]",0.8806483745574951,0.5814225673675537,0.029278919100761414,0.17111083864197912,0.6637934475160712,0.8416516339337384,0.11320567076185303,0.8867943292381469,0.9522076367820285,0.8795627778599394,0.8795627778599394,0.5,0.0,0.0,0.43642438152311525,0.6431132006791312,0.6453667518955153,0.762345754995308,0.6865695992119685,0.5251729343772047,0.61852274609869,0.5796334060026598,False,1,0.5796334060026598,729
1159_29.png,00450,"solitary slender palm tree in shallow ocean, shallow surf and reflective water in foreground, low sunset reflection behind the tree, faint distant land on right horizon, clear turquoise ocean, soft atmospheric tropical photo",1,"[3, 0, 1, 1, 0, 0]",0.8978405594825745,0.6401329636573792,0.03157663345336914,0.17769815264478453,0.662876040287994,0.8278729474103009,0.11343638304614995,0.88656361695385,0.9590760549144444,0.8746553032513719,0.8746553032513719,0.5,0.0,0.0,0.6090001938536429,0.4830485311056164,0.5776053467828537,0.7605169249082359,0.6115188081019518,0.5180374345731893,0.6906282296617697,0.5791402075571737,False,1,0.5791402075571737,730
1159_29.png,00998,"single slender palm tree rising from shallow turquoise ocean, shallow surf and reflective water in foreground, warm sun glow behind the tree, faint distant land on right horizon, calm turquoise water, muted colors",1,"[0, 0, 3, 1, 1, 2]",0.8883813619613647,0.5853282809257507,0.03173115849494934,0.17813241842783514,0.6410194968397814,0.8030768500434028,0.11161343922906097,0.888386560770939,0.9607258747670674,0.8644650537427734,0.8644650537427734,0.5,0.0,0.0,0.5140484059726068,0.6324648864171145,0.5731382059058091,0.7169464111449335,0.4764575509450228,0.5744176801643958,0.7079482378458826,0.5791054505451034,False,1,0.5791054505451034,731
1159_29.png,00902,"single delicate palm tree in calm turquoise sea, shallow surf and reflective water in foreground, low sun reflection behind the tree, faint distant land on right horizon, clear turquoise ocean, natural ocean photograph",1,"[4, 0, 0, 1, 0, 1]",0.8935298919677734,0.6047724485397339,0.03187248483300209,0.17852866669810227,0.6407477849214605,0.8122982449001735,0.11502507161940576,0.8849749283805942,0.9592111017701271,0.8671176554923115,0.8671176554923115,0.5,0.0,0.0,0.5657295478423611,0.5794534189267542,0.5690621379431573,0.716404759721189,0.5266853413778242,0.4689022659034629,0.6920459678723663,0.5789312992505118,False,1,0.5789312992505118,732
1159_29.png,00579,"single slender palm tree rising from shallow turquoise ocean, water fills foreground around the palm, soft pale sunset haze, clear turquoise ocean, soft hazy tropical photo",1,"[0, 1, 2, 0, 0, 3]",0.8956030607223511,0.6348936557769775,0.030017079785466194,0.17325437883489755,0.644981246884933,0.8409751609519676,0.11606493762424307,0.8839350623757569,0.9554078744120794,0.8788976691423163,0.8788976691423163,0.5,0.0,0.0,0.5865400953951383,0.49733268072250003,0.6233169004195176,0.7248440682139956,0.6828849350489442,0.43674115364916777,0.6521192274693461,0.5783241230858057,False,1,0.5783241230858057,733
1159_29.png,00966,"single slender palm tree rising from shallow turquoise ocean, shallow surf and reflective water in foreground, low sunset reflection behind the tree, very soft distant coastline, clear turquoise ocean, muted colors",1,"[0, 0, 1, 4, 0, 2]",0.911990225315094,0.6450468301773071,0.03652175888419151,0.19110666886373043,0.5458125262017988,0.8457720721209491,0.11754235344485785,0.8824576465551421,0.9222421236590652,0.8739060334805397,0.8739060334805397,0.5,0.0,0.0,0.7510350827228539,0.46965164621732725,0.4396766099585969,0.527153517571737,0.7090131133411317,0.3910474432749182,0.30394116817325273,0.577908563483945,False,1,0.577908563483945,734
1159_29.png,00731,"single slender palm tree in calm turquoise water, water fills foreground around the palm, low sun reflection behind the tree, faint distant land on right horizon, shallow turquoise sea, natural ocean photograph",1,"[1, 1, 0, 1, 2, 1]",0.8890202641487122,0.5681899189949036,0.029130322858691216,0.17067607582403346,0.6191771502995826,0.7803310818142362,0.11382017522841971,0.8861798247715803,0.9426677616006839,0.8498454778065961,0.8498454778065961,0.5,0.0,0.0,0.5204617306583126,0.679189937052955,0.6498390055974326,0.6734041985893439,0.352564181493567,0.5061674595967232,0.518371983605679,0.5773442346450879,False,1,0.5773442346450879,735
1159_29.png,00129,"single slender palm tree rising from shallow turquoise ocean, water fills foreground around the palm, low sun reflection behind the tree, subtle right horizon landform, clear turquoise ocean, soft atmospheric tropical photo",1,"[0, 1, 0, 3, 0, 0]",0.8851430416107178,0.5765106081962585,0.03293913975358009,0.18149143162579354,0.6031180705265881,0.8205668131510416,0.10680969236711747,0.8931903076328825,0.9496634535893738,0.8718043643073524,0.8718043643073524,0.5,0.0,0.0,0.481542021965293,0.656504885481099,0.5385852069158261,0.6413907945516412,0.5717232038416549,0.7229885934835172,0.5918136034922393,0.5771225995278576,False,1,0.5771225995278576,736
1159_29.png,00034,"single slender palm tree rising from shallow turquoise ocean, shallow surf and reflective water in foreground, low sun reflection behind the tree, faint distant land on right horizon, calm turquoise water, natural ocean photograph",1,"[0, 0, 0, 1, 1, 1]",0.8963004350662231,0.6190645098686218,0.0307803675532341,0.1754433457080493,0.6276710132393875,0.8375097204137733,0.12294435393001019,0.8770556460699899,0.9559715232717698,0.8750431549650484,0.8750431549650484,0.5,0.0,0.0,0.5935403658329365,0.5404883596067696,0.6007997605038159,0.6903365178739211,0.6640091116173128,0.22397366339120886,0.6580364813121112,0.5765380922131276,False,1,0.5765380922131276,737
1159_29.png,00994,"single slender palm tree rising from shallow turquoise ocean, shallow surf and reflective water in foreground, warm sun glow behind the tree, shallow turquoise sea, muted colors",1,"[0, 0, 3, 0, 2, 2]",0.8948904871940613,0.5727701783180237,0.03428126499056816,0.18515200509464694,0.574055173066304,0.7837530065465858,0.11007135819861612,0.8899286418013839,0.9362459021079251,0.8514130579980329,0.8514130579980329,0.5,0.0,0.0,0.5793872549606189,0.6667025797628241,0.5009301624376066,0.5834545807676493,0.3712029797451218,0.6221113646339784,0.45095452660577295,0.5763238407936211,False,1,0.5763238407936211,738
1159_29.png,00381,"single slender palm tree in calm turquoise water, water fills foreground around the palm, low sun reflection behind the tree, subtle right horizon landform, clear turquoise ocean, soft atmospheric tropical photo",1,"[1, 1, 0, 3, 0, 0]",0.9024414420127869,0.5787196159362793,0.03678632527589798,0.19179761540722548,0.5346927263230375,0.7596107765480324,0.11193854312208354,0.8880614568779165,0.9521346855238288,0.8430732964586511,0.8430732964586511,0.5,0.0,0.0,0.6551840293317315,0.6504823730073919,0.43256908348801704,0.5049864537443433,0.23970325678753973,0.5643628242991516,0.6177568949743688,0.5760648166481663,False,1,0.5760648166481663,739
1159_29.png,00675,"single slender palm tree in calm turquoise water, shallow surf and reflective water in foreground, low sun reflection behind the tree, faint distant land on right horizon, calm turquoise water, soft hazy tropical photo",1,"[1, 0, 0, 1, 1, 3]",0.8892332911491394,0.5827299356460571,0.030700210481882095,0.1752147553200988,0.6218225790539321,0.8123581497757524,0.11468155852007136,0.8853184414799287,0.941656926860709,0.8637540072892054,0.8637540072892054,0.5,0.0,0.0,0.5226001038672605,0.6395488665111841,0.6031511902179871,0.6786777996152483,0.5270116357815681,0.47952648411727455,0.5077601183518362,0.5758758144195206,False,1,0.5758758144195206,740
1159_29.png,00696,"single slender palm tree in calm turquoise water, shallow surf and reflective water in foreground, low sunset reflection behind the tree, faint distant land on right horizon, shallow turquoise sea, natural ocean photograph",1,"[1, 0, 1, 1, 2, 1]",0.8962211608886719,0.6314242482185364,0.032211221754550934,0.17947484992207385,0.6016391792740299,0.8904899314597801,0.1225504207545594,0.8774495792454406,0.9355502233661595,0.8949378665660371,0.8949378665660371,0.5,0.0,0.0,0.5927446085951354,0.506791475238489,0.5593290806267706,0.6384426590504038,0.9525857292372099,0.23615728033553404,0.44365120710592687,0.5758655582129648,False,1,0.5758655582129648,741
1159_29.png,00212,"single slender palm tree rising from shallow turquoise ocean, shallow surf and reflective water in foreground, low sun reflection behind the tree, calm turquoise water, warm tropical sunset photo",1,"[0, 0, 0, 0, 1, 4]",0.8890063762664795,0.6304598450660706,0.030562622472643852,0.1748216876495701,0.6934005588296511,0.8754826298466435,0.11714180214290316,0.8828581978570968,0.9431682521539564,0.8916012031117647,0.8916012031117647,0.5,0.0,0.0,0.5203223235632692,0.5094207688847635,0.6071945404587746,0.8213668465067134,0.8708428246013667,0.4034357465042223,0.5236261939153495,0.5756573117393032,False,1,0.5756573117393032,742
1159_29.png,00332,"single slender palm tree rising from shallow turquoise ocean, small waves at the trunk base, low sun reflection behind the tree, clear turquoise ocean, natural ocean photograph",1,"[0, 4, 0, 0, 0, 1]",0.8846715688705444,0.6035402417182922,0.031663116067647934,0.17794132759886877,0.6194221366203455,0.8349112051504629,0.10423068721699594,0.8957693127830041,0.9613611561295866,0.881501533017677,0.881501533017677,0.5,0.0,0.0,0.4768093604983714,0.5828128371930974,0.5751038907159443,0.6738925731525913,0.6498553222926798,0.8027524031970986,0.7146174983597221,0.5755901277517622,False,1,0.5755901277517622,743
1159_29.png,00924,"single slender palm tree rising from shallow turquoise ocean, shallow surf and reflective water in foreground, low sun reflection behind the tree, faint distant land on right horizon, shallow turquoise sea, warm tropical sunset photo",1,"[0, 0, 0, 1, 2, 4]",0.9055572748184204,0.6816044449806213,0.03299972042441368,0.1816582517377443,0.6393638089524634,0.8615394874855324,0.11703237757120506,0.8829676224287949,0.9603726533231904,0.8888059678832059,0.8888059678832059,0.5,0.0,0.0,0.6864608786595858,0.36998305421870004,0.5368691865193457,0.7136458356420845,0.7948962630056028,0.4068200440169674,0.7042400764432747,0.575221469442254,False,1,0.575221469442254,744
1159_29.png,00804,"single isolated slender palm tree in shallow turquoise water, shallow surf and reflective water in foreground, low sun reflection behind the tree, hazy island silhouette on right horizon, calm turquoise water, natural ocean photograph",1,"[2, 0, 0, 2, 1, 1]",0.8782241344451904,0.5777289867401123,0.028781982138752937,0.16965253354651955,0.667658339556813,0.8445960150824652,0.11442748537703414,0.8855725146229658,0.9499135218046787,0.8800012912660832,0.8800012912660832,0.5,0.0,0.0,0.41208976620293364,0.6531831678405862,0.6603678285572945,0.7700503278731659,0.702607276980853,0.48738449162594216,0.5944388498358215,0.5750877134497627,False,1,0.5750877134497627,745
1159_29.png,00371,"single slender palm tree in calm turquoise water, shallow surf and reflective water in foreground, golden reflection behind the palm, clear turquoise ocean, soft atmospheric tropical photo",1,"[1, 0, 4, 0, 0, 0]",0.906090259552002,0.564031183719635,0.04274740070104599,0.20675444542027624,0.4685928061916064,0.7498881022135416,0.11341309684930412,0.8865869031506959,0.9699027473602039,0.8417356115708781,0.8417356115708781,0.5,0.0,0.0,0.691810999877944,0.6905280752660494,0.27871338186457506,0.37321779203149413,0.18674505941020758,0.518757633124976,0.804288155301102,0.5750193873025045,False,1,0.5750193873025045,746
1159_29.png,00261,"single slender palm tree rising from shallow turquoise ocean, shallow surf and reflective water in foreground, warm sun glow behind the tree, faint distant land on right horizon, calm turquoise water, soft atmospheric tropical photo",1,"[0, 0, 3, 1, 1, 0]",0.88767409324646,0.5947078466415405,0.03149307519197464,0.17746288398415777,0.6315986107321683,0.8277627450448496,0.11489107428465077,0.8851089257153493,0.9597040876408014,0.8742221767987148,0.8742221767987148,0.5,0.0,0.0,0.5069488154585118,0.6068929744233754,0.5800254735623351,0.6981660926198727,0.6109185495290284,0.4730465530566023,0.6972213931172224,0.5748101771838615,False,1,0.5748101771838615,747
1159_29.png,00752,"single slender palm tree in calm turquoise water, water fills foreground around the palm, soft pale sunset haze, faint distant land on right horizon, clear turquoise ocean, natural ocean photograph",1,"[1, 1, 2, 1, 0, 1]",0.8808310031890869,0.5884070992469788,0.029592178761959076,0.17202377382780287,0.6647470492812929,0.8603136980975116,0.1194566654493985,0.8805433345506015,0.9558072205860124,0.8864927753537932,0.8864927753537932,0.5,0.0,0.0,0.4382576147386207,0.6240709720781366,0.6359757055689154,0.7642467380549007,0.7882195407252357,0.33184135039239476,0.6563116118619918,0.5747504808952263,False,1,0.5747504808952263,748
1159_29.png,00548,"single slender palm tree rising from shallow turquoise ocean, water fills foreground around the palm, low sun reflection behind the tree, bright turquoise tropical water, soft atmospheric tropical photo",1,"[0, 1, 0, 0, 5, 0]",0.886716902256012,0.5680040121078491,0.034063443541526794,0.18456284442304954,0.5575914418258434,0.7826978895399305,0.10396356651013205,0.896036433489868,0.9719951383993058,0.8602258296942836,0.8602258296942836,0.5,0.0,0.0,0.4973404955473493,0.6796967829665972,0.5069906530909376,0.5506345133902312,0.36545588869051265,0.8110139474719683,0.8262543292830629,0.5742465302834573,False,1,0.5742465302834573,749
1159_29.png,00830,"single isolated slender palm tree in shallow turquoise water, water fills foreground around the palm, low sun reflection behind the tree, calm turquoise water, muted colors",1,"[2, 1, 0, 0, 1, 2]",0.8979499340057373,0.5684317350387573,0.03781804442405701,0.1944686206668238,0.49609571924698015,0.73663330078125,0.09948151460426535,0.9005184853957346,0.9661275931291533,0.8398919738659003,0.8398919738659003,0.5,0.0,0.0,0.6100980995163232,0.6785306636090159,0.4050933825609606,0.4280442129909377,0.11454780520839777,0.9496354369750417,0.7646561299777747,0.5741227477302446,False,1,0.5741227477302446,750
1159_29.png,00559,"single slender palm tree rising from shallow turquoise ocean, water fills foreground around the palm, low sun reflection behind the tree, subtle right horizon landform, calm turquoise water, natural ocean photograph",1,"[0, 1, 0, 3, 1, 1]",0.8840457201004028,0.5730579495429993,0.03165605291724205,0.17792147963987387,0.6092485605590364,0.8196575023509838,0.11141229258678162,0.8885877074132184,0.9513872957196046,0.8701290327964901,0.8701290327964901,0.5,0.0,0.0,0.47052706651573206,0.6659180167390779,0.5753080597580666,0.6536117846165832,0.5667703010527614,0.5806387699123312,0.6099107064918468,0.5740120502322447,False,1,0.5740120502322447,751
1159_29.png,00586,"single slender palm tree rising from shallow turquoise ocean, water fills foreground around the palm, soft pale sunset haze, hazy island silhouette on right horizon, clear turquoise ocean, natural ocean photograph",1,"[0, 1, 2, 2, 0, 1]",0.8987047076225281,0.6444448232650757,0.03296596556901932,0.18156532039191658,0.6302493245411281,0.8709937201605902,0.12287187241632092,0.8771281275836791,0.9537338105063548,0.8896887808278242,0.8896887808278242,0.5,0.0,0.0,0.6176745460593862,0.4712929234625295,0.5378251389105047,0.6954763218106574,0.8463922920642735,0.22621538115799442,0.6345447022860174,0.5736857057699782,False,1,0.5736857057699782,752
1159_29.png,00081,"single isolated slender palm tree in shallow turquoise water, shallow surf and reflective water in foreground, low sun reflection behind the tree, faint distant land on right horizon, clear turquoise ocean, soft atmospheric tropical photo",1,"[2, 0, 0, 1, 0, 0]",0.8933122158050537,0.5970621705055237,0.033273663371801376,0.18241069971852358,0.6109225262368946,0.8130504466869213,0.11247346469078659,0.8875265353092134,0.9439236400833036,0.8652917163839999,0.8652917163839999,0.5,0.0,0.0,0.5635445061638279,0.6004742803730542,0.5291290161813179,0.6569487964720594,0.5307824909191653,0.5478186998270816,0.5315563476819402,0.5736398346248709,False,1,0.5736398346248709,753
1159_29.png,00239,"single slender palm tree rising from shallow turquoise ocean, shallow surf and reflective water in foreground, low sunset reflection behind the tree, faint distant land on right horizon, shallow turquoise sea, natural ocean photograph",1,"[0, 0, 1, 1, 2, 1]",0.9217577576637268,0.6908982992172241,0.037448104470968246,0.1935151272406585,0.5590547593855131,0.8569324634693287,0.12374663439301753,0.8762533656069824,0.9315220611788301,0.8786126987594077,0.8786126987594077,0.5,0.0,0.0,0.849081947439337,0.3446448211040303,0.41490163738153396,0.5535516030949569,0.7698023764082993,0.19916062795185172,0.4013630736830227,0.573150368667994,False,1,0.573150368667994,754
1159_29.png,00592,"single slender palm tree rising from shallow turquoise ocean, water fills foreground around the palm, warm sun glow behind the tree, faint distant land on right horizon, clear turquoise ocean, natural ocean photograph",1,"[0, 1, 3, 1, 0, 1]",0.8906015157699585,0.5996891856193542,0.03477407246828079,0.18647807503371755,0.6047614112675425,0.8165339717158565,0.10826552464709956,0.8917344753529004,0.9625571063359386,0.8720587749128383,0.8720587749128383,0.5,0.0,0.0,0.5363343951407353,0.5933121364814655,0.4872893427786653,0.644666756303837,0.549756818321739,0.6779624216862596,0.7271727281497353,0.5731127539337221,False,1,0.5731127539337221,755
1159_29.png,00801,"single isolated slender palm tree in shallow turquoise water, shallow surf and reflective water in foreground, low sun reflection behind the tree, faint distant land on right horizon, shallow turquoise sea, natural ocean photograph",1,"[2, 0, 0, 1, 2, 1]",0.888069212436676,0.5849066376686096,0.030855687335133553,0.17565787012011033,0.6413603910829542,0.8082608823423033,0.1163615004720714,0.8836384995279286,0.9517093577263646,0.8633327434340845,0.8633327434340845,0.5,0.0,0.0,0.5109150370595513,0.6336144304995464,0.5985930225851387,0.7176259759328966,0.5046943298651733,0.42756901897499694,0.6132917523581614,0.5723974328141989,False,1,0.5723974328141989,756
1159_29.png,00707,"single slender palm tree in calm turquoise water, shallow surf and reflective water in foreground, soft pale sunset haze, gentle turquoise water, soft atmospheric tropical photo",1,"[1, 0, 2, 0, 3, 0]",0.9068212509155273,0.6346132755279541,0.03248807042837143,0.1802444740577958,0.562323490221577,0.8274180094401041,0.11899690871370842,0.8810030912862916,0.9246486852651259,0.8656189232512741,0.8656189232512741,0.5,0.0,0.0,0.6991487192496667,0.4980970934117507,0.5514122251644489,0.5600677424021034,0.6090408175829588,0.34606076704551547,0.32920554273285907,0.5723712681210814,False,1,0.5723712681210814,757
1159_29.png,00777,"single slender palm tree in calm turquoise water, gentle surf and reflective foreground water, soft pale sunset haze, faint distant land on right horizon, clear turquoise ocean, soft atmospheric tropical photo",1,"[1, 2, 2, 1, 0, 0]",0.894831120967865,0.6179615259170532,0.02999948151409626,0.1732035840105402,0.636007056611249,0.824941564489294,0.11644529705437805,0.883554702945622,0.9375080324254428,0.8679694565362386,0.8679694565362386,0.5,0.0,0.0,0.5787913345028372,0.5434954720248356,0.623839409088368,0.7069542275005951,0.595551930062181,0.4249773472811896,0.46420452320029054,0.5721946964449671,False,1,0.5721946964449671,758
1159_29.png,00686,"single slender palm tree in calm turquoise water, shallow surf and reflective water in foreground, low sun reflection behind the tree, very soft distant coastline, clear turquoise ocean, natural ocean photograph",1,"[1, 0, 0, 4, 0, 1]",0.8974214792251587,0.5956306457519531,0.035926952958106995,0.18954406600605306,0.5827264668583301,0.8224555121527777,0.12190331289121464,0.8780966871087854,0.9539477455927332,0.8682283700753715,0.8682283700753715,0.5,0.0,0.0,0.6047934501401251,0.6043771076599871,0.4557505613785817,0.6007406043516761,0.5820107123068395,0.2561711172499587,0.6367906186756479,0.5712383545487704,False,1,0.5712383545487704,759
1159_29.png,00554,"single slender palm tree rising from shallow turquoise ocean, water fills foreground around the palm, low sun reflection behind the tree, hazy island silhouette on right horizon, clear turquoise ocean, soft hazy tropical photo",1,"[0, 1, 0, 2, 0, 3]",0.8799062967300415,0.6068626046180725,0.02927902154624462,0.17111113799587863,0.6559447120883176,0.858946058485243,0.10968978746316736,0.8903102125368326,0.9576384703321549,0.8896619947726818,0.8896619947726818,0.5,0.0,0.0,0.4289753758008429,0.5737549368319514,0.6453636725462012,0.7466994824824683,0.7807701779227972,0.6339126344116566,0.6755362929930347,0.5712368341284456,False,1,0.5712368341284456,760
1159_29.png,00412,"single isolated slender palm tree in shallow turquoise water, shallow surf and reflective water in foreground, low sun reflection behind the tree, faint distant land on right horizon, calm turquoise water, natural ocean photograph",1,"[2, 0, 0, 1, 1, 1]",0.8913705348968506,0.593697726726532,0.032154906541109085,0.1793178924176533,0.6237258728375953,0.8095222755714699,0.11475853548166934,0.8852414645183306,0.9465169662778165,0.8634229298441406,0.8634229298441406,0.5,0.0,0.0,0.5440538386611176,0.6096469076386668,0.5609436478142438,0.6824719717446701,0.5115649818383308,0.47714573054764886,0.5587813994605474,0.5708138908286321,False,1,0.5708138908286321,761
1159_29.png,00918,"single slender tropical palm tree in shallow water, water fills foreground around the palm, low sun reflection behind the tree, clear turquoise ocean, soft atmospheric tropical photo",1,"[5, 1, 0, 0, 0, 0]",0.8921999931335449,0.5631672143936157,0.03937239572405815,0.1984247860627753,0.4861324486224398,0.7926873101128472,0.10913384196666807,0.8908661580333319,0.9768632645885019,0.8638850977801478,0.8638850977801478,0.5,0.0,0.0,0.5523799722861088,0.6928835518669609,0.36439768686866547,0.40818266347819704,0.4198670196392294,0.6511069896814791,0.8773605063024006,0.5702064394061881,False,1,0.5702064394061881,762
1159_29.png,00334,"single slender palm tree rising from shallow turquoise ocean, small waves at the trunk base, low sun reflection behind the tree, faint distant land on right horizon, clear turquoise ocean, soft atmospheric tropical photo",1,"[0, 4, 0, 1, 0, 0]",0.8854677081108093,0.5984359979629517,0.03182322531938553,0.17839065367721912,0.6356200958696687,0.8338673909505209,0.11243892607969337,0.8875610739203066,0.9573651229455512,0.8773597263889519,0.8773597263889519,0.5,0.0,0.0,0.48480103675800124,0.5967287556973446,0.5704818298259038,0.7061828302136988,0.6441697962199106,0.5488869145233087,0.672666659096004,0.5697200823564077,False,1,0.5697200823564077,763
1159_29.png,00786,"single slender palm tree in calm turquoise water, calm reflective water in foreground, low sunset reflection behind the tree, calm turquoise water, soft atmospheric tropical photo",1,"[1, 3, 1, 0, 1, 0]",0.8932690024375916,0.6355746984481812,0.030040564015507698,0.17332213942687097,0.6582853084260311,0.8246318675853588,0.11670691572527647,0.8832930842747235,0.9716970453391669,0.8745763289773981,0.8745763289773981,0.5,0.0,0.0,0.5631107287221694,0.4954759249003533,0.6226198708075348,0.7513654071374035,0.5938650495598106,0.4168859706966636,0.8231249123148858,0.5696887943752008,False,1,0.5696887943752008,764
1159_29.png,00220,"single slender palm tree rising from shallow turquoise ocean, shallow surf and reflective water in foreground, low sun reflection behind the tree, faint distant land on right horizon, gentle turquoise water, natural ocean photograph",1,"[0, 0, 0, 1, 3, 1]",0.8853304386138916,0.601789116859436,0.030156714841723442,0.17365688826454148,0.6368882930017349,0.8304347285517939,0.11262466622831314,0.8873753337716869,0.9563362600370195,0.8755442466758017,0.8755442466758017,0.5,0.0,0.0,0.48342312027780904,0.5875870039442654,0.6191764260908075,0.7087109518596578,0.625472511235609,0.5431423188329988,0.6618655319500512,0.5691787440664449,False,1,0.5691787440664449,765
1159_29.png,00545,"single slender palm tree rising from shallow turquoise ocean, water fills foreground around the palm, low sun reflection behind the tree, shallow turquoise sea, soft hazy tropical photo",1,"[0, 1, 0, 0, 2, 3]",0.8778772950172424,0.5597658753395081,0.029054012149572372,0.1704523750188667,0.6191326042830417,0.815328527379919,0.1125355586506505,0.8874644413493495,0.9504104268231242,0.8675924771578607,0.8675924771578607,0.5,0.0,0.0,0.4086081787091262,0.7021567683023537,0.6521401378763065,0.6733153971358389,0.543190913008681,0.545898249688115,0.5996554187675863,0.5688213682161972,False,1,0.5688213682161972,766
1159_29.png,00439,"single isolated slender palm tree in shallow turquoise water, gentle surf and reflective foreground water, low sun reflection behind the tree, faint distant land on right horizon, clear turquoise ocean, soft atmospheric tropical photo",1,"[2, 2, 0, 1, 0, 0]",0.88942950963974,0.5876488089561462,0.03340305760502815,0.182765033868703,0.6146664869143176,0.8078053792317709,0.11044316582996129,0.8895568341700387,0.9430864864525379,0.863474609904318,0.863474609904318,0.5,0.0,0.0,0.5245697526092461,0.6261383313963012,0.5254841041754029,0.6644122954746092,0.5022132610970884,0.6106120494211826,0.5227678077009417,0.5685371176393778,False,1,0.5685371176393778,767
1159_29.png,00747,"single slender palm tree in calm turquoise water, water fills foreground around the palm, low sunset reflection behind the tree, hazy island silhouette on right horizon, calm turquoise water, soft atmospheric tropical photo",1,"[1, 1, 1, 2, 1, 0]",0.8747677803039551,0.5927677750587463,0.030776778236031532,0.17543311613270607,0.6479737233712979,0.8802953649450233,0.11314195668527723,0.8868580433147227,0.9650227659984305,0.8995377825850995,0.8995377825850995,0.5,0.0,0.0,0.37739475063481087,0.6121822747257604,0.6009049885829187,0.7308095008655242,0.8970571938681285,0.5271434916984371,0.7530575212474182,0.5677387794440478,False,1,0.5677387794440478,768
1159_29.png,00584,"single slender palm tree rising from shallow turquoise ocean, water fills foreground around the palm, soft pale sunset haze, faint distant land on right horizon, calm turquoise water, natural ocean photograph",1,"[0, 1, 2, 1, 1, 1]",0.8986965417861938,0.6504462957382202,0.030986927449703217,0.1760310411538352,0.6372823750025124,0.8286036738642939,0.11565862968823924,0.8843413703117607,0.9567751939464866,0.8737461716373458,0.8737461716373458,0.5,0.0,0.0,0.6175925770807555,0.45493085185214077,0.5947543421181423,0.7094965452120298,0.6154989841777995,0.44930749881175874,0.666473513174284,0.567215113635437,False,1,0.567215113635437,769
1159_29.png,00860,"single isolated slender palm tree in shallow turquoise water, calm reflective water in foreground, low sun reflection behind the tree, calm turquoise water, soft atmospheric tropical photo",1,"[2, 3, 0, 0, 1, 0]",0.9057261347770691,0.5874826312065125,0.03925412520766258,0.19812653837298672,0.5045525316215086,0.7412731029369213,0.11600027705310548,0.8839997229468946,0.9838438857427043,0.8397415765015686,0.8397415765015686,0.5,0.0,0.0,0.6881559014074732,0.626591388917056,0.36746565698866784,0.4449026728307159,0.1398202302530323,0.4387409842784127,0.9506439107472873,0.5668358290455667,False,1,0.5668358290455667,770
1159_29.png,00080,"single isolated slender palm tree in shallow turquoise water, shallow surf and reflective water in foreground, low sun reflection behind the tree, calm turquoise water, soft atmospheric tropical photo",1,"[2, 0, 0, 0, 1, 0]",0.893851637840271,0.5760238766670227,0.03717510774731636,0.1928084742621972,0.521966313305411,0.7891037552445023,0.10542937267746903,0.894570627322531,0.9424913581301367,0.8566946810489392,0.8566946810489392,0.5,0.0,0.0,0.5689592452631503,0.6578318825092497,0.4221707304788409,0.47961664378990987,0.40034784214738656,0.7656793019777756,0.5165200786545263,0.5663581867316575,False,1,0.5663581867316575,771
1159_29.png,00789,"single slender palm tree in calm turquoise water, small waves at the trunk base, low sun reflection behind the tree, clear turquoise ocean, natural ocean photograph",1,"[1, 4, 0, 0, 0, 1]",0.8898119926452637,0.6037130355834961,0.03178444504737854,0.1782819257450921,0.6088958511121612,0.8271874321831597,0.1170896837171363,0.8829103162828638,0.9578771026428125,0.8728283757099866,0.8728283757099866,0.5,0.0,0.0,0.5284091317032077,0.5823417418729151,0.5716002761991574,0.6529086664933568,0.6077848919534571,0.4050476720155954,0.6780414838276655,0.5658290315100469,False,1,0.5658290315100469,772
1159_29.png,00899,"single delicate palm tree in calm turquoise sea, shallow surf and reflective water in foreground, low sun reflection behind the tree, clear turquoise ocean, muted colors",1,"[4, 0, 0, 0, 0, 2]",0.8853243589401245,0.5887093544006348,0.03113114833831787,0.17644021179515137,0.6366488359174005,0.811798095703125,0.11492248936948574,0.8850775106305142,0.9565584048952958,0.8663979527661454,0.8663979527661454,0.5,0.0,0.0,0.4833620922791205,0.6232469208988869,0.5905453462247288,0.7082335997013244,0.5239610909314785,0.47207494319037085,0.664197635517168,0.5643585610071843,False,1,0.5643585610071843,773
1159_29.png,00802,"single isolated slender palm tree in shallow turquoise water, shallow surf and reflective water in foreground, low sun reflection behind the tree, faint distant land on right horizon, gentle turquoise water, soft atmospheric tropical photo",1,"[2, 0, 0, 1, 3, 0]",0.8981592655181885,0.6053162217140198,0.0361500009894371,0.19013153602029598,0.5741984464222795,0.8099540427879051,0.1131273654959141,0.8868726345040859,0.9373634611620536,0.862357433563398,0.862357433563398,0.5,0.0,0.0,0.6121993772750879,0.5779709068170531,0.44970746192868416,0.5837401928884877,0.5139167641445547,0.5275947699177947,0.4626867966066221,0.5643487410757578,False,1,0.5643487410757578,774
1159_29.png,00593,"single slender palm tree rising from shallow turquoise ocean, water fills foreground around the palm, warm sun glow behind the tree, faint distant land on right horizon, calm turquoise water, soft atmospheric tropical photo",1,"[0, 1, 3, 1, 1, 0]",0.8859106302261353,0.5974981784820557,0.03398161008954048,0.18434101575487882,0.5981420194354456,0.8324692337601274,0.1103620566382961,0.8896379433617039,0.9606432351186563,0.8781130823923851,0.8781130823923851,0.5,0.0,0.0,0.489247105956572,0.5992855731405141,0.5092725273485055,0.631471151810911,0.6365542079665092,0.6131206051445772,0.7070806768303354,0.5638037688945403,False,1,0.5638037688945403,775
1159_29.png,00790,"single slender palm tree in calm turquoise water, small waves at the trunk base, low sun reflection behind the tree, calm turquoise water, soft atmospheric tropical photo",1,"[1, 4, 0, 0, 1, 0]",0.8849827647209167,0.5967378616333008,0.03330192714929581,0.18248815618909575,0.5587402859190397,0.8664997242115162,0.11682977516021135,0.8831702248397887,0.9600025249998994,0.8910349595890882,0.8910349595890882,0.5,0.0,0.0,0.4799331563920247,0.6013584575503954,0.5283322484427826,0.5529247075141602,0.821914055285354,0.4130861579707375,0.7003544245774777,0.563292761741136,False,1,0.563292761741136,776
1159_29.png,00377,"single slender palm tree in calm turquoise water, water fills foreground around the palm, low sun reflection behind the tree, faint distant land on right horizon, calm turquoise water, natural ocean photograph",1,"[1, 1, 0, 1, 1, 1]",0.8888223171234131,0.5757450461387634,0.03024454228579998,0.17390958077633326,0.6040512032587048,0.7786537452980324,0.11388577919619727,0.8861142208038028,0.9410851904249554,0.8487512007504366,0.8487512007504366,0.5,0.0,0.0,0.5184747308186607,0.6585920701283641,0.6165770662222532,0.6432509730672429,0.34342793818875866,0.5041384514724013,0.5017579601582226,0.5631625694013959,False,1,0.5631625694013959,777
1159_29.png,00270,"single slender palm tree rising from shallow turquoise ocean, water fills foreground around the palm, low sun reflection behind the tree, gentle turquoise water, natural ocean photograph",1,"[0, 1, 0, 0, 3, 1]",0.8830698728561401,0.5588734745979309,0.03297320008277893,0.18158524191899222,0.5796446958784479,0.7832799840856483,0.10447951266699587,0.8955204873330042,0.9429890506205351,0.8545059735292002,0.8545059735292002,0.5,0.0,0.0,0.4607314744125158,0.7045897586899943,0.5376202130991556,0.5945971651929429,0.36862648525518765,0.7950566970273163,0.5217449145620139,0.5631544385394179,False,1,0.5631544385394179,778
1159_29.png,00178,"single slender palm tree in calm turquoise water, water fills foreground around the palm, low sun reflection behind the tree, faint distant land on right horizon, clear turquoise ocean, natural ocean photograph",1,"[1, 1, 0, 1, 0, 1]",0.8928759098052979,0.5877559781074524,0.031522996723651886,0.17754716760244835,0.5942176125520667,0.7786113597728588,0.11359377206437475,0.8864062279356253,0.9429631612115413,0.8492099239175636,0.8492099239175636,0.5,0.0,0.0,0.5591648497873593,0.6258461515461157,0.5791584773327769,0.6236479374709947,0.3431970695068647,0.5131696863641206,0.5214731244178109,0.5630827226730305,False,1,0.5630827226730305,779
1159_29.png,00468,"single slender palm tree rising from shallow turquoise ocean, shallow surf and reflective water in foreground, low sun reflection behind the tree, faint distant land on right horizon, clear turquoise ocean, realistic tropical seascape photo",1,"[0, 0, 0, 1, 0, 5]",0.879054069519043,0.584919810295105,0.029805460944771767,0.1726425814935926,0.6550721166954636,0.8273479320384838,0.11528310715163621,0.8847168928483637,0.9638214269974942,0.8747217673137438,0.8747217673137438,0.5,0.0,0.0,0.420420686337626,0.6335785174033889,0.6296102466109029,0.7449599837522952,0.6086591146955613,0.460921709101859,0.7404457192406536,0.563017646484403,False,1,0.563017646484403,780
1159_29.png,00852,"single isolated slender palm tree in shallow turquoise water, gentle surf and reflective foreground water, low sun reflection behind the tree, faint distant land on right horizon, clear turquoise ocean, natural ocean photograph",1,"[2, 2, 0, 1, 0, 1]",0.8911134004592896,0.5803521871566772,0.033586472272872925,0.18326612418249294,0.624221246703631,0.7931433783637153,0.11942572563873065,0.8805742743612693,0.9488866589956797,0.854892848089252,0.854892848089252,0.5,0.0,0.0,0.5414727133048217,0.6460314241216405,0.520329562622307,0.6834594880872807,0.42235116665640615,0.33279826091681375,0.5836587199764631,0.5626177319133204,False,1,0.5626177319133204,781
1159_29.png,00807,"single isolated slender palm tree in shallow turquoise water, shallow surf and reflective water in foreground, low sun reflection behind the tree, subtle right horizon landform, calm turquoise water, soft atmospheric tropical photo",1,"[2, 0, 0, 3, 1, 0]",0.8967950940132141,0.5945345759391785,0.03810401260852814,0.19520249129693026,0.5429595894963698,0.8055397316261574,0.11169128413799569,0.8883087158620043,0.9446447972136471,0.8623298892262019,0.8623298892262019,0.5,0.0,0.0,0.598505771334072,0.6073653697651381,0.39754431095973586,0.5214662542455734,0.4898725604875951,0.5720100826056449,0.5391271423839933,0.561427424888271,False,1,0.561427424888271,782
1159_29.png,00372,"single slender palm tree in calm turquoise water, water fills foreground around the palm, low sun reflection behind the tree, clear turquoise ocean, soft hazy tropical photo",1,"[1, 1, 0, 0, 0, 3]",0.8845793604850769,0.547497570514679,0.0348820686340332,0.18676741855589588,0.5413274254798427,0.7452093053747108,0.10407955928393199,0.895920440716068,0.9742265083858286,0.8437616433464094,0.8437616433464094,0.5,0.0,0.0,0.4758837691849292,0.7356043735326007,0.4843129667299906,0.5182125730349756,0.1612602351782315,0.8074265077427023,0.8496795210498564,0.5612420234936234,False,1,0.5612420234936234,783
1159_29.png,00192,"single isolated slender palm tree in shallow turquoise water, shallow surf and reflective water in foreground, low sun reflection behind the tree, shallow turquoise sea, soft atmospheric tropical photo",1,"[2, 0, 0, 0, 2, 0]",0.8878130912780762,0.5671294331550598,0.03543156757950783,0.18823274842467722,0.5492436714053065,0.7849686234085649,0.10525198578122165,0.8947480142187784,0.9445263097705334,0.8553029474645333,0.8553029474645333,0.5,0.0,0.0,0.5083440830363702,0.6820811850476718,0.46923962867143,0.5339934261633011,0.37782429354183406,0.7711655471825555,0.537883246887657,0.5611825743602736,False,1,0.5611825743602736,784
1159_29.png,00677,"single slender palm tree in calm turquoise water, shallow surf and reflective water in foreground, low sun reflection behind the tree, faint distant land on right horizon, gentle turquoise water, natural ocean photograph",1,"[1, 0, 0, 1, 3, 1]",0.883142352104187,0.5819693803787231,0.030229512602090836,0.1738663642056474,0.6321144652461392,0.8198321307146991,0.11626588500098527,0.8837341149990148,0.9445526392750307,0.8671419269262759,0.8671419269262759,0.5,0.0,0.0,0.46145902388707666,0.6416224009318554,0.617021620034714,0.6991944366603697,0.5677214800221636,0.4305262268119149,0.5381596572076396,0.5611681361683598,False,1,0.5611681361683598,785
1159_29.png,00464,"single slender palm tree rising from shallow turquoise ocean, shallow surf and reflective water in foreground, low sun reflection behind the tree, shallow turquoise sea, warm tropical sunset photo",1,"[0, 0, 0, 0, 2, 4]",0.877859354019165,0.6244109272956848,0.029651939868927002,0.17219738635916343,0.7070933830894128,0.8565396909360533,0.10451984930661912,0.8954801506933809,0.9494346478737662,0.8887478432386605,0.8887478432386605,0.5,0.0,0.0,0.40842808628162386,0.5259121926423979,0.6341898139194286,0.8486631749166487,0.7676629932894176,0.7938091601438634,0.5894115734399313,0.5603078328545843,False,1,0.5603078328545843,786
1159_29.png,00497,"single slender palm tree rising from shallow turquoise ocean, shallow surf and reflective water in foreground, low sunset reflection behind the tree, faint distant land on right horizon, gentle turquoise water, natural ocean photograph",1,"[0, 0, 1, 1, 3, 1]",0.9177652597427368,0.6777327060699463,0.03767845779657364,0.19410939646646072,0.5212638752017439,0.8417957447193287,0.11946819175472044,0.8805318082452795,0.9239747509801071,0.8717891682055673,0.8717891682055673,0.5,0.0,0.0,0.8090051000260865,0.3805387419431162,0.40878859681015356,0.47821634967953447,0.6873545527304072,0.33148486330885435,0.3221304991676344,0.5596808971250672,False,1,0.5596808971250672,787
1159_29.png,00118,"single slender palm tree rising from shallow turquoise ocean, shallow surf and reflective water in foreground, warm sun glow behind the tree, faint distant land on right horizon, clear turquoise ocean, soft atmospheric tropical photo",1,"[0, 0, 3, 1, 0, 0]",0.8844983577728271,0.592842161655426,0.0324169397354126,0.18004704867176413,0.6302295780909892,0.8130154079861112,0.1123156998252285,0.8876843001747715,0.96015992519824,0.8685784236945681,0.8685784236945681,0.5,0.0,0.0,0.47507066084946187,0.6119794713592246,0.5534430713571032,0.6954369577190941,0.5305916394754668,0.5526980722917972,0.7020068308805699,0.5595655542524269,False,1,0.5595655542524269,788
1159_29.png,00814,"single isolated slender palm tree in shallow turquoise water, shallow surf and reflective water in foreground, low sunset reflection behind the tree, faint distant land on right horizon, calm turquoise water, natural ocean photograph",1,"[2, 0, 1, 1, 1, 1]",0.8986308574676514,0.6463035941123962,0.03420262411236763,0.18493951474027293,0.5626628732186938,0.8704161467375577,0.11206060920663734,0.8879393907933627,0.9182407742019811,0.8861142076499742,0.8861142076499742,0.5,0.0,0.0,0.6169332353694348,0.4662252768395956,0.5031159767132185,0.560744294556013,0.8432463214923346,0.5605875484179185,0.2619345180326285,0.5591949513898006,False,1,0.5591949513898006,789
1159_29.png,00968,"single slender palm tree rising from shallow turquoise ocean, shallow surf and reflective water in foreground, low sunset reflection behind the tree, very soft distant coastline, shallow turquoise sea, soft atmospheric tropical photo",1,"[0, 0, 1, 4, 2, 0]",0.9145193696022034,0.6592996120452881,0.036947086453437805,0.1922162491919916,0.547056367664523,0.8273982295283564,0.12059673092344117,0.8794032690765589,0.9175763076587331,0.8636356089963027,0.8636356089963027,0.5,0.0,0.0,0.7764227301772684,0.4307936761750245,0.4282627435334767,0.5296330867542752,0.6089330788647415,0.29658125580581474,0.25495886796463607,0.5582501470131712,False,1,0.5582501470131712,790
1159_29.png,00333,"single slender palm tree rising from shallow turquoise ocean, small waves at the trunk base, low sun reflection behind the tree, calm turquoise water, soft atmospheric tropical photo",1,"[0, 4, 0, 0, 1, 0]",0.8816964030265808,0.6091561317443848,0.03282473608851433,0.18117598099227814,0.5822907400936282,0.860443115234375,0.10938043665997949,0.8906195633400205,0.9647955076662047,0.8918753505577168,0.8918753505577168,0.5,0.0,0.0,0.44694453153232927,0.5675019955331259,0.5418301377270156,0.5998719931257764,0.7889244597672845,0.6434802766472897,0.7506717358128443,0.5575885972476273,False,1,0.5575885972476273,791
1159_29.png,00756,"single slender palm tree in calm turquoise water, water fills foreground around the palm, warm sun glow behind the tree, calm turquoise water, soft atmospheric tropical photo",1,"[1, 1, 3, 0, 1, 0]",0.8980591297149658,0.5763859152793884,0.03941212594509125,0.19852487487740988,0.4871279628563749,0.7568811487268517,0.10968722329824819,0.8903127767017518,0.967732438263228,0.845752476425342,0.845752476425342,0.5,0.0,0.0,0.6111942102378656,0.6568448411243626,0.3633681080884811,0.4101671980746215,0.2248353136735822,0.63399193924076,0.7815039881316297,0.5572046051909264,False,1,0.5572046051909264,792
1159_29.png,00596,"single slender palm tree rising from shallow turquoise ocean, water fills foreground around the palm, golden reflection behind the palm, calm turquoise water, soft atmospheric tropical photo",1,"[0, 1, 4, 0, 1, 0]",0.9132810831069946,0.597113311290741,0.04424331709742546,0.21034095439886513,0.4185325454730096,0.7390549271195024,0.11743693825555415,0.8825630617444459,0.9874561603051323,0.8389630208753586,0.8389630208753586,0.5,0.0,0.0,0.763992762797332,0.6003348530585608,0.24182021300472412,0.2734238203176134,0.12773810256726043,0.3943077380828398,0.9885660056263399,0.5566683785547917,False,1,0.5566683785547917,793
1159_29.png,00632,"single slender palm tree rising from shallow turquoise ocean, gentle surf and reflective foreground water, warm sun glow behind the tree, faint distant land on right horizon, clear turquoise ocean, soft atmospheric tropical photo",1,"[0, 2, 3, 1, 0, 0]",0.8857607245445251,0.5922229290008545,0.03436305746436119,0.18537275275606496,0.6049272997700123,0.8031847918475116,0.1066803131727702,0.8933196868272298,0.954789994756682,0.865053045672247,0.865053045672247,0.5,0.0,0.0,0.48774234696930174,0.6136677118840173,0.4986594081200426,0.6449974511960627,0.47704549652157874,0.726990050184109,0.6456326521797683,0.5565073517257952,False,1,0.5565073517257952,794
1159_29.png,00705,"single slender palm tree in calm turquoise water, shallow surf and reflective water in foreground, soft pale sunset haze, calm turquoise water, muted colors",1,"[1, 0, 2, 0, 1, 2]",0.907505452632904,0.6481708288192749,0.03699595853686333,0.19234333504663823,0.5181627865772391,0.8470922399450233,0.1181056769022078,0.8818943230977923,0.9265649814314906,0.8751675173457859,0.8751675173457859,0.5,0.0,0.0,0.7060167623569731,0.4611345548336102,0.42695545560441617,0.4720344012431153,0.7162039032198493,0.3736249014637336,0.3493230514607675,0.5559568817327486,False,1,0.5559568817327486,795
1159_29.png,00881,"solitary slender palm tree in shallow ocean, shallow surf and reflective water in foreground, soft pale sunset haze, calm turquoise water, soft atmospheric tropical photo",1,"[3, 0, 2, 0, 1, 0]",0.9051983952522278,0.6602725386619568,0.035885002464056015,0.18943337209704106,0.5972288852673058,0.8451933684172452,0.12003342103472042,0.8799665789652795,0.9400683246951306,0.8763389833646343,0.8763389833646343,0.5,0.0,0.0,0.6828584317958266,0.4281411446430011,0.4568892310713991,0.6296508399699765,0.7058609862710086,0.3140033779646542,0.4910827808441242,0.5555461694046078,False,1,0.5555461694046078,796
1159_29.png,00999,"single slender palm tree rising from shallow turquoise ocean, shallow surf and reflective water in foreground, warm sun glow behind the tree, faint distant land on right horizon, shallow turquoise sea, natural ocean photograph",1,"[0, 0, 3, 1, 2, 1]",0.8849302530288696,0.5950677990913391,0.03318987414240837,0.18218088303224456,0.6273073341601402,0.8132527669270834,0.11360849599612322,0.8863915040038768,0.9593619639625149,0.8680731643110474,0.8680731643110474,0.5,0.0,0.0,0.47940604201119563,0.6059116206329025,0.5314930603993362,0.6896115320423182,0.5318845040940717,0.512714302670851,0.6936297373988849,0.5543402790749608,False,1,0.5543402790749608,797
1159_29.png,00722,"single slender palm tree in calm turquoise water, shallow surf and reflective water in foreground, golden reflection behind the palm, faint distant land on right horizon, clear turquoise ocean, soft atmospheric tropical photo",1,"[1, 0, 4, 1, 0, 0]",0.8999332785606384,0.5699726343154907,0.034142859280109406,0.18477786469193058,0.5051017364354863,0.7302387378833912,0.11111021884876189,0.8888897811512381,0.9275990966322001,0.8252386747768994,0.8252386747768994,0.5,0.0,0.0,0.6300069883041636,0.6743296438720883,0.5047788144658354,0.445997499922794,0.07971741673336248,0.5899813461215099,0.3601793178047128,0.5537397581497159,False,1,0.5537397581497159,798
1159_29.png,00528,"single slender palm tree rising from shallow turquoise ocean, shallow surf and reflective water in foreground, warm sun glow behind the tree, faint distant land on right horizon, clear turquoise ocean, muted colors",1,"[0, 0, 3, 1, 0, 2]",0.8830627202987671,0.5840703845024109,0.03279563784599304,0.18109565937921604,0.6343361813827634,0.8001166449652777,0.11361072573477266,0.8863892742652273,0.9600726754483005,0.8623032713168647,0.8623032713168647,0.5,0.0,0.0,0.46065967676699987,0.6358943433460995,0.542656378188558,0.7036233763844526,0.46033368220156345,0.5126453410213014,0.7010908724620732,0.5530540343819105,False,1,0.5530540343819105,799
1159_29.png,00193,"single isolated slender palm tree in shallow turquoise water, shallow surf and reflective water in foreground, low sun reflection behind the tree, faint distant land on right horizon, clear turquoise ocean, natural ocean photograph",1,"[2, 0, 0, 1, 0, 1]",0.8873121738433838,0.5943830609321594,0.03289210796356201,0.1813618150646988,0.623742368959638,0.8071164731626158,0.1153878386231459,0.8846121613768541,0.948523201720201,0.8625213097491162,0.8625213097491162,0.5,0.0,0.0,0.5033158545954083,0.6077784516222969,0.5399185273407989,0.6825048563823625,0.4984608754540424,0.4576825604075927,0.5798431015767584,0.5529924981681106,False,1,0.5529924981681106,800
1159_29.png,00319,"single slender palm tree rising from shallow turquoise ocean, gentle surf and reflective foreground water, soft pale sunset haze, calm turquoise water, soft atmospheric tropical photo",1,"[0, 2, 2, 0, 1, 0]",0.9180017709732056,0.6936995983123779,0.03862258791923523,0.1965263033775256,0.5239954647634066,0.8559310347945601,0.11938416104465917,0.8806158389553408,0.9244995319158866,0.8782844156750986,0.8782844156750986,0.5,0.0,0.0,0.8113792088378116,0.33700751932482076,0.3839267171046299,0.4836617102816865,0.7643477190174227,0.33408377613658036,0.32763971284821763,0.5526578673676259,False,1,0.5526578673676259,801
1159_29.png,00366,"single slender palm tree in calm turquoise water, shallow surf and reflective water in foreground, soft pale sunset haze, faint distant land on right horizon, calm turquoise water, soft atmospheric tropical photo",1,"[1, 0, 2, 1, 1, 0]",0.9047014713287354,0.6518704295158386,0.03183235600590706,0.17841624367166534,0.603367312400012,0.8240695529513888,0.12391086034627949,0.8760891396537205,0.9291930809064769,0.8633011138882225,0.8633011138882225,0.5,0.0,0.0,0.677870290373611,0.4510481748997033,0.5702185944647593,0.641887652460676,0.5908021917133534,0.19408142611877321,0.37691315733993735,0.5521160176940065,False,1,0.5521160176940065,802
1159_29.png,00201,"single isolated slender palm tree in shallow turquoise water, water fills foreground around the palm, low sun reflection behind the tree, calm turquoise water, soft atmospheric tropical photo",1,"[2, 1, 0, 0, 1, 0]",0.8985623121261597,0.5840519070625305,0.04177366942167282,0.2043860793245783,0.4443670485843246,0.7567376030815973,0.10318157890875572,0.8968184210912443,0.9732222537109065,0.8490628195108355,0.8490628195108355,0.5,0.0,0.0,0.6162451745999076,0.6359447191823384,0.30307593910677333,0.3249243046483909,0.2240534384042365,0.8351993626238634,0.8391367341141014,0.5520985603533571,False,1,0.5520985603533571,803
1159_29.png,00300,"single slender palm tree rising from shallow turquoise ocean, water fills foreground around the palm, warm sun glow behind the tree, faint distant land on right horizon, clear turquoise ocean, soft atmospheric tropical photo",1,"[0, 1, 3, 1, 0, 0]",0.881758451461792,0.5973196625709534,0.03415139019489288,0.1848009474945756,0.6028566323021141,0.8260774965639467,0.10791351347659135,0.8920864865234086,0.9628399979364183,0.8765331433242527,0.8765331433242527,0.5,0.0,0.0,0.4475673761071795,0.5997722687196607,0.5045413697136194,0.6408696234989225,0.6017392107369327,0.6888494693604948,0.7301425583574,0.5516330001122597,False,1,0.5516330001122597,804
1159_29.png,00409,"single isolated slender palm tree in shallow turquoise water, shallow surf and reflective water in foreground, low sun reflection behind the tree, shallow turquoise sea, natural ocean photograph",1,"[2, 0, 0, 0, 2, 1]",0.8844844698905945,0.5688237547874451,0.03431599587202072,0.18524577153614255,0.5699595620516746,0.7822022614655672,0.1050749375877381,0.8949250624122619,0.9391093755089583,0.8530366646055886,0.8530366646055886,0.5,0.0,0.0,0.4749312537544185,0.6774618833672639,0.49996561970813425,0.5752900749524977,0.36275626423690244,0.776641316943809,0.4810156164041734,0.5514557135383733,False,1,0.5514557135383733,805
1159_29.png,00732,"single slender palm tree in calm turquoise water, water fills foreground around the palm, low sun reflection behind the tree, faint distant land on right horizon, gentle turquoise water, soft atmospheric tropical photo",1,"[1, 1, 0, 1, 3, 0]",0.9016163945198059,0.5971202850341797,0.03703564777970314,0.1924464802995969,0.5187669969459553,0.7806571677879051,0.11614031208354911,0.8838596879164509,0.9329244799552,0.8472315122663551,0.8472315122663551,0.5,0.0,0.0,0.646902170921475,0.600315840242948,0.4258944363075974,0.47323888063613806,0.3543403312196024,0.43440996248071706,0.416085835471628,0.5507446056205019,False,1,0.5507446056205019,806
1159_29.png,00806,"single isolated slender palm tree in shallow turquoise water, shallow surf and reflective water in foreground, low sun reflection behind the tree, subtle right horizon landform, clear turquoise ocean, natural ocean photograph",1,"[2, 0, 0, 3, 0, 1]",0.8917497992515564,0.5831353068351746,0.03664436936378479,0.1914271907639685,0.5777397045599392,0.7889545581958912,0.11301316817245069,0.8869868318275493,0.9390626051388049,0.8532874633555543,0.8532874633555543,0.5,0.0,0.0,0.5478609088145969,0.6384436856651821,0.4363795127927017,0.5907996090670751,0.39953518438712093,0.5311266797234444,0.48052461540637137,0.5504432198984217,False,1,0.5504432198984217,807
1159_29.png,00591,"single slender palm tree rising from shallow turquoise ocean, water fills foreground around the palm, warm sun glow behind the tree, shallow turquoise sea, soft atmospheric tropical photo",1,"[0, 1, 3, 0, 2, 0]",0.8843564987182617,0.5788200497627258,0.03699157387018204,0.1923319366880655,0.5326068323466909,0.8162468804253473,0.10568019193843478,0.8943198080615652,0.950143655118086,0.8703517600365712,0.8703517600365712,0.5,0.0,0.0,0.47364667421339696,0.650208555962029,0.42707270654957175,0.5008282723548412,0.5481930677830458,0.757921930960802,0.5968548171702633,0.5499836337998328,False,1,0.5499836337998328,808
1159_29.png,00246,"single slender palm tree rising from shallow turquoise ocean, shallow surf and reflective water in foreground, low sunset reflection behind the tree, very soft distant coastline, clear turquoise ocean, soft atmospheric tropical photo",1,"[0, 0, 1, 4, 0, 0]",0.9106618762016296,0.6609527468681335,0.03735307976603508,0.19326944861005602,0.5305727670818533,0.8368179886429399,0.11709360891338244,0.8829063910866175,0.9168449717022082,0.8689543261100807,0.8689543261100807,0.5,0.0,0.0,0.7377010633231301,0.42628666385862,0.4174288478968805,0.4967734103027947,0.6602413347288069,0.4049262730310062,0.24728121471527806,0.5497484006671159,False,1,0.5497484006671159,809
1159_29.png,00594,"single slender palm tree rising from shallow turquoise ocean, water fills foreground around the palm, warm sun glow behind the tree, hazy island silhouette on right horizon, clear turquoise ocean, soft atmospheric tropical photo",1,"[0, 1, 3, 2, 0, 0]",0.872641921043396,0.59674471616745,0.030207404866814613,0.1738027757741936,0.6575274441222592,0.8538490577980324,0.1110584984352578,0.8889415015647422,0.9619224529892333,0.887746092154621,0.887746092154621,0.5,0.0,0.0,0.3560552937600666,0.6013397697401777,0.617675732084388,0.7498546221792766,0.7530074493628028,0.5915809618573893,0.7205100606218023,0.5493867947436507,False,1,0.5493867947436507,810
1159_29.png,00720,"single slender palm tree in calm turquoise water, shallow surf and reflective water in foreground, golden reflection behind the palm, clear turquoise ocean, natural ocean photograph",1,"[1, 0, 4, 0, 0, 1]",0.9026236534118652,0.5682868361473083,0.04035727307200432,0.20089119709933614,0.41852829671264197,0.7244076199001735,0.1085626458143442,0.8914373541856558,0.9604206925477277,0.8300706414296031,0.8300706414296031,0.5,0.0,0.0,0.6570130743512484,0.6789257076667472,0.3390265754639924,0.2734153505121058,0.04795604260296742,0.6687730192359174,0.7047443980277315,0.5487825138839886,False,1,0.5487825138839886,811
1159_29.png,00105,"single slender palm tree rising from shallow turquoise ocean, shallow surf and reflective water in foreground, low sunset reflection behind the tree, faint distant land on right horizon, calm turquoise water, natural ocean photograph",1,"[0, 0, 1, 1, 1, 1]",0.9145954847335815,0.689255952835083,0.037699732929468155,0.19416419064664872,0.5416718826400595,0.8518761528862847,0.12126303576293163,0.8787369642370684,0.9288142921142767,0.8766650647046573,0.8766650647046573,0.5,0.0,0.0,0.7771867767882998,0.3491224204321792,0.40822494816065025,0.5188992404156461,0.742261281782922,0.275973692294027,0.37293658682496433,0.5468343277351554,False,1,0.5468343277351554,812
1159_29.png,00420,"single isolated slender palm tree in shallow turquoise water, shallow surf and reflective water in foreground, low sunset reflection behind the tree, faint distant land on right horizon, clear turquoise ocean, natural ocean photograph",1,"[2, 0, 1, 1, 0, 1]",0.8988102078437805,0.6347621083259583,0.03265953063964844,0.18071948052063574,0.5718656639291569,0.8527707700376158,0.1263401197071846,0.8736598802928154,0.9192795487507915,0.8733837143695707,0.8733837143695707,0.5,0.0,0.0,0.6187335613307454,0.4976913241759813,0.5465259991023663,0.5790898449519892,0.7471341500954263,0.11894897382450825,0.27283969877599257,0.5447597057624971,False,1,0.5447597057624971,813
1159_29.png,00657,"single slender palm tree rising from shallow turquoise ocean, small waves at the trunk base, low sun reflection behind the tree, faint distant land on right horizon, clear turquoise ocean, natural ocean photograph",1,"[0, 4, 0, 1, 0, 1]",0.8863685131072998,0.6174367666244507,0.033335570245981216,0.1825803117698653,0.619579664880051,0.8246437355324074,0.1122962492384911,0.8877037507615089,0.9538095551166306,0.8725479047794376,0.8725479047794376,0.5,0.0,0.0,0.49384335189701345,0.5449261457740198,0.5273842760766165,0.6742066020942613,0.593929692790741,0.5532996425908185,0.6353398783579951,0.5445917887674205,False,1,0.5445917887674205,814
1159_29.png,00175,"single slender palm tree in calm turquoise water, water fills foreground around the palm, low sun reflection behind the tree, clear turquoise ocean, muted colors",1,"[1, 1, 0, 0, 0, 2]",0.8707799315452576,0.5343965888023376,0.03035300225019455,0.17422113032062025,0.6241941708728622,0.7454963966652199,0.10890656021052092,0.8910934397894791,0.975876028394499,0.8425312881045665,0.8425312881045665,0.5,0.0,0.0,0.3373645716911457,0.7713221414475481,0.6133722645574007,0.6834055130449801,0.1628239857169247,0.6581363896607063,0.866996381435921,0.5443510977635879,False,1,0.5443510977635879,815
1159_29.png,00626,"single slender palm tree rising from shallow turquoise ocean, gentle surf and reflective foreground water, soft pale sunset haze, shallow turquoise sea, soft atmospheric tropical photo",1,"[0, 2, 2, 0, 2, 0]",0.9167654514312744,0.6945616602897644,0.040088098496198654,0.20022012510284437,0.5105685465228356,0.8496907552083334,0.11749560067635723,0.8825043993236428,0.9270420393562966,0.8766457874782844,0.8766457874782844,0.5,0.0,0.0,0.798968985810392,0.3346572428102307,0.34592965939086695,0.45689545936988546,0.7303576925444811,0.39249341903425006,0.35433126320509784,0.5427213445161998,False,1,0.5427213445161998,816
1159_29.png,00507,"single slender palm tree rising from shallow turquoise ocean, shallow surf and reflective water in foreground, low sunset reflection behind the tree, very soft distant coastline, calm turquoise water, soft atmospheric tropical photo",1,"[0, 0, 1, 4, 1, 0]",0.8972554802894592,0.6436529159545898,0.03384912759065628,0.18398132402680517,0.6063290291915603,0.8503304940682871,0.12264538917322841,0.8773546108267716,0.9282192166035801,0.8753666794408154,0.8753666794408154,0.5,0.0,0.0,0.6031271464504441,0.4734519343021094,0.5129725508924403,0.6477917663721423,0.7338422705165307,0.2332200846206815,0.3666894122022056,0.5425937915484095,False,1,0.5425937915484095,817
1159_29.png,00451,"solitary slender palm tree in shallow ocean, shallow surf and reflective water in foreground, soft pale sunset haze, clear turquoise ocean, soft atmospheric tropical photo",1,"[3, 0, 2, 0, 0, 0]",0.9043892621994019,0.6633539199829102,0.038765762001276016,0.1968902283031741,0.555243198060249,0.8360239664713541,0.11448859683874486,0.8855114031612551,0.9455528321578074,0.8752503424501101,0.8752503424501101,0.5,0.0,0.0,0.674736323146843,0.4197402426880287,0.38018314813145504,0.5459533437647208,0.6559163947546636,0.4854944283187853,0.548659802958608,0.5422805940528618,False,1,0.5422805940528618,818
1159_29.png,00808,"single isolated slender palm tree in shallow turquoise water, shallow surf and reflective water in foreground, low sun reflection behind the tree, very soft distant coastline, clear turquoise ocean, soft atmospheric tropical photo",1,"[2, 0, 0, 4, 0, 0]",0.8882789015769958,0.5994265079498291,0.03657624125480652,0.19124916014144094,0.571559985905804,0.8103343822337963,0.11125720006837003,0.88874279993163,0.9467495599099325,0.8650603639632654,0.8650603639632654,0.5,0.0,0.0,0.5130199047005919,0.5940282858695454,0.4382108518074217,0.578480482883591,0.5159884257834145,0.5854354916738217,0.5612231955181092,0.5408944378954171,False,1,0.5408944378954171,819
1159_29.png,00674,"single slender palm tree in calm turquoise water, shallow surf and reflective water in foreground, low sun reflection behind the tree, faint distant land on right horizon, clear turquoise ocean, warm tropical sunset photo",1,"[1, 0, 0, 1, 0, 4]",0.8807379007339478,0.6378499269485474,0.03198240324854851,0.1788362470209787,0.6849271874810362,0.8769864682798033,0.11910273778128466,0.8808972622187153,0.9596208837569602,0.8948821292538539,0.8948821292538539,0.5,0.0,0.0,0.437323048719489,0.48927287192967406,0.5658981662766729,0.8044753767351476,0.8790340454349571,0.34278767175606933,0.6963479086899449,0.540525908934555,False,1,0.540525908934555,820
1159_29.png,00028,"single isolated slender palm tree in shallow turquoise water, shallow surf and reflective water in foreground, low sun reflection behind the tree, clear turquoise ocean, soft atmospheric tropical photo",1,"[2, 0, 0, 0, 0, 0]",0.8881748914718628,0.5754684805870056,0.03749227523803711,0.19362922103349253,0.531575161389636,0.7689598931206598,0.10460804372201046,0.8953919562779895,0.9446909585395331,0.8483573283094998,0.8483573283094998,0.5,0.0,0.0,0.5119758472720485,0.659346082644972,0.41372799426785,0.49877166016727975,0.29062673151511503,0.791081471691302,0.5396117495614761,0.5404450945095399,False,1,0.5404450945095399,821
1159_29.png,00040,"single slender palm tree rising from shallow turquoise ocean, shallow surf and reflective water in foreground, low sunset reflection behind the tree, calm turquoise water, natural ocean photograph",1,"[0, 0, 1, 0, 1, 1]",0.910832941532135,0.6830468773841858,0.038744255900382996,0.1968356062819504,0.5033357687922094,0.8529855233651621,0.11632832040379638,0.8836716795962036,0.9319430187301865,0.8795171771190314,0.8795171771190314,0.5,0.0,0.0,0.7394182236783848,0.3660504889381164,0.38074502584164693,0.4424770842775089,0.7483038847503545,0.42859521648066984,0.40578233692747034,0.5396984159871154,False,1,0.5396984159871154,822
1159_29.png,01000,"single slender palm tree rising from shallow turquoise ocean, shallow surf and reflective water in foreground, warm sun glow behind the tree, faint distant land on right horizon, gentle turquoise water, soft atmospheric tropical photo",1,"[0, 0, 3, 1, 3, 0]",0.8854321241378784,0.597526490688324,0.034432731568813324,0.18556058732611655,0.6020515652029186,0.8096641257957177,0.11578945051076363,0.8842105494892364,0.9545041652850703,0.8647233819863198,0.8647233819863198,0.5,0.0,0.0,0.4844438434715598,0.5992083843591803,0.49672721931137076,0.6392647408600464,0.512337622360402,0.4452614552457289,0.6426319798459346,0.5393660612565851,False,1,0.5393660612565851,823
1159_29.png,00014,"single slender palm tree rising from shallow turquoise ocean, shallow surf and reflective water in foreground, low sunset reflection behind the tree, clear turquoise ocean, natural ocean photograph",1,"[0, 0, 1, 0, 0, 1]",0.916499137878418,0.6960338354110718,0.038467343896627426,0.19613093559310685,0.49454344527975974,0.8476319489655672,0.11866038102922549,0.8813396189707745,0.9263357190090791,0.8751703874760921,0.8751703874760921,0.5,0.0,0.0,0.7962957201423508,0.33064358868357213,0.38799372781598895,0.42494979074556094,0.7191436311026291,0.35646893943213526,0.34691622684524137,0.5391520003393678,False,1,0.5391520003393678,824
1159_29.png,00929,"single slender palm tree rising from shallow turquoise ocean, shallow surf and reflective water in foreground, low sun reflection behind the tree, hazy island silhouette on right horizon, calm turquoise water, warm tropical sunset photo",1,"[0, 0, 0, 2, 1, 4]",0.8802218437194824,0.6271225214004517,0.03216490522027016,0.17934577000941548,0.6847213383953716,0.8549233895760996,0.11615193095117023,0.8838480690488297,0.9552979215327407,0.8851219337828833,0.8851219337828833,0.5,0.0,0.0,0.4321428485955184,0.5185194574229932,0.5606568807361665,0.8040650213447189,0.7588592008865362,0.43405061261824174,0.6509649288548732,0.5389137513954636,False,1,0.5389137513954636,825
1159_29.png,00710,"single slender palm tree in calm turquoise water, shallow surf and reflective water in foreground, soft pale sunset haze, faint distant land on right horizon, shallow turquoise sea, soft atmospheric tropical photo",1,"[1, 0, 2, 1, 2, 0]",0.9061915278434753,0.6573414206504822,0.033496834337711334,0.18302140404256365,0.5793897850387221,0.8125972041377315,0.12375668125347161,0.8762433187465284,0.9275980873047126,0.8578735208842065,0.8578735208842065,0.5,0.0,0.0,0.6928275348757064,0.4361323772974631,0.522846913477893,0.5940890063307237,0.5283137351474485,0.1988498973333277,0.3601687217627778,0.5381103668016742,False,1,0.5381103668016742,826
1159_29.png,00235,"single slender palm tree rising from shallow turquoise ocean, shallow surf and reflective water in foreground, low sunset reflection behind the tree, gentle turquoise water, natural ocean photograph",1,"[0, 0, 1, 0, 3, 1]",0.9117916822433472,0.6821609735488892,0.038041070103645325,0.1950412010413321,0.49639297627183826,0.8441116898148149,0.11642524049092898,0.883574759509071,0.9275585789346369,0.874613142031769,0.874613142031769,0.5,0.0,0.0,0.7490420997460756,0.36846576653172447,0.3992034476496914,0.42863678799363686,0.6999692175090814,0.42559765930746973,0.3597539581193628,0.5380926025436086,False,1,0.5380926025436086,827
1159_29.png,00267,"single slender palm tree rising from shallow turquoise ocean, water fills foreground around the palm, low sun reflection behind the tree, clear turquoise ocean, warm tropical sunset photo",1,"[0, 1, 0, 0, 0, 4]",0.8765335083007812,0.6241064667701721,0.03109985589981079,0.17635151232640675,0.6783738167523219,0.8686664722583912,0.1153274257428365,0.8846725742571635,0.9533372552351514,0.8912027645533136,0.8912027645533136,0.5,0.0,0.0,0.39511919605783064,0.5267422564214566,0.5914577667700864,0.7914113837845687,0.8337160623037619,0.4595510178974992,0.6303816171274927,0.5380491521531867,False,1,0.5380491521531867,828
1159_29.png,00416,"single isolated slender palm tree in shallow turquoise water, shallow surf and reflective water in foreground, low sun reflection behind the tree, subtle right horizon landform, clear turquoise ocean, soft atmospheric tropical photo",1,"[2, 0, 0, 3, 0, 0]",0.8892276883125305,0.5938618183135986,0.03829629346728325,0.19569438792996402,0.5486773473393337,0.7880198160807291,0.10645201425716175,0.8935479857428382,0.9462786990595706,0.8566064520582356,0.8566064520582356,0.5,0.0,0.0,0.5225438623782731,0.609199537712326,0.3924843415988766,0.5328644722383852,0.39444376038909074,0.7340509090046297,0.5562800414101745,0.5367560520029258,False,1,0.5367560520029258,829
1159_29.png,00190,"single isolated slender palm tree in shallow turquoise water, shallow surf and reflective water in foreground, low sun reflection behind the tree, clear turquoise ocean, muted colors",1,"[2, 0, 0, 0, 0, 2]",0.883987307548523,0.5673884749412537,0.034931957721710205,0.1869009302323298,0.5721955287381173,0.7571055094401041,0.10333755760281246,0.8966624423971875,0.9310929380156735,0.8407479216901972,0.8407479216901972,0.5,0.0,0.0,0.4699407190773524,0.6813749483241422,0.4829395786099987,0.5797474228179903,0.22605737856307342,0.8303752331057296,0.39685808685912943,0.5366043298703098,False,1,0.5366043298703098,830
1159_29.png,00828,"single isolated slender palm tree in shallow turquoise water, shallow surf and reflective water in foreground, golden reflection behind the palm, clear turquoise ocean, soft atmospheric tropical photo",1,"[2, 0, 4, 0, 0, 0]",0.899605929851532,0.5559277534484863,0.046677540987730026,0.21604985764339218,0.43093270206883294,0.7353747332537616,0.11231802156320517,0.8876819784367949,0.965086129464811,0.8346245483100331,0.8346245483100331,0.5,0.0,0.0,0.6267210493943869,0.7126208045053548,0.18309471345564587,0.2981432456423717,0.10769254448069968,0.5526262652749847,0.7537227185745923,0.5365048801526482,False,1,0.5365048801526482,831
1159_29.png,00083,"single isolated slender palm tree in shallow turquoise water, water fills foreground around the palm, low sun reflection behind the tree, clear turquoise ocean, soft atmospheric tropical photo",1,"[2, 1, 0, 0, 0, 0]",0.8910185098648071,0.5741880536079407,0.043792661279439926,0.20926696174848033,0.44248605218654297,0.7615288628472223,0.0980232447762699,0.9019767552237301,0.9659756697975419,0.851574986569064,0.851574986569064,0.5,0.0,0.0,0.540520197874311,0.6628369655936288,0.25286800138095034,0.32117458184192543,0.2501508342055047,0.9947369975771232,0.7630612204834539,0.5363815974174932,False,1,0.5363815974174932,832
1159_29.png,00969,"single slender palm tree rising from shallow turquoise ocean, shallow surf and reflective water in foreground, low sunset reflection behind the tree, minimal horizon detail, clear turquoise ocean, natural ocean photograph",1,"[0, 0, 1, 5, 0, 1]",0.9230960607528687,0.7130904197692871,0.03877827152609825,0.19692199350529196,0.48348216294092794,0.8472097891348379,0.12272977083385882,0.8772702291661412,0.9208602158875053,0.8724610284963277,0.8724610284963277,0.5,0.0,0.0,0.8625158852290704,0.284141491748763,0.37985639055951026,0.40289938028034816,0.7168441790309671,0.23061031754769892,0.2894337333917807,0.536339279306735,False,1,0.536339279306735,833
1159_29.png,00795,"single isolated slender palm tree in shallow turquoise water, shallow surf and reflective water in foreground, low sun reflection behind the tree, calm turquoise water, soft hazy tropical photo",1,"[2, 0, 0, 0, 1, 3]",0.8887456655502319,0.5802798867225647,0.037741780281066895,0.19427243829495447,0.518706992262829,0.7808764422381366,0.10588640504877045,0.8941135949512296,0.9364618043171853,0.8516265181035289,0.8516265181035289,0.5,0.0,0.0,0.5177052993842155,0.6462285398937622,0.407111442299807,0.4731192626883957,0.35553469186726616,0.7515441448239722,0.45322109408913097,0.5361532222766322,False,1,0.5361532222766322,834
1159_29.png,00484,"single slender palm tree rising from shallow turquoise ocean, shallow surf and reflective water in foreground, low sun reflection behind the tree, very soft distant coastline, calm turquoise water, natural ocean photograph",1,"[0, 0, 0, 4, 1, 1]",0.8823529481887817,0.5926979780197144,0.033502012491226196,0.1830355498017426,0.6208242381889446,0.8310134322554976,0.12411985254154834,0.8758801474584517,0.9542403009437723,0.8713621563141865,0.8713621563141865,0.5,0.0,0.0,0.4535349570769743,0.6123725653845854,0.5227014009794841,0.6766876301952085,0.6286246383057316,0.18761768807844392,0.6398619001044945,0.5358703833907298,False,1,0.5358703833907298,835
1159_29.png,00410,"single isolated slender palm tree in shallow turquoise water, shallow surf and reflective water in foreground, low sun reflection behind the tree, gentle turquoise water, soft atmospheric tropical photo",1,"[2, 0, 0, 0, 3, 0]",0.8884119391441345,0.5834092497825623,0.03852738440036774,0.19628393821290557,0.5139857568164378,0.7786599618417246,0.10530983025112758,0.8946901697488724,0.9496729377842444,0.8534731297977303,0.8534731297977303,0.5,0.0,0.0,0.5143553409071872,0.6376968232672662,0.38641984314933053,0.46370758904090487,0.3434617989287699,0.7693765258266478,0.5919131697161023,0.5349853693103946,False,1,0.5349853693103946,836
1159_29.png,00268,"single slender palm tree rising from shallow turquoise ocean, water fills foreground around the palm, low sun reflection behind the tree, calm turquoise water, soft hazy tropical photo",1,"[0, 1, 0, 0, 1, 3]",0.8853369951248169,0.5737615823745728,0.034402042627334595,0.18547787638242624,0.546174247550838,0.7932332356770834,0.11685053938514484,0.8831494606148551,0.9425370089453342,0.8545646690589537,0.8545646690589537,0.5,0.0,0.0,0.4834889347861986,0.6639996723945618,0.49757803798500044,0.5278746007134578,0.422840608262021,0.41244395929720096,0.5169993264291088,0.5349317371668592,False,1,0.5349317371668592,837
1159_29.png,00391,"single slender palm tree in calm turquoise water, water fills foreground around the palm, warm sun glow behind the tree, clear turquoise ocean, soft atmospheric tropical photo",1,"[1, 1, 3, 0, 0, 0]",0.8943310379981995,0.5760800242424011,0.04263784736394882,0.20648933958911492,0.4731683842354995,0.7616780598958334,0.11143185985945395,0.8885681401405461,0.9668889535652172,0.8471317667153595,0.8471317667153595,0.5,0.0,0.0,0.573771482453852,0.6576788049681624,0.28144043322654155,0.3823391010165529,0.25096349196577034,0.5800335907354027,0.7726489838416197,0.5336114700960911,False,1,0.5336114700960911,838
1159_29.png,00102,"single slender palm tree rising from shallow turquoise ocean, shallow surf and reflective water in foreground, low sunset reflection behind the tree, shallow turquoise sea, natural ocean photograph",1,"[0, 0, 1, 0, 2, 1]",0.913987934589386,0.69754558801651,0.03836210072040558,0.19586245357496565,0.5093564272845837,0.8529001871744791,0.1188073852505192,0.8811926147494809,0.9242323431331506,0.877068968017464,0.877068968017464,0.5,0.0,0.0,0.7710881651154387,0.3265220327657439,0.3907555088376592,0.4544791277080127,0.7478390691374746,0.3519223735852979,0.3248347327188214,0.5334554912797697,False,1,0.5334554912797697,839
1159_29.png,00799,"single isolated slender palm tree in shallow turquoise water, shallow surf and reflective water in foreground, low sun reflection behind the tree, faint distant land on right horizon, clear turquoise ocean, soft hazy tropical photo",1,"[2, 0, 0, 1, 0, 3]",0.8918548226356506,0.6089085340499878,0.035676345229148865,0.18888182874259998,0.5922168582654209,0.7942222312644676,0.11722663782149745,0.8827733621785026,0.9408192447402571,0.8545345297795377,0.8545345297795377,0.5,0.0,0.0,0.5489151375762551,0.5681770317387269,0.4625627654833857,0.6196594800834009,0.42822754417287456,0.4008119375040739,0.4989660302222477,0.5314530083122078,False,1,0.5314530083122078,840
1159_29.png,00257,"single slender palm tree rising from shallow turquoise ocean, shallow surf and reflective water in foreground, warm sun glow behind the tree, clear turquoise ocean, muted colors",1,"[0, 0, 3, 0, 0, 2]",0.8913328647613525,0.5718605518341064,0.038940977305173874,0.19733468348258973,0.5273461449554165,0.7554909035011574,0.10925529520041914,0.8907447047995809,0.9327407284355194,0.8382796989424781,0.8382796989424781,0.5,0.0,0.0,0.5436757043947339,0.669182533430055,0.3756111924824641,0.49034121373420203,0.21726282090746832,0.6473506681302956,0.41415678981270226,0.5308803747509037,False,1,0.5308803747509037,841
1159_29.png,00173,"single slender palm tree in calm turquoise water, shallow surf and reflective water in foreground, soft pale sunset haze, faint distant land on right horizon, clear turquoise ocean, soft atmospheric tropical photo",1,"[1, 0, 2, 1, 0, 0]",0.9039507508277893,0.6573998332023621,0.03427494689822197,0.18513494240208134,0.5587076111254078,0.8229940908926504,0.12363236639656469,0.8763676336034353,0.9252836715857918,0.8621327469800534,0.8621327469800534,0.5,0.0,0.0,0.670334529163007,0.4359731246538693,0.5011056804139407,0.552859571068911,0.5849442836914363,0.20269472354099352,0.3358717058616687,0.5292596009822357,False,1,0.5292596009822357,842
1159_29.png,00469,"single slender palm tree rising from shallow turquoise ocean, shallow surf and reflective water in foreground, low sun reflection behind the tree, faint distant land on right horizon, calm turquoise water, warm tropical sunset photo",1,"[0, 0, 0, 1, 1, 4]",0.8805868625640869,0.6500000953674316,0.031105756759643555,0.17636824192479653,0.6722939415287368,0.8679074887876158,0.11713092153398413,0.8828690784660158,0.9579167729730373,0.8911459020121402,0.8911459020121402,0.5,0.0,0.0,0.4358069217716787,0.45614734704596094,0.5912856752175388,0.7792912931702387,0.8295819737733183,0.4037722634046787,0.6784579477482985,0.5284797372112965,False,1,0.5284797372112965,843
1159_29.png,00154,"single slender palm tree rising from shallow turquoise ocean, small waves at the trunk base, low sun reflection behind the tree, clear turquoise ocean, soft atmospheric tropical photo",1,"[0, 4, 0, 0, 0, 0]",0.8788687586784363,0.6236740350723267,0.03404533490538597,0.18451377971681673,0.5892704160783909,0.8448763246889467,0.10824822852610196,0.8917517714738981,0.9645826510100585,0.885223996327902,0.885223996327902,0.5,0.0,0.0,0.41856052900505214,0.527921213492144,0.5074953646371549,0.6137858157426992,0.7041340885304437,0.6784973583861632,0.7484371409141138,0.527773767156105,False,1,0.527773767156105,844
1159_29.png,00191,"single isolated slender palm tree in shallow turquoise water, shallow surf and reflective water in foreground, low sun reflection behind the tree, calm turquoise water, natural ocean photograph",1,"[2, 0, 0, 0, 1, 1]",0.8830141425132751,0.5792464017868042,0.03625301644206047,0.19040224904674963,0.5480014787740795,0.782883255570023,0.1053289794196828,0.8946710205803172,0.935411959143856,0.8525147140383926,0.8525147140383926,0.5,0.0,0.0,0.46017205109120457,0.6490461741664912,0.4469227313014531,0.5315171438882108,0.3664655543926611,0.768784277828719,0.4421996925917462,0.5274950957526044,False,1,0.5274950957526044,845
1159_29.png,00117,"single slender palm tree rising from shallow turquoise ocean, shallow surf and reflective water in foreground, warm sun glow behind the tree, calm turquoise water, soft atmospheric tropical photo",1,"[0, 0, 3, 0, 1, 0]",0.8861998319625854,0.5797459483146667,0.038291435688734055,0.19568197589132744,0.5033591092149682,0.7843023229528358,0.10970930117173446,0.8902906988282655,0.9522101416791375,0.8549798182544965,0.8549798182544965,0.5,0.0,0.0,0.492150124090264,0.6476842390583684,0.3926120199178348,0.4425236128703517,0.37419503786246466,0.6333091118724012,0.6185490428112435,0.5263843756433035,False,1,0.5263843756433035,846
1159_29.png,00997,"single slender palm tree rising from shallow turquoise ocean, shallow surf and reflective water in foreground, warm sun glow behind the tree, faint distant land on right horizon, clear turquoise ocean, soft hazy tropical photo",1,"[0, 0, 3, 1, 0, 3]",0.8843634128570557,0.6029832363128662,0.03602137416601181,0.18979297712510812,0.5976191680321533,0.8004619457103588,0.11198021829096513,0.8880197817090348,0.951577418905877,0.861330282948999,0.861330282948999,0.5,0.0,0.0,0.4737160786040623,0.5843314249016534,0.4531900993802387,0.6304288596334087,0.4622144923967249,0.5630738892071451,0.6119066426766324,0.5263454773877014,False,1,0.5263454773877014,847
1159_29.png,00260,"single slender palm tree rising from shallow turquoise ocean, shallow surf and reflective water in foreground, warm sun glow behind the tree, faint distant land on right horizon, clear turquoise ocean, natural ocean photograph",1,"[0, 0, 3, 1, 0, 1]",0.8809103965759277,0.6003295183181763,0.03447498753666878,0.18567441271394608,0.6132244622422479,0.8023127803096065,0.11282590492551493,0.8871740950744851,0.9564460097172611,0.8628408863588449,0.8628408863588449,0.5,0.0,0.0,0.4390545686038469,0.591566370001742,0.49555633718649583,0.6615376526487523,0.47229575817275177,0.5369183819983414,0.6630176973558473,0.5251003554860789,False,1,0.5251003554860789,848
1159_29.png,00321,"single slender palm tree rising from shallow turquoise ocean, gentle surf and reflective foreground water, warm sun glow behind the tree, clear turquoise ocean, soft atmospheric tropical photo",1,"[0, 2, 3, 0, 0, 0]",0.8964732885360718,0.5702084898948669,0.04271887242794037,0.2066854431931295,0.4891872260108347,0.7438297978153935,0.11854851657952128,0.8814514834204787,0.9580231436602157,0.8348360569461377,0.8348360569461377,0.5,0.0,0.0,0.5952754755995702,0.6736866206979035,0.27942318374518593,0.4142722915367348,0.15374622914486255,0.3599286978120294,0.6795746400765847,0.5246003307273848,False,1,0.5246003307273848,849
1159_29.png,00299,"single slender palm tree rising from shallow turquoise ocean, water fills foreground around the palm, warm sun glow behind the tree, calm turquoise water, soft atmospheric tropical photo",1,"[0, 1, 3, 0, 1, 0]",0.8884329795837402,0.5976171493530273,0.04120137169957161,0.2029812102130924,0.47374705384488036,0.796846177842882,0.10295924426471771,0.8970407557352823,0.9540088223510168,0.863346809006849,0.863346809006849,0.5,0.0,0.0,0.5145665456477464,0.5989612177562147,0.3175273384105137,0.3834926654966672,0.44251985470664357,0.8420757576705916,0.6374318098648853,0.5245009851296059,False,1,0.5245009851296059,850
1159_29.png,00407,"single isolated slender palm tree in shallow turquoise water, shallow surf and reflective water in foreground, low sun reflection behind the tree, clear turquoise ocean, soft hazy tropical photo",1,"[2, 0, 0, 0, 0, 3]",0.8849967122077942,0.581832766532898,0.038185570389032364,0.1954112852141154,0.5307218915624012,0.7797393798828125,0.10419287997470567,0.8958071200252944,0.9347326485148616,0.851361742659091,0.851361742659091,0.5,0.0,0.0,0.4800731618007807,0.6419948571146281,0.39539652064620034,0.49707068650511615,0.34934125469433014,0.8039217105479183,0.43506820751776565,0.5241681658822795,False,1,0.5241681658822795,851
1159_29.png,00531,"single slender palm tree rising from shallow turquoise ocean, shallow surf and reflective water in foreground, warm sun glow behind the tree, hazy island silhouette on right horizon, clear turquoise ocean, natural ocean photograph",1,"[0, 0, 3, 2, 0, 1]",0.8698738217353821,0.5962793231010437,0.03000326082110405,0.1732144936808235,0.6684650587222721,0.8322584364149305,0.11578007975461808,0.8842199202453819,0.9603323325970501,0.8760597349920125,0.8760597349920125,0.5,0.0,0.0,0.3282690066317092,0.6026085908026073,0.6237271851094598,0.7716585038679219,0.6354060210552236,0.4455512752214765,0.7038167845877246,0.524116215355496,False,1,0.524116215355496,852
1159_29.png,00429,"single isolated slender palm tree in shallow turquoise water, water fills foreground around the palm, low sun reflection behind the tree, shallow turquoise sea, soft atmospheric tropical photo",1,"[2, 1, 0, 0, 2, 0]",0.8854354619979858,0.5824891924858093,0.039948541671037674,0.1998713127765905,0.48249710318921546,0.7694453486689815,0.10000352853271799,0.899996471467282,0.9572145143595661,0.8526920747865036,0.8526920747865036,0.5,0.0,0.0,0.48447734903946715,0.6402052149065675,0.3495177703170368,0.40093568645239414,0.29327094748507093,0.9334905216944449,0.6710855519601472,0.5237228285300688,False,1,0.5237228285300688,853
1159_29.png,00544,"single slender palm tree rising from shallow turquoise ocean, water fills foreground around the palm, low sun reflection behind the tree, calm turquoise water, warm tropical sunset photo",1,"[0, 1, 0, 0, 1, 4]",0.8754207491874695,0.6259162425994873,0.032590653747320175,0.18052881694433212,0.6605123984963459,0.8645884195963541,0.1159887192734919,0.8840112807265081,0.9530041633530917,0.8890695697432556,0.8890695697432556,0.5,0.0,0.0,0.38394927735669787,0.5218081870159045,0.5484872889131506,0.7558050596739854,0.811503416856492,0.4390984448029745,0.6268847782973839,0.5224639649604109,False,1,0.5224639649604109,854
1159_29.png,00831,"single isolated slender palm tree in shallow turquoise water, water fills foreground around the palm, low sun reflection behind the tree, shallow turquoise sea, natural ocean photograph",1,"[2, 1, 0, 0, 2, 1]",0.8873705267906189,0.5850452780723572,0.04014834761619568,0.20037052581703646,0.4852230622775454,0.7658945719401041,0.09923015664080884,0.9007698433591912,0.9440894261560725,0.8487398877799783,0.8487398877799783,0.5,0.0,0.0,0.5039016037200753,0.6332364492250571,0.34438253962106957,0.4063698228362052,0.2739303084405591,0.9574094690533399,0.5332967899081645,0.52210139262999,False,1,0.52210139262999,855
1159_29.png,00911,"single delicate palm tree in calm turquoise sea, water fills foreground around the palm, low sun reflection behind the tree, faint distant land on right horizon, clear turquoise ocean, soft atmospheric tropical photo",1,"[4, 1, 0, 1, 0, 0]",0.8935509920120239,0.6229429841041565,0.0376536101102829,0.19404538157421553,0.5330279463341988,0.8154003002025463,0.1224387749629408,0.8775612250370592,0.9529565778995028,0.8646678794340172,0.8646678794340172,0.5,0.0,0.0,0.5659413508966329,0.5299143090775307,0.40944709571347326,0.5016677533474376,0.5435818506433542,0.23961027602946208,0.6263852204551787,0.5184307710448388,False,1,0.5184307710448388,856
1159_29.png,00900,"single delicate palm tree in calm turquoise sea, shallow surf and reflective water in foreground, low sun reflection behind the tree, calm turquoise water, natural ocean photograph",1,"[4, 0, 0, 0, 1, 1]",0.8777592778205872,0.601058304309845,0.032690078020095825,0.18080397678175064,0.606779071491367,0.816629480432581,0.11516073670439442,0.8848392632956056,0.9479905930809204,0.8667751269643076,0.8667751269643076,0.5,0.0,0.0,0.40742351755811423,0.589579449518862,0.5456568154901271,0.6486889152861167,0.5502770424182726,0.4647063983522483,0.5742517117188881,0.5175889478013319,False,1,0.5175889478013319,857
1159_29.png,00529,"single slender palm tree rising from shallow turquoise ocean, shallow surf and reflective water in foreground, warm sun glow behind the tree, faint distant land on right horizon, calm turquoise water, natural ocean photograph",1,"[0, 0, 3, 1, 1, 1]",0.8786585927009583,0.6059167981147766,0.03405581787228584,0.18454218453320054,0.6132974824990798,0.8082874439380787,0.11290189924338374,0.8870981007566162,0.9566914949980228,0.8655519840365556,0.8655519840365556,0.5,0.0,0.0,0.4164508748543106,0.5763335296365919,0.507203174183001,0.6616832168415915,0.5048390075724931,0.534568019762919,0.6655948314987724,0.5169360360366917,False,1,0.5169360360366917,858
1159_29.png,00908,"single delicate palm tree in calm turquoise sea, shallow surf and reflective water in foreground, soft pale sunset haze, clear turquoise ocean, soft atmospheric tropical photo",1,"[4, 0, 2, 0, 0, 0]",0.8959457874298096,0.6616119146347046,0.03619969263672829,0.19026216816994462,0.5671830659086592,0.8356119791666666,0.11550804147836322,0.8844919585216368,0.9312361467806638,0.8718448054637057,0.8718448054637057,0.5,0.0,0.0,0.5899803992427741,0.4244895465264723,0.4483636944979362,0.5697551941192293,0.6536723511666565,0.4539649107277811,0.3983615097799563,0.5158202022124032,False,1,0.5158202022124032,859
1159_29.png,00079,"single isolated slender palm tree in shallow turquoise water, shallow surf and reflective water in foreground, low sun reflection behind the tree, clear turquoise ocean, natural ocean photograph",1,"[2, 0, 0, 0, 0, 1]",0.8809739351272583,0.5755119323730469,0.03765302151441574,0.19404386492341297,0.5386012678516361,0.7600453694661459,0.102345124264583,0.897654875735417,0.9418903669409628,0.8445776961553542,0.8445776961553542,0.5,0.0,0.0,0.439692371021513,0.6592276181784618,0.409462696972105,0.5127780408665132,0.24207043033922354,0.8610693416228151,0.5102108005242371,0.5144804424000249,False,1,0.5144804424000249,860
1159_29.png,00457,"single delicate palm tree in calm turquoise sea, shallow surf and reflective water in foreground, low sun reflection behind the tree, clear turquoise ocean, natural ocean photograph",1,"[4, 0, 0, 0, 0, 1]",0.8764399886131287,0.6031741499900818,0.033106423914432526,0.1819517076436287,0.6119351868533113,0.8126079418041088,0.114929203270473,0.885070796729527,0.952489030761624,0.8659461588195082,0.8659461588195082,0.5,0.0,0.0,0.3941804418427105,0.5838109287614175,0.5338505078116256,0.6589675119853189,0.5283722218801947,0.47186729477960637,0.6214768541013335,0.5112730194671861,False,1,0.5112730194671861,861
1159_29.png,00660,"single slender palm tree rising from shallow turquoise ocean, small waves at the trunk base, low sunset reflection behind the tree, clear turquoise ocean, natural ocean photograph",1,"[0, 4, 1, 0, 0, 1]",0.8687783479690552,0.6332120299339294,0.029182517901062965,0.17082891412481369,0.6610030994275876,0.8683177806712963,0.11264540775546861,0.8873545922445314,0.9535081832159198,0.8920187452308532,0.8920187452308532,0.5,0.0,0.0,0.31727259890723986,0.5019173693283309,0.6482668112232933,0.7567832606291817,0.8318167826140492,0.5425008221593219,0.6321760397252659,0.5110928295318659,False,1,0.5110928295318659,862
1159_29.png,00832,"single isolated slender palm tree in shallow turquoise water, water fills foreground around the palm, low sun reflection behind the tree, gentle turquoise water, soft atmospheric tropical photo",1,"[2, 1, 0, 0, 3, 0]",0.890262246131897,0.5896385908126831,0.04478737711906433,0.21163028403105338,0.424583718776091,0.7618696424696182,0.10228104144406407,0.897718958555936,0.9671637328814697,0.8504757211821997,0.8504757211821997,0.5,0.0,0.0,0.5329287934884323,0.6207135038441638,0.22855732808785834,0.285486694317372,0.2520070184079306,0.8630513035051101,0.7755336503091448,0.5099590521378268,False,1,0.5099590521378268,863
1159_29.png,00295,"single slender palm tree rising from shallow turquoise ocean, water fills foreground around the palm, soft pale sunset haze, faint distant land on right horizon, clear turquoise ocean, natural ocean photograph",1,"[0, 1, 2, 1, 0, 1]",0.8802498579025269,0.6475241780281067,0.03039170242846012,0.17433216119941874,0.6415221971844981,0.8293021873191551,0.11671088571366652,0.8832891142863335,0.957646555810177,0.8738664854558719,0.8738664854558719,0.5,0.0,0.0,0.4324240560404556,0.4628975465992735,0.6122301285737395,0.7179485326533135,0.6193037000554086,0.41676318637477405,0.6756211753183946,0.5081526778396374,False,1,0.5081526778396374,864
1159_29.png,00797,"single isolated slender palm tree in shallow turquoise water, shallow surf and reflective water in foreground, low sun reflection behind the tree, gentle turquoise water, natural ocean photograph",1,"[2, 0, 0, 0, 3, 1]",0.8801717162132263,0.5787509083747864,0.03804889693856239,0.19506126457747164,0.5329927815113125,0.7661760118272568,0.10426266587824673,0.8957373341217533,0.9436294595239195,0.8470131641696631,0.8470131641696631,0.5,0.0,0.0,0.4316396667631946,0.650397059091181,0.39899706104055677,0.5015976530864708,0.27546327648833296,0.8017633629655252,0.5284680046194906,0.5079227059948196,False,1,0.5079227059948196,865
1159_29.png,00427,"single isolated slender palm tree in shallow turquoise water, water fills foreground around the palm, low sun reflection behind the tree, clear turquoise ocean, muted colors",1,"[2, 1, 0, 0, 0, 2]",0.8899640440940857,0.5880565643310547,0.04278190806508064,0.20683787869991474,0.4695111180334308,0.7344405562789351,0.0993709093952377,0.9006290906047623,0.9540266174540536,0.8365237555279983,0.8365237555279983,0.5,0.0,0.0,0.5299354299841327,0.6250266504423974,0.2778551327726,0.37504842544514516,0.10260419873176134,0.9530562493940451,0.6376186250070018,0.5078673639960367,False,1,0.5078673639960367,866
1159_29.png,00653,"single slender palm tree rising from shallow turquoise ocean, calm reflective water in foreground, warm sun glow behind the tree, clear turquoise ocean, soft atmospheric tropical photo",1,"[0, 3, 3, 0, 0, 0]",0.8997447490692139,0.581412672996521,0.049525186419487,0.22254254968317183,0.42104080318297604,0.7363173873336226,0.11689484133316763,0.8831051586668324,0.9782916159901026,0.836087953031542,0.836087953031542,0.5,0.0,0.0,0.6281145220311075,0.6431401761269238,0.11630665152450148,0.278423974039676,0.11282706396601609,0.411073782835219,0.8923555119244876,0.5068079187799598,False,1,0.5068079187799598,867
1159_29.png,00729,"single slender palm tree in calm turquoise water, water fills foreground around the palm, low sun reflection behind the tree, faint distant land on right horizon, clear turquoise ocean, soft hazy tropical photo",1,"[1, 1, 0, 1, 0, 3]",0.8900136351585388,0.6070149540901184,0.036134690046310425,0.19009126767505766,0.533614608888777,0.7843961362485533,0.1204742806954906,0.8795257193045094,0.9391992560604114,0.8486521142805095,0.8486521142805095,0.5,0.0,0.0,0.5304332269930429,0.5733395799370269,0.45012168837268673,0.5028372515789045,0.37470602721172264,0.3003684125244322,0.48195919329487763,0.5056086509293954,False,1,0.5056086509293954,868
1159_29.png,00964,"single slender palm tree rising from shallow turquoise ocean, shallow surf and reflective water in foreground, low sunset reflection behind the tree, subtle right horizon landform, shallow turquoise sea, natural ocean photograph",1,"[0, 0, 1, 3, 2, 1]",0.9075700044631958,0.6936700344085693,0.03907203674316406,0.19766647855203992,0.5128744781048418,0.8401506212022568,0.12096180572400203,0.8790381942759979,0.9188161822314989,0.8694943839839147,0.8694943839839147,0.5,0.0,0.0,0.7066647361077539,0.337088120662803,0.37219813215076847,0.4614922806362075,0.6783937696238375,0.285290174467031,0.26797522106126903,0.5015705989733984,False,1,0.5015705989733984,869
1159_29.png,00757,"single slender palm tree in calm turquoise water, water fills foreground around the palm, warm sun glow behind the tree, faint distant land on right horizon, clear turquoise ocean, soft atmospheric tropical photo",1,"[1, 1, 3, 1, 0, 0]",0.8794718980789185,0.612206757068634,0.036154620349407196,0.1901436834328377,0.5705044187464724,0.8107678448712384,0.11316738901328541,0.8868326109867146,0.9524331290073387,0.865723569838875,0.865723569838875,0.5,0.0,0.0,0.42461486546317856,0.5591849449700865,0.44958250572620784,0.5763762341695744,0.5183494428369146,0.5263569173204383,0.62088999072944,0.5009977824052153,False,1,0.5009977824052153,870
1159_29.png,00428,"single isolated slender palm tree in shallow turquoise water, water fills foreground around the palm, low sun reflection behind the tree, calm turquoise water, natural ocean photograph",1,"[2, 1, 0, 0, 1, 1]",0.8892989158630371,0.5915460586547852,0.042331308126449585,0.20574573659361592,0.4633179156423511,0.7560029206452547,0.10787987607851574,0.8921201239214842,0.9400623005589254,0.8404558177746692,0.8404558177746692,0.5,0.0,0.0,0.5232588472648687,0.6155130925173358,0.28908961828126,0.36270241974397727,0.2200517145847446,0.6898898112222535,0.4910195387342596,0.4944270176560103,False,1,0.4944270176560103,871
1159_29.png,00504,"single slender palm tree rising from shallow turquoise ocean, shallow surf and reflective water in foreground, low sunset reflection behind the tree, subtle right horizon landform, calm turquoise water, natural ocean photograph",1,"[0, 0, 1, 3, 1, 1]",0.9088748097419739,0.701618492603302,0.040138356387615204,0.20034559238379865,0.4828696477322338,0.8370525218822338,0.11875033158958719,0.8812496684104129,0.9147233007789335,0.8680556789464364,0.8680556789464364,0.5,0.0,0.0,0.7197624215909879,0.3154178984371141,0.3446390211657109,0.4016783453809426,0.6615188081019517,0.3536869366974844,0.22500765697096503,0.4921641084620051,False,1,0.4921641084620051,872
1159_29.png,00708,"single slender palm tree in calm turquoise water, shallow surf and reflective water in foreground, soft pale sunset haze, faint distant land on right horizon, clear turquoise ocean, muted colors",1,"[1, 0, 2, 1, 0, 2]",0.8971520066261292,0.6705865859985352,0.03605467453598976,0.18988068499979074,0.5352986470807178,0.8305460611979166,0.12358751054584145,0.8764124894541585,0.9267851704572174,0.8658471329394615,0.8658471329394615,0.5,0.0,0.0,0.6020884738453144,0.4000215153571549,0.45228787901767376,0.5061943427582001,0.6260789263067168,0.2040820311783821,0.35163462246143007,0.4910574608619576,False,1,0.4910574608619576,873
1159_29.png,00589,"single slender palm tree rising from shallow turquoise ocean, water fills foreground around the palm, warm sun glow behind the tree, clear turquoise ocean, muted colors",1,"[0, 1, 3, 0, 0, 2]",0.8838373422622681,0.5902618765830994,0.043731871992349625,0.20912166791690817,0.48466802240586365,0.7612039071542246,0.10247002048350483,0.8975299795164952,0.9469582662557271,0.8460689043013199,0.8460689043013199,0.5,0.0,0.0,0.46843536177636946,0.6190142131359381,0.2543625884277101,0.40526336369157456,0.2483808409776525,0.8572065349744609,0.5634142199572272,0.4905807861178448,False,1,0.4905807861178448,874
1159_29.png,00431,"single isolated slender palm tree in shallow turquoise water, water fills foreground around the palm, low sun reflection behind the tree, faint distant land on right horizon, calm turquoise water, soft atmospheric tropical photo",1,"[2, 1, 0, 1, 1, 0]",0.8882372975349426,0.6072319746017456,0.04008658602833748,0.20021634805464184,0.5122186761356741,0.7860932526765047,0.11662428537044545,0.8833757146295546,0.9342859319965027,0.8497806502240717,0.8497806502240717,0.5,0.0,0.0,0.5126022817291745,0.5727479076152664,0.3459685125703682,0.4601849545811373,0.38395000923474765,0.4194415731540674,0.4303785235249019,0.49026351612585384,False,1,0.49026351612585384,875
1159_29.png,00863,"single isolated slender palm tree in shallow turquoise water, small waves at the trunk base, low sun reflection behind the tree, clear turquoise ocean, soft atmospheric tropical photo",1,"[2, 4, 0, 0, 0, 0]",0.8813053369522095,0.6178157329559326,0.038778357207775116,0.19692221105750138,0.5192868424105836,0.8191081859447338,0.11538623243583468,0.8846137675641653,0.9552166534282117,0.8692568330082304,0.8692568330082304,0.5,0.0,0.0,0.44301899526374866,0.5438929536230301,0.37985415267569467,0.4742751805444491,0.5637782429354184,0.45773223677952785,0.6501117664727428,0.4893528985497828,False,1,0.4893528985497828,876
1159_29.png,00755,"single slender palm tree in calm turquoise water, water fills foreground around the palm, warm sun glow behind the tree, clear turquoise ocean, natural ocean photograph",1,"[1, 1, 3, 0, 0, 1]",0.8865039348602295,0.5902470350265503,0.04628138616681099,0.21513109065593236,0.44316530627744044,0.7563007496021412,0.10297405075877658,0.8970259492412234,0.9509083170331148,0.8444760829620147,0.8444760829620147,0.5,0.0,0.0,0.49520272065211407,0.6190546763076268,0.19254574949474934,0.3225286591591532,0.22167395185618458,0.8416178204793507,0.6048823303592478,0.4853690355016081,False,1,0.4853690355016081,877
1159_29.png,00713,"single slender palm tree in calm turquoise water, shallow surf and reflective water in foreground, soft pale sunset haze, subtle right horizon landform, clear turquoise ocean, soft atmospheric tropical photo",1,"[1, 0, 2, 3, 0, 0]",0.8965204954147339,0.6542435884475708,0.036342088133096695,0.19063600953937504,0.5358096968840541,0.8220876057942709,0.1278060067702945,0.8721939932297055,0.9118818884680007,0.857583697931419,0.857583697931419,0.5,0.0,0.0,0.5957493400599749,0.444578129996958,0.44451811852098133,0.5072131087191927,0.5800067721480027,0.07361182637523365,0.19517816716239478,0.48464540266769013,False,1,0.48464540266769013,878
1159_29.png,00845,"single isolated slender palm tree in shallow turquoise water, water fills foreground around the palm, soft pale sunset haze, clear turquoise ocean, natural ocean photograph",1,"[2, 1, 2, 0, 0, 1]",0.8853884935379028,0.6438187956809998,0.034345123916864395,0.1853243748589602,0.5507019488798681,0.8080998173466435,0.11503533776669954,0.8849646622333005,0.9231988256533181,0.8580223147183083,0.8580223147183083,0.5,0.0,0.0,0.4840058778339129,0.47299968929484226,0.4991570546999413,0.5369004685749547,0.5038170288739766,0.4685847531527851,0.31398474132087417,0.4806618081171057,False,1,0.4806618081171057,879
1159_29.png,00654,"single slender palm tree rising from shallow turquoise ocean, small waves at the trunk base, low sun reflection behind the tree, clear turquoise ocean, muted colors",1,"[0, 4, 0, 0, 0, 2]",0.8648748397827148,0.6184800267219543,0.03339391201734543,0.18274001208642138,0.6018508404676439,0.8316362169053818,0.10942436704966764,0.8905756329503324,0.9654095478567287,0.8790196787113839,0.8790196787113839,0.5,0.0,0.0,0.2780890338669494,0.5420818610588936,0.5257414945358903,0.63886460074358,0.6320168688050232,0.6421215917902398,0.7571180039362043,0.4801304652849185,False,1,0.4801304652849185,880
1159_29.png,00200,"single isolated slender palm tree in shallow turquoise water, water fills foreground around the palm, low sun reflection behind the tree, clear turquoise ocean, natural ocean photograph",1,"[2, 1, 0, 0, 0, 1]",0.8879202008247375,0.595166802406311,0.04550914466381073,0.213328724422687,0.4389106857881793,0.7395092999493634,0.10208496634562282,0.8979150336543772,0.9481441862703934,0.8366782840103242,0.8366782840103242,0.5,0.0,0.0,0.5094192527779706,0.6056417036522806,0.21108606326153012,0.3140471716346407,0.13021301483716097,0.8691155398797059,0.5758641515828332,0.4793369514897616,False,1,0.4793369514897616,881
1159_29.png,00835,"single isolated slender palm tree in shallow turquoise water, water fills foreground around the palm, low sun reflection behind the tree, faint distant land on right horizon, shallow turquoise sea, soft atmospheric tropical photo",1,"[2, 1, 0, 1, 2, 0]",0.8803131580352783,0.6139307022094727,0.038488831371068954,0.19618570633730928,0.5358341186190017,0.7947404649522568,0.11203613929640452,0.8879638607035955,0.9344352734748105,0.8553076151697361,0.8553076151697361,0.5,0.0,0.0,0.4330594652032711,0.5544848794489989,0.3874303202443077,0.5072617928828701,0.4310502985901614,0.5613443570126673,0.43194632841123926,0.4770492553190697,False,1,0.4770492553190697,882
1159_29.png,00628,"single slender palm tree rising from shallow turquoise ocean, gentle surf and reflective foreground water, soft pale sunset haze, faint distant land on right horizon, calm turquoise water, soft atmospheric tropical photo",1,"[0, 2, 2, 1, 1, 0]",0.8967554569244385,0.691390872001648,0.03788236156105995,0.19463391677983555,0.5372816626644439,0.8379245334201388,0.12070128075261694,0.8792987192473831,0.928604577315527,0.8705415072387519,0.8705415072387519,0.5,0.0,0.0,0.5981078927151715,0.3433018988115203,0.4033930390108328,0.5101474384518672,0.6662685464507787,0.29334772496948897,0.3707349755248587,0.47695930659388597,False,1,0.47695930659388597,883
1159_29.png,00631,"single slender palm tree rising from shallow turquoise ocean, gentle surf and reflective foreground water, warm sun glow behind the tree, calm turquoise water, soft atmospheric tropical photo",1,"[0, 2, 3, 0, 1, 0]",0.889968752861023,0.5952188968658447,0.047133173793554306,0.2171017590752187,0.4454728246323136,0.7659465648509839,0.11978223278036589,0.8802177672196341,0.9651918078725972,0.8457905342843342,0.8457905342843342,0.5,0.0,0.0,0.5299826967674307,0.6054996762946265,0.17227416975145482,0.32712864362047916,0.2742135073570161,0.32177216125757585,0.7548321432701618,0.47620283770991495,False,1,0.47620283770991495,884
1159_29.png,00199,"single isolated slender palm tree in shallow turquoise water, shallow surf and reflective water in foreground, soft pale sunset haze, clear turquoise ocean, soft atmospheric tropical photo",1,"[2, 0, 2, 0, 0, 0]",0.9123839735984802,0.6937434673309326,0.03822118788957596,0.19550239867985242,0.4593197564344851,0.7733708134403935,0.11758676303930844,0.8824132369606915,0.8995218799642051,0.8367658749772601,0.8367658749772601,0.5,0.0,0.0,0.754987543108503,0.3368879173394278,0.3944592681544572,0.35473218185128585,0.31465246567752275,0.3896739375100887,0.06542130425333946,0.47600591217888305,False,1,0.47600591217888305,885
1159_29.png,00519,"single slender palm tree rising from shallow turquoise ocean, shallow surf and reflective water in foreground, soft pale sunset haze, hazy island silhouette on right horizon, calm turquoise water, natural ocean photograph",1,"[0, 0, 2, 2, 1, 1]",0.9009199142456055,0.7079795002937317,0.0385943241417408,0.1964543818339026,0.5397131651913643,0.832339816623264,0.12232036918906342,0.8776796308109366,0.9371186903715786,0.8691645263386123,0.8691645263386123,0.5,0.0,0.0,0.6399108751893663,0.2980756105551352,0.38466654897717933,0.5149945824920815,0.6358492889244604,0.24327234534176892,0.4601171632690677,0.47445334202906214,False,1,0.47445334202906214,886
1159_29.png,00298,"single slender palm tree rising from shallow turquoise ocean, water fills foreground around the palm, warm sun glow behind the tree, clear turquoise ocean, natural ocean photograph",1,"[0, 1, 3, 0, 0, 1]",0.8825164437294006,0.6000434756278992,0.044340427964925766,0.21057166942617367,0.46479968600001637,0.7606201171875,0.10281180937369844,0.8971881906263015,0.9500504281883629,0.8463050050912532,0.8463050050912532,0.5,0.0,0.0,0.4551761315907247,0.5923462204472594,0.2394469278653829,0.3656562946746442,0.24520100966570244,0.8466356433272155,0.5958761095960907,0.4738958646556517,False,1,0.4738958646556517,887
1159_29.png,00833,"single isolated slender palm tree in shallow turquoise water, water fills foreground around the palm, low sun reflection behind the tree, faint distant land on right horizon, clear turquoise ocean, muted colors",1,"[2, 1, 0, 1, 0, 2]",0.8787187337875366,0.6025006175041199,0.03883994370698929,0.19707852167851597,0.5403665509081019,0.7762502034505209,0.11207181171652332,0.8879281882834766,0.9345618362866546,0.8469998247092823,0.8469998247092823,0.5,0.0,0.0,0.4170545733903566,0.5856472092436735,0.378246239752541,0.5162970918038269,0.3303361448008378,0.56024107572211,0.43327500010436915,0.4716944158677392,False,1,0.4716944158677392,888
1159_29.png,00362,"single slender palm tree in calm turquoise water, shallow surf and reflective water in foreground, soft pale sunset haze, clear turquoise ocean, muted colors",1,"[1, 0, 2, 0, 0, 2]",0.8901501893997192,0.6616535782814026,0.03802380710840225,0.19499694127960637,0.5012007991678058,0.8367682562934028,0.11983056879355816,0.8801694312064419,0.9221138966591064,0.8690277955861071,0.8690277955861071,0.5,0.0,0.0,0.5318039637086834,0.4243759571408885,0.39965873240508787,0.43822107171885716,0.6599704488087179,0.3202772186986613,0.3025950256321865,0.47066469613424144,False,1,0.47066469613424144,889
1159_29.png,00525,"single slender palm tree rising from shallow turquoise ocean, shallow surf and reflective water in foreground, warm sun glow behind the tree, calm turquoise water, muted colors",1,"[0, 0, 3, 0, 1, 2]",0.8778102397918701,0.5866888761520386,0.03903510421514511,0.1975730351418055,0.5003581870423945,0.7518802218967013,0.11056441060151846,0.8894355893984816,0.9476308156436359,0.8391747192717113,0.8391747192717113,0.5,0.0,0.0,0.40793507578241484,0.6287554373402598,0.3731593519701527,0.43654134393873745,0.19759588745921322,0.6068621752160857,0.5704747247052342,0.4705095273005561,False,1,0.4705095273005561,890
1159_29.png,00909,"single delicate palm tree in calm turquoise sea, water fills foreground around the palm, low sun reflection behind the tree, clear turquoise ocean, natural ocean photograph",1,"[4, 1, 0, 0, 0, 1]",0.8833268880844116,0.5975702404975891,0.043114129453897476,0.207639421724049,0.46551130023484527,0.769723962854456,0.11177893181392111,0.8882210681860789,0.9448689282298292,0.8462269427955986,0.8462269427955986,0.5,0.0,0.0,0.4633114031413863,0.5990891073791824,0.2696099388209441,0.367074881190222,0.29478852428738544,0.5692993037830352,0.5414800968768213,0.47023472990922754,False,1,0.47023472990922754,891
1159_29.png,00590,"single slender palm tree rising from shallow turquoise ocean, water fills foreground around the palm, warm sun glow behind the tree, calm turquoise water, natural ocean photograph",1,"[0, 1, 3, 0, 1, 1]",0.8783515095710754,0.6049277782440186,0.042960263788700104,0.20726857887460923,0.4793194171577918,0.7848120795355902,0.10608477297460552,0.8939152270253945,0.9548006633857262,0.8569958979270489,0.8569958979270489,0.5,0.0,0.0,0.4133683626068289,0.5790299368969525,0.27342467006699067,0.39460104285718645,0.37697161854337224,0.745408995582863,0.6457446527367169,0.4701924563481969,False,1,0.4701924563481969,892
1159_29.png,00526,"single slender palm tree rising from shallow turquoise ocean, shallow surf and reflective water in foreground, warm sun glow behind the tree, shallow turquoise sea, natural ocean photograph",1,"[0, 0, 3, 0, 2, 1]",0.8743808269500732,0.5928517580032349,0.03943684324622154,0.1985871175233216,0.500452516727345,0.7787142153139467,0.108591397692225,0.891408602307775,0.9498392231518871,0.8523822523293747,0.8523822523293747,0.5,0.0,0.0,0.3735104980124018,0.6119533084249198,0.36272783966600863,0.43672938798358657,0.3437573108415932,0.6678837773838451,0.5936588536002485,0.46986939784592596,False,1,0.46986939784592596,893
1159_29.png,00244,"single slender palm tree rising from shallow turquoise ocean, shallow surf and reflective water in foreground, low sunset reflection behind the tree, subtle right horizon landform, clear turquoise ocean, natural ocean photograph",1,"[0, 0, 1, 3, 0, 1]",0.903489351272583,0.7014940977096558,0.04059519246220589,0.2014824867381924,0.4705370742066386,0.831106115270544,0.11747845848564231,0.8825215415143577,0.9141704022308776,0.8657143718479455,0.8657143718479455,0.5,0.0,0.0,0.6657029827135202,0.31575704156689,0.33294418486588284,0.3770936453433057,0.6291294711568064,0.39302359495816935,0.21920326119885314,0.46956899930669177,False,1,0.46956899930669177,894
1159_29.png,00838,"single isolated slender palm tree in shallow turquoise water, water fills foreground around the palm, low sun reflection behind the tree, subtle right horizon landform, clear turquoise ocean, soft atmospheric tropical photo",1,"[2, 1, 0, 3, 0, 0]",0.8835769295692444,0.6078312397003174,0.04546819627285004,0.2132327279590308,0.47158212277045697,0.7694153962311922,0.10837203211113935,0.8916279678888607,0.958437945375868,0.8499943061403112,0.8499943061403112,0.5,0.0,0.0,0.4658213291658789,0.5711141054941512,0.21207354545236234,0.37917692548049003,0.2931078002831993,0.6746683448619692,0.6839292786139136,0.46872528256146256,False,1,0.46872528256146256,895
1159_29.png,00149,"single slender palm tree rising from shallow turquoise ocean, gentle surf and reflective foreground water, soft pale sunset haze, clear turquoise ocean, soft atmospheric tropical photo",1,"[0, 2, 2, 0, 0, 0]",0.9029808044433594,0.7182148098945618,0.041576940566301346,0.20390424362013987,0.4771887008753726,0.8646935356987848,0.12041151226978664,0.8795884877302134,0.9205972027370487,0.8810875023174376,0.8810875023174376,0.5,0.0,0.0,0.6605981701173412,0.27017064733274576,0.3080324151988941,0.3903535092373893,0.8120759711875892,0.3023097226314073,0.2866725895546548,0.4673553214192399,False,1,0.4673553214192399,896
1159_29.png,00834,"single isolated slender palm tree in shallow turquoise water, water fills foreground around the palm, low sun reflection behind the tree, faint distant land on right horizon, calm turquoise water, natural ocean photograph",1,"[2, 1, 0, 1, 1, 1]",0.8743493556976318,0.6002036929130554,0.03797318786382675,0.1948671030826567,0.5398222521297042,0.7883345992476851,0.11243285453576443,0.8875671454642355,0.9362755667826222,0.8526541839304652,0.8526541839304652,0.5,0.0,0.0,0.373194588372132,0.591909413196259,0.40099433272091567,0.5152120447801877,0.39615834513328807,0.5490746960306834,0.45126594994554925,0.4669340047212613,False,1,0.4669340047212613,897
1159_29.png,00718,"single slender palm tree in calm turquoise water, shallow surf and reflective water in foreground, warm sun glow behind the tree, faint distant land on right horizon, calm turquoise water, soft atmospheric tropical photo",1,"[1, 0, 3, 1, 1, 0]",0.8695951700210571,0.6020355224609375,0.0359826534986496,0.18969094205746778,0.5548615605766725,0.7972632514105903,0.11290021231968592,0.8870997876803141,0.9455757046152852,0.8583685297459326,0.8583685297459326,0.5,0.0,0.0,0.3254718900251531,0.5869152177926154,0.45423969858731006,0.5451925582695137,0.4447916025364776,0.5346201931604129,0.5488999207812152,0.464492633184181,False,1,0.464492633184181,898
1159_29.png,00910,"single delicate palm tree in calm turquoise sea, water fills foreground around the palm, low sun reflection behind the tree, calm turquoise water, soft atmospheric tropical photo",1,"[4, 1, 0, 0, 1, 0]",0.8836588859558105,0.6147120594978333,0.044667068868875504,0.21134585131692438,0.4447857554228016,0.8011892813223379,0.11387382687535973,0.8861261731246403,0.9461721000646336,0.8599137572016029,0.8599137572016029,0.5,0.0,0.0,0.46664401052074833,0.5523546315868844,0.23148318836432014,0.32575898704507805,0.46617619897802126,0.5045081144197101,0.5551609522794478,0.46296209257334336,False,1,0.46296209257334336,899
1159_29.png,00823,"single isolated slender palm tree in shallow turquoise water, shallow surf and reflective water in foreground, soft pale sunset haze, faint distant land on right horizon, calm turquoise water, soft atmospheric tropical photo",1,"[2, 0, 2, 1, 1, 0]",0.8994855880737305,0.686539888381958,0.036018941551446915,0.1897865684168585,0.5019655323362042,0.8089865225332754,0.12207788825369172,0.8779221117463083,0.9031386659023011,0.851944407431642,0.851944407431642,0.5,0.0,0.0,0.6255130540085823,0.3565273433538997,0.4532560235301677,0.43974554959972184,0.5086468016991934,0.25077182753056915,0.10339076009932899,0.4625903216235113,False,1,0.4625903216235113,900
1159_29.png,00116,"single slender palm tree rising from shallow turquoise ocean, shallow surf and reflective water in foreground, warm sun glow behind the tree, clear turquoise ocean, natural ocean photograph",1,"[0, 0, 3, 0, 0, 1]",0.8814003467559814,0.5923043489456177,0.043272752314805984,0.20802103815433184,0.44112761073927875,0.7479479754412616,0.10896850730206019,0.8910314926979398,0.9474920776423332,0.8379360269213134,0.8379360269213134,0.5,0.0,0.0,0.4439727073216846,0.6134457331991712,0.2656843835006677,0.31846656024121317,0.17617743027765834,0.6562204818845562,0.5690182364018659,0.45845792589377965,False,1,0.45845792589377965,901
1159_29.png,00704,"single slender palm tree in calm turquoise water, shallow surf and reflective water in foreground, soft pale sunset haze, clear turquoise ocean, soft hazy tropical photo",1,"[1, 0, 2, 0, 0, 3]",0.9090742468833923,0.7056212425231934,0.040039852261543274,0.20009960585054454,0.4338022848055922,0.7913326687282987,0.1177560564124178,0.8822439435875822,0.9046212829676203,0.8458093377769123,0.8458093377769123,0.5,0.0,0.0,0.7217643792734557,0.30450502978349436,0.34716939896840737,0.30386369244692485,0.4124884565659058,0.38443800985099624,0.11895545321682814,0.4568815128927724,False,1,0.4568815128927724,902
1159_29.png,00967,"single slender palm tree rising from shallow turquoise ocean, shallow surf and reflective water in foreground, low sunset reflection behind the tree, very soft distant coastline, calm turquoise water, natural ocean photograph",1,"[0, 0, 1, 4, 1, 1]",0.9080171585083008,0.7199215292930603,0.041157398372888565,0.20287286258365994,0.44174685356887683,0.8178128842954283,0.11626270487537303,0.883737295124627,0.9013406570690128,0.8575919826403648,0.8575919826403648,0.5,0.0,0.0,0.7111532855799215,0.2655175450912485,0.318641872742389,0.3197010064972627,0.5567228960167463,0.43062458215416116,0.08451504608840299,0.4539045400113191,False,1,0.4539045400113191,903
1159_29.png,00716,"single slender palm tree in calm turquoise water, shallow surf and reflective water in foreground, warm sun glow behind the tree, shallow turquoise sea, soft atmospheric tropical photo",1,"[1, 0, 3, 0, 2, 0]",0.8763523101806641,0.5811776518821716,0.042806778103113174,0.20689798960626266,0.44383498798752113,0.7739755135995371,0.11672629756474874,0.8832737024352513,0.9486815865530019,0.84717109428273,0.84717109428273,0.5,0.0,0.0,0.39330032237142837,0.6437809242633428,0.27723679281264124,0.3238636541566577,0.3179461922058739,0.41628652662207877,0.5815058446914024,0.45317887591637396,False,1,0.45317887591637396,904
1159_29.png,00461,"single delicate palm tree in calm turquoise sea, water fills foreground around the palm, low sun reflection behind the tree, clear turquoise ocean, soft atmospheric tropical photo",1,"[4, 1, 0, 0, 0, 0]",0.8821666240692139,0.6068218946456909,0.04504263028502464,0.21223249111534417,0.441918841767713,0.7788735848885996,0.114472529813641,0.885527470186359,0.9503363820203168,0.8504950041691588,0.8504950041691588,0.5,0.0,0.0,0.45166462841128563,0.5738659261743745,0.22236263353056762,0.3200438609930924,0.34462537708551433,0.4859913513795991,0.5988780874798244,0.45283649875052284,False,1,0.45283649875052284,905
1159_29.png,00527,"single slender palm tree rising from shallow turquoise ocean, shallow surf and reflective water in foreground, warm sun glow behind the tree, gentle turquoise water, soft atmospheric tropical photo",1,"[0, 0, 3, 0, 3, 0]",0.8718971014022827,0.5868224501609802,0.04094335809350014,0.20234465175413,0.4715755390002123,0.7647060818142362,0.10841104502862198,0.891588954971378,0.9495035088238878,0.8460745728211662,0.8460745728211662,0.5,0.0,0.0,0.3485787656070132,0.628391268795062,0.3240753935961741,0.3791638008868077,0.26745675060025914,0.6734617482305856,0.5901344840157591,0.4511243787016481,False,1,0.4511243787016481,906
1159_29.png,00829,"single isolated slender palm tree in shallow turquoise water, water fills foreground around the palm, low sun reflection behind the tree, clear turquoise ocean, soft hazy tropical photo",1,"[2, 1, 0, 0, 0, 3]",0.8801010847091675,0.601457953453064,0.04643356800079346,0.2154844959638476,0.42363147396494155,0.7580922444661459,0.10585562516359308,0.894144374836407,0.9586158759807573,0.8458152163986595,0.8458152163986595,0.5,0.0,0.0,0.4309306650137253,0.5884898689318243,0.18891039216573602,0.2835884163143324,0.23143200147756007,0.7524961091518376,0.685797215605935,0.4505270735207437,False,1,0.4505270735207437,907
1159_29.png,00533,"single slender palm tree rising from shallow turquoise ocean, shallow surf and reflective water in foreground, warm sun glow behind the tree, subtle right horizon landform, clear turquoise ocean, soft atmospheric tropical photo",1,"[0, 0, 3, 3, 0, 0]",0.8679105639457703,0.6135150790214539,0.03965938091278076,0.19914663168826321,0.5336259781193874,0.795522619176794,0.10762654227498614,0.8923734577250139,0.9582881757885341,0.861973523991019,0.861973523991019,0.5,0.0,0.0,0.3085617495650259,0.5556180107589785,0.35697231230224014,0.5028599158771253,0.4353105953333748,0.6977249523416129,0.6823569793872856,0.4488809029527722,False,1,0.4488809029527722,908
1159_29.png,00976,"single slender palm tree rising from shallow turquoise ocean, shallow surf and reflective water in foreground, soft pale sunset haze, bright turquoise tropical water, soft atmospheric tropical photo",1,"[0, 0, 2, 0, 5, 0]",0.9049474000930786,0.713146448135376,0.04123017564415932,0.20305215006042,0.4516352576647309,0.8146707040292246,0.11855723646965072,0.8814427635303492,0.9098577291600861,0.8570783298807905,0.8570783298807905,0.5,0.0,0.0,0.6803389327519319,0.2839887392130709,0.31679760490587916,0.33941331131693164,0.5396078310656903,0.3596590079058339,0.17392829813985317,0.44884947141231846,False,1,0.44884947141231846,909
1159_29.png,00370,"single slender palm tree in calm turquoise water, shallow surf and reflective water in foreground, warm sun glow behind the tree, faint distant land on right horizon, clear turquoise ocean, soft atmospheric tropical photo",1,"[1, 0, 3, 1, 0, 0]",0.8675960302352905,0.6083903312683105,0.037202198058366776,0.1928787133365597,0.5562859237870642,0.7883391203703706,0.11244379633088923,0.8875562036691108,0.9470879316458103,0.8548148617800175,0.8548148617800175,0.5,0.0,0.0,0.3054044481034652,0.5695898301911813,0.42144820558165375,0.5480319933800728,0.3961829711260249,0.5487362867552258,0.5647754628916399,0.4463861416958729,False,1,0.4463861416958729,910
1159_29.png,00042,"single slender palm tree rising from shallow turquoise ocean, shallow surf and reflective water in foreground, low sunset reflection behind the tree, faint distant land on right horizon, clear turquoise ocean, natural ocean photograph",1,"[0, 0, 1, 1, 0, 1]",0.8942579627037048,0.7144931554794312,0.04020717740058899,0.20051727456902307,0.4920797105723835,0.8525588424117476,0.1180872667624576,0.8819127332375424,0.9200868541223519,0.8763383065428967,0.8763383065428967,0.5,0.0,0.0,0.5730379498421648,0.28031715326474416,0.34287298631468277,0.42003839259922493,0.7459798066859569,0.3741942926818008,0.28131488812486194,0.4439189117259862,False,1,0.4439189117259862,911
1159_29.png,00202,"single isolated slender palm tree in shallow turquoise water, water fills foreground around the palm, low sun reflection behind the tree, faint distant land on right horizon, clear turquoise ocean, soft atmospheric tropical photo",1,"[2, 1, 0, 1, 0, 0]",0.8766231536865234,0.6223278641700745,0.041042037308216095,0.2025883444530215,0.5096303625794185,0.785080521195023,0.112556138701095,0.887443861298905,0.9391582135689329,0.8517232287061637,0.8517232287061637,0.5,0.0,0.0,0.3960190598816296,0.5315913369161929,0.32156861166873696,0.4550252113814047,0.3784337868620325,0.5452617471873423,0.48152832425958625,0.4432660206593315,False,1,0.4432660206593315,912
1159_29.png,00984,"single slender palm tree rising from shallow turquoise ocean, shallow surf and reflective water in foreground, soft pale sunset haze, hazy island silhouette on right horizon, shallow turquoise sea, natural ocean photograph",1,"[0, 0, 2, 2, 2, 1]",0.9133769273757935,0.7549841403961182,0.04707431048154831,0.21696615054323176,0.47698441066915576,0.8325907389322916,0.1253867647878103,0.8746132352121897,0.9293358377102461,0.8666476323858469,0.8666476323858469,0.5,0.0,0.0,0.7649548512472447,0.1699248457524395,0.1736691274942901,0.3899462614370787,0.6372160315212707,0.14843445987516457,0.37841183551724805,0.4395323560655529,False,1,0.4395323560655529,913
1159_29.png,00254,"single slender palm tree rising from shallow turquoise ocean, shallow surf and reflective water in foreground, soft pale sunset haze, hazy island silhouette on right horizon, clear turquoise ocean, natural ocean photograph",1,"[0, 0, 2, 2, 0, 1]",0.9113154411315918,0.757163405418396,0.04656350985169411,0.21578579622323177,0.4540177245115584,0.8470204671223959,0.12313756552468821,0.8768624344753118,0.9273341350478231,0.8735278892810019,0.8735278892810019,0.5,0.0,0.0,0.7442615731821435,0.16398342212480732,0.18581102132536242,0.3441627038632082,0.7158129655851756,0.21799798983676244,0.3573977190728343,0.43797705511838114,False,1,0.43797705511838114,914
1159_29.png,00775,"single slender palm tree in calm turquoise water, gentle surf and reflective foreground water, soft pale sunset haze, clear turquoise ocean, natural ocean photograph",1,"[1, 2, 2, 0, 0, 1]",0.9006258845329285,0.6999057531356812,0.04003409668803215,0.20008522356244138,0.44183967452813294,0.8056770607277199,0.12050168595282167,0.8794983140471784,0.9044049042875693,0.8512600681015001,0.8512600681015001,0.5,0.0,0.0,0.636959393644951,0.3200874134510633,0.3473173445574882,0.31988604293234096,0.4906205750169308,0.2995208191294362,0.11668388368552811,0.43671428382035515,False,1,0.43671428382035515,915
1159_29.png,00492,"single slender palm tree rising from shallow turquoise ocean, shallow surf and reflective water in foreground, low sunset reflection behind the tree, soft teal ocean water, natural ocean photograph",1,"[0, 0, 1, 0, 4, 1]",0.9146038293838501,0.7345274090766907,0.041975926607847214,0.20488027383778853,0.4295046293536434,0.7788029423466435,0.12314414161178817,0.8768558583882118,0.9127549425143117,0.839911862994726,0.839911862994726,0.5,0.0,0.0,0.7772705407080683,0.22569690906869055,0.2979923322527761,0.29529641571980914,0.3442405959490243,0.2177946037519857,0.20434359404414681,0.4354491306289901,False,1,0.4354491306289901,916
1159_29.png,00630,"single slender palm tree rising from shallow turquoise ocean, gentle surf and reflective foreground water, warm sun glow behind the tree, clear turquoise ocean, natural ocean photograph",1,"[0, 2, 3, 0, 0, 1]",0.8868290781974792,0.5908142924308777,0.051083628088235855,0.22601687567134418,0.40703578531210377,0.7207172535083912,0.11862637192417179,0.8813736280758282,0.9616218531606241,0.8251279045374408,0.8251279045374408,0.5,0.0,0.0,0.49846652195452334,0.6175081381350931,0.08056747001930331,0.2505052948878708,0.02785507603275299,0.35752077749608946,0.717354327295296,0.4319053983075899,False,1,0.4319053983075899,917
1159_29.png,00369,"single slender palm tree in calm turquoise water, shallow surf and reflective water in foreground, warm sun glow behind the tree, calm turquoise water, soft atmospheric tropical photo",1,"[1, 0, 3, 0, 1, 0]",0.8726561069488525,0.5895867347717285,0.043387025594711304,0.20829552466318452,0.41924177582863204,0.772176671911169,0.11553989335788695,0.884460106642113,0.954088585561464,0.8478582567970584,0.8478582567970584,0.5,0.0,0.0,0.3561976924236731,0.6208548811910277,0.2628608363741144,0.27483765462513865,0.3081481253463035,0.4529797916181008,0.6382691736870874,0.4315498635983356,False,1,0.4315498635983356,918
1159_29.png,00430,"single isolated slender palm tree in shallow turquoise water, water fills foreground around the palm, low sun reflection behind the tree, faint distant land on right horizon, clear turquoise ocean, natural ocean photograph",1,"[2, 1, 0, 1, 0, 1]",0.8679994344711304,0.6127436757087708,0.039255645126104355,0.19813037406239448,0.5364427240375149,0.7836676703559027,0.11314876389122225,0.8868512361087777,0.9392585452557518,0.8509000933493788,0.8509000933493788,0.5,0.0,0.0,0.3094538353105607,0.5577211206706032,0.3674262005875103,0.508475033705994,0.3707381641322413,0.5269329575396916,0.4825816184323204,0.42896761034818126,False,1,0.42896761034818126,919
1159_29.png,00301,"single slender palm tree rising from shallow turquoise ocean, water fills foreground around the palm, golden reflection behind the palm, clear turquoise ocean, soft atmospheric tropical photo",1,"[0, 1, 4, 0, 0, 0]",0.8840427398681641,0.621394157409668,0.05016462877392769,0.22397461636071103,0.3977872628111908,0.7362252694589121,0.11071385352483237,0.8892861464751676,0.9842023344925277,0.8393919894213246,0.8393919894213246,0.5,0.0,0.0,0.47049715083010046,0.5341369416732318,0.10157548033033181,0.23206857922553242,0.11232530936403434,0.6022401848731443,0.9544069490394108,0.42733071320327626,False,1,0.42733071320327626,920
1159_29.png,00758,"single slender palm tree in calm turquoise water, water fills foreground around the palm, golden reflection behind the palm, clear turquoise ocean, soft atmospheric tropical photo",1,"[1, 1, 4, 0, 0, 0]",0.8972228765487671,0.6392397284507751,0.054685406386852264,0.23384911029732883,0.28137328127398153,0.7308106599030672,0.11212144082298793,0.8878785591770121,0.977682946573157,0.8351588819829658,0.8351588819829658,0.5,0.0,0.0,0.6027998688496342,0.48548379653102236,0.0,0.0,0.08283260481438201,0.5587061402047818,0.8859656268311812,0.42142596088496304,False,1,0.42142596088496304,921
1159_29.png,00993,"single slender palm tree rising from shallow turquoise ocean, shallow surf and reflective water in foreground, warm sun glow behind the tree, calm turquoise water, soft hazy tropical photo",1,"[0, 0, 3, 0, 1, 3]",0.8704870343208313,0.5995472073554993,0.043501969426870346,0.20857125743225108,0.4381021544844198,0.765096593786169,0.11521650434384682,0.8847834956561532,0.9503150170490752,0.8440306940932448,0.8440306940932448,0.5,0.0,0.0,0.33442445810727045,0.5936992179070173,0.26002446940275126,0.3124353831841025,0.2695838207227733,0.4629816094811426,0.5986537954298956,0.41416913487988305,False,1,0.41416913487988305,922
1159_29.png,00258,"single slender palm tree rising from shallow turquoise ocean, shallow surf and reflective water in foreground, warm sun glow behind the tree, calm turquoise water, natural ocean photograph",1,"[0, 0, 3, 0, 1, 1]",0.8694276809692383,0.5971033573150635,0.042461495846509933,0.20606187383043456,0.4350306210873551,0.7526742440682871,0.111107247400493,0.888892752599507,0.9433519626308892,0.8384862657667345,0.8384862657667345,0.5,0.0,0.0,0.3237906284926563,0.6003619910090507,0.28583762462099993,0.3063123524098931,0.2019208274333565,0.590073247463499,0.5255548087025483,0.41198489083538875,False,1,0.41198489083538875,923
1159_29.png,00848,"single isolated slender palm tree in shallow turquoise water, water fills foreground around the palm, warm sun glow behind the tree, clear turquoise ocean, soft atmospheric tropical photo",1,"[2, 1, 3, 0, 0, 0]",0.8801734447479248,0.6140446066856384,0.0508003756403923,0.22538938670752068,0.33740874632806983,0.753145005967882,0.10645819944714204,0.8935418005528579,0.9497524735981062,0.8416053775986684,0.8416053775986684,0.5,0.0,0.0,0.43165701786086097,0.5541743367939909,0.08702223046692437,0.11170540333411555,0.20448500892692315,0.7338596126372657,0.5927481463014707,0.4094608997116569,False,1,0.4094608997116569,924
1159_29.png,00174,"single slender palm tree in calm turquoise water, shallow surf and reflective water in foreground, warm sun glow behind the tree, clear turquoise ocean, soft atmospheric tropical photo",1,"[1, 0, 3, 0, 0, 0]",0.8642699718475342,0.5950497388839722,0.043737173080444336,0.2091343421833065,0.4333304603948308,0.7687214038990162,0.1131527764114598,0.8868472235885402,0.9496325494139745,0.8462476698933412,0.8462476698933412,0.5,0.0,0.0,0.27201734631115665,0.6059608589502585,0.2542322126630877,0.30292312139864125,0.28932771039832583,0.5268088577872416,0.5914891677243049,0.3999707299432545,False,1,0.3999707299432545,925
1159_29.png,00778,"single slender palm tree in calm turquoise water, gentle surf and reflective foreground water, warm sun glow behind the tree, clear turquoise ocean, soft atmospheric tropical photo",1,"[1, 2, 3, 0, 0, 0]",0.877717137336731,0.6088035106658936,0.052281592041254044,0.22865168278684075,0.38804224691775135,0.7555677625868055,0.11702202398963177,0.8829779760103682,0.9604116091417778,0.8411301065960469,0.8411301065960469,0.5,0.0,0.0,0.40700050976328317,0.5684633614918008,0.05346412679460644,0.21264211547042167,0.2176814627839683,0.4071402609465181,0.7046490393343924,0.39941126995540965,False,1,0.39941126995540965,926
1159_29.png,00423,"single isolated slender palm tree in shallow turquoise water, shallow surf and reflective water in foreground, soft pale sunset haze, clear turquoise ocean, natural ocean photograph",1,"[2, 0, 2, 0, 0, 1]",0.8949933052062988,0.708873987197876,0.04298045486211777,0.20731728066448724,0.44324488433873016,0.7932400173611112,0.11943107128208792,0.880568928717912,0.9044651992929921,0.8460501727223676,0.8460501727223676,0.5,0.0,0.0,0.5804193461149098,0.29563693257308077,0.2729236917149295,0.3226872961834794,0.4228775472511241,0.3326329301575757,0.11731686793876278,0.3985243107951953,False,1,0.3985243107951953,927
1159_29.png,00995,"single slender palm tree rising from shallow turquoise ocean, shallow surf and reflective water in foreground, warm sun glow behind the tree, gentle turquoise water, natural ocean photograph",1,"[0, 0, 3, 0, 3, 1]",0.8667153716087341,0.5964108109474182,0.04383544623851776,0.20936916257777258,0.41772483694614015,0.7422943115234375,0.11173530202573592,0.8882646979742641,0.9465152766690162,0.8342281398103426,0.8342281398103426,0.5,0.0,0.0,0.2965643629993227,0.6022501098518236,0.25181669704149234,0.27181367205377255,0.14538262636212554,0.5706486915973565,0.5587636617431833,0.3924010972659543,False,1,0.3924010972659543,928
1159_29.png,00955,"single slender palm tree rising from shallow turquoise ocean, shallow surf and reflective water in foreground, low sunset reflection behind the tree, faint distant land on right horizon, soft teal ocean water, natural ocean photograph",1,"[0, 0, 1, 1, 4, 1]",0.9022276401519775,0.7417661547660828,0.04332586005330086,0.2081486489346036,0.41107916541995215,0.8027236373336226,0.12114305031010568,0.8788569496898944,0.9026416399711488,0.849353897185823,0.849353897185823,0.5,0.0,0.0,0.6530378780445193,0.20596160646266726,0.2643716958445069,0.2585656795985959,0.4745336452625745,0.27968461812415146,0.09817292181135608,0.39156296027856863,False,1,0.39156296027856863,929
1159_29.png,00991,"single slender palm tree rising from shallow turquoise ocean, shallow surf and reflective water in foreground, soft pale sunset haze, minimal horizon detail, clear turquoise ocean, soft atmospheric tropical photo",1,"[0, 0, 2, 5, 0, 0]",0.9069452285766602,0.7689055800437927,0.04902096465229988,0.22140678547031906,0.4062343874329145,0.8275395146122685,0.12155906429682067,0.8784409357031793,0.9194486940247087,0.8637368478765753,0.8637368478765753,0.5,0.0,0.0,0.7003932117719419,0.1319702282057882,0.12798986245186939,0.24890772675419812,0.6097026411377209,0.2668180829514834,0.2746154063018126,0.389635122951761,False,1,0.389635122951761,930
1159_29.png,00506,"single slender palm tree rising from shallow turquoise ocean, shallow surf and reflective water in foreground, low sunset reflection behind the tree, very soft distant coastline, clear turquoise ocean, natural ocean photograph",1,"[0, 0, 1, 4, 0, 1]",0.9017392992973328,0.7515440583229065,0.04240507632493973,0.20592492885743516,0.42666998552635527,0.8082382767288774,0.11915878642129107,0.8808412135787089,0.8959188151666042,0.8511854123138638,0.8511854123138638,0.5,0.0,0.0,0.6481358937969227,0.17930368894123638,0.2872463298671143,0.28964561882305556,0.5045711999014967,0.3410541920629536,0.027595894598389112,0.38962154644409847,False,1,0.38962154644409847,931
1159_29.png,00171,"single slender palm tree in calm turquoise water, shallow surf and reflective water in foreground, soft pale sunset haze, clear turquoise ocean, natural ocean photograph",1,"[1, 0, 2, 0, 0, 1]",0.908289909362793,0.750720739364624,0.04601065441966057,0.21450094270109996,0.4030701346503707,0.7823011610243055,0.12279463071989286,0.8772053692801072,0.9124167152708259,0.8415407447631402,0.8415407447631402,0.5,0.0,0.0,0.713891169128927,0.18154833870242248,0.1990278620568845,0.24259986202988523,0.36329495782798726,0.22860432248118404,0.2007928435692089,0.38865675035398767,False,1,0.38865675035398767,932
1159_29.png,00249,"single slender palm tree rising from shallow turquoise ocean, shallow surf and reflective water in foreground, soft pale sunset haze, shallow turquoise sea, natural ocean photograph",1,"[0, 0, 2, 0, 2, 1]",0.9047966599464417,0.7599227428436279,0.04848941043019295,0.22020311176319227,0.40598039646074524,0.8053176314742476,0.1189006123227642,0.8810993876772358,0.9246215697772552,0.855702033805895,0.855702033805895,0.5,0.0,0.0,0.6788257973726848,0.15646052224466922,0.14037163469733116,0.24840140162667385,0.48866280859447137,0.34903903446115714,0.328920881064441,0.38623664311911854,False,1,0.38623664311911854,933
1159_29.png,00706,"single slender palm tree in calm turquoise water, shallow surf and reflective water in foreground, soft pale sunset haze, shallow turquoise sea, natural ocean photograph",1,"[1, 0, 2, 0, 2, 1]",0.9071719646453857,0.7537594437599182,0.04613962769508362,0.21480136800095948,0.39877421310120137,0.7964415373625578,0.12580034958022523,0.8741996504197748,0.9141592137107648,0.8472004122022252,0.8472004122022252,0.5,0.0,0.0,0.7026691971347953,0.17326378867889203,0.19593749162043583,0.2340360417978504,0.4403158283568308,0.13564305514258346,0.21908580276264003,0.38437730555511923,False,1,0.38437730555511923,934
1159_29.png,00250,"single slender palm tree rising from shallow turquoise ocean, shallow surf and reflective water in foreground, soft pale sunset haze, gentle turquoise water, soft atmospheric tropical photo",1,"[0, 0, 2, 0, 3, 0]",0.9158376455307007,0.7691919803619385,0.04325864091515541,0.2079871171855493,0.40248476785954507,0.7501593695746527,0.12139807806778678,0.8786019219322132,0.8932901642863421,0.8237404218421367,0.8237404218421367,0.5,0.0,0.0,0.7896556345595573,0.13118940274408553,0.2660333166935457,0.24143294687348454,0.18822261897432715,0.2717970861685047,0.0,0.3842875940088232,False,1,0.3842875940088232,935
1159_29.png,00524,"single slender palm tree rising from shallow turquoise ocean, shallow surf and reflective water in foreground, warm sun glow behind the tree, clear turquoise ocean, soft hazy tropical photo",1,"[0, 0, 3, 0, 0, 3]",0.8557139039039612,0.6002844572067261,0.04171714559197426,0.20424775541477624,0.4869560133748669,0.7574886745876735,0.10731534877843858,0.8926846512215614,0.9506006802701595,0.8434296675460315,0.8434296675460315,0.5,0.0,0.0,0.18613120780392542,0.5916892220410859,0.30449882899556147,0.4098244207608898,0.2281444314473927,0.707349585639282,0.6016527224456028,0.38399380083614126,False,1,0.38399380083614126,936
1159_29.png,00363,"single slender palm tree in calm turquoise water, shallow surf and reflective water in foreground, soft pale sunset haze, calm turquoise water, natural ocean photograph",1,"[1, 0, 2, 0, 1, 1]",0.9050438404083252,0.7531383633613586,0.04542812705039978,0.2131387507010393,0.3991384830426564,0.7924030445240162,0.12098221102699044,0.8790177889730095,0.9120315898084268,0.8466439141380461,0.8466439141380461,0.5,0.0,0.0,0.6813070043389711,0.1749570667873087,0.213040256777711,0.23476220549959634,0.4183186603459956,0.28465907657851414,0.1967497499247376,0.38396812688623644,False,1,0.38396812688623644,937
1159_29.png,00971,"single slender palm tree rising from shallow turquoise ocean, shallow surf and reflective water in foreground, soft pale sunset haze, clear turquoise ocean, realistic tropical seascape photo",1,"[0, 0, 2, 0, 0, 5]",0.899482250213623,0.7545465230941772,0.04490217939019203,0.21190134353088003,0.4403308195588619,0.8114782262731483,0.12114129363689409,0.8788587063631059,0.9151861076534717,0.8558029705806982,0.8558029705806982,0.5,0.0,0.0,0.6254795484406748,0.17111794055781326,0.22576903340969867,0.3168781754549779,0.5222188019454542,0.27973894874375854,0.22986625946742673,0.38210687600551735,False,1,0.38210687600551735,938
1159_29.png,00045,"single slender palm tree rising from shallow turquoise ocean, shallow surf and reflective water in foreground, soft pale sunset haze, clear turquoise ocean, natural ocean photograph",1,"[0, 0, 2, 0, 0, 1]",0.9034926295280457,0.7567006349563599,0.04866582527756691,0.22060332109369277,0.3999881343535827,0.7997001365379051,0.11882196084360956,0.8811780391563905,0.9268734245275618,0.8536520600523062,0.8536520600523062,0.5,0.0,0.0,0.665735889967715,0.16524509306854496,0.13625482068749917,0.236455965733205,0.45806501262082133,0.3514715777295129,0.3525611243569044,0.38136756483361867,False,1,0.38136756483361867,939
1159_29.png,00820,"single isolated slender palm tree in shallow turquoise water, shallow surf and reflective water in foreground, soft pale sunset haze, calm turquoise water, natural ocean photograph",1,"[2, 0, 2, 0, 1, 1]",0.8880395889282227,0.707575798034668,0.04255012050271034,0.20627680553739033,0.44120376079455165,0.7944889775028935,0.12018991610091669,0.8798100838990833,0.9066973608165655,0.8467930414042945,0.8467930414042945,0.5,0.0,0.0,0.5106176751443731,0.29917624132560605,0.28362669700158116,0.3186183636148438,0.42968047774425916,0.30916327802123256,0.14075036935716714,0.37697444240844596,False,1,0.37697444240844596,940
1159_29.png,00819,"single isolated slender palm tree in shallow turquoise water, shallow surf and reflective water in foreground, soft pale sunset haze, clear turquoise ocean, muted colors",1,"[2, 0, 2, 0, 0, 2]",0.8890232443809509,0.7031961679458618,0.04031159356236458,0.20077747274623362,0.43807424422674784,0.7746977629484952,0.12221444585278603,0.8777855541472139,0.9072305845069236,0.8372850541797325,0.8372850541797325,0.5,0.0,0.0,0.5204916463439442,0.3111166145358013,0.34019641827981595,0.3123797447310729,0.32188019454534217,0.2465483561859721,0.14634821609557458,0.3764627294863512,False,1,0.3764627294863512,941
1159_29.png,00826,"single isolated slender palm tree in shallow turquoise water, shallow surf and reflective water in foreground, warm sun glow behind the tree, calm turquoise water, soft atmospheric tropical photo",1,"[2, 0, 3, 0, 1, 0]",0.8642951250076294,0.6057252883911133,0.04658091440796852,0.21582612077310875,0.3764871403384639,0.7660064697265625,0.11196008970714101,0.888039910292859,0.9448784779442626,0.8444925755683063,0.8444925755683063,0.5,0.0,0.0,0.27226983469788746,0.5768556508038034,0.18539621672381523,0.18960727780534511,0.27453980176075876,0.5636964286890375,0.541580350932972,0.37389326056547095,False,1,0.37389326056547095,942
1159_29.png,00111,"single slender palm tree rising from shallow turquoise ocean, shallow surf and reflective water in foreground, soft pale sunset haze, calm turquoise water, natural ocean photograph",1,"[0, 0, 2, 0, 1, 1]",0.9056628346443176,0.7650711536407471,0.04787644371390343,0.21880686395518634,0.4053204891453912,0.8057183159722223,0.12672099385467997,0.8732790061453201,0.9220691766081422,0.8526347296599905,0.8526347296599905,0.5,0.0,0.0,0.6875204922446576,0.14242418924154143,0.1547343496545448,0.2470858916589489,0.4908452872006411,0.1071692482104637,0.30212554913300327,0.3733440906577175,False,1,0.3733440906577175,943
1159_29.png,00625,"single slender palm tree rising from shallow turquoise ocean, gentle surf and reflective foreground water, soft pale sunset haze, calm turquoise water, natural ocean photograph",1,"[0, 2, 2, 0, 1, 1]",0.9040898084640503,0.7649157643318176,0.049063704907894135,0.22150328419211787,0.40767202719964657,0.8193031593605324,0.12528272781680355,0.8747172721831964,0.9145655734156346,0.8577505816594853,0.8577505816594853,0.5,0.0,0.0,0.6717303950545782,0.14284783377404064,0.12699721370643557,0.2517736283726991,0.56484023887213,0.15165212896673821,0.2233518160506052,0.3714365966800811,False,1,0.3714365966800811,944
1159_29.png,00114,"single slender palm tree rising from shallow turquoise ocean, shallow surf and reflective water in foreground, soft pale sunset haze, faint distant land on right horizon, calm turquoise water, soft atmospheric tropical photo",1,"[0, 0, 2, 1, 1, 0]",0.8945396542549133,0.7322859764099121,0.042799536138772964,0.2068804875737994,0.42082567638219376,0.800851892541956,0.12569481000077265,0.8743051899992274,0.905804074860505,0.8475509831157108,0.8475509831157108,0.5,0.0,0.0,0.5758655804480651,0.2318078230098619,0.27741683012550244,0.27799512373877877,0.46433848427014723,0.1389071971053518,0.13137254544195412,0.3693086624242123,False,1,0.3693086624242123,945
1159_29.png,00512,"single slender palm tree rising from shallow turquoise ocean, shallow surf and reflective water in foreground, soft pale sunset haze, gentle turquoise water, natural ocean photograph",1,"[0, 0, 2, 0, 3, 1]",0.9020206928253174,0.7632884979248047,0.04698775336146355,0.21676658728102804,0.40879584372590994,0.7987410933883101,0.12186886759759707,0.8781311324024029,0.9202429002151954,0.8508279684086197,0.8508279684086197,0.5,0.0,0.0,0.6509605328342599,0.1472843199197107,0.17572196527461015,0.25401393062090244,0.45284122391183884,0.2572364458110538,0.28295307886480897,0.36834084371390535,False,1,0.36834084371390535,946
1159_29.png,00426,"single isolated slender palm tree in shallow turquoise water, shallow surf and reflective water in foreground, warm sun glow behind the tree, clear turquoise ocean, soft atmospheric tropical photo",1,"[2, 0, 3, 0, 0, 0]",0.8679237365722656,0.613976001739502,0.04908163100481033,0.22154374512680408,0.3673694010743192,0.7524962248625578,0.11265003345919068,0.8873499665408093,0.94540520326845,0.8382768301311243,0.8382768301311243,0.5,0.0,0.0,0.3086939768955177,0.5543613773988648,0.12658100616185186,0.17143127550013573,0.2009511789694024,0.5423577577875968,0.5471099770380288,0.3647248610984787,False,1,0.3647248610984787,947
1159_29.png,00110,"single slender palm tree rising from shallow turquoise ocean, shallow surf and reflective water in foreground, soft pale sunset haze, clear turquoise ocean, muted colors",1,"[0, 0, 2, 0, 0, 2]",0.8988482356071472,0.7550016641616821,0.04869810864329338,0.22067647958786496,0.3946178443454234,0.8029186107494212,0.12220168483208887,0.8777983151679112,0.9218580637490534,0.8529143978958191,0.8529143978958191,0.5,0.0,0.0,0.6191152854794049,0.16987706995936136,0.1355022647354187,0.22575041683120942,0.4755956411992854,0.24694303070866488,0.2999092608265095,0.360219707547274,False,1,0.360219707547274,948
1159_29.png,00717,"single slender palm tree in calm turquoise water, shallow surf and reflective water in foreground, warm sun glow behind the tree, faint distant land on right horizon, clear turquoise ocean, natural ocean photograph",1,"[1, 0, 3, 1, 0, 1]",0.8444716334342957,0.6056698560714722,0.03832903131842613,0.1957780154113994,0.5482303764954626,0.7830821849681713,0.11213529915086631,0.8878647008491337,0.9393653808513626,0.8510127047031464,0.8510127047031464,0.5,0.0,0.0,0.07328086520949356,0.57700677831252,0.39162409482064797,0.5319734462007674,0.3675490980730162,0.5582775280215969,0.4837031914255117,0.3600792357277818,False,1,0.3600792357277818,949
1159_29.png,00511,"single slender palm tree rising from shallow turquoise ocean, shallow surf and reflective water in foreground, soft pale sunset haze, shallow turquoise sea, muted colors",1,"[0, 0, 2, 0, 2, 2]",0.8952924013137817,0.7503124475479126,0.047555796802043915,0.2180729162506062,0.40860974558858826,0.8162994384765625,0.1235168277578166,0.8764831722421834,0.9186288606782236,0.857829629734862,0.857829629734862,0.5,0.0,0.0,0.5834216843248987,0.18266148218060418,0.16228421409403893,0.2536429482891028,0.5484793449485935,0.20626811772178383,0.26600869675824873,0.3599985693989715,False,1,0.3599985693989715,950
1159_29.png,00253,"single slender palm tree rising from shallow turquoise ocean, shallow surf and reflective water in foreground, soft pale sunset haze, faint distant land on right horizon, shallow turquoise sea, soft atmospheric tropical photo",1,"[0, 0, 2, 1, 2, 0]",0.8912607431411743,0.7392029166221619,0.04599733278155327,0.21446988782006968,0.39854825086843354,0.8123101128472223,0.120708668529035,0.8792913314709649,0.9177637395894218,0.8568442647139721,0.8568442647139721,0.5,0.0,0.0,0.5429517448024488,0.212949872467883,0.19934731280317075,0.2335855913139427,0.5267499846087553,0.2931192348509647,0.25692655102308104,0.3594506559568895,False,1,0.3594506559568895,951
1159_29.png,00247,"single slender palm tree rising from shallow turquoise ocean, shallow surf and reflective water in foreground, soft pale sunset haze, clear turquoise ocean, soft hazy tropical photo",1,"[0, 0, 2, 0, 0, 3]",0.8967797160148621,0.7538352608680725,0.046918898820877075,0.2166077072056234,0.41160487907658944,0.8096839057074652,0.12467549342713166,0.8753245065728683,0.9190923236914055,0.8545397996071443,0.8545397996071443,0.5,0.0,0.0,0.5983514063962129,0.1730570852476151,0.17735630928026103,0.2596136776119297,0.5124453610786182,0.17043275385500214,0.27087418747748193,0.35933801657490244,False,1,0.35933801657490244,952
1159_29.png,00714,"single slender palm tree in calm turquoise water, shallow surf and reflective water in foreground, warm sun glow behind the tree, clear turquoise ocean, muted colors",1,"[1, 0, 3, 0, 0, 2]",0.86337810754776,0.6042155027389526,0.04591019079089165,0.21426663480554234,0.40349614632228165,0.7454353615089699,0.11538875066930496,0.884611249330695,0.9369076352968391,0.8324413770041476,0.8324413770041476,0.5,0.0,0.0,0.2630647782290393,0.5809718441326126,0.20143810578068655,0.24344910644304243,0.16249153481499773,0.45765435252430237,0.4579014815896558,0.3591763319543203,False,1,0.3591763319543203,953
1159_29.png,00880,"solitary slender palm tree in shallow ocean, shallow surf and reflective water in foreground, soft pale sunset haze, clear turquoise ocean, natural ocean photograph",1,"[3, 0, 2, 0, 0, 1]",0.8979889154434204,0.7624253034591675,0.046117544174194336,0.21474995733222937,0.38022714935850416,0.8146543149594908,0.12145902163655134,0.8785409783634487,0.9149976988855293,0.8570833239360838,0.8570833239360838,0.5,0.0,0.0,0.6104893966843847,0.14963768398555422,0.19646633526588064,0.1970628992703149,0.5395185618420248,0.2699122154764201,0.22788832145344667,0.3590371797343115,False,1,0.3590371797343115,954
1159_29.png,00256,"single slender palm tree rising from shallow turquoise ocean, shallow surf and reflective water in foreground, soft pale sunset haze, subtle right horizon landform, clear turquoise ocean, soft atmospheric tropical photo",1,"[0, 0, 2, 3, 0, 0]",0.9025183916091919,0.761405885219574,0.04740949347615242,0.21773721196927368,0.382794776255777,0.7812313503689237,0.11961287955538734,0.8803871204446126,0.9100372440615331,0.8416970486339368,0.8416970486339368,0.5,0.0,0.0,0.6559564523347398,0.15241696762166257,0.16573748712698388,0.20218140409390362,0.35746783229699003,0.3270099400231342,0.1758128672685907,0.35705366171915043,False,1,0.35705366171915043,955
1159_29.png,00973,"single slender palm tree rising from shallow turquoise ocean, shallow surf and reflective water in foreground, soft pale sunset haze, shallow turquoise sea, soft hazy tropical photo",1,"[0, 0, 2, 0, 2, 3]",0.8973096609115601,0.7543414831161499,0.04657268151640892,0.2158070469572505,0.4111381009453858,0.8083857783564815,0.12557429026792918,0.8744257097320708,0.9132034795233727,0.852463294571316,0.852463294571316,0.5,0.0,0.0,0.6036710136152268,0.17167694983736725,0.18559242242508656,0.2586831662052104,0.5053746229144866,0.14263464721796695,0.20905238976839677,0.35698266913325083,False,1,0.35698266913325083,956
1159_29.png,00972,"single slender palm tree rising from shallow turquoise ocean, shallow surf and reflective water in foreground, soft pale sunset haze, calm turquoise water, warm tropical sunset photo",1,"[0, 0, 2, 0, 1, 4]",0.9017989635467529,0.7820674777030945,0.04857299104332924,0.22039281077959244,0.4364135060850864,0.8062540690104166,0.12321471317633727,0.8767852868236627,0.9179671814802148,0.8532826177390124,0.8532826177390124,0.5,0.0,0.0,0.6487348058232677,0.09608638253395008,0.1384202669783654,0.3090691016630164,0.49376346733977716,0.21561195714284112,0.259062308577413,0.3535451058317924,False,1,0.3535451058317924,957
1159_29.png,00715,"single slender palm tree in calm turquoise water, shallow surf and reflective water in foreground, warm sun glow behind the tree, calm turquoise water, natural ocean photograph",1,"[1, 0, 3, 0, 1, 1]",0.8626284599304199,0.6098763346672058,0.04495993256568909,0.21203757347623342,0.40113910644683337,0.7507742422598379,0.11748354789649737,0.8825164521035026,0.9363837809221341,0.8340059234375798,0.8340059234375798,0.5,0.0,0.0,0.2555397866652626,0.5655384754386923,0.22436768340397018,0.2387504019760161,0.19157175398633258,0.392866188991384,0.45240199505920387,0.35306271770698266,False,1,0.35306271770698266,958
1159_29.png,00595,"single slender palm tree rising from shallow turquoise ocean, water fills foreground around the palm, golden reflection behind the palm, clear turquoise ocean, natural ocean photograph",1,"[0, 1, 4, 0, 0, 1]",0.8802095055580139,0.6438460350036621,0.054547786712646484,0.2335546760667542,0.3033904632956198,0.720767550998264,0.11744683102009396,0.882553168979906,0.9827710932189011,0.829793225735966,0.829793225735966,0.5,0.0,0.0,0.4320189976570035,0.4729254255620643,0.003028742393106687,0.04389074304342375,0.028129040201933807,0.3940017733629696,0.9393816051915714,0.35238518704877053,False,1,0.35238518704877053,959
1159_29.png,00112,"single slender palm tree rising from shallow turquoise ocean, shallow surf and reflective water in foreground, soft pale sunset haze, shallow turquoise sea, soft atmospheric tropical photo",1,"[0, 0, 2, 0, 2, 0]",0.897271990776062,0.7619248032569885,0.04483797028660774,0.21174978225870209,0.41107876904899004,0.7963296395760994,0.12298482889749086,0.8770151711025092,0.9102353514259918,0.8473507179803212,0.8473507179803212,0.5,0.0,0.0,0.6032928793488432,0.15100221913683765,0.22732809143533195,0.25856488944225203,0.4397063350366305,0.22272184828562705,0.1778926223208179,0.3516636124789822,False,1,0.3516636124789822,960
1159_29.png,00988,"single slender palm tree rising from shallow turquoise ocean, shallow surf and reflective water in foreground, soft pale sunset haze, subtle right horizon landform, shallow turquoise sea, soft atmospheric tropical photo",1,"[0, 0, 2, 3, 2, 0]",0.9014504551887512,0.7627872228622437,0.047226354479789734,0.21731625452273406,0.38129888547496693,0.7821830466941551,0.1196870467921907,0.8803129532078093,0.907016771124558,0.8414952588600146,0.8414952588600146,0.5,0.0,0.0,0.6452364655455065,0.14865096760606222,0.17006772978097207,0.1991993804263409,0.362651603767777,0.32471608599066637,0.14410357736937843,0.35155700371290377,False,1,0.35155700371290377,961
1159_29.png,00318,"single slender palm tree rising from shallow turquoise ocean, gentle surf and reflective foreground water, soft pale sunset haze, clear turquoise ocean, natural ocean photograph",1,"[0, 2, 2, 0, 0, 1]",0.8975445032119751,0.766417384147644,0.05015142634510994,0.2239451413741989,0.40001484949707655,0.8227556016710068,0.12475594522432185,0.8752440547756781,0.9185443395555725,0.8602843078345549,0.8602843078345549,0.5,0.0,0.0,0.6060283696429982,0.13875390331479498,0.10187867925190863,0.23650922175376674,0.583645262574647,0.1679445301141961,0.26512138379876393,0.3483145778279287,False,1,0.3483145778279287,962
1159_29.png,00509,"single slender palm tree rising from shallow turquoise ocean, shallow surf and reflective water in foreground, soft pale sunset haze, clear turquoise ocean, warm tropical sunset photo",1,"[0, 0, 2, 0, 0, 4]",0.9033529758453369,0.788098156452179,0.05007478967308998,0.22377397005257332,0.4294020387191003,0.8142671938295717,0.12828988769853122,0.8717101123014688,0.9207463449778763,0.8556680455243966,0.8556680455243966,0.5,0.0,0.0,0.6643340409390175,0.07964468460176444,0.10363945902700378,0.2950919036630451,0.5374099612140613,0.05864629352932816,0.2882383028218485,0.3465670207941452,False,1,0.3465670207941452,963
1159_29.png,00248,"single slender palm tree rising from shallow turquoise ocean, shallow surf and reflective water in foreground, soft pale sunset haze, calm turquoise water, muted colors",1,"[0, 0, 2, 0, 1, 2]",0.9016013145446777,0.7726543545722961,0.048390842974185944,0.21997918759324925,0.39178854311713796,0.8025868733723959,0.12610230343582496,0.873897696564175,0.9131848117494599,0.8496652491649315,0.8496652491649315,0.5,0.0,0.0,0.6467507975521789,0.12174978354640686,0.14267506465187152,0.22011027028197905,0.47378870898233133,0.1263041866726219,0.20885641322196674,0.34560698399032797,False,1,0.34560698399032797,964
1159_29.png,00825,"single isolated slender palm tree in shallow turquoise water, shallow surf and reflective water in foreground, warm sun glow behind the tree, clear turquoise ocean, natural ocean photograph",1,"[2, 0, 3, 0, 0, 1]",0.8674763441085815,0.6134212017059326,0.050772640854120255,0.22532785192718688,0.3472090704365343,0.7468725133825233,0.11737012937452192,0.882629870625478,0.9432212683438034,0.8336573394098135,0.8336573394098135,0.5,0.0,0.0,0.3042030341684995,0.5558739525076116,0.08765521732271142,0.13124212273645072,0.1703195222557418,0.39637401192241545,0.524182764283066,0.3455708770912207,False,1,0.3455708770912207,965
1159_29.png,00521,"single slender palm tree rising from shallow turquoise ocean, shallow surf and reflective water in foreground, soft pale sunset haze, subtle right horizon landform, clear turquoise ocean, natural ocean photograph",1,"[0, 0, 2, 3, 0, 1]",0.8974612355232239,0.7586623430252075,0.048957496881484985,0.2212634106251754,0.3881237884927372,0.7915525083188658,0.12080234797948912,0.8791976520205109,0.9173930461819816,0.8473964161870647,0.8473964161870647,0.5,0.0,0.0,0.6051925253864509,0.1598968042869512,0.12946470955352674,0.21280466671387976,0.4136858954626615,0.2902219045142125,0.2530349668355992,0.34556956870071587,False,1,0.34556956870071587,966
1159_29.png,00047,"single slender palm tree rising from shallow turquoise ocean, shallow surf and reflective water in foreground, soft pale sunset haze, faint distant land on right horizon, clear turquoise ocean, soft atmospheric tropical photo",1,"[0, 0, 2, 1, 0, 0]",0.896956741809845,0.7618976831436157,0.04763837531208992,0.21826217105144427,0.3908672240070526,0.8005297625506366,0.12341443295974705,0.8765855670402529,0.9164556879652889,0.8503344792049328,0.8503344792049328,0.5,0.0,0.0,0.6001283981227309,0.15107615786422057,0.16033741586586236,0.21827364194861598,0.46258388228775493,0.20943499747326152,0.24319446700238928,0.34469421362312674,False,1,0.34469421362312674,967
1159_29.png,00017,"single slender palm tree rising from shallow turquoise ocean, shallow surf and reflective water in foreground, soft pale sunset haze, clear turquoise ocean, soft atmospheric tropical photo",1,"[0, 0, 2, 0, 0, 0]",0.8990790843963623,0.7686249017715454,0.046494729816913605,0.21562636623779013,0.4011500486892988,0.7982833297164351,0.12625635112235134,0.8737436488776487,0.9133407358122425,0.8477059226420214,0.8477059226420214,0.5,0.0,0.0,0.6214325544884298,0.13273545340852655,0.1874510220640574,0.23877221508324742,0.4503478421473865,0.1215397796087862,0.2104933228755885,0.34398261165041727,False,1,0.34398261165041727,968
1159_29.png,00513,"single slender palm tree rising from shallow turquoise ocean, shallow surf and reflective water in foreground, soft pale sunset haze, soft teal ocean water, soft atmospheric tropical photo",1,"[0, 0, 2, 0, 4, 0]",0.9017279744148254,0.7713421583175659,0.04743947833776474,0.21780605670587938,0.38337033075585225,0.7878191912615741,0.1233980941345036,0.8766019058654964,0.9102019331604705,0.8433696897527261,0.8433696897527261,0.5,0.0,0.0,0.6480222141915226,0.12532728043285524,0.16502930529672233,0.20332875867567804,0.39335098196146057,0.20994032680445704,0.17754179333096962,0.3436952446286939,False,1,0.3436952446286939,969
1159_29.png,00974,"single slender palm tree rising from shallow turquoise ocean, shallow surf and reflective water in foreground, soft pale sunset haze, gentle turquoise water, muted colors",1,"[0, 0, 2, 0, 3, 2]",0.89655601978302,0.7613222002983093,0.047780390828847885,0.21858726135996095,0.3988045118575021,0.7967704490379051,0.12454701091771862,0.8754529890822814,0.9162706155158401,0.8482093713490239,0.8482093713490239,0.5,0.0,0.0,0.5961059350327038,0.15264512140901543,0.15699332507495456,0.2340964416676441,0.4421073693283261,0.1744064777662815,0.24125155406313104,0.34105665146511954,False,1,0.34105665146511954,970
1159_29.png,00368,"single slender palm tree in calm turquoise water, shallow surf and reflective water in foreground, warm sun glow behind the tree, clear turquoise ocean, natural ocean photograph",1,"[1, 0, 3, 0, 0, 1]",0.859069287776947,0.6102765202522278,0.04716038703918457,0.21716442397221644,0.3881842492182769,0.7457930953414351,0.11164528859023329,0.8883547114097667,0.9387922912747255,0.8342895001520093,0.8342895001520093,0.5,0.0,0.0,0.2198126799428491,0.5644474323273767,0.17162955777910938,0.21292519377162367,0.16444006649018034,0.5734326389426185,0.4776868277953843,0.34084622320148505,False,1,0.34084622320148505,971
1159_29.png,00975,"single slender palm tree rising from shallow turquoise ocean, shallow surf and reflective water in foreground, soft pale sunset haze, soft teal ocean water, natural ocean photograph",1,"[0, 0, 2, 0, 4, 1]",0.8989295959472656,0.763687789440155,0.050517480820417404,0.2247609414921049,0.36540516269896445,0.8213416205512153,0.13018609969731595,0.869813900302684,0.9198952883111897,0.8580176520162243,0.8580176520162243,0.5,0.0,0.0,0.619931983697148,0.14619571434885814,0.09348682754166027,0.1675156117369893,0.5759434833466727,0.0,0.2793038070896505,0.34039258623959956,False,1,0.34039258623959956,972
1159_29.png,00987,"single slender palm tree rising from shallow turquoise ocean, shallow surf and reflective water in foreground, soft pale sunset haze, subtle right horizon landform, calm turquoise water, natural ocean photograph",1,"[0, 0, 2, 3, 1, 1]",0.8926665782928467,0.7551323771476746,0.04882492870092392,0.22096363660322918,0.3865881066652886,0.7962804723668983,0.1176097415478963,0.8823902584521037,0.91588805093972,0.8503404132112845,0.8503404132112845,0.5,0.0,0.0,0.5570635720285946,0.16952070154364562,0.13254838052088902,0.20974332051531716,0.43943852736563527,0.3889632551811248,0.23723534491228548,0.338779172664585,False,1,0.338779172664585,973
1159_29.png,00046,"single slender palm tree rising from shallow turquoise ocean, shallow surf and reflective water in foreground, soft pale sunset haze, calm turquoise water, soft atmospheric tropical photo",1,"[0, 0, 2, 0, 1, 0]",0.8933740258216858,0.7606220245361328,0.04321932792663574,0.2078925874740024,0.4144757206406067,0.7841406928168403,0.12280370510923483,0.8771962948907652,0.9012750344968449,0.840137021878715,0.840137021878715,0.5,0.0,0.0,0.5641649574838276,0.1545540405970739,0.2670057109162264,0.2653366338595016,0.37331465862217605,0.22832366857682726,0.0838261323956724,0.33447734752467045,False,1,0.33447734752467045,974
1159_29.png,00523,"single slender palm tree rising from shallow turquoise ocean, shallow surf and reflective water in foreground, soft pale sunset haze, very soft distant coastline, clear turquoise ocean, soft atmospheric tropical photo",1,"[0, 0, 2, 4, 0, 0]",0.8955113887786865,0.7571312785148621,0.045785680413246155,0.2139758874575501,0.39414878912007006,0.771688390661169,0.12087122791242032,0.8791287720875797,0.9049926819819233,0.8359533824245635,0.8359533824245635,0.5,0.0,0.0,0.5856198889051099,0.16407101107878386,0.20442892249662603,0.22481536608997804,0.30548851813088757,0.28809157690972753,0.12285444495042333,0.33357291036351655,False,1,0.33357291036351655,975
1159_29.png,00425,"single isolated slender palm tree in shallow turquoise water, shallow surf and reflective water in foreground, soft pale sunset haze, faint distant land on right horizon, clear turquoise ocean, soft atmospheric tropical photo",1,"[2, 0, 2, 1, 0, 0]",0.8930991888046265,0.7382533550262451,0.04304099828004837,0.20746324561244184,0.39913381079389987,0.7507697211371528,0.12376704334047842,0.8762329566595216,0.8937844799814493,0.8232848053388412,0.8232848053388412,0.5,0.0,0.0,0.56140613295488,0.2155387029424688,0.27142220112766,0.23475289147978184,0.1915471279935976,0.19852941734661453,0.005189385902454479,0.3288354353414011,False,1,0.3288354353414011,976
1159_29.png,00510,"single slender palm tree rising from shallow turquoise ocean, shallow surf and reflective water in foreground, soft pale sunset haze, calm turquoise water, soft hazy tropical photo",1,"[0, 0, 2, 0, 1, 3]",0.8941149115562439,0.7673316597938538,0.04561280459165573,0.21357154443337187,0.40733672165740636,0.7832782886646412,0.1246976772734439,0.8753023227265561,0.9100633775757881,0.8408437183685409,0.8408437183685409,0.5,0.0,0.0,0.5716019969318473,0.13626127443715563,0.20858825837376083,0.25110520453076346,0.36861725050791144,0.16974664894517583,0.17608722005932584,0.3248766772831558,False,1,0.3248766772831558,977
1159_29.png,00252,"single slender palm tree rising from shallow turquoise ocean, shallow surf and reflective water in foreground, soft pale sunset haze, faint distant land on right horizon, calm turquoise water, natural ocean photograph",1,"[0, 0, 2, 1, 1, 1]",0.8959283828735352,0.7704627513885498,0.05043400079011917,0.22457515621751034,0.3691306639982051,0.7903272840711807,0.12190152133409117,0.8780984786659088,0.9183508959313702,0.8466519245513735,0.8466519245513735,0.5,0.0,0.0,0.5898056916386856,0.12772484523243088,0.09539793596163348,0.1749423123961478,0.4070122514313868,0.2562265267637698,0.26309058925533496,0.3223526198519643,False,1,0.3223526198519643,978
1159_29.png,00624,"single slender palm tree rising from shallow turquoise ocean, gentle surf and reflective foreground water, soft pale sunset haze, clear turquoise ocean, muted colors",1,"[0, 2, 2, 0, 0, 2]",0.8840869665145874,0.7573480606079102,0.04755058512091637,0.21806096652293452,0.4161122598351827,0.8172036630135996,0.12121019993839473,0.8787898000616052,0.918303473214859,0.8589787730206535,0.8589787730206535,0.5,0.0,0.0,0.4709410996048736,0.16347998876781356,0.16240713678110097,0.2685990368863301,0.5534045434956602,0.27760780560869774,0.2625927398466362,0.3210831159139273,False,1,0.3210831159139273,979
1159_29.png,00979,"single slender palm tree rising from shallow turquoise ocean, shallow surf and reflective water in foreground, soft pale sunset haze, faint distant land on right horizon, shallow turquoise sea, muted colors",1,"[0, 0, 2, 1, 2, 2]",0.8918448686599731,0.7628491520881653,0.04999310150742531,0.22359137171953955,0.37093365617485147,0.7978577790436923,0.12307890974566812,0.8769210902543318,0.9240006379642506,0.8507585097515278,0.8507585097515278,0.5,0.0,0.0,0.5488152191862455,0.14848212730331323,0.10551778448899463,0.17853653559222785,0.4480299205811744,0.21981210346741564,0.32240226385546683,0.3201859025904904,False,1,0.3201859025904904,980
1159_29.png,00822,"single isolated slender palm tree in shallow turquoise water, shallow surf and reflective water in foreground, soft pale sunset haze, faint distant land on right horizon, clear turquoise ocean, natural ocean photograph",1,"[2, 0, 2, 1, 0, 1]",0.8816632628440857,0.7345565557479858,0.04679541289806366,0.21632247432493845,0.40466509455944216,0.7943906430844908,0.1180938007387939,0.8819061992612061,0.905427729496453,0.8472285050287336,0.8472285050287336,0.5,0.0,0.0,0.44661186910810574,0.22561744524959115,0.18029040059142554,0.24577937771290123,0.42914486240226624,0.3739922090042484,0.12742162633095577,0.3196441724674625,False,1,0.3196441724674625,981
1159_29.png,00516,"single slender palm tree rising from shallow turquoise ocean, shallow surf and reflective water in foreground, soft pale sunset haze, faint distant land on right horizon, shallow turquoise sea, natural ocean photograph",1,"[0, 0, 2, 1, 2, 1]",0.8911620378494263,0.7641496062278748,0.0511721633374691,0.22621265070165528,0.36700941100090984,0.7967631022135416,0.1211145021745856,0.8788854978254144,0.9220883214930788,0.8505709845336045,0.8505709845336045,0.5,0.0,0.0,0.5419609372943297,0.14493664344828128,0.07855360046120974,0.170713643616334,0.4420673520901312,0.28056755860575056,0.3023265344486173,0.31516766424632825,False,1,0.31516766424632825,982
1159_29.png,00113,"single slender palm tree rising from shallow turquoise ocean, shallow surf and reflective water in foreground, soft pale sunset haze, faint distant land on right horizon, clear turquoise ocean, natural ocean photograph",1,"[0, 0, 2, 1, 0, 1]",0.8935585021972656,0.770691990852356,0.0515315979719162,0.227005722332976,0.3633892823458957,0.7974655716507524,0.12230978935929011,0.8776902106407098,0.9221777821446696,0.8504866373960209,0.8504866373960209,0.5,0.0,0.0,0.5660167384244246,0.1270998598576737,0.0703955487772614,0.16349700088588803,0.445893615711384,0.24359955970533725,0.3032657031798243,0.3151359954966881,False,1,0.3151359954966881,983
1159_29.png,00990,"single slender palm tree rising from shallow turquoise ocean, shallow surf and reflective water in foreground, soft pale sunset haze, very soft distant coastline, calm turquoise water, soft atmospheric tropical photo",1,"[0, 0, 2, 4, 1, 0]",0.9020044803619385,0.765308678150177,0.04642336070537567,0.21546081013812157,0.3616659210214739,0.7418060302734375,0.12739383057943268,0.8726061694205673,0.8975237355556295,0.8187296200313714,0.8187296200313714,0.5,0.0,0.0,0.650797791504424,0.14177661599182545,0.18915404000638347,0.1600615199516416,0.14272301914670965,0.08635966569413746,0.04444454278780974,0.31446539622524466,False,1,0.31446539622524466,984
1159_29.png,00986,"single slender palm tree rising from shallow turquoise ocean, shallow surf and reflective water in foreground, soft pale sunset haze, subtle right horizon landform, clear turquoise ocean, muted colors",1,"[0, 0, 2, 3, 0, 2]",0.8928138613700867,0.7586125731468201,0.04895598813891411,0.22126000121782993,0.3744344375999158,0.7792036268446182,0.12347725879795081,0.8765227412020492,0.9096815632616766,0.8393609041531308,0.8393609041531308,0.5,0.0,0.0,0.5585420052125091,0.160032494039401,0.12949978093956238,0.18551526238059166,0.346423074555194,0.20749191170495998,0.17207888724971057,0.3141410568536809,False,1,0.3141410568536809,985
1159_29.png,00517,"single slender palm tree rising from shallow turquoise ocean, shallow surf and reflective water in foreground, soft pale sunset haze, faint distant land on right horizon, gentle turquoise water, soft atmospheric tropical photo",1,"[0, 0, 2, 1, 3, 0]",0.8879554271697998,0.7525451183319092,0.0452265739440918,0.21266540373105305,0.39601606676285916,0.7765457718460649,0.12444754049795037,0.8755524595020496,0.91045206854354,0.8379793718651546,0.8379793718651546,0.5,0.0,0.0,0.5097728561821363,0.1765744561359719,0.2179094122147266,0.22853774087571768,0.33194606907591023,0.17748291196190444,0.18016774480986114,0.31232507004156956,False,1,0.31232507004156956,986
1159_29.png,00709,"single slender palm tree in calm turquoise water, shallow surf and reflective water in foreground, soft pale sunset haze, faint distant land on right horizon, calm turquoise water, natural ocean photograph",1,"[1, 0, 2, 1, 1, 1]",0.9025079607963562,0.7709439992904663,0.04967423900961876,0.22287718369007348,0.33134128563774673,0.7670271131727432,0.1285381117745991,0.8714618882254009,0.9036433137226366,0.8309025245511521,0.8309025245511521,0.5,0.0,0.0,0.6558517474350292,0.12641279845245434,0.11286438803190357,0.0996100608046618,0.28009911962076073,0.050969186731433073,0.10868861390100919,0.31227360198969,False,1,0.31227360198969,987
1159_29.png,00981,"single slender palm tree rising from shallow turquoise ocean, shallow surf and reflective water in foreground, soft pale sunset haze, faint distant land on right horizon, soft teal ocean water, soft atmospheric tropical photo",1,"[0, 0, 2, 1, 4, 0]",0.896666407585144,0.7836711406707764,0.050743188709020615,0.22526248846405966,0.3545598107932881,0.7978103072554976,0.12486068591614885,0.8751393140838511,0.9138959258092174,0.8480925833561652,0.8480925833561652,0.5,0.0,0.0,0.5972140120284989,0.0917142474565078,0.08832758850505418,0.14589565359521944,0.44777134765745236,0.16470509625274682,0.21632177455536114,0.3082589965487874,False,1,0.3082589965487874,988
1159_29.png,00989,"single slender palm tree rising from shallow turquoise ocean, shallow surf and reflective water in foreground, soft pale sunset haze, very soft distant coastline, clear turquoise ocean, natural ocean photograph",1,"[0, 0, 2, 4, 0, 1]",0.8847135305404663,0.7591813206672668,0.048499055206775665,0.22022501040248735,0.385978430251466,0.7905267786096642,0.11864613489303022,0.8813538651069698,0.9167875006609861,0.8475684032939855,0.8475684032939855,0.5,0.0,0.0,0.47723057335206454,0.15848189329942874,0.14014637102111083,0.20852794468781913,0.40809887336083206,0.3569095458018356,0.24667787677948227,0.3049413265704131,False,1,0.3049413265704131,989
1159_29.png,00515,"single slender palm tree rising from shallow turquoise ocean, shallow surf and reflective water in foreground, soft pale sunset haze, faint distant land on right horizon, calm turquoise water, muted colors",1,"[0, 0, 2, 1, 1, 2]",0.8891026377677917,0.7667243480682373,0.0485646054148674,0.22037378567984758,0.37468187566403766,0.7884668420862267,0.12231695816002751,0.8776830418399725,0.9141574642643094,0.8448306364356544,0.8448306364356544,0.5,0.0,0.0,0.5212886002091704,0.13791701442243942,0.13861597155394367,0.18600852443750981,0.39687865542079637,0.24337784209540422,0.21906743686234098,0.3040061760753805,False,1,0.3040061760753805,990
1159_29.png,00320,"single slender palm tree rising from shallow turquoise ocean, gentle surf and reflective foreground water, soft pale sunset haze, faint distant land on right horizon, clear turquoise ocean, soft atmospheric tropical photo",1,"[0, 2, 2, 1, 0, 0]",0.8624890446662903,0.7207613587379456,0.04346177726984024,0.20847488402644632,0.4440769747611099,0.8336927625868055,0.11834694369030732,0.8816530563096927,0.9154202650763468,0.8668243658877242,0.8668243658877242,0.5,0.0,0.0,0.25414033089141563,0.26322788208284253,0.2610158290661956,0.32434604919200116,0.6432186172505077,0.3661629705810937,0.23232447238935167,0.3029161469470882,False,1,0.3029161469470882,991
1159_29.png,00514,"single slender palm tree rising from shallow turquoise ocean, shallow surf and reflective water in foreground, soft pale sunset haze, faint distant land on right horizon, clear turquoise ocean, soft hazy tropical photo",1,"[0, 0, 2, 1, 0, 3]",0.887833833694458,0.7659696340560913,0.05016130581498146,0.22396719807815935,0.36321498690683723,0.7885408754701967,0.11955952091862715,0.8804404790813729,0.91256328197333,0.8455102180347349,0.8455102180347349,0.5,0.0,0.0,0.5085522962083664,0.13997462357875146,0.1016517896195217,0.1631495469600479,0.3972819060518376,0.3286602229428565,0.20233151852384343,0.29839895393598803,False,1,0.29839895393598803,992
1159_29.png,00980,"single slender palm tree rising from shallow turquoise ocean, shallow surf and reflective water in foreground, soft pale sunset haze, faint distant land on right horizon, gentle turquoise water, natural ocean photograph",1,"[0, 0, 2, 1, 3, 1]",0.8881900310516357,0.7621727585792542,0.04943353682756424,0.2223365395691051,0.3777507922643115,0.7773753978587962,0.12255292476598105,0.877447075234019,0.9156167425517934,0.8400487538787236,0.8400487538787236,0.5,0.0,0.0,0.5121278189550571,0.15032620791505136,0.1184258058248181,0.19212633868785026,0.33646493874284267,0.23607983594169552,0.23438711666976722,0.297895329447476,False,1,0.297895329447476,993
1159_29.png,00627,"single slender palm tree rising from shallow turquoise ocean, gentle surf and reflective foreground water, soft pale sunset haze, faint distant land on right horizon, clear turquoise ocean, natural ocean photograph",1,"[0, 2, 2, 1, 0, 1]",0.8933818340301514,0.7823991179466248,0.05267496407032013,0.22951027007591648,0.359874843852084,0.7987320511429398,0.1261553493696282,0.8738446506303719,0.9130846527397167,0.8478919812828963,0.8478919812828963,0.5,0.0,0.0,0.5642433365801824,0.09518221752481093,0.044632138355181095,0.15649104904690117,0.4527919719263683,0.12466357507099082,0.2078049318340408,0.2926765509542599,False,1,0.2926765509542599,994
1159_29.png,00365,"single slender palm tree in calm turquoise water, shallow surf and reflective water in foreground, soft pale sunset haze, faint distant land on right horizon, clear turquoise ocean, natural ocean photograph",1,"[1, 0, 2, 1, 0, 1]",0.8917300701141357,0.7706947922706604,0.05005958676338196,0.2237399981303789,0.3512891429368179,0.7763711434823496,0.12872468559460482,0.8712753144053952,0.912042665175414,0.8367219076440284,0.8367219076440284,0.5,0.0,0.0,0.5476628669757156,0.127092222230889,0.10398891635988505,0.13937565288270154,0.330994890106508,0.04519880714309704,0.19686602046576376,0.28580610659298583,False,1,0.28580610659298583,995
1159_29.png,00522,"single slender palm tree rising from shallow turquoise ocean, shallow surf and reflective water in foreground, soft pale sunset haze, subtle right horizon landform, calm turquoise water, soft atmospheric tropical photo",1,"[0, 0, 2, 3, 1, 0]",0.8957910537719727,0.7806892395019531,0.04778056591749191,0.2185876618601606,0.3446451943642395,0.7529765941478588,0.12410037590374524,0.8758996240962548,0.8959697949706028,0.8245982947943462,0.8245982947943462,0.5,0.0,0.0,0.5884271768447806,0.09984393240927802,0.15698920526887516,0.12613109509568907,0.20356769069753144,0.18822006408824526,0.028131086741383593,0.2846651668213969,False,1,0.2846651668213969,996
1159_29.png,00251,"single slender palm tree rising from shallow turquoise ocean, shallow surf and reflective water in foreground, soft pale sunset haze, faint distant land on right horizon, clear turquoise ocean, muted colors",1,"[0, 0, 2, 1, 0, 2]",0.8913282752037048,0.7800848484039307,0.052656155079603195,0.22946929005773997,0.3338442797365111,0.7828216552734375,0.12470685216521904,0.875293147834781,0.925315176449037,0.8436853819050276,0.8436853819050276,0.5,0.0,0.0,0.5436296342388612,0.10149170976238209,0.04505368553085842,0.10459972163955453,0.36613002524164284,0.169462886688378,0.3362024477231992,0.28302787936927243,False,1,0.28302787936927243,997
1159_29.png,00827,"single isolated slender palm tree in shallow turquoise water, shallow surf and reflective water in foreground, warm sun glow behind the tree, faint distant land on right horizon, clear turquoise ocean, soft atmospheric tropical photo",1,"[2, 0, 3, 1, 0, 0]",0.8371713161468506,0.6261885166168213,0.045638374984264374,0.21363139980879303,0.4563626716997439,0.7551286485460068,0.11355903701141967,0.8864409629885803,0.9561175920673823,0.8412857473051827,0.8412857473051827,0.5,0.0,0.0,0.0,0.52106587469352,0.20797254697145684,0.34883730183791267,0.2152896632395489,0.5142439766400304,0.6595699291800284,0.27649506694299675,False,1,0.27649506694299675,998
1159_29.png,00977,"single slender palm tree rising from shallow turquoise ocean, shallow surf and reflective water in foreground, soft pale sunset haze, faint distant land on right horizon, clear turquoise ocean, warm tropical sunset photo",1,"[0, 0, 2, 1, 0, 4]",0.8933854699134827,0.81731116771698,0.0534420982003212,0.23117547058527035,0.38568336591155783,0.7902871591073496,0.12600011383630516,0.8739998861636948,0.9229781878846828,0.846124819332537,0.846124819332537,0.5,0.0,0.0,0.564279833716653,0.0,0.027502800622065005,0.207939740751845,0.40679369574586033,0.129464720016427,0.31166845936293014,0.26679200977848216,False,1,0.26679200977848216,999
1159_29.png,00978,"single slender palm tree rising from shallow turquoise ocean, shallow surf and reflective water in foreground, soft pale sunset haze, faint distant land on right horizon, calm turquoise water, soft hazy tropical photo",1,"[0, 0, 2, 1, 1, 3]",0.872671902179718,0.7521882057189941,0.04631425440311432,0.21520746827913365,0.39647691061342255,0.7813669840494791,0.12620623300864242,0.8737937669913576,0.9124992237371219,0.8399428060166652,0.8399428060166652,0.5,0.0,0.0,0.35635624555752066,0.17754752228886994,0.19176007948340923,0.22945642243125647,0.3582066120790495,0.12308983920633816,0.20165902741905953,0.2584173500632532,False,1,0.2584173500632532,1000
